state_name,district,latitude,longitude,elevation_m,slope_percent,historical_flood_events,historical_flood_years,historical_fatalities,historical_displaced,historical_max_severity,historical_max_impact,historical_data_available,flood_susceptibility_score,flood_target
Manipur,Kamjong,24.796875,94.392713,1403.0,10.87369928159328,2.0,2.0,33.0,62000.0,2.0,6.921603781912,1,0.0989768076398363,0
Madhya Pradesh,Anuppur,23.035743,81.390492,781.0,1.011135706243126,7.0,6.0,3362.0,4115000.0,2.0,7.6772792647922,1,0.22404502046384722,0
Madhya Pradesh,Ashoknagar,24.618374,77.878765,460.0,0.1088551131845769,4.0,3.0,683.0,848060.0,1.5,7.6772792647922,1,0.11330150068212826,0
Madhya Pradesh,Balaghat,21.861079,80.323596,462.0,11.816064704590854,11.0,10.0,4543.0,1431000.0,2.0,7.6772792647922,1,0.3266030013642565,0
Madhya Pradesh,Harda,22.242797,77.117917,305.0,0.4348218751149451,6.0,5.0,875.0,908060.0,1.5,7.6772792647922,1,0.12871759890859483,0
Madhya Pradesh,Narmadapuram,22.600282,77.926984,340.0,1.135599337944857,7.0,6.0,915.0,925060.0,1.5,7.6772792647922,1,0.14945429740791272,0
Madhya Pradesh,Indore,22.710812,75.807693,559.0,0.5446453230508688,7.0,5.0,911.0,908060.0,1.5,7.6772792647922,1,0.1426330150068213,0
Madhya Pradesh,Jabalpur,23.223166,79.982607,391.0,0.576203291655127,6.0,6.0,752.0,911060.0,1.5,7.6772792647922,1,0.13553888130968622,0
Madhya Pradesh,Jhabua,22.88692,74.724386,390.0,2.51410970206162,14.0,13.0,1560.0,1356077.0,2.0,7.6772792647922,1,0.40695770804911324,0
Madhya Pradesh,Katni,23.717649,80.261021,410.0,0.6946747606039899,8.0,8.0,1010.0,3959060.0,1.5,7.6772792647922,1,0.19010914051841749,0
Madhya Pradesh,Khargone,21.954473,75.752125,208.0,0.6938240486281475,13.0,11.0,1880.0,927860.0,1.5,7.6772792647922,1,0.2904843110504775,0
Madhya Pradesh,Mandla,22.687176,80.583176,490.0,1.9144363811722367,5.0,5.0,3077.0,825000.0,2.0,7.6772792647922,1,0.19894270122783086,0
Puducherry,Pondicherry,11.921836,79.794853,7.0,0.5286093548123109,15.0,13.0,890.0,1212300.0,2.0,6.7995324061198,1,0.34010914051841745,0
Puducherry,Yanam,16.73321,82.205175,4.0,0.2252252252252252,21.0,16.0,8254.0,7776000.0,2.0,7.6772792647922,1,0.6042974079126877,0
Rajasthan,Jaipur,27.150559,75.746774,488.0,0.82380499773731,8.0,7.0,1971.0,3355183.0,2.0,7.6772792647922,1,0.2520804911323329,0
Rajasthan,Jaisalmer,27.027373,70.777652,162.0,0.3652574549768173,6.0,6.0,1930.0,2951017.0,1.5,7.6772792647922,1,0.13553888130968622,0
Rajasthan,Jalore,25.210003,72.319279,116.0,0.330664154897446,15.0,13.0,2655.0,3637477.0,2.0,7.6772792647922,1,0.4206002728512961,0
Rajasthan,Jhalawar,24.312933,76.52299,324.0,0.753647502106205,9.0,8.0,1963.0,2996077.0,1.5,7.6772792647922,1,0.20320600272851297,0
Rajasthan,Jhunjhunu,28.079953,75.541611,348.0,0.3745475642649298,6.0,6.0,1816.0,3406577.0,1.5,7.6772792647922,1,0.13553888130968622,0
Rajasthan,Jodhpur,26.736771,72.873695,322.0,0.506384459126655,7.0,7.0,1943.0,2951077.0,1.5,7.6772792647922,1,0.1600272851296044,0
Rajasthan,Karauli,26.516121,77.057687,317.0,1.0316924627832127,10.0,9.0,4038.0,6852683.0,2.0,7.8036502762015,1,0.39181446111869034,0
Rajasthan,Kota,25.194782,75.999636,258.0,0.2702399931968414,8.0,7.0,1943.0,2996077.0,1.5,7.6772792647922,1,0.17748976807639838,0
Rajasthan,Nagaur,27.05898,74.175805,322.0,0.4145616511913331,6.0,6.0,1718.0,2888077.0,1.5,7.6772792647922,1,0.13553888130968622,0
Rajasthan,Pali,25.605202,73.416043,248.0,0.2252252252252252,8.0,8.0,1963.0,2951077.0,1.5,7.6772792647922,1,0.19010914051841749,0
Rajasthan,Rajsamand,25.289278,73.82296,686.0,0.7485405936593145,8.0,8.0,1963.0,2951077.0,1.5,7.6772792647922,1,0.19010914051841749,0
Rajasthan,Sawai Madhopur,26.229548,76.30371,245.0,0.2307553286081064,7.0,6.0,1718.0,2933077.0,1.5,7.6772792647922,1,0.14945429740791272,0
Uttar Pradesh,Siddharth Nagar,27.251256,82.871457,86.0,0.1355934699141114,24.0,21.0,5009.0,11075823.0,2.0,7.8036502762015,1,0.8135061391541611,1
Uttar Pradesh,Sitapur,27.502672,80.833568,133.0,0.4054054054054054,25.0,21.0,5424.0,10554883.0,2.0,7.8036502762015,1,0.8279672578444748,1
Uttar Pradesh,Sonbhadra,24.415127,83.063218,272.0,0.526480073656642,22.0,17.0,6953.0,15679123.0,2.0,7.8036502762015,1,0.7282401091405184,1
Uttar Pradesh,Sultanpur,26.260453,82.238104,94.0,0.1572758931573123,28.0,23.0,5530.0,10855883.0,2.0,7.8036502762015,1,0.8692019099590724,1
Uttar Pradesh,Unnao,26.567325,80.619864,122.0,0.2712087553460081,24.0,20.0,5314.0,10490883.0,2.0,7.8036502762015,1,0.801568894952251,1
Uttar Pradesh,Varanasi,25.372151,82.941737,79.0,0.1869499778897146,20.0,17.0,4583.0,9410720.0,2.0,7.8036502762015,1,0.6892223738062757,1
Uttar Pradesh,Kasganj,27.788846,78.822967,176.0,0.3712952403319194,22.0,19.0,5236.0,10488683.0,2.0,7.8036502762015,1,0.7550136425648022,1
Uttar Pradesh,Amethi,26.346261,81.625244,110.0,0.1349926729372286,24.0,20.0,5314.0,10490883.0,2.0,7.8036502762015,1,0.801568894952251,1
Uttar Pradesh,Sambhal,28.42723,78.556456,192.0,0.3131375118459455,20.0,17.0,4421.0,7296683.0,2.0,7.8036502762015,1,0.6892223738062757,1
Uttar Pradesh,Shamli,29.477224,77.287074,244.0,0.1372065108167101,17.0,13.0,4683.0,8080623.0,2.0,7.8036502762015,1,0.5436562073669851,0
Uttar Pradesh,Hapur,28.716716,77.890408,212.0,0.0513622984777831,16.0,13.0,3822.0,6296683.0,2.0,7.8036502762015,1,0.5248294679399728,0
West Bengal,24 Paraganas North,22.687777,88.660602,12.0,0.0664284281798195,19.0,14.0,6379.0,35839817.0,2.0,7.8036502762015,1,0.6066507503410641,0
West Bengal,24 Paraganas South,22.091132,88.631053,0.0,0.2430697405001969,19.0,15.0,6099.0,36021317.0,2.0,7.8036502762015,1,0.6247271487039563,0
West Bengal,Bankura,23.133384,87.208101,75.0,0.2609621993716117,22.0,15.0,17532.0,46375817.0,2.0,7.8036502762015,1,0.6915757162346521,1
West Bengal,Purba Bardhaman,23.389576,87.906445,30.0,0.133232121577016,20.0,14.0,7496.0,35875817.0,2.0,7.8036502762015,1,0.6344815825375171,0
West Bengal,Birbhum,24.063678,87.697955,49.0,0.1438582240806865,22.0,15.0,7808.0,40025017.0,2.0,7.8036502762015,1,0.6915757162346521,1
West Bengal,Coochbehar,26.252012,89.419444,41.0,0.1004508734833813,20.0,13.0,3893.0,45510611.0,2.0,7.5312261660442,1,0.4882673942701228,0
West Bengal,Darjeeling,26.839211,88.308289,492.0,19.038402394726923,16.0,12.0,4131.0,42220128.0,2.0,7.7855937662664,1,0.4708049113233288,0
West Bengal,Dinajpur Dakshin,25.386878,88.505436,28.0,0.09009009009009,14.0,12.0,5208.0,33817623.0,2.0,7.8036502762015,1,0.48117326057298776,0
Andaman & Nicobar Island,South Andamans,10.704663,92.488856,113.0,3.851060017109643,0.0,0.0,0.0,0.0,0.0,0.0,0,0.0034106412005457027,0
Andaman & Nicobar Island,Nicobars,7.000402,93.810291,121.0,4.871203355631617,0.0,0.0,0.0,0.0,0.0,0.0,0,0.0034106412005457027,0
Andaman & Nicobar Island,North And Middle Andaman,12.611585,92.831538,99.0,3.52742881521985,0.0,0.0,0.0,0.0,0.0,0.0,0,0.0034106412005457027,0
Andhra Pradesh,Anantapur,14.459022,77.501397,428.0,0.5786932816148782,21.0,17.0,3653.0,2350487.0,2.0,7.6772792647922,1,0.6210095497953616,0
Andhra Pradesh,Chittoor,13.309409,78.975506,417.0,1.865064147046025,30.0,20.0,4686.0,3145827.0,2.0,7.6772792647922,1,0.7641882673942703,1
Andhra Pradesh,Y.S.R.,14.476819,78.665296,157.0,0.2791330629298629,24.0,20.0,4077.0,2556927.0,2.0,7.6772792647922,1,0.7123465211459755,1
Andhra Pradesh,East Godavari,17.161476,82.044391,30.0,0.5537123966726928,29.0,21.0,8666.0,8076500.0,2.0,7.6772792647922,1,0.7720327421555253,1
Andhra Pradesh,Guntur,16.266894,80.181816,45.0,0.4719342739701193,29.0,21.0,4513.0,10954600.0,2.0,7.6772792647922,1,0.7720327421555253,1
Andhra Pradesh,Krishna,16.431761,81.036913,5.0,0.0939262919828698,31.0,22.0,7034.0,11122600.0,2.0,7.6772792647922,1,0.7868349249658936,1
Andhra Pradesh,Kurnool,15.524792,77.9034,356.0,0.4059922721899598,24.0,19.0,3939.0,5301100.0,2.0,7.6772792647922,1,0.6985334242837654,1
Andhra Pradesh,Spsr Nellore,14.293407,79.77947,27.0,0.4229933274000241,26.0,19.0,4409.0,3136827.0,2.0,7.6772792647922,1,0.7244542974079128,1
Andhra Pradesh,Prakasam,15.634589,79.51104,133.0,0.6229193334341431,29.0,22.0,4351.0,8966600.0,2.0,7.6772792647922,1,0.7805593451568896,1
Andhra Pradesh,Srikakulam,18.622074,83.973235,37.0,0.6325410313318286,28.0,20.0,15375.0,20354627.0,2.0,7.6772792647922,1,0.754911323328786,1
Andhra Pradesh,Visakhapatanam,17.899462,82.564071,1199.0,16.9150266479027,29.0,20.0,8551.0,6832627.0,2.0,7.6772792647922,1,0.7600954979536153,1
Andhra Pradesh,Vizianagaram,18.5012,83.319456,126.0,0.6891590682029807,29.0,20.0,15449.0,20354627.0,2.0,7.6772792647922,1,0.7600954979536153,1
Andhra Pradesh,West Godavari,16.979197,81.340664,123.0,0.9462584951936196,29.0,21.0,6880.0,11361500.0,2.0,7.6772792647922,1,0.7720327421555253,1
Arunanchal Pradesh,Changlang,27.269464,96.059419,556.0,8.700928166746701,26.0,18.0,1601.0,21252324.0,2.0,7.0499170611118,1,0.641268758526603,0
Arunanchal Pradesh,Dibang Valley,28.878366,95.92481,2835.0,41.19511150547204,15.0,11.0,1270.0,15532913.0,2.0,7.0796584663999,1,0.32933151432469304,0
Arunanchal Pradesh,East Kameng,27.55575,92.973731,474.0,7.137458169794039,22.0,13.0,1889.0,17965913.0,2.0,7.0796584663999,1,0.5054570259208732,0
Arunanchal Pradesh,Lohit,27.964058,96.273539,733.0,22.01043944175744,25.0,16.0,2346.0,19921913.0,2.0,7.1773904313439,1,0.6169849931787177,0
Arunanchal Pradesh,Lower Dibang Valley,28.228521,95.887507,1640.0,42.2483085711298,30.0,20.0,2602.0,20549124.0,2.0,7.1773904313439,1,0.7116643929058664,1
Arunanchal Pradesh,Lower Subansiri,27.542303,93.789731,1753.0,5.343168714592511,30.0,16.0,2891.0,20592913.0,2.0,7.1773904313439,1,0.6543656207366986,1
Arunanchal Pradesh,East Siang,28.069064,95.392603,144.0,0.408606885017574,34.0,22.0,3007.0,24619124.0,2.0,7.1773904313439,1,0.7403137789904501,1
Arunanchal Pradesh,Kurung Kumey,27.982685,93.161421,2096.0,24.959208285146858,19.0,11.0,1778.0,6857913.0,2.0,7.0796584663999,1,0.4106412005457026,0
Arunanchal Pradesh,Papum Pare,27.284704,93.616501,1313.0,13.723380240081632,44.0,25.0,3506.0,27006124.0,2.0,7.1773904313439,1,0.7570941336971351,1
Arunanchal Pradesh,Tawang,27.661099,91.907038,3965.0,25.56963583817218,3.0,2.0,498.0,295000.0,2.0,7.0550817943772,1,0.11398362892223739,0
Arunanchal Pradesh,Tirap,27.035919,95.507777,673.0,15.741168850070252,27.0,17.0,1679.0,21758324.0,2.0,7.0499170611118,1,0.6375170532060028,0
Arunanchal Pradesh,Upper Siang,28.74735,95.025005,2119.0,44.915712148658926,23.0,14.0,2711.0,9232913.0,2.0,7.1773904313439,1,0.5492155525238744,0
Arunanchal Pradesh,Upper Subansiri,28.232839,94.103972,618.0,23.46003807515084,26.0,14.0,2005.0,20560913.0,2.0,7.0796584663999,1,0.5796384720327422,0
Arunanchal Pradesh,West Kameng,27.317855,92.445382,1680.0,38.15195535022716,28.0,18.0,3275.0,22246011.0,2.0,7.1773904313439,1,0.6751023192360164,1
Arunanchal Pradesh,West Siang,28.196509,94.483026,2256.0,31.179179387247995,24.0,14.0,2770.0,9262913.0,2.0,7.1773904313439,1,0.5644952251023192,0
Arunanchal Pradesh,Anjaw,28.035419,96.853275,3333.0,31.1760759955043,10.0,8.0,1140.0,4356113.0,2.0,7.0550817943772,1,0.22459072305593455,0
Arunanchal Pradesh,Longding,26.879063,95.287775,613.0,32.38690130061425,23.0,15.0,1751.0,18261324.0,2.0,7.0499170611118,1,0.5501023192360164,0
Arunanchal Pradesh,Kra Daadi,27.942655,93.771025,1374.0,35.37992684854363,19.0,11.0,1778.0,6857913.0,2.0,7.0796584663999,1,0.4106412005457026,0
Arunanchal Pradesh,Namsai,27.710383,96.01294,207.0,0.5429299294681124,29.0,20.0,2377.0,19956124.0,2.0,7.1773904313439,1,0.7075716234652114,1
Arunanchal Pradesh,Siang,28.476869,94.81827,1044.0,24.46994579464669,28.0,16.0,2905.0,22571913.0,2.0,7.1773904313439,1,0.6450886766712143,0
Bihar,Araria,26.264828,87.371782,55.0,0.1572813328166329,22.0,18.0,5546.0,36490220.0,2.0,7.8036502762015,1,0.7415416098226468,1
Bihar,Aurangabad,24.802722,84.410966,103.0,0.1089888010977216,18.0,15.0,4122.0,13482220.0,2.0,7.8036502762015,1,0.598806275579809,0
Arunanchal Pradesh,Kamle,27.737138,94.110428,978.0,48.00547749500655,33.0,18.0,2967.0,23985124.0,2.0,7.1773904313439,1,0.6903819918144611,1
Arunanchal Pradesh,Lower Siang,27.803531,94.56848,729.0,2.7046210388300884,43.0,26.0,3321.0,26608124.0,2.0,7.1773904313439,1,0.7575716234652115,1
Bihar,Banka,24.833282,86.816,115.0,0.3270332851525391,22.0,16.0,8394.0,38252220.0,2.0,7.8036502762015,1,0.7115279672578445,1
Bihar,Begusarai,25.513015,86.08868,41.0,0.0998242005964693,23.0,20.0,5217.0,12447220.0,2.0,7.8036502762015,1,0.7862892223738063,1
Bihar,Bhagalpur,25.283884,87.132333,33.0,0.4018309681908559,23.0,18.0,8558.0,37865220.0,2.0,7.8036502762015,1,0.7590040927694408,1
Bihar,Bhojpur,25.46112,84.566145,63.0,0.1563031129152312,21.0,18.0,4758.0,12074220.0,2.0,7.8036502762015,1,0.7235334242837654,1
Bihar,Buxar,25.504203,84.109275,67.0,0.1563544861555977,25.0,22.0,5442.0,14072220.0,2.0,7.8036502762015,1,0.836493860845839,1
Bihar,Darbhanga,26.082602,86.032877,44.0,0.1031091642246304,26.0,22.0,5284.0,12452920.0,2.0,7.8036502762015,1,0.8479536152796725,1
Bihar,Gaya,24.679524,85.011406,120.0,0.09009009009009,19.0,16.0,7077.0,13634220.0,2.0,7.8036502762015,1,0.6446793997271487,0
Bihar,Gopalganj,26.42129,84.373947,66.0,0.1351351351351351,29.0,24.0,5632.0,14301420.0,2.0,7.8036502762015,1,0.8760914051841746,1
Arunanchal Pradesh,Pakke Kessang,27.156486,93.151057,1436.0,17.779441315981547,38.0,23.0,3368.0,23164124.0,2.0,7.1773904313439,1,0.7479195088676671,1
Bihar,Jamui,24.755728,86.300689,122.0,0.7721653028927876,20.0,16.0,6915.0,13752220.0,2.0,7.8036502762015,1,0.6725102319236016,1
Bihar,Jehanabad,25.15318,85.006554,72.0,0.2462360555248049,17.0,15.0,4676.0,12134220.0,2.0,7.8036502762015,1,0.5772510231923602,0
Arunanchal Pradesh,Leparada,27.917339,94.707408,675.0,5.468788361575857,29.0,16.0,2918.0,22571913.0,2.0,7.1773904313439,1,0.6502728512960436,0
Bihar,Kaimur (Bhabua),24.975338,83.576387,98.0,0.9918202525252,22.0,18.0,4638.0,15098220.0,2.0,7.8036502762015,1,0.7415416098226468,1
Bihar,Katihar,25.547833,87.647614,35.0,0.1344874775638127,27.0,19.0,6514.0,39300220.0,2.0,7.8036502762015,1,0.8232264665757163,1
Arunanchal Pradesh,Shi Yomi,28.68507,94.238426,2722.0,31.12293238406699,14.0,9.0,1339.0,6756113.0,2.0,7.0550817943772,1,0.29195088676671216,0
Assam,Barpeta,26.376306,91.049468,40.0,0.1870639201621114,25.0,17.0,2444.0,23479511.0,2.0,7.1773904313439,1,0.6336971350613916,0
Assam,Bongaigaon,26.339917,90.628451,39.0,0.1349885682669035,22.0,15.0,2438.0,23431211.0,2.0,7.1773904313439,1,0.5498294679399727,0
Assam,Cachar,24.75841,92.881356,26.0,0.4531735057178055,12.0,9.0,848.0,14078411.0,2.0,7.0499170611118,1,0.25961800818553893,0
Assam,Darrang,26.438395,92.005064,55.0,0.1684768378619394,37.0,22.0,2534.0,24131311.0,2.0,7.1773904313439,1,0.7419508867667122,1
Assam,Dhemaji,27.577704,94.695287,110.0,0.187209661616697,44.0,27.0,3366.0,26808124.0,2.0,7.1773904313439,1,0.7613574351978172,1
Assam,Dhubri,26.132295,90.129865,28.0,0.2199883078338779,21.0,15.0,2350.0,22530611.0,2.0,7.1773904313439,1,0.5318212824010914,0
Assam,Dibrugarh,27.398014,94.996351,105.0,0.2874285047869868,42.0,26.0,3262.0,26578124.0,2.0,7.1773904313439,1,0.7559345156889495,1
Assam,Goalpara,26.061127,90.581017,49.0,9.85976821925583,23.0,15.0,2419.0,22661511.0,2.0,7.1773904313439,1,0.5672919508867666,0
Assam,Golaghat,26.318346,93.998703,105.0,0.2710271793084717,44.0,26.0,3551.0,27196124.0,2.0,7.1773904313439,1,0.7594815825375171,1
Assam,Hailakandi,24.507957,92.630415,51.0,1.684786371907817,11.0,9.0,752.0,2978411.0,2.0,7.0499170611118,1,0.24597544338335606,0
Assam,Jorhat,26.650268,94.269665,110.0,0.1032294850077129,41.0,26.0,3224.0,26538124.0,2.0,7.1773904313439,1,0.7548431105047749,1
Assam,Kamrup,26.124433,91.29921,45.0,0.2022750235181882,31.0,19.0,2486.0,23903511.0,2.0,7.1773904313439,1,0.7000341064120055,1
Assam,Karbi Anglong,26.071343,93.451405,857.0,14.801732052566358,42.0,24.0,3457.0,25281124.0,2.0,7.1773904313439,1,0.7523533424283765,1
Assam,Karimganj,24.582981,92.371324,60.0,1.0077934603337997,11.0,10.0,761.0,3675211.0,2.0,7.0499170611118,1,0.25688949522510235,0
Assam,Kokrajhar,26.49328,90.121263,50.0,0.187077650414555,19.0,13.0,2300.0,21800611.0,2.0,7.1773904313439,1,0.4493860845839018,0
Assam,Lakhimpur,27.171225,94.188407,88.0,0.1801801801801801,45.0,26.0,3475.0,27193124.0,2.0,7.1773904313439,1,0.761118690313779,1
Assam,Marigaon,26.289928,92.291859,55.0,0.045045045045045,37.0,22.0,2534.0,24131311.0,2.0,7.1773904313439,1,0.7419508867667122,1
Assam,Nagaon,26.331023,92.758212,62.0,0.0502596665593476,42.0,23.0,3438.0,25256311.0,2.0,7.1773904313439,1,0.7506480218281036,1
Assam,Nalbari,26.355102,91.399785,44.0,0.1031664187454014,27.0,18.0,2455.0,23498511.0,2.0,7.1773904313439,1,0.6680081855388813,1
Assam,Dima Hasao,25.398471,93.076869,271.0,2.72783097758139,23.0,17.0,2076.0,20958011.0,2.0,7.1773904313439,1,0.603956343792633,0
Assam,Sivasagar,26.993864,94.621813,94.0,0.3787922939870037,43.0,26.0,3366.0,26783124.0,2.0,7.1773904313439,1,0.7575716234652115,1
Assam,Sonitpur,26.763877,92.703411,79.0,0.4419910745908118,43.0,24.0,3444.0,25256424.0,2.0,7.1773904313439,1,0.7539904502046385,1
Assam,Tinsukia,27.597178,95.566896,129.0,0.3542175718683003,40.0,26.0,3255.0,26567124.0,2.0,7.1773904313439,1,0.7542974079126876,1
Assam,Chirang,26.645248,90.629425,93.0,0.7051068578869734,20.0,13.0,2354.0,23001211.0,2.0,7.1773904313439,1,0.4772169167803547,0
Assam,Baksa,26.633,91.455052,75.0,0.3193165863628372,32.0,21.0,2517.0,23876311.0,2.0,7.1773904313439,1,0.7276944065484311,1
Assam,Udalguri,26.70767,92.038879,92.0,0.206667927229149,34.0,22.0,2518.0,23901311.0,2.0,7.1773904313439,1,0.7403137789904501,1
Assam,Kamrup Metro,26.126069,91.862585,185.0,3.9518116912811534,32.0,19.0,2382.0,23879311.0,2.0,7.1773904313439,1,0.7019440654843111,1
Assam,Biswanath,26.793083,93.361125,77.0,0.09009009009009,45.0,26.0,3551.0,27206124.0,2.0,7.1773904313439,1,0.761118690313779,1
Assam,Majuli,26.970921,94.278549,87.0,0.1354040955785295,44.0,26.0,3475.0,27163124.0,2.0,7.1773904313439,1,0.7594815825375171,1
Assam,South Salmara Mancachar,25.760507,89.893939,26.0,0.045045045045045,17.0,13.0,2069.0,9388211.0,2.0,7.1773904313439,1,0.4019099590723056,0
Assam,Charaideo,27.070207,95.06496,108.0,0.1442932254045285,38.0,25.0,3086.0,24328124.0,2.0,7.1773904313439,1,0.750818553888131,1
Assam,Hojai,25.963203,92.9793,79.0,0.3504721742369615,33.0,21.0,3200.0,22847011.0,2.0,7.1773904313439,1,0.7296043656207367,1
Assam,West Karbi Anglong,25.852531,92.587243,408.0,1.8542076898749589,34.0,21.0,2377.0,21920011.0,2.0,7.1773904313439,1,0.7317871759890859,1
Bihar,Khagaria,25.492787,86.698328,35.0,0.045045045045045,22.0,19.0,5071.0,12417220.0,2.0,7.8036502762015,1,0.7550136425648022,1
Bihar,Kishanganj,26.304286,87.948677,58.0,0.1004961348195159,24.0,18.0,5823.0,41140334.0,2.0,7.8036502762015,1,0.7742837653478856,1
Bihar,Lakhisarai,25.156322,86.175638,45.0,0.3356653566429886,22.0,18.0,7472.0,13914220.0,2.0,7.8036502762015,1,0.7415416098226468,1
Bihar,Madhepura,25.780047,86.93618,46.0,0.1346320574154648,25.0,20.0,5222.0,12643720.0,2.0,7.8036502762015,1,0.8160300136425649,1
Bihar,Madhubani,26.350265,86.22968,54.0,0.1349952643456264,27.0,21.0,4848.0,12677920.0,2.0,7.8036502762015,1,0.8489768076398363,1
Bihar,Munger,25.220764,86.516423,324.0,5.187219177246253,22.0,18.0,6915.0,13765220.0,2.0,7.8036502762015,1,0.7415416098226468,1
Bihar,Muzaffarpur,26.148751,85.340321,53.0,0.103122977904485,24.0,20.0,5230.0,12251420.0,2.0,7.8036502762015,1,0.801568894952251,1
Bihar,Nalanda,25.209913,85.447539,54.0,0.0995741964438357,21.0,18.0,5071.0,12414220.0,2.0,7.8036502762015,1,0.7235334242837654,1
Bihar,Nawada,24.817142,85.51796,99.0,0.2337336852963175,19.0,16.0,7077.0,13634220.0,2.0,7.8036502762015,1,0.6446793997271487,0
Bihar,Pashchim Champaran,27.052278,84.334708,84.0,0.1354587491263753,25.0,22.0,5100.0,14226420.0,2.0,7.8036502762015,1,0.836493860845839,1
Bihar,Patna,25.467363,85.19618,50.0,0.045045045045045,23.0,19.0,5159.0,12432220.0,2.0,7.8036502762015,1,0.7724761255115962,1
Bihar,Purbi Champaran,26.638942,84.899306,64.0,0.2712614752552588,23.0,19.0,4760.0,12291420.0,2.0,7.8036502762015,1,0.7724761255115962,1
Bihar,Purnia,25.774872,87.409736,38.0,0.0,25.0,19.0,6444.0,38600220.0,2.0,7.8036502762015,1,0.8022169167803548,1
Bihar,Rohtas,24.939508,84.020582,110.0,0.3014481853658595,20.0,16.0,4154.0,13393220.0,2.0,7.8036502762015,1,0.6725102319236016,1
Bihar,Saharsa,25.832113,86.617877,42.0,0.0673323685466592,23.0,20.0,5080.0,12418720.0,2.0,7.8036502762015,1,0.7862892223738063,1
Bihar,Samastipur,25.77449,85.866873,43.0,0.2019428628246787,25.0,21.0,5275.0,12451420.0,2.0,7.8036502762015,1,0.8279672578444748,1
Bihar,Saran,25.910005,84.781223,55.0,0.1682055001437837,25.0,20.0,4970.0,12196420.0,2.0,7.8036502762015,1,0.8160300136425649,1
Bihar,Sheikhpura,25.125545,85.815257,48.0,0.2405550748234577,20.0,17.0,5072.0,13904220.0,2.0,7.8036502762015,1,0.6892223738062757,1
Bihar,Sheohar,26.493754,85.271935,64.0,0.1102802768723183,21.0,18.0,4616.0,12066420.0,2.0,7.8036502762015,1,0.7235334242837654,1
Bihar,Sitamarhi,26.571264,85.599721,59.0,0.0503646223053808,23.0,19.0,4782.0,12391420.0,2.0,7.8036502762015,1,0.7724761255115962,1
Bihar,Siwan,26.131378,84.390116,65.0,0.1099934351247902,32.0,26.0,5764.0,14417420.0,2.0,7.8036502762015,1,0.8878581173260574,1
Bihar,Supaul,26.27655,86.79018,59.0,0.1351351351351351,24.0,19.0,4644.0,12643720.0,2.0,7.8036502762015,1,0.7877557980900409,1
Bihar,Vaishali,25.754303,85.397609,50.0,0.2748587371218218,24.0,21.0,5217.0,12450220.0,2.0,7.8036502762015,1,0.8135061391541611,1
Bihar,Arwal,25.181214,84.65995,76.0,0.1092675832184,17.0,15.0,4676.0,12134220.0,2.0,7.8036502762015,1,0.5772510231923602,0
Chhattisgarh,Bastar,19.124376,81.830075,578.0,0.988252429547382,15.0,14.0,4383.0,4384500.0,2.0,7.6772792647922,1,0.43611869031377903,0
Chhattisgarh,Bilaspur,22.169534,82.136391,283.0,0.2473413606214705,12.0,11.0,3415.0,5190210.0,2.0,7.6772792647922,1,0.35115961800818557,0
Chhattisgarh,Dantewada,18.785351,81.480871,497.0,0.7789553982740385,12.0,11.0,3587.0,3917500.0,2.0,7.6772792647922,1,0.35115961800818557,0
Chhattisgarh,Dhamtari,20.535082,81.715765,443.0,1.3522071706091587,18.0,14.0,4386.0,5859710.0,2.0,7.6772792647922,1,0.49150750341064126,0
Chhattisgarh,Durg,21.19674,81.400492,307.0,0.1865452088310322,10.0,9.0,3428.0,3440000.0,2.0,7.6772792647922,1,0.30259208731241477,0
Chhattisgarh,Janjgir-Champa,21.972449,82.661891,244.0,0.9756326711372674,12.0,11.0,3475.0,7188210.0,2.0,7.6772792647922,1,0.35115961800818557,0
Chhattisgarh,Jashpur,22.770256,83.970968,509.0,1.1089553392158211,23.0,18.0,16347.0,29201017.0,2.0,7.8036502762015,1,0.7590040927694408,1
Chhattisgarh,Kanker,20.132414,80.985946,351.0,0.5730430279069164,14.0,12.0,4424.0,3621710.0,2.0,7.6772792647922,1,0.3919508867667122,0
Chhattisgarh,Kabirdham,22.114981,81.24718,367.0,0.5562890694318849,8.0,8.0,3237.0,1425000.0,2.0,7.6772792647922,1,0.264699863574352,0
Chhattisgarh,Korba,22.519838,82.6352,290.0,0.4169712462054185,12.0,11.0,3330.0,5190210.0,2.0,7.6772792647922,1,0.35115961800818557,0
Chhattisgarh,Korea,23.43175,82.317689,808.0,4.168931178973201,7.0,6.0,3362.0,4115000.0,2.0,7.6772792647922,1,0.22404502046384722,0
Chhattisgarh,Mahasamund,21.191387,82.488668,304.0,0.5999034606550157,20.0,17.0,14331.0,20855710.0,2.0,7.6772792647922,1,0.6000000000000001,0
Chhattisgarh,Raigarh,22.066965,83.310042,283.0,1.4936213178235624,20.0,18.0,13529.0,21370710.0,2.0,7.6772792647922,1,0.6133015006821283,0
Chhattisgarh,Raipur,21.283023,81.817586,283.0,0.6074421323552235,13.0,11.0,3457.0,5190210.0,2.0,7.6772792647922,1,0.365075034106412,0
Chhattisgarh,Rajnandgaon,20.976771,80.691611,362.0,0.1981568139579921,13.0,11.0,4259.0,1530000.0,2.0,7.6772792647922,1,0.365075034106412,0
Chhattisgarh,Surguja,22.94631,83.165859,590.0,0.6236554960524496,8.0,7.0,3329.0,5628000.0,2.0,7.6772792647922,1,0.2520804911323329,0
Chhattisgarh,Bijapur,18.770597,80.740603,205.0,1.5365268491774162,22.0,19.0,5549.0,7485600.0,2.0,7.6772792647922,1,0.6657912687585267,1
Chhattisgarh,Narayanpur,19.524878,81.168094,619.0,2.543501721558138,14.0,13.0,4440.0,3624500.0,2.0,7.6772792647922,1,0.40695770804911324,0
Chhattisgarh,Sukma,18.26662,81.292194,360.0,13.892107564682716,27.0,19.0,5994.0,8370500.0,2.0,7.6772792647922,1,0.7340040927694408,1
Chhattisgarh,Kondagaon,19.709025,81.742211,593.0,0.9321257823538576,14.0,12.0,4377.0,4024710.0,2.0,7.6772792647922,1,0.3919508867667122,0
Chhattisgarh,Baloda Bazar,21.573178,82.438886,275.0,3.006051980427113,14.0,12.0,3557.0,7190210.0,2.0,7.6772792647922,1,0.3919508867667122,0
Chhattisgarh,Gariyaband,20.429566,82.253018,426.0,1.5773091891515232,18.0,14.0,4361.0,5857710.0,2.0,7.6772792647922,1,0.49150750341064126,0
Chhattisgarh,Balod,20.727911,81.144049,338.0,1.040504292159703,12.0,11.0,3454.0,3552710.0,2.0,7.6772792647922,1,0.35115961800818557,0
Chhattisgarh,Mungeli,22.243972,81.654072,315.0,0.152791309293222,9.0,8.0,3228.0,1690000.0,2.0,7.6772792647922,1,0.2777967257844475,0
Chhattisgarh,Surajpur,23.358201,82.975669,552.0,0.9274276752442884,10.0,9.0,4327.0,8630000.0,2.0,7.8036502762015,1,0.39181446111869034,0
Chhattisgarh,Balrampur,23.628494,83.480986,747.0,17.26233799378396,18.0,13.0,6624.0,11356017.0,2.0,7.8036502762015,1,0.5652114597544339,0
Chhattisgarh,Bemetara,21.678209,81.441411,268.0,0.1865866276299017,10.0,8.0,3270.0,1690000.0,2.0,7.6772792647922,1,0.2898021828103684,0
Chhattisgarh,Gaurella Pendra Marwahi,22.831123,81.958756,579.0,0.880827989131777,7.0,6.0,3133.0,1125000.0,2.0,7.6772792647922,1,0.22404502046384722,0
Chandigarh,Chandigarh,30.730988,76.784176,346.0,0.8087027156741526,10.0,9.0,8307.0,4941135.0,2.0,7.7855937662664,1,0.3527967257844475,0
Dadra & Nagar Havelli and Daman & Diu,Daman,20.418435,72.843079,11.0,0.7346470812840386,18.0,15.0,2166.0,2132417.0,2.0,7.6772792647922,1,0.5095839017735334,0
Delhi,New Delhi,28.564714,77.121865,236.0,0.7180310873916178,12.0,8.0,3853.0,7224166.0,2.0,7.8036502762015,1,0.40576398362892224,0
Delhi,North,28.783929,77.099297,212.0,0.4148774835717687,12.0,8.0,3853.0,7224166.0,2.0,7.8036502762015,1,0.40576398362892224,0
Delhi,North East,28.726534,77.261513,212.0,0.1351351351351351,12.0,8.0,3853.0,7224166.0,2.0,7.8036502762015,1,0.40576398362892224,0
Delhi,North West,28.737232,77.012092,214.0,0.2252252252252252,11.0,8.0,2895.0,4224166.0,2.0,7.7855937662664,1,0.3531036834924966,0
Delhi,South,28.493457,77.197901,265.0,1.1173478407263735,12.0,8.0,3853.0,7224166.0,2.0,7.8036502762015,1,0.40576398362892224,0
Delhi,South West,28.585501,76.978557,214.0,0.4181859763698605,11.0,8.0,2895.0,4224166.0,2.0,7.7855937662664,1,0.3531036834924966,0
Delhi,West,28.649047,77.090072,220.0,0.2370168894970155,11.0,8.0,2895.0,4224166.0,2.0,7.7855937662664,1,0.3531036834924966,0
Delhi,South East,28.54477,77.274132,233.0,0.9500895269820356,14.0,10.0,4318.0,7289683.0,2.0,7.8036502762015,1,0.4572987721691678,0
Delhi,Shahdara,28.676982,77.295972,211.0,0.1445599814898099,14.0,10.0,4318.0,7289683.0,2.0,7.8036502762015,1,0.4572987721691678,0
Dadra & Nagar Havelli and Daman & Diu,Diu,20.721669,70.932773,11.0,0.8199673358219606,4.0,4.0,240.0,184000.0,2.0,6.2658880776116,1,0.10856070941336972,0
Delhi,Central,28.700658,77.2211,216.0,0.5984279195870018,12.0,8.0,3853.0,7224166.0,2.0,7.8036502762015,1,0.40576398362892224,0
Dadra & Nagar Havelli and Daman & Diu,Dadra And Nagar Haveli,20.20403,73.00653,47.0,0.9197219580414692,25.0,19.0,3409.0,2237717.0,2.0,7.6772792647922,1,0.7129945429740793,1
Goa,North Goa,15.53455,74.019597,17.0,3.5168733406820967,16.0,13.0,3263.0,1837300.0,2.0,7.6772792647922,1,0.4356070941336972,0
Goa,South Goa,15.196196,74.12255,45.0,5.185992526924916,14.0,12.0,3136.0,1812300.0,2.0,7.6772792647922,1,0.3919508867667122,0
Gujarat,Ahmadabad,22.695622,72.314232,15.0,0.143685273051739,20.0,17.0,2474.0,2229417.0,2.0,7.6772792647922,1,0.6000000000000001,0
Gujarat,Amreli,21.418126,71.280395,109.0,0.3699783361076525,18.0,15.0,2337.0,1727917.0,2.0,7.6772792647922,1,0.5095839017735334,0
Delhi,East,28.614514,77.298329,205.0,0.2101337270757469,14.0,10.0,4318.0,7289683.0,2.0,7.8036502762015,1,0.4572987721691678,0
Gujarat,Anand,22.432362,72.719501,26.0,0.0663620626862949,24.0,19.0,2461.0,2227417.0,2.0,7.6772792647922,1,0.6985334242837654,1
Gujarat,Banas Kantha,24.269663,72.162832,123.0,1.335763311851058,16.0,13.0,2667.0,3637477.0,2.0,7.6772792647922,1,0.4356070941336972,0
Gujarat,Bharuch,21.812184,72.947441,15.0,0.0,26.0,20.0,2603.0,2241417.0,2.0,7.6772792647922,1,0.7382673942701229,1
Gujarat,Bhavnagar,21.55773,71.904753,76.0,0.3649708527865459,19.0,16.0,2539.0,2227917.0,2.0,7.6772792647922,1,0.5554570259208731,0
Gujarat,Dang,20.788026,73.709403,517.0,1.5773126436980545,25.0,20.0,3083.0,1732717.0,2.0,7.6772792647922,1,0.7268076398362894,1
Gujarat,Dohad,22.919382,74.134398,314.0,1.0843849650159223,19.0,17.0,1943.0,1669477.0,2.0,7.6772792647922,1,0.572169167803547,0
Gujarat,Gandhinagar,23.281988,72.653628,81.0,0.0665867877791318,19.0,16.0,2309.0,2195477.0,2.0,7.6772792647922,1,0.5554570259208731,0
Gujarat,Jamnagar,22.332524,70.098167,44.0,0.3300145355255005,18.0,15.0,2337.0,1727917.0,2.0,7.6772792647922,1,0.5095839017735334,0
Gujarat,Junagadh,21.340327,70.419692,72.0,0.4491925642197998,17.0,15.0,2112.0,1664917.0,2.0,7.6772792647922,1,0.48802864938608465,0
Gujarat,Kachchh,23.70826,69.80596,6.0,0.1082148515887516,19.0,15.0,3431.0,2211917.0,2.0,7.6772792647922,1,0.5355047748976808,0
Gujarat,Kheda,22.852854,72.99483,55.0,0.3538352635299641,23.0,19.0,2441.0,2225477.0,2.0,7.6772792647922,1,0.6832537517053207,1
Gujarat,Mahesana,23.570552,72.441694,96.0,0.2982926440408439,18.0,15.0,2140.0,2167477.0,2.0,7.6772792647922,1,0.5095839017735334,0
Gujarat,Narmada,21.739088,73.626406,351.0,2.5887416986375533,27.0,20.0,3192.0,2226717.0,2.0,7.6772792647922,1,0.7478171896316509,1
Gujarat,Navsari,20.829626,73.032462,20.0,0.2127917166942103,27.0,22.0,3472.0,2247717.0,2.0,7.6772792647922,1,0.768281036834925,1
Gujarat,Panch Mahals,22.697806,73.597957,125.0,0.5066205685863305,24.0,19.0,2367.0,2216477.0,2.0,7.6772792647922,1,0.6985334242837654,1
Gujarat,Patan,23.773757,71.679603,31.0,0.0984435783673618,17.0,14.0,2068.0,1867477.0,2.0,7.6772792647922,1,0.4699522510231924,0
Gujarat,Porbandar,21.603179,69.853064,10.0,0.1801801801801801,16.0,14.0,2089.0,1464917.0,2.0,7.6772792647922,1,0.45112551159618014,0
Gujarat,Rajkot,22.069868,71.028451,193.0,0.4466398830026302,18.0,15.0,2337.0,1727917.0,2.0,7.6772792647922,1,0.5095839017735334,0
Gujarat,Sabar Kantha,23.868835,73.013862,220.0,0.5244984382026063,17.0,14.0,2690.0,3837477.0,2.0,7.6772792647922,1,0.4699522510231924,0
Gujarat,Surat,21.191725,72.952797,18.0,0.3297877874366237,24.0,19.0,2561.0,2222717.0,2.0,7.6772792647922,1,0.6985334242837654,1
Gujarat,Surendranagar,22.825462,71.62139,73.0,0.2152488573859628,21.0,18.0,2568.0,2232417.0,2.0,7.6772792647922,1,0.6343110504774899,0
Gujarat,Vadodara,22.317956,73.304845,44.0,0.3438115788444954,26.0,20.0,2476.0,2241477.0,2.0,7.6772792647922,1,0.7382673942701229,1
Gujarat,Valsad,20.43527,73.14595,89.0,1.249947520571652,28.0,21.0,3487.0,2242717.0,2.0,7.6772792647922,1,0.7668485675306959,1
Gujarat,Tapi,21.188671,73.555485,103.0,1.3210630249887267,27.0,21.0,3330.0,2212717.0,2.0,7.6772792647922,1,0.7597544338335608,1
Gujarat,Chhotaudepur,22.222774,73.777916,95.0,0.3995644350986869,24.0,19.0,3118.0,2216477.0,2.0,7.6772792647922,1,0.6985334242837654,1
Gujarat,Mahisagar,23.191634,73.657304,101.0,0.304141655089705,20.0,16.0,2146.0,2172477.0,2.0,7.6772792647922,1,0.5832878581173261,0
Gujarat,Arvalli,23.484486,73.39868,167.0,0.4443079802442633,18.0,14.0,2062.0,1822477.0,2.0,7.6772792647922,1,0.49150750341064126,0
Gujarat,Morbi,22.802514,70.884662,61.0,1.0611387369333405,20.0,17.0,2568.0,2227917.0,2.0,7.6772792647922,1,0.6000000000000001,0
Gujarat,Devbhumi Dwarka,22.14747,69.425681,36.0,0.3977353709926526,13.0,11.0,1985.0,1114917.0,2.0,7.6772792647922,1,0.365075034106412,0
Gujarat,Gir Somnath,20.995172,70.682064,104.0,0.7461129939695113,18.0,15.0,2337.0,1727917.0,2.0,7.6772792647922,1,0.5095839017735334,0
Gujarat,Botad,22.046786,71.675633,67.0,0.4344834255993772,20.0,17.0,2568.0,2227917.0,2.0,7.6772792647922,1,0.6000000000000001,0
Himachal Pradesh,Bilaspur,31.402383,76.640379,623.0,1.6250530787173445,18.0,13.0,9460.0,5024652.0,2.0,7.7855937662664,1,0.5261937244201911,0
Himachal Pradesh,Chamba,32.693095,76.165078,2300.0,20.569755360834225,22.0,15.0,9476.0,4729674.0,2.0,7.7855937662664,1,0.6525579809004093,1
Himachal Pradesh,Hamirpur,31.653989,76.540373,755.0,3.497194432179984,19.0,14.0,9482.0,5024787.0,2.0,7.7855937662664,1,0.5676330150068213,0
Himachal Pradesh,Kangra,32.075971,76.300054,809.0,1.7636343600502573,21.0,16.0,9672.0,5027874.0,2.0,7.7855937662664,1,0.6545020463847204,1
Himachal Pradesh,Kinnaur,31.591916,78.332833,2803.0,58.37668011471202,20.0,15.0,8795.0,4339358.0,2.0,7.7855937662664,1,0.6135402455661665,0
Himachal Pradesh,Kullu,31.877796,77.450549,3692.0,35.382426095215735,20.0,15.0,9186.0,4355938.0,2.0,7.7855937662664,1,0.6135402455661665,0
Himachal Pradesh,Lahul And Spiti,32.501624,77.578993,4489.0,13.685591436509576,22.0,16.0,9832.0,5157910.0,2.0,7.7855937662664,1,0.6725102319236017,1
Himachal Pradesh,Mandi,31.651535,77.009086,1496.0,9.20293403238055,20.0,15.0,9186.0,4355938.0,2.0,7.7855937662664,1,0.6135402455661665,0
Himachal Pradesh,Shimla,31.239696,77.712694,1923.0,21.296076478152425,22.0,16.0,8961.0,4637558.0,2.0,7.7855937662664,1,0.6725102319236017,1
Himachal Pradesh,Sirmaur,30.699347,77.44934,1531.0,8.872649167961457,19.0,13.0,4645.0,8355958.0,2.0,7.8036502762015,1,0.5911323328785811,0
Himachal Pradesh,Solan,31.056641,76.849896,928.0,13.731085298781462,19.0,14.0,9713.0,5446758.0,2.0,7.7855937662664,1,0.5676330150068213,0
Himachal Pradesh,Una,31.583109,76.235688,480.0,3.211866080458959,19.0,15.0,9701.0,5547967.0,2.0,7.7855937662664,1,0.5857094133697135,0
Haryana,Ambala,30.343491,76.950246,281.0,0.2486982471113773,13.0,12.0,3000.0,5811241.0,2.0,7.7855937662664,1,0.4282401091405184,0
Haryana,Bhiwani,28.732235,75.893368,221.0,0.1445696156441797,10.0,9.0,2944.0,5171577.0,2.0,7.7855937662664,1,0.3527967257844475,0
Haryana,Faridabad,28.356718,77.326396,202.0,0.7363586333080571,17.0,12.0,4392.0,7292683.0,2.0,7.8036502762015,1,0.5286493860845839,0
Haryana,Fatehabad,29.53536,75.575095,214.0,0.1795551953797126,9.0,8.0,2931.0,5171517.0,2.0,7.7855937662664,1,0.3280013642564802,0
Haryana,Gurugram,28.37021,76.941873,242.0,0.4948112665657885,12.0,8.0,3853.0,7224166.0,2.0,7.8036502762015,1,0.40576398362892224,0
Haryana,Hisar,29.239554,75.817576,216.0,0.1548675753948925,12.0,10.0,2969.0,5171577.0,2.0,7.7855937662664,1,0.390450204638472,0
Haryana,Jhajjar,28.597664,76.650942,214.0,0.3619419931385598,11.0,8.0,2895.0,4224166.0,2.0,7.7855937662664,1,0.3531036834924966,0
Haryana,Jind,29.450225,76.235041,225.0,0.1038852723118904,10.0,8.0,2117.0,4710166.0,2.0,7.7855937662664,1,0.3400068212824011,0
Haryana,Kaithal,29.853611,76.468939,238.0,0.1374993505114334,9.0,8.0,2468.0,5088000.0,2.0,7.7855937662664,1,0.3280013642564802,0
Haryana,Karnal,29.704674,76.915945,247.0,0.1555796923545865,14.0,12.0,2667.0,4779558.0,2.0,7.7855937662664,1,0.4421555252387449,0
Haryana,Kurukshetra,30.060721,76.76308,253.0,0.1134193793939493,10.0,9.0,2132.0,4711041.0,2.0,7.7855937662664,1,0.3527967257844475,0
Haryana,Mahendragarh,28.133108,76.168054,291.0,0.2724129416907119,7.0,7.0,2537.0,4133577.0,2.0,7.6772792647922,1,0.2346180081855389,0
Haryana,Panchkula,30.699647,76.987661,598.0,13.89342667831494,15.0,13.0,9333.0,5426758.0,2.0,7.7855937662664,1,0.4708049113233288,0
Haryana,Panipat,29.347831,76.887045,234.0,0.1033545715688144,13.0,10.0,3475.0,4778623.0,2.0,7.7855937662664,1,0.4043656207366985,0
Haryana,Rewari,28.218388,76.581406,241.0,0.2725399446062493,10.0,9.0,3059.0,5050683.0,2.0,7.7855937662664,1,0.3527967257844475,0
Haryana,Rohtak,28.890426,76.587099,224.0,0.3629420730829296,11.0,9.0,2117.0,4745166.0,2.0,7.7855937662664,1,0.36589358799454297,0
Haryana,Sirsa,29.607688,74.902191,198.0,0.1618254742828078,9.0,8.0,2931.0,5171517.0,2.0,7.7855937662664,1,0.3280013642564802,0
Haryana,Sonipat,29.041419,76.9227,225.0,0.2731630752412782,13.0,9.0,3951.0,7747166.0,2.0,7.8036502762015,1,0.4324693042291951,0
Haryana,Yamunanagar,30.212838,77.287524,285.0,0.2081663948882771,19.0,16.0,3167.0,5080758.0,2.0,7.7855937662664,1,0.6056616643929058,0
Haryana,Nuh,27.993493,77.040841,189.0,0.2750425516790027,14.0,10.0,4895.0,8087683.0,2.0,7.8036502762015,1,0.4572987721691678,0
Haryana,Palwal,28.059649,77.322736,193.0,0.1693630816186755,17.0,12.0,4392.0,7292683.0,2.0,7.8036502762015,1,0.5286493860845839,0
Haryana,Charki Dadri,28.600137,76.112524,226.0,0.4956562464290763,7.0,6.0,1804.0,3785060.0,2.0,7.7855937662664,1,0.27424965893587994,0
Jharkhand,Bokaro,23.69908,85.990717,271.0,2.2669677575113885,18.0,14.0,15868.0,23178017.0,2.0,7.8036502762015,1,0.5807298772169168,0
Jharkhand,Chatra,24.096834,84.867588,473.0,1.3512025654442403,16.0,14.0,6381.0,13020123.0,2.0,7.8036502762015,1,0.5403478854024557,0
Jharkhand,Deoghar,24.330059,86.719575,241.0,0.7193363664738476,21.0,14.0,8310.0,39430114.0,2.0,7.8036502762015,1,0.6554911323328787,1
Jharkhand,Dhanbad,23.84473,86.461645,231.0,1.2698853803462864,20.0,15.0,17385.0,47878017.0,2.0,7.8036502762015,1,0.6525579809004093,1
Jharkhand,Dumka,24.317326,87.275155,162.0,1.8597871534535169,23.0,15.0,7820.0,40110017.0,2.0,7.8036502762015,1,0.7090381991814461,1
Jharkhand,East Singhbum,22.613899,86.382505,192.0,4.86625811941503,24.0,16.0,16089.0,24601817.0,2.0,7.8036502762015,1,0.7442701227830832,1
Jharkhand,Garhwa,24.053084,83.653081,334.0,3.809739567820868,21.0,16.0,6953.0,15778123.0,2.0,7.8036502762015,1,0.6935197817189633,1
Jharkhand,Giridih,24.331812,86.160541,360.0,0.8025656604641798,21.0,16.0,18141.0,47552220.0,2.0,7.8036502762015,1,0.6935197817189633,1
Jharkhand,Godda,24.864342,87.298523,99.0,0.4612644795613267,23.0,16.0,8491.0,38685123.0,2.0,7.8036502762015,1,0.7289904502046385,1
Jharkhand,Gumla,23.158824,84.45994,669.0,7.554761468097279,18.0,14.0,16003.0,23666017.0,2.0,7.8036502762015,1,0.5807298772169168,0
Jharkhand,Hazaribagh,24.088202,85.470583,582.0,0.5198555852545066,19.0,16.0,16323.0,23482220.0,2.0,7.8036502762015,1,0.6446793997271487,0
Jharkhand,Jamtara,23.981072,86.923719,185.0,0.6691336202018998,23.0,16.0,17611.0,50025017.0,2.0,7.8036502762015,1,0.7289904502046385,1
Jharkhand,Koderma,24.542058,85.693667,360.0,3.0279407003558685,18.0,15.0,6520.0,13482220.0,2.0,7.8036502762015,1,0.598806275579809,0
Jharkhand,Latehar,23.687152,84.498109,403.0,0.9878982638387348,17.0,13.0,6194.0,13656017.0,2.0,7.8036502762015,1,0.5436562073669851,0
Jharkhand,Lohardaga,23.477119,84.699208,640.0,0.6325399814177484,16.0,13.0,15380.0,22848017.0,2.0,7.8036502762015,1,0.5248294679399728,0
Jharkhand,Pakur,24.532852,87.594399,103.0,1.6001254981525583,20.0,14.0,7768.0,38478017.0,2.0,7.8036502762015,1,0.6344815825375171,0
Jharkhand,Palamu,24.218802,84.174196,273.0,3.471632165449813,16.0,13.0,5805.0,13023123.0,2.0,7.8036502762015,1,0.5248294679399728,0
Jharkhand,Ranchi,23.300599,85.375409,643.0,0.3636825623526616,18.0,15.0,15530.0,23373017.0,2.0,7.8036502762015,1,0.598806275579809,0
Jharkhand,Sahebganj,25.031975,87.69411,199.0,9.98492889385661,25.0,17.0,8656.0,39195123.0,2.0,7.8036502762015,1,0.775443383356071,1
Jharkhand,Saraikela Kharsawan,22.823027,85.919264,336.0,6.7897246398655575,20.0,15.0,15459.0,23624317.0,2.0,7.8036502762015,1,0.6525579809004093,1
Jharkhand,Simdega,22.589989,84.546481,508.0,4.114022210843769,23.0,17.0,16327.0,29186017.0,2.0,7.8036502762015,1,0.7457025920873124,1
Jharkhand,West Singhbhum,22.427733,85.533614,426.0,1.0255925846063088,26.0,21.0,15818.0,28746817.0,2.0,7.8036502762015,1,0.8394270122783083,1
Jharkhand,Khunti,22.928995,85.281667,588.0,3.0404023343229007,17.0,14.0,15386.0,22863017.0,2.0,7.8036502762015,1,0.559174624829468,0
Jharkhand,Ramgarh,23.692713,85.521281,375.0,0.9773986172226192,16.0,14.0,15497.0,23108017.0,2.0,7.8036502762015,1,0.5403478854024557,0
Jammu & Kashmir,Anantnag,33.809383,75.254123,1708.0,1.896301710204443,10.0,9.0,7585.0,2630087.0,2.0,7.7855937662664,1,0.3527967257844475,0
Jammu & Kashmir,Budgam,33.90543,74.623683,2306.0,6.726263089087807,8.0,8.0,1106.0,1305087.0,2.0,7.7855937662664,1,0.3149045020463847,0
Jammu & Kashmir,Baramulla,34.170177,74.311758,1599.0,8.183266371977,8.0,8.0,1106.0,1305087.0,2.0,7.7855937662664,1,0.3149045020463847,0
Jammu & Kashmir,Doda,33.135722,75.602105,849.0,2.5345849319890474,15.0,12.0,8829.0,4666022.0,2.0,7.7855937662664,1,0.4557980900409277,0
Jammu & Kashmir,Jammu,32.769719,74.92207,324.0,3.405306167199693,12.0,11.0,7629.0,2631022.0,2.0,7.7855937662664,1,0.4013642564802183,0
Jammu & Kashmir,Kathua,32.583164,75.611836,717.0,3.863403119412084,19.0,13.0,9617.0,5029539.0,2.0,7.7855937662664,1,0.5521145975443383,0
Jammu & Kashmir,Kupwara,34.519461,74.221769,1634.0,1.170970618844229,6.0,6.0,1055.0,1302180.0,2.0,7.7855937662664,1,0.2603342428376535,0
Jammu & Kashmir,Poonch,33.768776,74.014548,1129.0,3.5022439328363104,9.0,9.0,1134.0,1306022.0,2.0,7.7855937662664,1,0.3407912687585266,0
Jammu & Kashmir,Pulwama,33.940584,75.03431,2172.0,19.69031093979215,9.0,9.0,6854.0,1380087.0,2.0,7.7855937662664,1,0.3407912687585266,0
Jammu & Kashmir,Rajouri,33.267118,74.351474,1128.0,12.376561115268307,11.0,10.0,7613.0,2631022.0,2.0,7.7855937662664,1,0.37680763983628923,0
Jammu & Kashmir,Srinagar,34.116891,74.790205,1581.0,0.045045045045045,7.0,7.0,1099.0,1305087.0,2.0,7.7855937662664,1,0.2848226466575716,0
Jammu & Kashmir,Udhampur,32.907941,75.333379,1822.0,25.77495607814049,13.0,11.0,8029.0,2666022.0,2.0,7.7855937662664,1,0.4152796725784447,0
Jammu & Kashmir,Kishtwar,33.61654,75.879884,4547.0,29.70288157465561,14.0,10.0,9219.0,4728604.0,2.0,7.7855937662664,1,0.41828103683492496,0
Jammu & Kashmir,Ramban,33.316457,75.192927,1111.0,28.578529579890795,11.0,10.0,7613.0,2631022.0,2.0,7.7855937662664,1,0.37680763983628923,0
Jammu & Kashmir,Kulgam,33.620252,74.820857,2404.0,28.98464175464536,11.0,10.0,7613.0,2631022.0,2.0,7.7855937662664,1,0.37680763983628923,0
Jammu & Kashmir,Bandipora,34.448546,74.690014,2396.0,26.39376913582111,8.0,8.0,6847.0,1380087.0,2.0,7.7855937662664,1,0.3149045020463847,0
Jammu & Kashmir,Samba,32.575483,75.121279,350.0,1.62822748337439,12.0,11.0,7962.0,2651022.0,2.0,7.7855937662664,1,0.4013642564802183,0
Jammu & Kashmir,Shopian,33.724249,74.778268,2218.0,4.919897417850754,10.0,9.0,7585.0,2630087.0,2.0,7.7855937662664,1,0.3527967257844475,0
Jammu & Kashmir,Ganderbal,34.253916,74.962523,2651.0,53.36808132138787,8.0,8.0,6847.0,1380087.0,2.0,7.7855937662664,1,0.3149045020463847,0
Jammu & Kashmir,Reasi,33.206017,74.856749,859.0,25.03545144872844,11.0,10.0,7613.0,2631022.0,2.0,7.7855937662664,1,0.37680763983628923,0
Karnataka,Bagalkote,16.2904,75.591577,550.0,1.3096738309013478,14.0,11.0,2435.0,1749660.0,2.0,7.6772792647922,1,0.3789904502046385,0
Karnataka,Bengaluru Urban,12.945312,77.552189,884.0,2.6822589201805886,13.0,10.0,2332.0,1627360.0,2.0,7.6772792647922,1,0.3541609822646658,0
Karnataka,Bengaluru Rural,13.182599,77.339441,901.0,1.7011256165956472,11.0,9.0,2281.0,1606360.0,2.0,7.6772792647922,1,0.31568894952251025,0
Karnataka,Belagavi,16.157843,74.888677,554.0,0.6022498716242026,19.0,13.0,3665.0,1953660.0,2.0,7.6772792647922,1,0.5019099590723056,0
Karnataka,Ballari,15.198955,76.709084,493.0,5.515400787128931,18.0,14.0,3297.0,2177660.0,2.0,7.6772792647922,1,0.49150750341064126,0
Karnataka,Bidar,18.017065,77.248509,587.0,1.0309396086045084,14.0,12.0,2874.0,1975100.0,2.0,7.6772792647922,1,0.3919508867667122,0
Karnataka,Vijayapura,16.814492,75.893275,557.0,1.6049867802985205,16.0,12.0,2526.0,1759660.0,2.0,7.6772792647922,1,0.4206002728512961,0
Karnataka,Chamarajanagara,11.954363,77.106275,732.0,3.834604585087552,24.0,19.0,2968.0,2428300.0,2.0,7.6772792647922,1,0.6985334242837654,1
Karnataka,Chikkamagaluru,13.405911,75.6387,954.0,15.888549849868166,18.0,14.0,2645.0,1857660.0,2.0,7.6772792647922,1,0.49150750341064126,0
Karnataka,Chitradurga,14.306334,76.528669,645.0,2.7279883445322533,19.0,16.0,3440.0,2249660.0,2.0,7.6772792647922,1,0.5554570259208731,0
Karnataka,Dakshina Kannada,12.822725,75.226428,82.0,0.9020845906470634,21.0,17.0,2434.0,1862683.0,2.0,7.6772792647922,1,0.6210095497953616,0
Karnataka,Davangere,14.369361,75.888397,571.0,0.8944188001139873,17.0,13.0,2482.0,1845660.0,2.0,7.6772792647922,1,0.45443383356070943,0
Karnataka,Dharwad,15.370745,75.133239,661.0,1.4152469438717048,16.0,12.0,2587.0,1783660.0,2.0,7.6772792647922,1,0.4206002728512961,0
Karnataka,Gadag,15.416033,75.681495,656.0,0.5514410094156458,15.0,11.0,2447.0,1783660.0,2.0,7.6772792647922,1,0.3926330150068213,0
Karnataka,Kalaburagi,17.240627,76.770173,431.0,1.741413809088412,18.0,16.0,3468.0,5096100.0,2.0,7.6772792647922,1,0.5295361527967258,0
Karnataka,Hassan,13.030246,76.17443,978.0,1.1954637136906554,16.0,13.0,2319.0,1657660.0,2.0,7.6772792647922,1,0.4356070941336972,0
Karnataka,Haveri,14.718019,75.387126,596.0,1.0483611214352846,16.0,12.0,2587.0,1783660.0,2.0,7.6772792647922,1,0.4206002728512961,0
Karnataka,Kodagu,12.382854,75.664212,915.0,1.3207992324541094,19.0,16.0,2407.0,1662683.0,2.0,7.6772792647922,1,0.5554570259208731,0
Karnataka,Kolar,13.17992,78.266664,794.0,0.1029095205303681,17.0,14.0,3611.0,2706827.0,2.0,7.6772792647922,1,0.4699522510231924,0
Karnataka,Koppal,15.57517,76.311826,554.0,0.6850598801441974,13.0,11.0,2424.0,1583660.0,2.0,7.6772792647922,1,0.365075034106412,0
Karnataka,Mandya,12.636909,76.727479,791.0,1.3234106446994485,18.0,14.0,2565.0,1967660.0,2.0,7.6772792647922,1,0.49150750341064126,0
Karnataka,Mysuru,12.19707,76.612022,716.0,0.5246412374871585,20.0,16.0,2415.0,1684183.0,2.0,7.6772792647922,1,0.5832878581173261,0
Karnataka,Raichur,16.054871,76.900686,402.0,0.9306980982433264,19.0,16.0,3535.0,5167460.0,2.0,7.6772792647922,1,0.5554570259208731,0
Karnataka,Shivamogga,14.055689,75.238001,628.0,0.3040594727905462,18.0,14.0,2622.0,1845660.0,2.0,7.6772792647922,1,0.49150750341064126,0
Karnataka,Tumakuru,13.419261,76.880937,833.0,0.5403300699097865,22.0,18.0,3518.0,2299660.0,2.0,7.6772792647922,1,0.6523192360163712,0
Karnataka,Udupi,13.527058,74.8731,34.0,0.4915560118411022,18.0,14.0,2622.0,1845660.0,2.0,7.6772792647922,1,0.49150750341064126,0
Karnataka,Uttara Kannada,14.725044,74.640217,560.0,0.6899713410005883,17.0,12.0,3574.0,1943660.0,2.0,7.6772792647922,1,0.4394270122783083,0
Karnataka,Chikkaballapura,13.589635,77.782235,864.0,1.1445863000563885,18.0,15.0,3813.0,2318360.0,2.0,7.6772792647922,1,0.5095839017735334,0
Karnataka,Ramanagara,12.720113,77.317775,714.0,6.300372703459154,14.0,11.0,2374.0,1591360.0,2.0,7.6772792647922,1,0.3789904502046385,0
Karnataka,Yadgir,16.573869,76.925077,363.0,0.2933715985567265,15.0,14.0,2947.0,4616100.0,2.0,7.6772792647922,1,0.43611869031377903,0
Kerala,Alappuzha,9.500614,76.410605,0.0,0.045045045045045,14.0,12.0,1971.0,1281866.0,2.0,7.6772792647922,1,0.3919508867667122,0
Kerala,Ernakulam,10.04571,76.497432,21.0,1.2880075122212156,21.0,17.0,2360.0,1396866.0,2.0,7.6772792647922,1,0.6210095497953616,0
Kerala,Idukki,9.815972,76.998049,725.0,3.898486588183084,24.0,18.0,2434.0,1437866.0,2.0,7.6772792647922,1,0.6850613915416099,1
Kerala,Kannur,11.985666,75.547572,7.0,0.9470661205458796,19.0,14.0,2313.0,1757683.0,2.0,7.6772792647922,1,0.5174283765347886,0
Kerala,Kasaragod,12.420039,75.190562,91.0,4.433700568629738,20.0,16.0,2308.0,1762683.0,2.0,7.6772792647922,1,0.5832878581173261,0
Kerala,Kollam,8.967736,76.857852,104.0,3.8708760807154463,18.0,13.0,2202.0,1347866.0,2.0,7.6772792647922,1,0.4759890859481583,0
Kerala,Kottayam,9.628555,76.645233,51.0,2.0076199472737035,15.0,13.0,2008.0,1291866.0,2.0,7.6772792647922,1,0.4206002728512961,0
Kerala,Kozhikode,11.464151,75.891919,49.0,0.7079047858172923,17.0,15.0,2195.0,1441823.0,2.0,7.6772792647922,1,0.48802864938608465,0
Kerala,Malappuram,11.106349,76.109914,39.0,1.246739686307109,21.0,18.0,2472.0,1547523.0,2.0,7.6772792647922,1,0.6343110504774899,0
Kerala,Palakkad,10.786764,76.473462,88.0,0.6772298914046628,23.0,17.0,2459.0,1567866.0,2.0,7.6772792647922,1,0.6564802182810369,1
Kerala,Pathanamthitta,9.277372,76.977781,502.0,8.971300469979258,20.0,14.0,2311.0,1399866.0,2.0,7.6772792647922,1,0.5452592087312415,0
Kerala,Thiruvananthapuram,8.577346,77.04979,75.0,2.893929917528043,17.0,12.0,2186.0,1278866.0,2.0,7.6772792647922,1,0.4394270122783083,0
Kerala,Thrissur,10.477657,76.273504,9.0,1.5160152496759216,19.0,15.0,2293.0,1503366.0,2.0,7.6772792647922,1,0.5355047748976808,0
Kerala,Wayanad,11.714751,76.125475,738.0,2.542977873954475,22.0,17.0,2466.0,1587823.0,2.0,7.6772792647922,1,0.6390177353342429,0
Lakshadweep,Lakshadweep District,11.278161,74.042694,0.0,0.6565814228240867,0.0,0.0,0.0,0.0,0.0,0.0,0,0.0034106412005457027,0
Ladakh,Kargil,33.807076,76.438331,3991.0,5.377728855290083,14.0,11.0,9295.0,4726604.0,2.0,7.7855937662664,1,0.4291950886766712,0
Ladakh,Leh Ladakh,34.712102,78.247944,5855.0,7.132814937170186,16.0,11.0,9367.0,4728604.0,2.0,7.7855937662664,1,0.4578444747612551,0
Maharashtra,Ahmednagar,19.162156,74.85749,866.0,5.126792867904919,21.0,18.0,3370.0,1697800.0,2.0,7.6772792647922,1,0.6343110504774899,0
Maharashtra,Akola,20.76141,77.192084,279.0,0.3297617388619834,12.0,10.0,2287.0,1134060.0,2.0,7.6772792647922,1,0.3402455661664393,0
Maharashtra,Amravati,21.154037,77.644342,353.0,0.2252252252252252,12.0,9.0,2325.0,926060.0,1.5,7.6772792647922,1,0.25474079126875854,0
Maharashtra,Aurangabad,20.023137,75.150311,585.0,0.9208858809678996,18.0,16.0,2229.0,1536360.0,2.0,7.6772792647922,1,0.5295361527967258,0
Maharashtra,Beed,18.992537,75.910545,523.0,2.18097325826092,16.0,16.0,2194.0,1531300.0,2.0,7.6772792647922,1,0.4891541609822647,0
Maharashtra,Bhandara,21.122799,79.791891,291.0,0.7155120169275035,11.0,9.0,4680.0,1478000.0,2.0,7.6772792647922,1,0.31568894952251025,0
Maharashtra,Buldhana,20.563248,76.408453,548.0,3.756670369500555,19.0,15.0,2859.0,1580360.0,2.0,7.6772792647922,1,0.5355047748976808,0
Maharashtra,Chandrapur,20.097001,79.503304,239.0,1.7502740585061294,18.0,15.0,3090.0,2358600.0,1.5,7.6772792647922,1,0.43499317871759896,0
Maharashtra,Dhule,21.130882,74.479154,340.0,1.224466044943785,22.0,18.0,2291.0,1625860.0,2.0,7.6772792647922,1,0.6523192360163712,0
Maharashtra,Gadchiroli,19.756947,80.163277,237.0,0.317381274123245,25.0,19.0,5911.0,7426600.0,2.0,7.6772792647922,1,0.7129945429740793,1
Maharashtra,Gondia,21.145309,80.268299,327.0,0.5609892295065925,12.0,10.0,4680.0,1486000.0,2.0,7.6772792647922,1,0.3402455661664393,0
Maharashtra,Hingoli,19.623174,77.191156,431.0,0.4977979278964198,12.0,12.0,2069.0,1256000.0,2.0,7.6772792647922,1,0.36412005457025926,0
Maharashtra,Jalgaon,20.842545,75.526434,233.0,0.6639773740115531,18.0,15.0,2240.0,1475860.0,2.0,7.6772792647922,1,0.5095839017735334,0
Maharashtra,Jalna,19.917634,75.867839,530.0,2.4978746564127325,17.0,15.0,2134.0,1511360.0,2.0,7.6772792647922,1,0.48802864938608465,0
Maharashtra,Kolhapur,16.461912,74.089343,668.0,12.55859275541304,19.0,13.0,3538.0,1753660.0,2.0,7.6772792647922,1,0.5019099590723056,0
Maharashtra,Latur,18.354038,76.754874,630.0,1.1741069690913613,10.0,8.0,2008.0,1303000.0,2.0,7.6772792647922,1,0.2898021828103684,0
Maharashtra,Mumbai Suburban,19.129703,72.8932,35.0,0.9534988457536072,16.0,15.0,3170.0,1591000.0,2.0,7.6772792647922,1,0.46920190995907235,0
Maharashtra,Nagpur,21.152818,79.014829,353.0,0.7207207207207207,9.0,8.0,2191.0,928000.0,1.5,7.6772792647922,1,0.20320600272851297,0
Maharashtra,Nanded,19.09355,77.482529,388.0,1.186676812629576,13.0,12.0,2440.0,1801100.0,2.0,7.6772792647922,1,0.3780354706684857,0
Maharashtra,Nandurbar,21.516845,74.541276,158.0,0.4380965541016053,27.0,20.0,3003.0,1726777.0,2.0,7.6772792647922,1,0.7478171896316509,1
Maharashtra,Nashik,20.224182,74.106384,644.0,1.5789469615467546,27.0,21.0,4248.0,1894317.0,2.0,7.6772792647922,1,0.7597544338335608,1
Maharashtra,Osmanabad,18.169545,76.117983,655.0,0.9206433483814604,11.0,9.0,2001.0,1553000.0,2.0,7.6772792647922,1,0.31568894952251025,0
Maharashtra,Parbhani,19.286927,76.62087,441.0,0.9319660132736348,13.0,13.0,2070.0,1256300.0,2.0,7.6772792647922,1,0.3930422919508868,0
Maharashtra,Pune,18.645146,73.92303,565.0,1.5781612060871233,19.0,17.0,3341.0,1691300.0,2.0,7.6772792647922,1,0.572169167803547,0
Maharashtra,Raigad,18.493681,73.143104,336.0,5.3938080614899935,18.0,16.0,3172.0,1663300.0,2.0,7.6772792647922,1,0.5295361527967258,0
Maharashtra,Ratnagiri,17.282428,73.472308,246.0,3.333902586204899,15.0,14.0,3096.0,1663300.0,2.0,7.6772792647922,1,0.43611869031377903,0
Maharashtra,Sangli,17.172061,74.586054,641.0,1.246334159441614,17.0,13.0,3517.0,1688300.0,2.0,7.6772792647922,1,0.45443383356070943,0
Maharashtra,Satara,17.636333,74.297653,857.0,2.138889825521685,18.0,17.0,3455.0,1663300.0,2.0,7.6772792647922,1,0.5462482946793997,0
Maharashtra,Sindhudurg,16.135637,73.651491,188.0,1.73723940487969,14.0,12.0,3036.0,1637300.0,2.0,7.6772792647922,1,0.3919508867667122,0
Maharashtra,Solapur,17.849768,75.2762,486.0,0.9017261582262656,16.0,14.0,2527.0,1778300.0,2.0,7.6772792647922,1,0.45112551159618014,0
Maharashtra,Thane,19.359503,73.370809,102.0,0.7218141005162768,21.0,18.0,3373.0,1691300.0,2.0,7.6772792647922,1,0.6343110504774899,0
Maharashtra,Wardha,20.826282,78.612716,258.0,0.2043416437086063,9.0,8.0,2193.0,963000.0,1.5,7.6772792647922,1,0.20320600272851297,0
Maharashtra,Washim,20.287143,77.236281,490.0,0.8289568142207798,13.0,12.0,2569.0,1262000.0,2.0,7.6772792647922,1,0.3780354706684857,0
Maharashtra,Yavatmal,20.06379,78.358149,291.0,0.6951331227327172,15.0,12.0,2916.0,1505000.0,1.5,7.6772792647922,1,0.3310027285129605,0
Maharashtra,Palghar,19.757484,73.086686,54.0,1.0948821542392049,25.0,21.0,3703.0,2305800.0,2.0,7.6772792647922,1,0.7387448840381993,1
Meghalaya,East Garo Hills,25.632189,90.643835,333.0,5.624631042811852,11.0,9.0,1641.0,6010211.0,2.0,7.1773904313439,1,0.2631650750341064,0
Meghalaya,East Khasi Hills,25.399069,91.822745,1168.0,16.464733325372784,17.0,13.0,1774.0,17977211.0,2.0,7.1773904313439,1,0.4019099590723056,0
Meghalaya,West Jaintia Hills,25.436173,92.182571,1303.0,2.755309854226325,24.0,16.0,1964.0,20856011.0,2.0,7.1773904313439,1,0.6025238744884038,0
Meghalaya,Ri Bhoi,25.860731,91.829776,718.0,20.501363037727742,33.0,20.0,2383.0,23894311.0,2.0,7.1773904313439,1,0.7176671214188268,1
Meghalaya,South Garo Hills,25.346125,90.569898,102.0,6.106406750479451,10.0,9.0,1607.0,4010211.0,2.0,7.1773904313439,1,0.2500682128240109,0
Meghalaya,West Garo Hills,25.606346,90.20372,353.0,0.6993956849037278,17.0,13.0,1974.0,6818211.0,2.0,7.1773904313439,1,0.4019099590723056,0
Meghalaya,West Khasi Hills,25.577437,91.275972,1355.0,6.784561905309854,19.0,13.0,1919.0,10387511.0,2.0,7.1773904313439,1,0.4493860845839018,0
Meghalaya,North Garo Hills,25.870553,90.718956,230.0,7.563168824184115,20.0,15.0,2154.0,11993211.0,2.0,7.1773904313439,1,0.5108117326057299,0
Meghalaya,East Jaintia Hills,25.249911,92.482897,870.0,6.01280779793494,17.0,12.0,1782.0,17395211.0,2.0,7.1773904313439,1,0.3869031377899045,0
Meghalaya,South West Khasi Hills,25.33363,91.320905,1179.0,21.68702017248244,11.0,9.0,1641.0,6010211.0,2.0,7.1773904313439,1,0.2631650750341064,0
Meghalaya,South West Garo Hills,25.442245,89.98148,79.0,1.149869285150111,7.0,6.0,647.0,3578211.0,2.0,7.0499170611118,1,0.15433151432469303,0
Manipur,Imphal East,24.874395,94.024701,787.0,0.2681577147120675,3.0,3.0,383.0,132000.0,2.0,6.921603781912,1,0.10685538881309688,0
Manipur,Imphal West,24.759059,93.861934,774.0,0.0496048755891607,3.0,3.0,383.0,132000.0,2.0,6.921603781912,1,0.10685538881309688,0
Mizoram,Saiha,22.286998,93.013158,903.0,4.921763851919486,2.0,2.0,71.0,35200.0,2.0,6.921603781912,1,0.0989768076398363,0
Mizoram,Serchhip,23.292383,92.84458,1117.0,22.401149472379856,2.0,2.0,71.0,35200.0,2.0,6.921603781912,1,0.0989768076398363,0
Nagaland,Dimapur,25.810633,93.89935,346.0,6.543816775055122,18.0,12.0,2693.0,17868011.0,2.0,7.1773904313439,1,0.40845839017735336,0
Nagaland,Kohima,25.770003,94.124019,1214.0,15.110804418499344,7.0,4.0,1474.0,2903000.0,2.0,7.0499170611118,1,0.14375852660300137,0
Nagaland,Mokokchung,26.478574,94.507568,318.0,2.2005648901450754,27.0,19.0,2081.0,23350913.0,2.0,7.0796584663999,1,0.6707025920873125,1
Nagaland,Mon,26.660365,94.999855,871.0,14.540333480342277,31.0,20.0,2009.0,21241124.0,2.0,7.0796584663999,1,0.7030695770804912,1
Nagaland,Phek,25.653109,94.380044,1454.0,30.042401572997964,3.0,2.0,381.0,102000.0,2.0,6.921603781912,1,0.10361527967257846,0
Manipur,Bishnupur,24.528467,93.79168,767.0,0.0,2.0,2.0,33.0,62000.0,2.0,6.921603781912,1,0.0989768076398363,0
Manipur,Chandel,24.160649,94.00211,1101.0,24.48797203865936,2.0,2.0,33.0,62000.0,2.0,6.921603781912,1,0.0989768076398363,0
Manipur,Churachandpur,24.276286,93.677942,837.0,0.7628044351925573,3.0,3.0,36.0,102000.0,2.0,6.921603781912,1,0.10685538881309688,0
Manipur,Senapati,25.393454,94.162959,1234.0,7.097323168711816,7.0,4.0,576.0,1933000.0,2.0,7.0499170611118,1,0.14375852660300137,0
Manipur,Tamenglong,25.060212,93.549145,1025.0,14.08330025189413,10.0,6.0,675.0,13075211.0,2.0,7.0499170611118,1,0.19689631650750342,0
Manipur,Noney,24.664775,93.489005,680.0,1.2846371303659618,4.0,4.0,212.0,1702000.0,2.0,7.0499170611118,1,0.12193042291950888,0
Manipur,Pherzawl,24.364419,93.253744,527.0,18.38257655046881,7.0,6.0,267.0,1907411.0,2.0,7.0499170611118,1,0.15433151432469303,0
Nagaland,Tuensang,26.155986,94.909136,1485.0,18.34878086767772,10.0,6.0,1554.0,5181000.0,2.0,7.0499170611118,1,0.19689631650750342,0
Manipur,Thoubal,24.62875,94.003086,774.0,0.1339336935725268,2.0,2.0,33.0,62000.0,2.0,6.921603781912,1,0.0989768076398363,0
Manipur,Ukhrul,25.310005,94.471272,1725.0,27.19166470747212,3.0,3.0,383.0,132000.0,2.0,6.921603781912,1,0.10685538881309688,0
Madhya Pradesh,Rajgarh,23.870824,76.774447,412.0,1.3981751289246207,6.0,6.0,1880.0,2971577.0,1.5,7.6772792647922,1,0.13553888130968622,0
Madhya Pradesh,Ratlam,23.502929,74.954615,543.0,0.4155471658654693,8.0,8.0,1963.0,2991577.0,1.5,7.6772792647922,1,0.19010914051841749,0
Madhya Pradesh,Rewa,24.756063,81.654453,326.0,0.5939297753859586,20.0,16.0,5124.0,9897683.0,2.0,7.8036502762015,1,0.6725102319236016,1
Madhya Pradesh,Sagar,23.808313,78.758258,543.0,3.8903789741729526,9.0,8.0,1288.0,4017060.0,1.5,7.6772792647922,1,0.20320600272851297,0
Madhya Pradesh,Satna,24.577611,80.808965,317.0,0.3603603603603603,17.0,13.0,4201.0,9483577.0,2.0,7.8036502762015,1,0.5436562073669851,0
Madhya Pradesh,Sehore,23.115072,77.066538,561.0,1.295210438281386,7.0,6.0,915.0,910060.0,1.5,7.6772792647922,1,0.14945429740791272,0
Madhya Pradesh,Seoni,22.274811,79.720252,496.0,0.3688204047673253,8.0,7.0,2025.0,868000.0,1.5,7.6772792647922,1,0.17748976807639838,0
Madhya Pradesh,Shahdol,23.653072,81.430319,443.0,0.2328725978025851,8.0,7.0,3424.0,4164000.0,2.0,7.6772792647922,1,0.2520804911323329,0
Madhya Pradesh,Shajapur,23.417227,76.607514,460.0,0.5400846146127393,6.0,5.0,875.0,908060.0,1.5,7.6772792647922,1,0.12871759890859483,0
Manipur,Kakching,24.393216,93.886482,767.0,0.3083226409019544,2.0,2.0,33.0,62000.0,2.0,6.921603781912,1,0.0989768076398363,0
Manipur,Kangpokpi,24.991801,94.092281,1061.0,15.806399559460033,4.0,3.0,383.0,132000.0,2.0,6.921603781912,1,0.11231241473397,0
Manipur,Jiribam,24.708992,93.117288,80.0,5.797392274818036,7.0,6.0,588.0,1969211.0,2.0,7.0499170611118,1,0.15433151432469303,0
Madhya Pradesh,Sheopur,25.749628,76.92042,353.0,0.3365325232907163,7.0,7.0,1951.0,3428577.0,2.0,7.7855937662664,1,0.2848226466575716,0
Madhya Pradesh,Shivpuri,25.374153,77.827922,414.0,0.8357260226082753,7.0,5.0,2392.0,3350060.0,2.0,7.7855937662664,1,0.26742837653478857,0
Madhya Pradesh,Sidhi,24.211269,81.700042,372.0,0.6281561199527668,9.0,8.0,2002.0,7165000.0,2.0,7.8036502762015,1,0.3670190995907231,0
Madhya Pradesh,Tikamgarh,24.855216,79.047255,285.0,0.7373709723761275,8.0,7.0,1063.0,3954060.0,1.5,7.6772792647922,1,0.17748976807639838,0
Madhya Pradesh,Ujjain,23.293507,75.625763,477.0,0.8529690870687353,6.0,5.0,911.0,908060.0,1.5,7.6772792647922,1,0.12871759890859483,0
Madhya Pradesh,Umaria,23.643184,80.941908,482.0,1.2288018774688785,7.0,6.0,1024.0,4164000.0,2.0,7.6772792647922,1,0.22404502046384722,0
Madhya Pradesh,Vidisha,23.846303,77.837021,406.0,0.4743320309911747,7.0,7.0,977.0,974060.0,1.5,7.6772792647922,1,0.1600272851296044,0
Madhya Pradesh,Singrauli,24.243331,82.382723,354.0,1.3030478575190445,17.0,14.0,5536.0,9182517.0,2.0,7.8036502762015,1,0.559174624829468,0
Madhya Pradesh,Alirajpur,22.285952,74.35456,299.0,0.8035198874407946,22.0,19.0,2761.0,1683477.0,2.0,7.6772792647922,1,0.6657912687585267,1
Madhya Pradesh,Agar Malwa,23.935057,76.145115,420.0,0.3892008181003298,8.0,8.0,1963.0,2991577.0,1.5,7.6772792647922,1,0.19010914051841749,0
Madhya Pradesh,Niwari,25.306313,78.663122,229.0,0.4412459687119027,10.0,7.0,2532.0,4455577.0,2.0,7.7855937662664,1,0.327387448840382,0
Mizoram,Aizawl,23.865843,92.982065,804.0,8.45067617525574,7.0,7.0,278.0,1902411.0,2.0,7.0499170611118,1,0.1649045020463847,0
Mizoram,Champhai,23.543562,93.227198,1144.0,20.504522734547432,3.0,3.0,74.0,75200.0,2.0,6.921603781912,1,0.10685538881309688,0
Mizoram,Kolasib,24.183775,92.711904,349.0,18.01615491200872,10.0,9.0,402.0,2908411.0,2.0,7.0499170611118,1,0.23287858117326057,0
Mizoram,Lawngtlai,22.368687,92.731139,486.0,4.178639310406722,3.0,3.0,120.0,735200.0,2.0,6.921603781912,1,0.10685538881309688,0
Mizoram,Lunglei,22.952465,92.758853,710.0,18.342114599811403,3.0,3.0,247.0,1635200.0,2.0,7.0499170611118,1,0.11272169167803549,0
Mizoram,Mamit,23.755661,92.450691,255.0,8.776920957943242,7.0,6.0,280.0,2702411.0,2.0,7.0499170611118,1,0.15433151432469303,0
Manipur,Tengnoupal,24.380922,94.263302,726.0,6.530532133478417,2.0,2.0,33.0,62000.0,2.0,6.921603781912,1,0.0989768076398363,0
Madhya Pradesh,Barwani,21.75126,74.891549,496.0,2.584566012952732,18.0,17.0,2011.0,1456860.0,2.0,7.6772792647922,1,0.5462482946793997,0
Madhya Pradesh,Betul,21.879747,77.875365,635.0,0.5289721726044214,12.0,9.0,2319.0,941060.0,1.5,7.6772792647922,1,0.25474079126875854,0
Madhya Pradesh,Bhind,26.351337,78.686262,152.0,0.09009009009009,20.0,16.0,5076.0,9836683.0,2.0,7.8036502762015,1,0.6725102319236016,1
Madhya Pradesh,Bhopal,23.483976,77.392851,493.0,1.1304018746948936,5.0,4.0,855.0,908060.0,1.5,7.6772792647922,1,0.12060027285129606,0
Madhya Pradesh,Burhanpur,21.334536,76.36994,271.0,1.1433415093277397,13.0,10.0,2125.0,924060.0,1.5,7.6772792647922,1,0.27957025920873124,0
Madhya Pradesh,Chhatarpur,24.760609,79.678163,289.0,0.6611098801771094,18.0,14.0,4273.0,9519577.0,2.0,7.8036502762015,1,0.5807298772169168,0
Madhya Pradesh,Chhindwara,22.139636,78.809623,756.0,1.7184256961139504,10.0,9.0,2263.0,931060.0,1.5,7.6772792647922,1,0.22800136425648027,0
Madhya Pradesh,Damoh,23.798138,79.542004,344.0,1.295389105917614,7.0,7.0,1010.0,3951060.0,1.5,7.6772792647922,1,0.1600272851296044,0
Madhya Pradesh,Datia,25.8638,78.633511,182.0,0.1501779205879155,15.0,11.0,4354.0,7881683.0,2.0,7.8036502762015,1,0.48185538881309686,0
Madhya Pradesh,Dewas,22.80565,76.294058,503.0,0.5450132962818379,6.0,5.0,875.0,908060.0,1.5,7.6772792647922,1,0.12871759890859483,0
Madhya Pradesh,Dhar,22.578657,75.225864,560.0,0.816660125471051,13.0,11.0,1045.0,1186560.0,1.5,7.6772792647922,1,0.2904843110504775,0
Madhya Pradesh,Dindori,22.907087,80.888853,679.0,0.5932690189345248,7.0,6.0,3133.0,1125000.0,2.0,7.6772792647922,1,0.22404502046384722,0
Madhya Pradesh,East Nimar,21.976987,76.567531,283.0,0.6141061511114003,8.0,7.0,1745.0,916060.0,1.5,7.6772792647922,1,0.17748976807639838,0
Madhya Pradesh,Guna,24.500208,77.260107,442.0,1.5211617147786456,7.0,7.0,1943.0,2991577.0,1.5,7.6772792647922,1,0.1600272851296044,0
Madhya Pradesh,Gwalior,26.028749,78.157065,252.0,0.4748918720925473,11.0,9.0,3828.0,7811166.0,2.0,7.8036502762015,1,0.4049113233287858,0
Madhya Pradesh,Mandsaur,24.262874,75.385754,386.0,1.0055667435804383,9.0,8.0,1963.0,2996077.0,1.5,7.6772792647922,1,0.20320600272851297,0
Madhya Pradesh,Morena,26.384517,77.861202,186.0,0.1101932178654739,19.0,16.0,4110.0,7838166.0,2.0,7.8036502762015,1,0.6446793997271487,0
Madhya Pradesh,Narsinghpur,22.934805,79.086638,357.0,0.2050225841811957,7.0,7.0,977.0,974060.0,1.5,7.6772792647922,1,0.1600272851296044,0
Madhya Pradesh,Neemuch,24.629765,75.182746,484.0,0.9063358112348436,9.0,8.0,1963.0,2996077.0,1.5,7.6772792647922,1,0.20320600272851297,0
Madhya Pradesh,Panna,24.449893,80.146272,321.0,0.4084140741907885,8.0,8.0,2568.0,8906060.0,1.5,7.8036502762015,1,0.27933151432469305,0
Madhya Pradesh,Raisen,23.267591,78.172714,540.0,6.224483168967489,7.0,7.0,977.0,974060.0,1.5,7.6772792647922,1,0.1600272851296044,0
Nagaland,Wokha,26.254738,94.203681,298.0,4.373985835850915,33.0,23.0,3052.0,26217124.0,2.0,7.1773904313439,1,0.7427353342428377,1
Nagaland,Zunheboto,26.012753,94.511916,1574.0,19.87988307568927,9.0,6.0,1553.0,5181000.0,2.0,7.0499170611118,1,0.18489085948158254,0
Nagaland,Peren,25.454998,93.599138,1130.0,22.66649338966797,17.0,11.0,2836.0,20582211.0,2.0,7.1773904313439,1,0.37394270122783085,0
Nagaland,Kiphire,25.811629,94.847963,1455.0,7.688665149883174,1.0,1.0,350.0,70000.0,1.5,6.8060424070675,1,0.017735334242837655,0
Nagaland,Longleng,26.584109,94.804711,1105.0,15.076212146914807,21.0,14.0,1812.0,6640913.0,2.0,7.0796584663999,1,0.5029672578444748,0
Odisha,Anugul,21.103706,84.954677,138.0,0.5368966177383669,23.0,21.0,14002.0,21036627.0,2.0,7.656646577764,1,0.6695770804911324,1
Odisha,Balangir,20.609313,83.167596,275.0,1.492928245855445,21.0,18.0,13687.0,20581837.0,2.0,7.093902822695,1,0.5729195088676673,0
Odisha,Baleshwar,21.519837,86.883753,19.0,0.6136671285757826,34.0,23.0,14987.0,30419174.0,2.0,7.8036502762015,1,0.8866643929058664,1
Odisha,Bargarh,21.232178,83.567324,180.0,0.3884297073495495,20.0,18.0,14289.0,21355710.0,2.0,7.6772792647922,1,0.6133015006821283,0
Odisha,Bhadrak,20.984019,86.59477,5.0,0.2702702702702703,27.0,20.0,13334.0,24918657.0,2.0,7.656646577764,1,0.7083901773533425,1
Odisha,Boudh,20.639812,83.997729,211.0,7.86431551011967,22.0,20.0,13913.0,20879627.0,2.0,7.656646577764,1,0.6401773533424284,0
Odisha,Cuttack,20.370132,85.467902,33.0,0.5586737696486587,28.0,21.0,14139.0,21941484.0,2.0,7.656646577764,1,0.7274215552523875,1
Odisha,Deogarh,21.447282,84.717553,152.0,0.6167541391355404,18.0,18.0,13102.0,20847500.0,2.0,7.656646577764,1,0.5201227830832197,0
Odisha,Dhenkanal,20.835406,85.601435,57.0,2.051948914534718,27.0,21.0,14106.0,21941484.0,2.0,7.656646577764,1,0.7203274215552524,1
Odisha,Gajapati,19.197901,84.190418,910.0,22.367741959744592,27.0,20.0,15281.0,20342627.0,2.0,7.6772792647922,1,0.7478171896316509,1
Odisha,Ganjam,19.60969,84.70702,53.0,0.2744678967278393,24.0,22.0,13959.0,21171627.0,2.0,7.656646577764,1,0.6933833560709414,1
Odisha,Jagatsinghapur,20.179096,86.342175,3.0,0.0479907693299052,22.0,19.0,13787.0,20582500.0,2.0,7.093902822695,1,0.604399727148704,0
Odisha,Jajapur,20.873986,86.123763,24.0,0.1064216152418068,25.0,20.0,13311.0,21917357.0,2.0,7.656646577764,1,0.687380627557981,1
Odisha,Jharsuguda,21.801123,84.016825,198.0,0.1663619166567572,18.0,17.0,12892.0,20555710.0,2.0,7.093902822695,1,0.4848567530695771,0
Odisha,Kalahandi,19.826425,83.040934,253.0,1.5054700154688745,23.0,19.0,14343.0,21681627.0,2.0,7.6772792647922,1,0.6832537517053207,1
Odisha,Kandhamal,20.13159,84.079112,560.0,4.473250901922237,20.0,18.0,13724.0,20571627.0,2.0,7.093902822695,1,0.5519099590723057,0
Odisha,Kendrapara,20.546626,86.52807,3.0,0.1062331557699845,25.0,20.0,13311.0,21917357.0,2.0,7.656646577764,1,0.687380627557981,1
Odisha,Kendujhar,21.58954,85.668318,492.0,1.024742250132972,29.0,22.0,13820.0,26069674.0,2.0,7.656646577764,1,0.7411323328785813,1
Odisha,Khordha,20.05412,85.502032,18.0,0.561763304943836,26.0,21.0,14130.0,21456627.0,2.0,7.656646577764,1,0.7107776261937244,1
Odisha,Koraput,18.724322,82.607102,998.0,1.1934438533967704,29.0,20.0,15350.0,17356627.0,2.0,7.6772792647922,1,0.7600954979536153,1
Odisha,Malkangiri,18.275577,81.95248,159.0,0.2252252252252252,28.0,19.0,5874.0,5394627.0,2.0,7.6772792647922,1,0.7410982264665759,1
Odisha,Mayurbhanj,21.915318,86.39762,803.0,7.697772298129833,38.0,25.0,16593.0,35021674.0,2.0,7.8036502762015,1,0.8925648021828105,1
Odisha,Nabarangpur,19.609651,82.299133,609.0,1.458060852787019,20.0,17.0,14235.0,16173627.0,2.0,7.6772792647922,1,0.6000000000000001,0
Odisha,Nayagarh,20.23898,85.051146,147.0,2.0664762831236256,25.0,20.0,14081.0,21306627.0,2.0,7.656646577764,1,0.687380627557981,1
Odisha,Nuapada,20.538972,82.529299,595.0,14.60700817359595,19.0,15.0,14164.0,15857710.0,2.0,7.6772792647922,1,0.5355047748976808,0
Odisha,Puri,19.835276,85.687865,2.0,0.2908257686331273,26.0,21.0,13931.0,21456627.0,2.0,7.093902822695,1,0.6888130968622102,1
Odisha,Rayagada,19.442479,83.587745,534.0,6.585922395632339,25.0,20.0,14729.0,19769627.0,2.0,7.6772792647922,1,0.7268076398362894,1
Odisha,Sambalpur,21.555867,84.153894,200.0,0.6599374435263823,20.0,18.0,13113.0,20879837.0,2.0,7.656646577764,1,0.5738744884038199,0
Odisha,Sonepur,20.852893,83.852304,146.0,0.1351351351351351,19.0,17.0,13686.0,20579627.0,2.0,7.093902822695,1,0.5107776261937244,0
Odisha,Sundargarh,22.060669,83.936436,230.0,0.8108108108108109,26.0,21.0,15411.0,26308727.0,2.0,7.7855937662664,1,0.8004092769440655,1
Punjab,Amritsar,31.773046,74.831819,233.0,0.2489100597974151,11.0,8.0,8633.0,5186115.0,2.0,7.7855937662664,1,0.3531036834924966,0
Punjab,Bathinda,30.17903,75.047053,209.0,0.162683918964768,7.0,6.0,2443.0,5088000.0,2.0,7.7855937662664,1,0.27424965893587994,0
Punjab,Faridkot,30.60144,74.795038,209.0,0.3864237881674421,6.0,5.0,2355.0,5088000.0,2.0,7.7855937662664,1,0.2535129604365621,0
Punjab,Fatehgarh Sahib,30.660952,76.383575,268.0,0.3693177882079143,11.0,10.0,8539.0,5184135.0,2.0,7.7855937662664,1,0.37680763983628923,0
Punjab,Ferozepur,30.950201,74.76015,201.0,0.1801801801801801,8.0,7.0,2723.0,5108935.0,2.0,7.7855937662664,1,0.3022851296043656,0
Punjab,Gurdaspur,31.903794,75.227542,254.0,0.1718231392826309,13.0,10.0,8700.0,5186450.0,2.0,7.7855937662664,1,0.4043656207366985,0
Punjab,Hoshiarpur,31.609498,75.843911,306.0,0.7087134017074137,19.0,15.0,9701.0,5547967.0,2.0,7.7855937662664,1,0.5857094133697135,0
Punjab,Jalandhar,31.292203,75.567966,237.0,0.2753628656746968,12.0,10.0,8689.0,5184315.0,2.0,7.7855937662664,1,0.390450204638472,0
Punjab,Kapurthala,31.385602,75.304983,222.0,0.1821376441151767,10.0,9.0,8516.0,5184135.0,2.0,7.7855937662664,1,0.3527967257844475,0
Punjab,Ludhiana,30.789426,75.827198,249.0,0.2753098486213983,11.0,10.0,8539.0,5184135.0,2.0,7.7855937662664,1,0.37680763983628923,0
Punjab,Mansa,29.876276,75.488944,218.0,0.4960691564329212,7.0,6.0,2443.0,5088000.0,2.0,7.7855937662664,1,0.27424965893587994,0
Punjab,Moga,30.788247,75.160063,220.0,0.1042384318050473,8.0,7.0,2723.0,5108935.0,2.0,7.7855937662664,1,0.3022851296043656,0
Punjab,Sri Muktsar Sahib,30.28673,74.526198,197.0,0.1378438806969127,7.0,6.0,2418.0,5108000.0,2.0,7.7855937662664,1,0.27424965893587994,0
Punjab,Shahid Bhagat Singh Nagar,31.126858,76.159931,258.0,0.2669340585060978,12.0,11.0,8745.0,5484135.0,2.0,7.7855937662664,1,0.4013642564802183,0
Punjab,Patiala,30.209387,76.338762,243.0,0.1042477257674919,11.0,10.0,8287.0,5164135.0,2.0,7.7855937662664,1,0.37680763983628923,0
Punjab,Rupnagar,31.091386,76.528876,296.0,0.6866459577465196,17.0,14.0,9529.0,5547652.0,2.0,7.7855937662664,1,0.5201568894952251,0
Punjab,Sangrur,30.209697,75.819192,235.0,0.1875681516924002,9.0,8.0,2494.0,5088935.0,2.0,7.7855937662664,1,0.3280013642564802,0
Punjab,Barnala,30.371727,75.503965,225.0,0.2487488465913412,7.0,6.0,2383.0,5088935.0,2.0,7.7855937662664,1,0.27424965893587994,0
Punjab,S.A.S Nagar,30.649944,76.739836,302.0,0.376277532446648,13.0,12.0,8746.0,5886241.0,2.0,7.7855937662664,1,0.4282401091405184,0
Punjab,Tarn Taran,31.321298,74.841609,221.0,0.1043869242562109,8.0,7.0,2723.0,5108935.0,2.0,7.7855937662664,1,0.3022851296043656,0
Punjab,Fazilka,30.376043,74.107422,181.0,0.187592759127136,7.0,6.0,2418.0,5108000.0,2.0,7.7855937662664,1,0.27424965893587994,0
Punjab,Pathankot,32.302806,75.659351,345.0,1.0344003591760245,20.0,14.0,9639.0,5029674.0,2.0,7.7855937662664,1,0.5954638472032743,0
Puducherry,Karaikal,10.915569,79.807048,3.0,0.2293752442013116,13.0,10.0,741.0,872500.0,2.0,6.7995324061198,1,0.27366984993178717,0
Puducherry,Mahe,11.700876,75.535987,13.0,0.8806162757579901,13.0,12.0,1958.0,1433023.0,2.0,7.6772792647922,1,0.3780354706684857,0
Rajasthan,Ajmer,26.331985,74.7164,449.0,0.9057000452196524,8.0,7.0,1943.0,2996077.0,1.5,7.6772792647922,1,0.17748976807639838,0
Rajasthan,Alwar,27.63789,76.613801,270.0,0.2441882254498244,12.0,10.0,3998.0,5072683.0,2.0,7.7855937662664,1,0.390450204638472,0
Rajasthan,Banswara,23.493242,74.349965,193.0,0.4315913251050201,17.0,15.0,2184.0,3368977.0,2.0,7.6772792647922,1,0.48802864938608465,0
Rajasthan,Baran,24.917788,76.697125,275.0,0.2980111586600495,8.0,7.0,1943.0,2996077.0,1.5,7.6772792647922,1,0.17748976807639838,0
Rajasthan,Barmer,25.584237,71.619873,135.0,1.4669596080032024,11.0,11.0,2531.0,3637417.0,2.0,7.6772792647922,1,0.3375170532060027,0
Rajasthan,Bharatpur,27.265544,77.368512,180.0,0.0678016007766785,19.0,14.0,4953.0,6831683.0,2.0,7.8036502762015,1,0.6066507503410641,0
Rajasthan,Bhilwara,25.488421,74.699136,424.0,1.5097878835138507,9.0,8.0,1963.0,2996077.0,1.5,7.6772792647922,1,0.20320600272851297,0
Rajasthan,Bikaner,28.116573,73.110417,195.0,0.3554793365506295,7.0,7.0,2534.0,4661017.0,2.0,7.6772792647922,1,0.2346180081855389,0
Rajasthan,Bundi,25.437776,75.737376,237.0,0.2045450919226466,8.0,7.0,1943.0,2996077.0,1.5,7.6772792647922,1,0.17748976807639838,0
Rajasthan,Chittorgarh,24.717229,74.471367,427.0,0.3349643592326397,9.0,8.0,1963.0,2996077.0,1.5,7.6772792647922,1,0.20320600272851297,0
Rajasthan,Churu,28.205042,74.69085,303.0,0.0511142565718858,7.0,7.0,2547.0,4656577.0,2.0,7.6772792647922,1,0.2346180081855389,0
Rajasthan,Dausa,26.805604,76.444767,337.0,0.8842531826753994,9.0,8.0,3080.0,3852683.0,2.0,7.7855937662664,1,0.3280013642564802,0
Rajasthan,Dholpur,26.65332,77.62356,205.0,0.3641261998808974,19.0,15.0,4877.0,6861683.0,2.0,7.8036502762015,1,0.6247271487039563,0
Rajasthan,Dungarpur,23.672579,73.816471,276.0,1.577343567198611,15.0,13.0,2476.0,3337477.0,2.0,7.6772792647922,1,0.4206002728512961,0
Rajasthan,Ganganagar,29.461907,73.540964,168.0,0.211786979996958,8.0,7.0,2843.0,5171517.0,2.0,7.7855937662664,1,0.3022851296043656,0
Rajasthan,Hanumangarh,29.36436,74.211235,180.0,0.4086868622723442,9.0,8.0,2931.0,5171517.0,2.0,7.7855937662664,1,0.3280013642564802,0
Rajasthan,Sikar,27.662843,75.027324,397.0,0.8657658012663149,6.0,6.0,1816.0,3406577.0,1.5,7.6772792647922,1,0.13553888130968622,0
Rajasthan,Sirohi,24.811056,72.82989,325.0,9.057109766339025,15.0,12.0,2465.0,3137477.0,2.0,7.6772792647922,1,0.405593451568895,0
Rajasthan,Tonk,26.122467,75.663488,276.0,0.5805349213897445,7.0,6.0,1718.0,2933077.0,1.5,7.6772792647922,1,0.14945429740791272,0
Rajasthan,Udaipur,24.453834,73.651523,512.0,0.568234338549844,15.0,13.0,2476.0,3337477.0,2.0,7.6772792647922,1,0.4206002728512961,0
Rajasthan,Pratapgarh,24.022775,74.626967,411.0,3.3274211679119503,9.0,8.0,1963.0,2996077.0,1.5,7.6772792647922,1,0.20320600272851297,0
Sikkim,Gangtok,27.278681,88.675281,2418.0,13.46755819270047,7.0,5.0,746.0,3509611.0,2.0,7.0550817943772,1,0.15201227830832198,0
Sikkim,Mangan,27.75364,88.516714,3574.0,54.94039619725258,6.0,4.0,664.0,509611.0,2.0,7.0550817943772,1,0.13434515688949525,0
Sikkim,Namchi,27.303811,88.379892,1560.0,27.91254535675148,8.0,6.0,767.0,3509611.0,2.0,7.0550817943772,1,0.1762960436562074,0
Sikkim,Gyalshing,27.363836,88.187317,1827.0,48.126307036176485,9.0,7.0,979.0,4014611.0,2.0,7.7855937662664,1,0.31538199181446114,0
Tamil Nadu,Pudukkottai,10.291651,78.817045,89.0,0.2459982656373204,16.0,13.0,1046.0,942500.0,2.0,6.7995324061198,1,0.35511596180081856,0
Tamil Nadu,Ramanathapuram,9.518559,78.652662,32.0,0.1826955159124446,13.0,11.0,894.0,892843.0,2.0,6.7995324061198,1,0.2845839017735334,0
Tamil Nadu,Salem,11.647346,78.210734,368.0,11.23291847099564,17.0,14.0,1531.0,1196000.0,2.0,7.4675299347014,1,0.42711459754433834,0
Tamil Nadu,Sivaganga,9.965005,78.720845,61.0,0.2656196665179848,16.0,12.0,922.0,900843.0,2.0,6.7995324061198,1,0.34010914051841745,0
Tamil Nadu,Thanjavur,10.659645,79.197937,38.0,0.3481488354777973,15.0,12.0,951.0,942500.0,2.0,6.7995324061198,1,0.32510231923601635,0
Tamil Nadu,The Nilgiris,11.445508,76.697645,2212.0,13.238856881123098,22.0,17.0,2515.0,1558523.0,2.0,7.6772792647922,1,0.6390177353342429,0
Tamil Nadu,Theni,9.868892,77.422463,388.0,2.2223623430627977,23.0,17.0,2633.0,1402366.0,2.0,7.6772792647922,1,0.6564802182810369,1
Tamil Nadu,Thiruvallur,13.254709,80.062284,24.0,0.1655022478131235,25.0,17.0,3996.0,3107827.0,2.0,7.6772792647922,1,0.6862210095497955,1
Tamil Nadu,Thiruvarur,10.647875,79.50237,11.0,0.0458342512380932,15.0,12.0,951.0,942500.0,2.0,6.7995324061198,1,0.32510231923601635,0
Tamil Nadu,Chennai,13.055368,80.235511,13.0,0.2252252252252252,14.0,10.0,1118.0,1029827.0,2.0,7.1897694283678,1,0.32387448840381994,0
Tamil Nadu,Coimbatore,10.812725,77.081606,329.0,1.8244533464323605,24.0,18.0,2654.0,1866866.0,2.0,7.6772792647922,1,0.6850613915416099,1
Tamil Nadu,Cuddalore,11.520657,79.339851,54.0,0.931527751237033,17.0,14.0,1068.0,1212500.0,2.0,6.7995324061198,1,0.38946111869031375,0
Tamil Nadu,Dharmapuri,12.144845,78.113206,467.0,0.2642605113996538,16.0,13.0,2097.0,1196000.0,2.0,7.4675299347014,1,0.39276944065484315,0
Tamil Nadu,Dindigul,10.42694,77.81625,301.0,0.6737554302557905,21.0,17.0,1287.0,960866.0,2.0,7.4675299347014,1,0.5781718963165076,0
Tamil Nadu,Erode,11.488925,77.349814,216.0,0.7095575469884324,19.0,16.0,1977.0,852500.0,2.0,7.4675299347014,1,0.5126193724420192,0
Tamil Nadu,Kanchipuram,12.794215,79.774512,67.0,0.2055609552449754,15.0,12.0,1209.0,1339827.0,2.0,6.7995324061198,1,0.32510231923601635,0
Tamil Nadu,Kanniyakumari,8.328087,77.35411,256.0,12.414915003566469,14.0,9.0,1325.0,958066.0,2.0,7.6772792647922,1,0.35716234652114603,0
Tamil Nadu,Karur,10.821975,78.383931,124.0,0.583249198336376,17.0,15.0,1169.0,907800.0,2.0,7.4675299347014,1,0.4451909959072306,0
Tamil Nadu,Krishnagiri,12.515051,78.009924,705.0,3.240637612814142,17.0,12.0,2628.0,2027360.0,2.0,7.6772792647922,1,0.4394270122783083,0
Tamil Nadu,Madurai,9.936291,78.007498,166.0,0.7873108643687374,16.0,13.0,1004.0,908643.0,2.0,7.4675299347014,1,0.39276944065484315,0
Tamil Nadu,Nagapattinam,11.191282,79.696367,7.0,0.428170371527357,15.0,12.0,951.0,942500.0,2.0,6.7995324061198,1,0.32510231923601635,0
Tamil Nadu,Namakkal,11.305297,78.118536,195.0,0.5530738318857422,14.0,13.0,1178.0,896000.0,2.0,7.4675299347014,1,0.3641200545702592,0
Tamil Nadu,Perambalur,11.289708,78.929828,115.0,0.4864815916971723,15.0,12.0,1017.0,892500.0,2.0,6.7995324061198,1,0.32510231923601635,0
Tamil Nadu,Tiruchirappalli,10.851019,78.726704,66.0,0.3186335774124075,17.0,14.0,1087.0,900000.0,2.0,6.7995324061198,1,0.38946111869031375,0
Tamil Nadu,Tirunelveli,8.54944,77.579769,112.0,1.2696362915987496,15.0,10.0,2105.0,958066.0,2.0,7.6772792647922,1,0.3817189631650751,0
Tamil Nadu,Tiruvannamalai,12.429321,78.999758,347.0,11.76175745849032,13.0,11.0,982.0,1408000.0,2.0,6.7995324061198,1,0.2845839017735334,0
Tamil Nadu,Tuticorin,8.846457,77.993494,30.0,0.3905874127566656,12.0,10.0,714.0,492843.0,2.0,6.7995324061198,1,0.25975443383356067,0
Tamil Nadu,Vellore,12.902077,79.061143,233.0,0.5981825445992933,19.0,14.0,3331.0,2689827.0,2.0,7.6772792647922,1,0.5174283765347886,0
Tamil Nadu,Villupuram,12.12507,79.600647,50.0,1.1382997597135651,13.0,12.0,859.0,1212000.0,2.0,6.7995324061198,1,0.29754433833560706,0
Tamil Nadu,Virudhunagar,9.494113,77.863499,86.0,0.3055331243956083,19.0,15.0,1719.0,1760566.0,2.0,7.6772792647922,1,0.5355047748976808,0
Tamil Nadu,Ariyalur,11.152859,79.258881,75.0,0.1890920642274728,15.0,12.0,951.0,942500.0,2.0,6.7995324061198,1,0.32510231923601635,0
Tamil Nadu,Tiruppur,10.791533,77.53428,237.0,0.9353112489702492,21.0,18.0,1259.0,791066.0,2.0,7.4675299347014,1,0.5914733969986359,0
Tamil Nadu,Kallakurichi,11.79805,79.054152,122.0,0.6323073413259064,12.0,11.0,812.0,942000.0,2.0,6.7995324061198,1,0.27066848567530694,0
Tamil Nadu,Chengalpattu,12.628889,80.036613,48.0,3.395404367054053,16.0,13.0,1213.0,1343827.0,2.0,6.7995324061198,1,0.35511596180081856,0
Tamil Nadu,Ranipet,12.919363,79.408063,174.0,0.9798768308747712,18.0,13.0,3215.0,2864827.0,2.0,7.6772792647922,1,0.4759890859481583,0
Tamil Nadu,Tirupathur,12.584825,78.625053,1031.0,6.970391677281823,11.0,9.0,1702.0,1188000.0,2.0,7.1897694283678,1,0.2714870395634379,0
Tamil Nadu,Tenkasi,9.093121,77.47558,161.0,4.144144144144144,20.0,14.0,2249.0,1368366.0,2.0,7.6772792647922,1,0.5452592087312415,0
Tripura,Dhalai,23.827709,91.98144,94.0,2.709338360671759,4.0,4.0,238.0,2325750.0,2.0,7.0499170611118,1,0.12193042291950888,0
Tripura,North Tripura,24.091844,92.241829,96.0,0.719025664165525,7.0,7.0,289.0,3399211.0,2.0,7.0499170611118,1,0.1649045020463847,0
Tripura,South Tripura,23.181356,91.614844,35.0,0.6756756756756757,4.0,4.0,238.0,2325750.0,2.0,7.0499170611118,1,0.12193042291950888,0
Tripura,West Tripura,23.91862507031634,91.38745873633484,41.0,1.1892773321784729,4.0,4.0,238.0,2325750.0,2.0,7.0499170611118,1,0.12193042291950888,0
Tripura,Khowai,23.954463106040784,91.64123425262862,57.0,0.8427677998747437,4.0,4.0,238.0,2325750.0,2.0,7.0499170611118,1,0.12193042291950888,0
Tripura,Sepahijala,23.531917062116563,91.30086223504884,29.0,0.2252252252252252,4.0,4.0,238.0,2325750.0,2.0,7.0499170611118,1,0.12193042291950888,0
Tripura,Gomati,23.426337737448748,91.62206875989226,156.0,0.909034846340215,4.0,4.0,238.0,2325750.0,2.0,7.0499170611118,1,0.12193042291950888,0
Tripura,Unakoti,24.201913786189703,92.04631904121656,81.0,4.899344814091554,4.0,4.0,241.0,2365000.0,2.0,7.0499170611118,1,0.12193042291950888,0
Telangana,Adilabad,19.54085010362641,78.63803265411033,477.0,2.739756363659433,11.0,11.0,2233.0,1485100.0,1.5,7.6772792647922,1,0.2629263301500682,0
Telangana,Hyderabad,17.399417665235212,78.46043044479089,531.0,0.9166870249848976,19.0,17.0,3800.0,10402100.0,2.0,7.6772792647922,1,0.572169167803547,0
Telangana,Karimnagar,18.405717253742992,79.277765078362,258.0,0.3587405753461723,17.0,15.0,2966.0,10334600.0,2.0,7.6772792647922,1,0.48802864938608465,0
Telangana,Khammam,17.174686088752793,80.40315102722829,94.0,0.4162271633777644,28.0,22.0,6844.0,10769600.0,2.0,7.6772792647922,1,0.7753751705320601,1
Telangana,Mahabubnagar,16.69188516908462,77.95659150431472,451.0,2.6839201550452665,20.0,19.0,3717.0,8419100.0,2.0,7.6772792647922,1,0.6267735334242839,0
Telangana,Medak,17.945250000354577,78.1687891640452,483.0,0.3725950953266094,16.0,16.0,3366.0,7780100.0,2.0,7.6772792647922,1,0.4891541609822647,0
Telangana,Nalgonda,16.85839822522908,79.21725386857591,183.0,0.7014154844230799,27.0,21.0,4437.0,10679600.0,2.0,7.6772792647922,1,0.7597544338335608,1
Telangana,Nizamabad,18.72246918438259,78.21998850951934,481.0,0.8765034515947854,13.0,12.0,2620.0,4687100.0,2.0,7.6772792647922,1,0.3780354706684857,0
Telangana,Ranga Reddy,17.130491474529556,78.3988728048196,634.0,1.046069190935791,22.0,19.0,3996.0,10439100.0,2.0,7.6772792647922,1,0.6657912687585267,1
Telangana,Warangal,17.948574999893086,79.78823230912525,268.0,0.7837014910853032,23.0,20.0,4043.0,10534600.0,2.0,7.6772792647922,1,0.6970668485675308,1
Telangana,Nirmal,19.092894260245004,78.39628524712825,333.0,0.855462357899124,16.0,14.0,2736.0,5363600.0,2.0,7.6772792647922,1,0.45112551159618014,0
Telangana,Jagitial,18.822495000171507,78.91376706433523,262.0,0.5597403885257308,16.0,15.0,2763.0,8348600.0,2.0,7.6772792647922,1,0.46920190995907235,0
Telangana,Peddapalli,18.62375883664402,79.49462228122368,184.0,1.1865048634258015,19.0,17.0,3018.0,10348600.0,2.0,7.6772792647922,1,0.572169167803547,0
Telangana,Rajanna Sircilla,18.4221291346974,78.76640851479007,365.0,0.7788530909302145,17.0,15.0,2966.0,10334600.0,2.0,7.6772792647922,1,0.48802864938608465,0
Telangana,Mancherial,18.97813449869358,79.52277372838985,188.0,0.9526863070564624,20.0,17.0,3058.0,10353600.0,2.0,7.6772792647922,1,0.6000000000000001,0
Telangana,Kamareddy,18.31228875915098,78.0555665624176,503.0,1.3054930751952922,15.0,14.0,2787.0,7690100.0,2.0,7.6772792647922,1,0.43611869031377903,0
Telangana,Hanumakonda,18.07177000046501,79.4461772571317,273.0,0.3153153153153153,20.0,18.0,3825.0,10514600.0,2.0,7.6772792647922,1,0.6133015006821283,0
Telangana,Jayashankar Bhupalapally,18.50959609537277,79.96127503441954,173.0,0.9603069641012716,20.0,17.0,3058.0,10353600.0,2.0,7.6772792647922,1,0.6000000000000001,0
Telangana,Mahabubabad,17.7040259999389,80.03322005085359,205.0,1.5712330267156298,24.0,21.0,4055.0,10543600.0,2.0,7.6772792647922,1,0.7242837653478855,1
Telangana,Jangoan,17.7475700006646,79.24131857928944,361.0,0.6105019366180542,23.0,20.0,4005.0,10543600.0,2.0,7.6772792647922,1,0.6970668485675308,1
Telangana,Bhadradri Kothagudem,17.716944662147654,80.5681018374253,160.0,1.3309375428376824,26.0,20.0,6805.0,10710600.0,2.0,7.6772792647922,1,0.7382673942701229,1
Telangana,Sangareddy,17.8556647678349,77.72035298361712,571.0,0.3920104366065312,19.0,16.0,3588.0,8090100.0,2.0,7.6772792647922,1,0.5554570259208731,0
Telangana,Siddipet,18.04667500042516,78.90670094814425,509.0,0.3873754224964484,20.0,18.0,3607.0,10443600.0,2.0,7.6772792647922,1,0.6133015006821283,0
Telangana,Wanaparthy,16.288821690806333,77.98425536718136,363.0,0.8289714567184645,21.0,20.0,3794.0,7931100.0,2.0,7.6772792647922,1,0.6615961800818555,1
Telangana,Nagarkurnool,16.42027980842601,78.65662766320676,464.0,0.7058443674972003,24.0,20.0,4207.0,8517100.0,2.0,7.6772792647922,1,0.7123465211459755,1
Telangana,Jogulamba Gadwal,16.096648128643956,77.73464549192302,364.0,0.6681129461144402,21.0,19.0,3744.0,4931100.0,2.0,7.6772792647922,1,0.6477830832196454,0
Telangana,Suryapet,17.080359591262294,79.7924717268082,154.0,0.673426747025945,27.0,21.0,4437.0,10679600.0,2.0,7.6772792647922,1,0.7597544338335608,1
Telangana,Yadadri Bhuvanagiri,17.431525001199915,79.085975475395,331.0,0.7887095256600196,22.0,19.0,3931.0,10543600.0,2.0,7.6772792647922,1,0.6657912687585267,1
Telangana,Vikarabad,17.25115412742968,77.73928527477476,510.0,0.6532254021217911,17.0,15.0,3383.0,5086100.0,2.0,7.6772792647922,1,0.48802864938608465,0
Telangana,Kumuram Bheem Asifabad,19.324966487701907,79.42850159064992,189.0,0.6633722398929219,18.0,17.0,2731.0,5355600.0,1.5,7.6772792647922,1,0.4716575716234653,0
Telangana,Medchal Malkajgiri,17.53405000024964,78.53230795989174,591.0,1.1386533709556843,19.0,17.0,3800.0,10402100.0,2.0,7.6772792647922,1,0.572169167803547,0
Telangana,Mulugu,18.31325863428248,80.34424102757099,154.0,0.9969854598774454,20.0,18.0,3320.0,10414600.0,2.0,7.6772792647922,1,0.6133015006821283,0
Telangana,Narayanpet,16.687871181577634,77.61751996677006,423.0,1.0402962555469104,17.0,15.0,3383.0,5086100.0,2.0,7.6772792647922,1,0.48802864938608465,0
Uttarakhand,Almora,29.70264374771609,79.4326232567407,1134.0,8.469482944147618,16.0,13.0,3653.0,5995358.0,2.0,7.8036502762015,1,0.5248294679399728,0
Uttarakhand,Bageshwar,30.00883890462288,79.9280311918487,1795.0,24.39001385135245,13.0,9.0,2634.0,2992563.0,2.0,7.7855937662664,1,0.39345156889495225,0
Uttarakhand,Chamoli,30.50033155787555,79.61952067704064,1851.0,7.542060431604762,15.0,11.0,2688.0,2993498.0,2.0,7.7855937662664,1,0.442837653478854,0
Uttarakhand,Champawat,29.23507490815985,80.10222705173607,1043.0,22.167530206915867,13.0,10.0,2637.0,2993223.0,2.0,7.7855937662664,1,0.4043656207366985,0
Uttarakhand,Dehradun,30.49756060813852,77.86293191687517,697.0,10.39041500142349,23.0,17.0,5008.0,7560558.0,2.0,7.8036502762015,1,0.7457025920873124,1
Uttarakhand,Haridwar,29.911283430221925,78.0086520396884,263.0,0.3438618927815606,17.0,15.0,3863.0,6295358.0,2.0,7.8036502762015,1,0.5772510231923602,0
Uttarakhand,Nainital,29.29503833603276,79.4162594394372,824.0,14.280118106412743,19.0,16.0,3877.0,7295358.0,2.0,7.8036502762015,1,0.6446793997271487,0
Uttarakhand,Pauri Garhwal,29.847357500783623,78.7070147143955,1084.0,23.39121401666891,18.0,15.0,3863.0,6295358.0,2.0,7.8036502762015,1,0.598806275579809,0
Uttarakhand,Pithoragarh,30.12481240972884,80.47772490329876,5387.0,3.660306278089824,14.0,10.0,2660.0,2992563.0,2.0,7.7855937662664,1,0.41828103683492496,0
Uttarakhand,Rudra Prayag,30.49110386444508,79.03611829362461,2278.0,25.49687930310788,13.0,11.0,2686.0,2993358.0,2.0,7.7855937662664,1,0.4152796725784447,0
Uttarakhand,Tehri Garhwal,30.465629653611515,78.48394960148289,1709.0,25.90824862680647,15.0,13.0,3646.0,5993358.0,2.0,7.8036502762015,1,0.5098226466575717,0
Uttarakhand,Udam Singh Nagar,29.045758556089925,79.43388335411915,231.0,0.7371105959432885,22.0,18.0,3928.0,7299418.0,2.0,7.8036502762015,1,0.7415416098226468,1
Uttarakhand,Uttar Kashi,30.965148725470307,78.6342315703518,4494.0,9.28156122119252,20.0,15.0,4053.0,6008558.0,2.0,7.8036502762015,1,0.6525579809004093,1
Uttar Pradesh,Agra,27.07550431517351,77.89109193240543,171.0,0.2066445872114481,21.0,17.0,5139.0,9856683.0,2.0,7.8036502762015,1,0.7102319236016372,1
Uttar Pradesh,Aligarh,27.87556670797523,78.1357490744855,187.0,0.1351351351351351,20.0,17.0,4421.0,7296683.0,2.0,7.8036502762015,1,0.6892223738062757,1
Uttar Pradesh,Prayagraj,25.27930905363276,81.90356070399068,97.0,0.1029456764918995,21.0,16.0,5127.0,9882683.0,2.0,7.8036502762015,1,0.6935197817189633,1
Uttar Pradesh,Ambedkar Nagar,26.40457629889788,82.60657315629338,90.0,0.2350067165959832,27.0,22.0,5499.0,10851883.0,2.0,7.8036502762015,1,0.8575034106412005,1
Uttar Pradesh,Auraiya,26.6558278913632,79.51607225067536,141.0,0.1870968920611788,19.0,16.0,4459.0,9036683.0,2.0,7.8036502762015,1,0.6446793997271487,0
Uttar Pradesh,Azamgarh,26.02361760870231,83.02936002911619,81.0,0.1347857700444173,26.0,21.0,5570.0,10178980.0,2.0,7.8036502762015,1,0.8394270122783083,1
Uttar Pradesh,Baghpat,29.03751796150414,77.30626185131042,229.0,0.1789024362404481,17.0,12.0,4392.0,7292683.0,2.0,7.8036502762015,1,0.5286493860845839,0
Uttar Pradesh,Bahraich,27.731414409099507,81.49427945487821,124.0,0.5318104445190563,24.0,20.0,5336.0,10539883.0,2.0,7.8036502762015,1,0.801568894952251,1
Uttar Pradesh,Ballia,25.874497213580582,84.12087187965025,66.0,0.1870061103681172,31.0,25.0,5785.0,14411420.0,2.0,7.8036502762015,1,0.8835607094133697,1
Uttar Pradesh,Balrampur,27.44768331230472,82.39568358257726,101.0,0.3102163438583968,23.0,20.0,4867.0,10850823.0,2.0,7.8036502762015,1,0.7862892223738063,1
Uttar Pradesh,Banda,25.4438606022312,80.55956696584724,125.0,0.3153153153153153,21.0,16.0,5127.0,9882683.0,2.0,7.8036502762015,1,0.6935197817189633,1
Uttar Pradesh,Barabanki,26.94213240329276,81.38567361722129,120.0,0.103292934554331,26.0,22.0,5444.0,10555883.0,2.0,7.8036502762015,1,0.8479536152796725,1
Uttar Pradesh,Bareilly,28.45830136564176,79.40471915847962,174.0,0.1364434831943568,22.0,18.0,4706.0,10337283.0,2.0,7.8036502762015,1,0.7415416098226468,1
Uttar Pradesh,Basti,26.83872497444947,82.53511113130764,92.0,0.2068952446078041,25.0,22.0,5465.0,10851823.0,2.0,7.8036502762015,1,0.836493860845839,1
Uttar Pradesh,Bijnor,29.40695770696666,78.48240772066686,241.0,0.1127991231211334,19.0,15.0,3876.0,6295418.0,2.0,7.8036502762015,1,0.6247271487039563,0
Uttar Pradesh,Budaun,28.064970932222923,79.04384096144315,175.0,0.0,22.0,19.0,5236.0,10488683.0,2.0,7.8036502762015,1,0.7550136425648022,1
Uttar Pradesh,Bulandshahr,28.387444484359293,77.97437550126219,202.0,0.0512019355743534,19.0,16.0,4421.0,7296683.0,2.0,7.8036502762015,1,0.6446793997271487,0
Uttar Pradesh,Chandauli,25.12579941401688,83.24986192779629,80.0,0.2339720863853132,21.0,18.0,4634.0,13498220.0,2.0,7.8036502762015,1,0.7235334242837654,1
Uttar Pradesh,Chitrakoot,25.21722005287541,81.08760109861652,130.0,0.2306630766687532,20.0,15.0,5127.0,9882683.0,2.0,7.8036502762015,1,0.6525579809004093,1
Uttar Pradesh,Deoria,26.42393203521394,83.76422673408919,81.0,0.1006001992061833,26.0,21.0,5733.0,14296420.0,2.0,7.8036502762015,1,0.8394270122783083,1
Uttar Pradesh,Etah,27.555019502064468,78.59922872988683,172.0,0.1034297687787864,22.0,19.0,5236.0,10488683.0,2.0,7.8036502762015,1,0.7550136425648022,1
Uttar Pradesh,Etawah,26.715550593336616,79.09168713942415,148.0,0.25214147769573,20.0,16.0,5076.0,9836683.0,2.0,7.8036502762015,1,0.6725102319236016,1
Uttar Pradesh,Ayodhya,26.63860148055892,82.05814036926479,103.0,0.1577507707951074,27.0,23.0,5509.0,10855883.0,2.0,7.8036502762015,1,0.8621077762619374,1
Uttar Pradesh,Farrukhabad,27.436210962164587,79.48948380451634,153.0,0.3193738791505911,22.0,19.0,5236.0,10488683.0,2.0,7.8036502762015,1,0.7550136425648022,1
Uttar Pradesh,Fatehpur,25.83479623721236,80.91549422042696,111.0,0.3036419742850739,20.0,17.0,4479.0,9037683.0,2.0,7.8036502762015,1,0.6892223738062757,1
Uttar Pradesh,Firozabad,27.19418805160479,78.46051349831369,165.0,0.1766313355337548,19.0,16.0,4459.0,9036683.0,2.0,7.8036502762015,1,0.6446793997271487,0
Uttar Pradesh,Gautam Buddha Nagar,28.369705955292456,77.56394695114217,202.0,0.6401988304229752,19.0,14.0,4977.0,7292683.0,2.0,7.8036502762015,1,0.6066507503410641,0
Uttar Pradesh,Ghaziabad,28.767927453582924,77.46038775678466,220.0,0.3212171630613208,17.0,12.0,4392.0,7292683.0,2.0,7.8036502762015,1,0.5286493860845839,0
Uttar Pradesh,Ghazipur,25.60346053749257,83.50763663180416,72.0,0.1095855084193219,26.0,22.0,5573.0,14265220.0,2.0,7.8036502762015,1,0.8479536152796725,1
Uttar Pradesh,Gonda,27.110336464124345,81.92390786813169,104.0,0.2356112834269771,26.0,23.0,5496.0,10855823.0,2.0,7.8036502762015,1,0.8525579809004094,1
Uttar Pradesh,Gorakhpur,26.667359974172264,83.36422385674115,81.0,0.3024418542516261,25.0,22.0,5550.0,11178920.0,2.0,7.8036502762015,1,0.836493860845839,1
Uttar Pradesh,Hamirpur,25.81981680503323,79.86637748085448,115.0,1.0476544912881438,19.0,16.0,4459.0,9036683.0,2.0,7.8036502762015,1,0.6446793997271487,0
Uttar Pradesh,Hardoi,27.337002353309902,80.09985284682546,141.0,0.4940106874736173,23.0,19.0,5294.0,10489883.0,2.0,7.8036502762015,1,0.7724761255115962,1
Uttar Pradesh,Jalaun,26.1044653162573,79.39352085208569,143.0,0.067418630980835,20.0,16.0,5076.0,9836683.0,2.0,7.8036502762015,1,0.6725102319236016,1
Uttar Pradesh,Jaunpur,25.79666699712517,82.48893926166707,81.0,0.1000618444459931,25.0,21.0,5512.0,10177780.0,2.0,7.8036502762015,1,0.8279672578444748,1
Uttar Pradesh,Jhansi,25.53016399834573,78.6527458271076,204.0,0.5342159335424004,16.0,12.0,4191.0,9455577.0,2.0,7.8036502762015,1,0.5098226466575717,0
Uttar Pradesh,Amroha,28.758217750616303,78.28358039765304,207.0,0.154148108075808,19.0,16.0,4407.0,6296683.0,2.0,7.8036502762015,1,0.6446793997271487,0
Uttar Pradesh,Kannauj,26.99877344070493,79.69276316683592,140.0,0.274957806067798,22.0,19.0,5236.0,10488683.0,2.0,7.8036502762015,1,0.7550136425648022,1
Uttar Pradesh,Kanpur Dehat,26.458565894611304,79.85482736235873,138.0,0.5111539738737809,19.0,16.0,4459.0,9036683.0,2.0,7.8036502762015,1,0.6446793997271487,0
Uttar Pradesh,Kanpur Nagar,26.44159054910463,80.26485389151989,131.0,0.2466777325765941,19.0,16.0,4459.0,9036683.0,2.0,7.8036502762015,1,0.6446793997271487,0
Uttar Pradesh,Kaushambi,25.53442261259781,81.44944455365246,106.0,0.1344791862497994,19.0,16.0,4448.0,9033683.0,2.0,7.8036502762015,1,0.6446793997271487,0
Uttar Pradesh,Kheri,28.183457851531458,80.71314551778426,150.0,0.2043673522661563,25.0,21.0,5424.0,10554883.0,2.0,7.8036502762015,1,0.8279672578444748,1
Uttar Pradesh,Kushi Nagar,26.924239019431766,83.8320348978958,90.0,0.2431045852293342,25.0,20.0,5189.0,14510420.0,2.0,7.8036502762015,1,0.8160300136425649,1
Uttar Pradesh,Lalitpur,24.700311190898343,78.51859920770217,356.0,0.5646929163210047,8.0,7.0,1063.0,3954060.0,1.5,7.6772792647922,1,0.17748976807639838,0
Uttar Pradesh,Lucknow,26.831236404786136,80.91744434717515,124.0,0.1514390856892854,24.0,20.0,5314.0,10490883.0,2.0,7.8036502762015,1,0.801568894952251,1
Uttar Pradesh,Hathras,27.5724552300802,78.11162503711301,179.0,0.1690880145657904,19.0,16.0,4215.0,6996683.0,2.0,7.8036502762015,1,0.6446793997271487,0
Uttar Pradesh,Maharajganj,27.183728401961204,83.49179618192923,91.0,0.3544676297115062,23.0,19.0,5025.0,11040823.0,2.0,7.8036502762015,1,0.7724761255115962,1
Uttar Pradesh,Mahoba,25.359745444745727,79.70451053197725,173.0,0.3307012168649773,16.0,12.0,4769.0,9410577.0,2.0,7.8036502762015,1,0.5098226466575717,0
Uttar Pradesh,Mainpuri,27.20931787475651,79.06253994592986,157.0,0.1801801801801801,22.0,19.0,5236.0,10488683.0,2.0,7.8036502762015,1,0.7550136425648022,1
Uttar Pradesh,Mathura,27.600241103110854,77.58838044141501,185.0,0.3912955234872256,20.0,15.0,4894.0,6824183.0,2.0,7.8036502762015,1,0.6525579809004093,1
Uttar Pradesh,Mau,26.039009926878755,83.4986307334739,70.0,0.4614750542547812,24.0,21.0,5534.0,10178920.0,2.0,7.8036502762015,1,0.8135061391541611,1
Uttar Pradesh,Meerut,29.01412987773992,77.76530682774955,226.0,0.3219198245432703,16.0,12.0,4522.0,7542683.0,2.0,7.8036502762015,1,0.5098226466575717,0
Uttar Pradesh,Mirzapur,24.93167268323516,82.62806229468295,241.0,1.7145923879644074,21.0,16.0,5127.0,9882683.0,2.0,7.8036502762015,1,0.6935197817189633,1
Uttar Pradesh,Moradabad,28.879727967870227,78.78439863782489,193.0,0.045045045045045,22.0,18.0,4476.0,7298218.0,2.0,7.8036502762015,1,0.7415416098226468,1
Uttar Pradesh,Muzaffarnagar,29.44974225871912,77.74292853169634,247.0,0.1794417020493069,18.0,15.0,4662.0,8067158.0,2.0,7.8036502762015,1,0.598806275579809,0
Uttar Pradesh,Pilibhit,28.4942638299873,80.10782628179233,182.0,0.2099048950062913,24.0,19.0,4806.0,10388483.0,2.0,7.8036502762015,1,0.7877557980900409,1
Uttar Pradesh,Pratapgarh,25.876672218670848,81.83180261088658,100.0,0.1097951603194851,21.0,18.0,4550.0,10048683.0,2.0,7.8036502762015,1,0.7235334242837654,1
Uttar Pradesh,Rae Bareli,26.20862426963012,81.21866454608254,110.0,0.5685663978535888,24.0,20.0,5314.0,10490883.0,2.0,7.8036502762015,1,0.801568894952251,1
Uttar Pradesh,Rampur,28.79351246370353,79.18458712720457,187.0,0.0683448992619331,22.0,18.0,4476.0,7298218.0,2.0,7.8036502762015,1,0.7415416098226468,1
Uttar Pradesh,Saharanpur,29.985448327165848,77.50554572045829,283.0,0.1376033595866057,19.0,15.0,4741.0,8082758.0,2.0,7.8036502762015,1,0.6247271487039563,0
Uttar Pradesh,Sant Kabeer Nagar,26.7550416881505,83.03988830258768,82.0,0.2702702702702703,25.0,22.0,5465.0,10851823.0,2.0,7.8036502762015,1,0.836493860845839,1
Uttar Pradesh,Bhadohi,25.357344174113585,82.50034322560958,87.0,0.2059224350049155,19.0,16.0,4448.0,9033683.0,2.0,7.8036502762015,1,0.6446793997271487,0
Uttar Pradesh,Shahjahanpur,27.91288448307091,79.7476579519969,152.0,0.1801801801801801,23.0,19.0,5294.0,10489883.0,2.0,7.8036502762015,1,0.7724761255115962,1
Uttar Pradesh,Shravasti,27.678619891799244,81.8929720316789,121.0,0.1034579648988619,22.0,19.0,4253.0,10687823.0,2.0,7.8036502762015,1,0.7550136425648022,1
West Bengal,Dinajpur Uttar,25.871239903304925,87.96334810274564,42.0,0.2693787180878169,24.0,16.0,5968.0,52935123.0,2.0,7.8036502762015,1,0.7442701227830832,1
West Bengal,Hooghly,22.90869080587081,88.01097455433043,19.0,0.1534660362397489,20.0,15.0,16178.0,45833817.0,2.0,7.8036502762015,1,0.6525579809004093,1
West Bengal,Howrah,22.49989852575684,88.03694274831486,4.0,0.1866603356670072,20.0,15.0,6449.0,36091317.0,2.0,7.8036502762015,1,0.6525579809004093,1
West Bengal,Jalpaiguri,26.626519749702744,88.73084186792494,90.0,0.2207735591681399,14.0,10.0,3758.0,43761611.0,2.0,7.5312261660442,1,0.32660300136425646,0
West Bengal,Kolkata,22.542077940188143,88.35135425855606,12.0,0.1436667673163213,17.0,13.0,6025.0,35758817.0,2.0,7.8036502762015,1,0.5436562073669851,0
West Bengal,Maldah,25.09666357971449,88.11272679844473,30.0,0.283046743080457,21.0,16.0,5659.0,39110123.0,2.0,7.8036502762015,1,0.6935197817189633,1
West Bengal,Medinipur East,22.10255532446467,87.90915123997507,6.0,0.143614774049628,22.0,17.0,16252.0,46151317.0,2.0,7.8036502762015,1,0.7282401091405184,1
West Bengal,Medinipur West,22.35957089590417,87.41053208066228,25.0,0.3667536221349995,26.0,20.0,17377.0,46658317.0,2.0,7.8036502762015,1,0.8274897680763984,1
West Bengal,Murshidabad,24.29147692178723,88.37295062680874,24.0,0.1438884712355323,18.0,14.0,7479.0,38025017.0,2.0,7.8036502762015,1,0.5807298772169168,0
West Bengal,Nadia,23.485204171322376,88.55721840771179,17.0,0.1351351351351351,18.0,12.0,6620.0,35868817.0,2.0,7.8036502762015,1,0.5502046384720327,0
West Bengal,Purulia,23.20185821762064,86.32248660231207,274.0,0.5639790849570082,21.0,15.0,17395.0,47879317.0,2.0,7.8036502762015,1,0.6735675306957709,1
West Bengal,Alipurduar,26.62959844968537,89.4478295680746,93.0,0.892170848363174,16.0,10.0,2111.0,17759611.0,2.0,7.1773904313439,1,0.34420190995907235,0
West Bengal,Kalimpong,27.026137798611337,88.6447116710479,1441.0,23.661598772869425,10.0,7.0,1712.0,14611611.0,2.0,7.1773904313439,1,0.22465893587994545,0
West Bengal,Jhargram,22.33157473340332,86.99354275772322,61.0,1.201455464436316,30.0,22.0,17761.0,55156817.0,2.0,7.8036502762015,1,0.8738744884038199,1
West Bengal,Paschim Bardhaman,23.643096942482423,87.16375558835648,88.0,0.9495732435205194,23.0,16.0,17611.0,50025017.0,2.0,7.8036502762015,1,0.7289904502046385,1
Jammu & Kashmir,Mirpur,33.2320761965823,73.82131579962783,380.0,3.9437698383955313,10.0,9.0,7596.0,2631022.0,2.0,7.7855937662664,1,0.3527967257844475,0
Jammu & Kashmir,Muzaffarabad,34.54157019283275,73.68395449703658,3545.0,33.240698958146474,6.0,6.0,1055.0,1302180.0,2.0,7.7855937662664,1,0.2603342428376535,0
Maharashtra,Mumbai,18.97117845312565,72.8266485109371,6.0,0.210754932343081,10.0,10.0,2830.0,1288000.0,2.0,7.6772792647922,1,0.31350613915416103,0
