state_name,district,stcode,dtcode,year,flood_events,affected_area,fatalities,displaced,max_severity,max_flood_impact_index,flood_occurred
Andhra Pradesh,Anantapur,28,502,1989,1,905209.24002345,780,0,1.0,6.9567489784143,1
Andhra Pradesh,Anantapur,28,502,1990,1,267344.39912722,430,470000,1.0,6.0291310813779,1
Andhra Pradesh,Anantapur,28,502,1991,2,1090926.38334009,162,385000,2.0,6.5559874421319,1
Andhra Pradesh,Anantapur,28,502,1992,1,752428.65689717,90,8000,1.0,7.4675299347014,1
Andhra Pradesh,Anantapur,28,502,1994,1,1981837.4145729,617,800000,1.0,7.6772792647922,1
Andhra Pradesh,Anantapur,28,502,1995,1,262803.20430156,94,12000,1.0,6.0216906475049,1
Andhra Pradesh,Anantapur,28,502,1996,1,177527.01853538,326,100000,1.0,5.9482344637432,1
Andhra Pradesh,Anantapur,28,502,1997,2,617912.7700778099,106,0,1.0,6.622673838813,1
Andhra Pradesh,Anantapur,28,502,1998,1,194230.07599669,230,80000,1.0,6.5893464757574,1
Andhra Pradesh,Anantapur,28,502,2001,1,87384.49860174801,143,50000,1.0,5.71958564905,1
Andhra Pradesh,Anantapur,28,502,2005,1,619197.82147132,126,100000,1.0,7.1897694283678,1
Andhra Pradesh,Anantapur,28,502,2006,1,190869.85004179,20,0,1.0,5.8827973236263,1
Andhra Pradesh,Anantapur,28,502,2007,1,450564.3552535,127,200000,1.0,6.7677001834385,1
Andhra Pradesh,Anantapur,28,502,2009,1,309688.87629397993,303,0,2.0,7.047228106993,1
Andhra Pradesh,Anantapur,28,502,2012,1,126082.83119507,40,70000,2.0,6.1006559523551,1
Andhra Pradesh,Anantapur,28,502,2018,1,116730.40864663002,3,300,1.5,5.544305260612,1
Andhra Pradesh,Anantapur,28,502,2021,3,411796.70046552,56,75187,2.0,6.197103495333,1
Andhra Pradesh,Chittoor,28,503,1989,1,905209.24002345,780,0,1.0,6.9567489784143,1
Andhra Pradesh,Chittoor,28,503,1990,1,267344.39912722,430,470000,1.0,6.0291310813779,1
Andhra Pradesh,Chittoor,28,503,1991,1,599564.88825453,90,85000,1.0,6.5559874421319,1
Andhra Pradesh,Chittoor,28,503,1992,1,752428.65689717,90,8000,1.0,7.4675299347014,1
Andhra Pradesh,Chittoor,28,503,1993,1,7968.640175747,70,45000,1.0,4.9805654627316,1
Andhra Pradesh,Chittoor,28,503,1994,3,2181724.894029497,887,816000,1.0,7.6772792647922,1
Andhra Pradesh,Chittoor,28,503,1995,1,262803.20430156,94,12000,1.0,6.0216906475049,1
Andhra Pradesh,Chittoor,28,503,1996,1,177527.01853538,326,100000,1.0,5.9482344637432,1
Andhra Pradesh,Chittoor,28,503,1997,2,617912.7700778099,106,0,1.0,6.622673838813,1
Andhra Pradesh,Chittoor,28,503,1998,1,194230.07599669,230,80000,1.0,6.5893464757574,1
Andhra Pradesh,Chittoor,28,503,2001,1,87384.49860174801,143,50000,1.0,5.71958564905,1
Andhra Pradesh,Chittoor,28,503,2005,2,750505.81610725,405,400000,1.0,7.1897694283678,1
Andhra Pradesh,Chittoor,28,503,2006,2,230964.777114518,67,225000,1.0,5.8827973236263,1
Andhra Pradesh,Chittoor,28,503,2007,3,617584.427129385,250,270000,1.0,6.7677001834385,1
Andhra Pradesh,Chittoor,28,503,2008,1,144329.28000305,37,10000,1.0,6.0624444321104,1
Andhra Pradesh,Chittoor,28,503,2009,2,345414.18172889494,373,0,2.0,7.047228106993,1
Andhra Pradesh,Chittoor,28,503,2010,1,63171.41172685,27,50000,1.0,5.6456186224386,1
Andhra Pradesh,Chittoor,28,503,2012,1,126082.83119507,40,70000,2.0,6.1006559523551,1
Andhra Pradesh,Chittoor,28,503,2015,1,93202.053762891,180,400000,2.0,6.6683954867336,1
Andhra Pradesh,Chittoor,28,503,2021,3,431318.0,61,54827,2.0,6.197103495333,1
Andhra Pradesh,East Godavari,28,505,1986,1,107355.33281993,150,3000000,1.0,5.933913609651,1
Andhra Pradesh,East Godavari,28,505,1988,1,94871.792387788,50,0,1.0,5.4542583603891,1
Andhra Pradesh,East Godavari,28,505,1989,1,905209.24002345,780,0,1.0,6.9567489784143,1
Andhra Pradesh,East Godavari,28,505,1990,1,267344.39912722,430,470000,1.0,6.0291310813779,1
Andhra Pradesh,East Godavari,28,505,1991,2,751511.94623987,105,85000,1.0,6.5559874421319,1
Andhra Pradesh,East Godavari,28,505,1994,3,2247144.19401963,847,816000,1.0,7.6772792647922,1
Andhra Pradesh,East Godavari,28,505,1995,1,262803.20430156,94,12000,1.0,6.0216906475049,1
Andhra Pradesh,East Godavari,28,505,1996,1,21445.456055093,2500,140000,2.0,5.3313352862992,1
Andhra Pradesh,East Godavari,28,505,1997,2,465533.04904697894,38,20000,1.0,6.3634860780538,1
Andhra Pradesh,East Godavari,28,505,1998,1,194230.07599669,230,80000,1.0,6.5893464757574,1
Andhra Pradesh,East Godavari,28,505,2005,2,993646.6687805101,215,650000,1.0,7.1897694283678,1
Andhra Pradesh,East Godavari,28,505,2006,2,493644.12023148005,205,2000000,1.0,7.093902822695,1
Andhra Pradesh,East Godavari,28,505,2007,1,450564.3552535,127,200000,1.0,6.7677001834385,1
Andhra Pradesh,East Godavari,28,505,2008,2,539805.9208224291,2474,0,2.0,6.8709354986642,1
Andhra Pradesh,East Godavari,28,505,2009,1,309688.87629397993,303,0,2.0,7.047228106993,1
Andhra Pradesh,East Godavari,28,505,2010,2,79122.95233635399,27,128000,1.5,5.6456186224386,1
Andhra Pradesh,East Godavari,28,505,2014,1,376261.49252047,42,0,1.5,6.9557010155946,1
Andhra Pradesh,East Godavari,28,505,2016,1,137435.40460325,17,3000,1.5,6.7291632323494,1
Andhra Pradesh,East Godavari,28,505,2018,1,87682.569387647,7,300000,1.5,5.420034522303,1
Andhra Pradesh,East Godavari,28,505,2019,1,302736.26273672,25,112500,1.5,6.3561257086734,1
Andhra Pradesh,East Godavari,28,505,2022,1,155000.0,0,60000,1.5,6.1445742076096,1
Andhra Pradesh,Guntur,28,506,1986,1,107355.33281993,150,3000000,1.0,5.933913609651,1
Andhra Pradesh,Guntur,28,506,1989,1,905209.24002345,780,0,1.0,6.9567489784143,1
Andhra Pradesh,Guntur,28,506,1990,1,267344.39912722,430,470000,1.0,6.0291310813779,1
Andhra Pradesh,Guntur,28,506,1991,1,599564.88825453,90,85000,1.0,6.5559874421319,1
Andhra Pradesh,Guntur,28,506,1994,2,2092494.9922392298,847,816000,1.0,7.6772792647922,1
Andhra Pradesh,Guntur,28,506,1995,1,262803.20430156,94,12000,1.0,6.0216906475049,1
Andhra Pradesh,Guntur,28,506,1996,1,177527.01853538,326,100000,1.0,5.9482344637432,1
Andhra Pradesh,Guntur,28,506,1997,2,465533.04904697894,38,20000,1.0,6.3634860780538,1
Andhra Pradesh,Guntur,28,506,1998,1,194230.07599669,230,80000,1.0,6.5893464757574,1
Andhra Pradesh,Guntur,28,506,2000,1,129459.75891805,162,3000000,2.0,6.3674072990361,1
Andhra Pradesh,Guntur,28,506,2001,2,131911.01071193902,155,59000,1.0,5.71958564905,1
Andhra Pradesh,Guntur,28,506,2005,2,993646.6687805101,215,650000,1.0,7.1897694283678,1
Andhra Pradesh,Guntur,28,506,2006,3,533739.047304208,252,2225000,1.0,7.093902822695,1
Andhra Pradesh,Guntur,28,506,2007,3,617584.427129385,250,270000,1.0,6.7677001834385,1
Andhra Pradesh,Guntur,28,506,2008,1,75487.925180729,74,0,1.5,5.899066787828,1
Andhra Pradesh,Guntur,28,506,2009,1,309688.87629397993,303,0,2.0,7.047228106993,1
Andhra Pradesh,Guntur,28,506,2010,1,63171.41172685,27,50000,1.0,5.6456186224386,1
Andhra Pradesh,Guntur,28,506,2014,1,376261.49252047,42,0,1.5,6.9557010155946,1
Andhra Pradesh,Guntur,28,506,2016,1,137435.40460325,17,3000,1.5,6.7291632323494,1
Andhra Pradesh,Guntur,28,506,2019,1,302736.26273672,25,112500,1.5,6.3561257086734,1
Andhra Pradesh,Guntur,28,506,2020,1,125991.05614617,6,2100,1.5,6.2764309755682,1
Andhra Pradesh,Krishna,28,510,1986,1,107355.33281993,150,3000000,1.0,5.933913609651,1
Andhra Pradesh,Krishna,28,510,1988,1,94871.792387788,50,0,1.0,5.4542583603891,1
Andhra Pradesh,Krishna,28,510,1989,1,905209.24002345,780,0,1.0,6.9567489784143,1
Andhra Pradesh,Krishna,28,510,1990,1,267344.39912722,430,470000,1.0,6.0291310813779,1
Andhra Pradesh,Krishna,28,510,1991,1,599564.88825453,90,85000,1.0,6.5559874421319,1
Andhra Pradesh,Krishna,28,510,1994,2,2092494.9922392298,847,816000,1.0,7.6772792647922,1
Andhra Pradesh,Krishna,28,510,1995,1,262803.20430156,94,12000,1.0,6.0216906475049,1
Andhra Pradesh,Krishna,28,510,1996,2,198972.474590473,2826,240000,2.0,5.9482344637432,1
Andhra Pradesh,Krishna,28,510,1997,2,465533.04904697894,38,20000,1.0,6.3634860780538,1
Andhra Pradesh,Krishna,28,510,1998,1,194230.07599669,230,80000,1.0,6.5893464757574,1
Andhra Pradesh,Krishna,28,510,2000,1,129459.75891805,162,3000000,2.0,6.3674072990361,1
Andhra Pradesh,Krishna,28,510,2001,2,131911.01071193902,155,59000,1.0,5.71958564905,1
Andhra Pradesh,Krishna,28,510,2005,2,993646.6687805101,215,650000,1.0,7.1897694283678,1
Andhra Pradesh,Krishna,28,510,2006,3,533739.047304208,252,2225000,1.0,7.093902822695,1
Andhra Pradesh,Krishna,28,510,2007,2,540844.064056827,221,220000,1.0,6.7677001834385,1
Andhra Pradesh,Krishna,28,510,2008,1,75487.925180729,74,0,1.5,5.899066787828,1
Andhra Pradesh,Krishna,28,510,2009,1,309688.87629397993,303,0,2.0,7.047228106993,1
Andhra Pradesh,Krishna,28,510,2010,2,79122.95233635399,27,128000,1.5,5.6456186224386,1
Andhra Pradesh,Krishna,28,510,2014,1,376261.49252047,42,0,1.5,6.9557010155946,1
Andhra Pradesh,Krishna,28,510,2016,1,137435.40460325,17,3000,1.5,6.7291632323494,1
Andhra Pradesh,Krishna,28,510,2019,1,302736.26273672,25,112500,1.5,6.3561257086734,1
Andhra Pradesh,Krishna,28,510,2020,1,125991.05614617,6,2100,1.5,6.2764309755682,1
Andhra Pradesh,Kurnool,28,511,1989,1,905209.24002345,780,0,1.0,6.9567489784143,1
Andhra Pradesh,Kurnool,28,511,1990,1,267344.39912722,430,470000,1.0,6.0291310813779,1
Andhra Pradesh,Kurnool,28,511,1991,2,1090926.38334009,162,385000,2.0,6.5559874421319,1
Andhra Pradesh,Kurnool,28,511,1992,1,752428.65689717,90,8000,1.0,7.4675299347014,1
Andhra Pradesh,Kurnool,28,511,1994,1,1981837.4145729,617,800000,1.0,7.6772792647922,1
Andhra Pradesh,Kurnool,28,511,1995,1,262803.20430156,94,12000,1.0,6.0216906475049,1
Andhra Pradesh,Kurnool,28,511,1996,1,177527.01853538,326,100000,1.0,5.9482344637432,1
Andhra Pradesh,Kurnool,28,511,1997,2,617912.7700778099,106,0,1.0,6.622673838813,1
Andhra Pradesh,Kurnool,28,511,1998,1,194230.07599669,230,80000,1.0,6.5893464757574,1
Andhra Pradesh,Kurnool,28,511,2000,1,129459.75891805,162,3000000,2.0,6.3674072990361,1
Andhra Pradesh,Kurnool,28,511,2001,2,131911.01071193902,155,59000,1.0,5.71958564905,1
Andhra Pradesh,Kurnool,28,511,2005,1,619197.82147132,126,100000,1.0,7.1897694283678,1
Andhra Pradesh,Kurnool,28,511,2006,1,190869.85004179,20,0,1.0,5.8827973236263,1
Andhra Pradesh,Kurnool,28,511,2007,3,617584.427129385,250,270000,1.0,6.7677001834385,1
Andhra Pradesh,Kurnool,28,511,2009,1,309688.87629397993,303,0,2.0,7.047228106993,1
Andhra Pradesh,Kurnool,28,511,2014,1,376261.49252047,42,0,1.5,6.9557010155946,1
Andhra Pradesh,Kurnool,28,511,2016,1,137435.40460325,17,3000,1.5,6.7291632323494,1
Andhra Pradesh,Kurnool,28,511,2020,1,125991.05614617,6,2100,1.5,6.2764309755682,1
Andhra Pradesh,Kurnool,28,511,2021,1,262393.0,23,12000,2.0,6.197103495333,1
Andhra Pradesh,Prakasam,28,517,1986,1,107355.33281993,150,3000000,1.0,5.933913609651,1
Andhra Pradesh,Prakasam,28,517,1989,1,905209.24002345,780,0,1.0,6.9567489784143,1
Andhra Pradesh,Prakasam,28,517,1990,1,267344.39912722,430,470000,1.0,6.0291310813779,1
Andhra Pradesh,Prakasam,28,517,1991,1,599564.88825453,90,85000,1.0,6.5559874421319,1
Andhra Pradesh,Prakasam,28,517,1994,2,2092494.9922392298,847,816000,1.0,7.6772792647922,1
Andhra Pradesh,Prakasam,28,517,1995,1,262803.20430156,94,12000,1.0,6.0216906475049,1
Andhra Pradesh,Prakasam,28,517,1996,1,177527.01853538,326,100000,1.0,5.9482344637432,1
Andhra Pradesh,Prakasam,28,517,1997,2,465533.04904697894,38,20000,1.0,6.3634860780538,1
Andhra Pradesh,Prakasam,28,517,1998,1,194230.07599669,230,80000,1.0,6.5893464757574,1
Andhra Pradesh,Prakasam,28,517,2000,1,129459.75891805,162,3000000,2.0,6.3674072990361,1
Andhra Pradesh,Prakasam,28,517,2001,2,131911.01071193902,155,59000,1.0,5.71958564905,1
Andhra Pradesh,Prakasam,28,517,2005,2,993646.6687805101,215,650000,1.0,7.1897694283678,1
Andhra Pradesh,Prakasam,28,517,2006,2,230964.777114518,67,225000,1.0,5.8827973236263,1
Andhra Pradesh,Prakasam,28,517,2007,3,617584.427129385,250,270000,1.0,6.7677001834385,1
Andhra Pradesh,Prakasam,28,517,2008,1,75487.925180729,74,0,1.5,5.899066787828,1
Andhra Pradesh,Prakasam,28,517,2009,1,309688.87629397993,303,0,2.0,7.047228106993,1
Andhra Pradesh,Prakasam,28,517,2010,1,63171.41172685,27,50000,1.0,5.6456186224386,1
Andhra Pradesh,Prakasam,28,517,2014,1,376261.49252047,42,0,1.5,6.9557010155946,1
Andhra Pradesh,Prakasam,28,517,2016,1,137435.40460325,17,3000,1.5,6.7291632323494,1
Andhra Pradesh,Prakasam,28,517,2019,1,302736.26273672,25,112500,1.5,6.3561257086734,1
Andhra Pradesh,Prakasam,28,517,2020,1,125991.05614617,6,2100,1.5,6.2764309755682,1
Andhra Pradesh,Prakasam,28,517,2021,1,262393.0,23,12000,2.0,6.197103495333,1
Andhra Pradesh,Spsr Nellore,28,515,1989,1,905209.24002345,780,0,1.0,6.9567489784143,1
Andhra Pradesh,Spsr Nellore,28,515,1990,1,267344.39912722,430,470000,1.0,6.0291310813779,1
Andhra Pradesh,Spsr Nellore,28,515,1991,1,599564.88825453,90,85000,1.0,6.5559874421319,1
Andhra Pradesh,Spsr Nellore,28,515,1993,1,7968.640175747,70,45000,1.0,4.9805654627316,1
Andhra Pradesh,Spsr Nellore,28,515,1994,2,2092494.9922392298,847,816000,1.0,7.6772792647922,1
Andhra Pradesh,Spsr Nellore,28,515,1995,1,262803.20430156,94,12000,1.0,6.0216906475049,1
Andhra Pradesh,Spsr Nellore,28,515,1996,1,177527.01853538,326,100000,1.0,5.9482344637432,1
Andhra Pradesh,Spsr Nellore,28,515,1997,2,465533.04904697894,38,20000,1.0,6.3634860780538,1
Andhra Pradesh,Spsr Nellore,28,515,1998,1,194230.07599669,230,80000,1.0,6.5893464757574,1
Andhra Pradesh,Spsr Nellore,28,515,2001,1,87384.49860174801,143,50000,1.0,5.71958564905,1
Andhra Pradesh,Spsr Nellore,28,515,2005,2,750505.81610725,405,400000,1.0,7.1897694283678,1
Andhra Pradesh,Spsr Nellore,28,515,2006,2,230964.777114518,67,225000,1.0,5.8827973236263,1
Andhra Pradesh,Spsr Nellore,28,515,2007,3,617584.427129385,250,270000,1.0,6.7677001834385,1
Andhra Pradesh,Spsr Nellore,28,515,2009,1,309688.87629397993,303,0,2.0,7.047228106993,1
Andhra Pradesh,Spsr Nellore,28,515,2010,1,63171.41172685,27,50000,1.0,5.6456186224386,1
Andhra Pradesh,Spsr Nellore,28,515,2012,1,126082.83119507,40,70000,2.0,6.1006559523551,1
Andhra Pradesh,Spsr Nellore,28,515,2014,1,376261.49252047,42,0,1.5,6.9557010155946,1
Andhra Pradesh,Spsr Nellore,28,515,2015,1,93202.053762891,180,400000,2.0,6.6683954867336,1
Andhra Pradesh,Spsr Nellore,28,515,2021,2,300948.0,47,43827,2.0,6.197103495333,1
Andhra Pradesh,Srikakulam,28,519,1989,1,905209.24002345,780,0,1.0,6.9567489784143,1
Andhra Pradesh,Srikakulam,28,519,1990,1,267344.39912722,430,470000,1.0,6.0291310813779,1
Andhra Pradesh,Srikakulam,28,519,1991,2,751511.94623987,105,85000,1.0,6.5559874421319,1
Andhra Pradesh,Srikakulam,28,519,1994,3,2247144.19401963,847,816000,1.0,7.6772792647922,1
Andhra Pradesh,Srikakulam,28,519,1995,2,570876.40921351,238,522000,1.0,6.3337519666177,1
Andhra Pradesh,Srikakulam,28,519,1997,2,465533.04904697894,38,20000,1.0,6.3634860780538,1
Andhra Pradesh,Srikakulam,28,519,1998,1,194230.07599669,230,80000,1.0,6.5893464757574,1
Andhra Pradesh,Srikakulam,28,519,1999,1,191940.24191857,9803,10000000,2.0,6.7602872925659,1
Andhra Pradesh,Srikakulam,28,519,2003,1,117883.61598646,67,3000000,1.0,6.8118161385154,1
Andhra Pradesh,Srikakulam,28,519,2005,1,374448.84730919,89,550000,1.0,6.8038414193852,1
Andhra Pradesh,Srikakulam,28,519,2006,3,525005.056348009,238,2000000,1.0,7.093902822695,1
Andhra Pradesh,Srikakulam,28,519,2007,1,248438.85482793,29,50000,1.0,6.5413475543879,1
Andhra Pradesh,Srikakulam,28,519,2008,1,464317.9956417001,2400,0,2.0,6.8709354986642,1
Andhra Pradesh,Srikakulam,28,519,2009,1,99876.583990745,0,500000,1.0,5.7776149304452,1
Andhra Pradesh,Srikakulam,28,519,2013,1,246385.22646018,27,250000,2.0,6.1697659138631,1
Andhra Pradesh,Srikakulam,28,519,2014,1,189576.05025298,6,15000,1.0,6.2777834706605,1
Andhra Pradesh,Srikakulam,28,519,2018,1,87682.569387647,7,300000,1.5,5.420034522303,1
Andhra Pradesh,Srikakulam,28,519,2019,1,302736.26273672,25,112500,1.5,6.3561257086734,1
Andhra Pradesh,Srikakulam,28,519,2021,2,417503.40525646,16,1524127,1.5,6.3167786712784,1
Andhra Pradesh,Srikakulam,28,519,2022,1,155000.0,0,60000,1.5,6.1445742076096,1
Andhra Pradesh,Visakhapatanam,28,520,1988,1,94871.792387788,50,0,1.0,5.4542583603891,1
Andhra Pradesh,Visakhapatanam,28,520,1989,1,905209.24002345,780,0,1.0,6.9567489784143,1
Andhra Pradesh,Visakhapatanam,28,520,1990,1,267344.39912722,430,470000,1.0,6.0291310813779,1
Andhra Pradesh,Visakhapatanam,28,520,1991,2,751511.94623987,105,85000,1.0,6.5559874421319,1
Andhra Pradesh,Visakhapatanam,28,520,1994,3,2247144.19401963,847,816000,1.0,7.6772792647922,1
Andhra Pradesh,Visakhapatanam,28,520,1995,2,570876.40921351,238,522000,1.0,6.3337519666177,1
Andhra Pradesh,Visakhapatanam,28,520,1996,1,21445.456055093,2500,140000,2.0,5.3313352862992,1
Andhra Pradesh,Visakhapatanam,28,520,1997,2,465533.04904697894,38,20000,1.0,6.3634860780538,1
Andhra Pradesh,Visakhapatanam,28,520,1998,1,194230.07599669,230,80000,1.0,6.5893464757574,1
Andhra Pradesh,Visakhapatanam,28,520,2005,2,993646.6687805101,215,650000,1.0,7.1897694283678,1
Andhra Pradesh,Visakhapatanam,28,520,2006,2,493644.12023148005,205,2000000,1.0,7.093902822695,1
Andhra Pradesh,Visakhapatanam,28,520,2007,1,248438.85482793,29,50000,1.0,6.5413475543879,1
Andhra Pradesh,Visakhapatanam,28,520,2008,2,539805.9208224291,2474,0,2.0,6.8709354986642,1
Andhra Pradesh,Visakhapatanam,28,520,2009,1,309688.87629397993,303,0,2.0,7.047228106993,1
Andhra Pradesh,Visakhapatanam,28,520,2014,1,376261.49252047,42,0,1.5,6.9557010155946,1
Andhra Pradesh,Visakhapatanam,28,520,2016,1,137435.40460325,17,3000,1.5,6.7291632323494,1
Andhra Pradesh,Visakhapatanam,28,520,2018,1,87682.569387647,7,300000,1.5,5.420034522303,1
Andhra Pradesh,Visakhapatanam,28,520,2019,1,302736.26273672,25,112500,1.5,6.3561257086734,1
Andhra Pradesh,Visakhapatanam,28,520,2021,2,417503.40525646,16,1524127,1.5,6.3167786712784,1
Andhra Pradesh,Visakhapatanam,28,520,2022,1,155000.0,0,60000,1.5,6.1445742076096,1
Andhra Pradesh,Vizianagaram,28,521,1989,1,905209.24002345,780,0,1.0,6.9567489784143,1
Andhra Pradesh,Vizianagaram,28,521,1990,1,267344.39912722,430,470000,1.0,6.0291310813779,1
Andhra Pradesh,Vizianagaram,28,521,1991,2,751511.94623987,105,85000,1.0,6.5559874421319,1
Andhra Pradesh,Vizianagaram,28,521,1994,3,2247144.19401963,847,816000,1.0,7.6772792647922,1
Andhra Pradesh,Vizianagaram,28,521,1995,2,570876.40921351,238,522000,1.0,6.3337519666177,1
Andhra Pradesh,Vizianagaram,28,521,1997,2,465533.04904697894,38,20000,1.0,6.3634860780538,1
Andhra Pradesh,Vizianagaram,28,521,1998,1,194230.07599669,230,80000,1.0,6.5893464757574,1
Andhra Pradesh,Vizianagaram,28,521,1999,1,191940.24191857,9803,10000000,2.0,6.7602872925659,1
Andhra Pradesh,Vizianagaram,28,521,2003,1,117883.61598646,67,3000000,1.0,6.8118161385154,1
Andhra Pradesh,Vizianagaram,28,521,2005,1,374448.84730919,89,550000,1.0,6.8038414193852,1
Andhra Pradesh,Vizianagaram,28,521,2006,3,525005.056348009,238,2000000,1.0,7.093902822695,1
Andhra Pradesh,Vizianagaram,28,521,2007,1,248438.85482793,29,50000,1.0,6.5413475543879,1
Andhra Pradesh,Vizianagaram,28,521,2008,2,539805.9208224291,2474,0,2.0,6.8709354986642,1
Andhra Pradesh,Vizianagaram,28,521,2009,1,99876.583990745,0,500000,1.0,5.7776149304452,1
Andhra Pradesh,Vizianagaram,28,521,2013,1,246385.22646018,27,250000,2.0,6.1697659138631,1
Andhra Pradesh,Vizianagaram,28,521,2014,1,189576.05025298,6,15000,1.0,6.2777834706605,1
Andhra Pradesh,Vizianagaram,28,521,2018,1,87682.569387647,7,300000,1.5,5.420034522303,1
Andhra Pradesh,Vizianagaram,28,521,2019,1,302736.26273672,25,112500,1.5,6.3561257086734,1
Andhra Pradesh,Vizianagaram,28,521,2021,2,417503.40525646,16,1524127,1.5,6.3167786712784,1
Andhra Pradesh,Vizianagaram,28,521,2022,1,155000.0,0,60000,1.5,6.1445742076096,1
Andhra Pradesh,West Godavari,28,523,1986,1,107355.33281993,150,3000000,1.0,5.933913609651,1
Andhra Pradesh,West Godavari,28,523,1988,1,94871.792387788,50,0,1.0,5.4542583603891,1
Andhra Pradesh,West Godavari,28,523,1989,1,905209.24002345,780,0,1.0,6.9567489784143,1
Andhra Pradesh,West Godavari,28,523,1990,1,267344.39912722,430,470000,1.0,6.0291310813779,1
Andhra Pradesh,West Godavari,28,523,1991,1,599564.88825453,90,85000,1.0,6.5559874421319,1
Andhra Pradesh,West Godavari,28,523,1994,2,2092494.9922392298,847,816000,1.0,7.6772792647922,1
Andhra Pradesh,West Godavari,28,523,1995,1,262803.20430156,94,12000,1.0,6.0216906475049,1
Andhra Pradesh,West Godavari,28,523,1996,2,198972.474590473,2826,240000,2.0,5.9482344637432,1
Andhra Pradesh,West Godavari,28,523,1997,2,465533.04904697894,38,20000,1.0,6.3634860780538,1
Andhra Pradesh,West Godavari,28,523,1998,1,194230.07599669,230,80000,1.0,6.5893464757574,1
Andhra Pradesh,West Godavari,28,523,2000,1,129459.75891805,162,3000000,2.0,6.3674072990361,1
Andhra Pradesh,West Godavari,28,523,2005,2,993646.6687805101,215,650000,1.0,7.1897694283678,1
Andhra Pradesh,West Godavari,28,523,2006,3,533739.047304208,252,2225000,1.0,7.093902822695,1
Andhra Pradesh,West Godavari,28,523,2007,2,540844.064056827,221,220000,1.0,6.7677001834385,1
Andhra Pradesh,West Godavari,28,523,2008,1,75487.925180729,74,0,1.5,5.899066787828,1
Andhra Pradesh,West Godavari,28,523,2009,1,309688.87629397993,303,0,2.0,7.047228106993,1
Andhra Pradesh,West Godavari,28,523,2010,2,79122.95233635399,27,128000,1.5,5.6456186224386,1
Andhra Pradesh,West Godavari,28,523,2014,1,376261.49252047,42,0,1.5,6.9557010155946,1
Andhra Pradesh,West Godavari,28,523,2016,1,137435.40460325,17,3000,1.5,6.7291632323494,1
Andhra Pradesh,West Godavari,28,523,2018,1,87682.569387647,7,300000,1.5,5.420034522303,1
Andhra Pradesh,West Godavari,28,523,2019,1,302736.26273672,25,112500,1.5,6.3561257086734,1
Andhra Pradesh,Y.S.R.,28,504,1989,1,905209.24002345,780,0,1.0,6.9567489784143,1
Andhra Pradesh,Y.S.R.,28,504,1990,1,267344.39912722,430,470000,1.0,6.0291310813779,1
Andhra Pradesh,Y.S.R.,28,504,1991,1,599564.88825453,90,85000,1.0,6.5559874421319,1
Andhra Pradesh,Y.S.R.,28,504,1992,1,752428.65689717,90,8000,1.0,7.4675299347014,1
Andhra Pradesh,Y.S.R.,28,504,1994,2,2092494.9922392298,847,816000,1.0,7.6772792647922,1
Andhra Pradesh,Y.S.R.,28,504,1995,1,262803.20430156,94,12000,1.0,6.0216906475049,1
Andhra Pradesh,Y.S.R.,28,504,1996,1,177527.01853538,326,100000,1.0,5.9482344637432,1
Andhra Pradesh,Y.S.R.,28,504,1997,1,384888.40479346993,6,0,1.0,6.3634860780538,1
Andhra Pradesh,Y.S.R.,28,504,1998,1,194230.07599669,230,80000,1.0,6.5893464757574,1
Andhra Pradesh,Y.S.R.,28,504,2001,1,87384.49860174801,143,50000,1.0,5.71958564905,1
Andhra Pradesh,Y.S.R.,28,504,2005,1,619197.82147132,126,100000,1.0,7.1897694283678,1
Andhra Pradesh,Y.S.R.,28,504,2006,1,190869.85004179,20,0,1.0,5.8827973236263,1
Andhra Pradesh,Y.S.R.,28,504,2007,3,617584.427129385,250,270000,1.0,6.7677001834385,1
Andhra Pradesh,Y.S.R.,28,504,2009,1,309688.87629397993,303,0,2.0,7.047228106993,1
Andhra Pradesh,Y.S.R.,28,504,2010,1,63171.41172685,27,50000,1.0,5.6456186224386,1
Andhra Pradesh,Y.S.R.,28,504,2012,1,126082.83119507,40,70000,2.0,6.1006559523551,1
Andhra Pradesh,Y.S.R.,28,504,2014,1,376261.49252047,42,0,1.5,6.9557010155946,1
Andhra Pradesh,Y.S.R.,28,504,2015,1,93202.053762891,180,400000,2.0,6.6683954867336,1
Andhra Pradesh,Y.S.R.,28,504,2020,1,125991.05614617,6,2100,1.5,6.2764309755682,1
Andhra Pradesh,Y.S.R.,28,504,2021,2,300948.0,47,43827,2.0,6.197103495333,1
Arunanchal Pradesh,Anjaw,12,628,1996,1,128966.82889056,82,3000000,1.0,6.2865692803449,1
Arunanchal Pradesh,Anjaw,12,628,2008,2,364396.595813154,1042,1225000,2.0,7.0550817943772,1
Arunanchal Pradesh,Anjaw,12,628,2009,1,128962.30100194,6,0,1.0,5.7125227647307,1
Arunanchal Pradesh,Anjaw,12,628,2014,1,44290.911973107,1,75000,1.0,6.0442546314,1
Arunanchal Pradesh,Anjaw,12,628,2017,1,65387.728333458,6,113,1.0,6.3206462279111,1
Arunanchal Pradesh,Anjaw,12,628,2018,1,73328.619600663,0,25000,1.5,5.9956072780446,1
Arunanchal Pradesh,Anjaw,12,628,2019,1,106818.76893004,2,1000,1.0,6.1425909207914,1
Arunanchal Pradesh,Anjaw,12,628,2020,2,150019.61382811598,1,30000,1.0,6.3867704374577,1
Arunanchal Pradesh,Changlang,12,229,1989,1,112816.35454502,31,32000,2.0,6.921603781912,1
Arunanchal Pradesh,Changlang,12,229,1992,1,28221.71540273,0,0,1.0,5.4919760931342,1
Arunanchal Pradesh,Changlang,12,229,1995,1,102906.11366142,17,1000000,1.0,5.6145011683309,1
Arunanchal Pradesh,Changlang,12,229,1996,1,128966.82889056,82,3000000,1.0,6.2865692803449,1
Arunanchal Pradesh,Changlang,12,229,1997,1,70603.06302533,97,0,1.0,5.8488235427819,1
Arunanchal Pradesh,Changlang,12,229,2000,1,55286.72822421,30,50000,2.0,5.8887489255588,1
Arunanchal Pradesh,Changlang,12,229,2007,2,178439.25091525202,111,11300000,1.0,6.9741987426607,1
Arunanchal Pradesh,Changlang,12,229,2008,2,431154.257355944,1076,2600000,2.0,7.0499170611118,1
Arunanchal Pradesh,Changlang,12,229,2009,2,201207.102974383,6,300000,1.0,5.8588066049802,1
Arunanchal Pradesh,Changlang,12,229,2013,1,38019.262210197,80,2000000,2.0,6.2427615165111,1
Arunanchal Pradesh,Changlang,12,229,2014,1,49220.53425034,0,10000,1.0,5.1692675780384,1
Arunanchal Pradesh,Changlang,12,229,2015,2,129627.370217144,8,27000,1.5,6.4045538388057,1
Arunanchal Pradesh,Changlang,12,229,2017,1,65387.728333458,6,113,1.0,6.3206462279111,1
Arunanchal Pradesh,Changlang,12,229,2018,2,282769.212901843,20,825000,1.5,6.4513946279684,1
Arunanchal Pradesh,Changlang,12,229,2019,2,173841.69215279398,5,51000,1.0,6.1425909207914,1
Arunanchal Pradesh,Changlang,12,229,2020,3,187986.323667941,31,40000,2.0,6.3867704374577,1
Arunanchal Pradesh,Changlang,12,229,2021,1,78068.155820919,1,15000,1.5,5.7675351836779,1
Arunanchal Pradesh,Changlang,12,229,2023,1,119900.0,0,2211,1.5,6.2091529515939,1
Arunanchal Pradesh,Dibang Valley,12,230,1996,1,128966.82889056,82,3000000,1.0,6.2865692803449,1
Arunanchal Pradesh,Dibang Valley,12,230,2007,1,103551.72796236,96,11100000,1.0,6.9741987426607,1
Arunanchal Pradesh,Dibang Valley,12,230,2008,2,364396.595813154,1042,1225000,2.0,7.0550817943772,1
Arunanchal Pradesh,Dibang Valley,12,230,2009,1,128962.30100194,6,0,1.0,5.7125227647307,1
Arunanchal Pradesh,Dibang Valley,12,230,2014,2,93511.44622344701,1,85000,1.0,6.0442546314,1
Arunanchal Pradesh,Dibang Valley,12,230,2016,1,135742.29754787,30,1800,1.5,7.0796584663999,1
Arunanchal Pradesh,Dibang Valley,12,230,2017,1,65387.728333458,6,113,1.0,6.3206462279111,1
Arunanchal Pradesh,Dibang Valley,12,230,2018,1,73328.619600663,0,25000,1.5,5.9956072780446,1
Arunanchal Pradesh,Dibang Valley,12,230,2019,2,173841.69215279398,5,51000,1.0,6.1425909207914,1
Arunanchal Pradesh,Dibang Valley,12,230,2020,2,150019.61382811598,1,30000,1.0,6.3867704374577,1
Arunanchal Pradesh,Dibang Valley,12,230,2021,1,78068.155820919,1,15000,1.5,5.7675351836779,1
Arunanchal Pradesh,East Kameng,12,231,1996,1,128966.82889056,82,3000000,1.0,6.2865692803449,1
Arunanchal Pradesh,East Kameng,12,231,2007,1,103551.72796236,96,11100000,1.0,6.9741987426607,1
Arunanchal Pradesh,East Kameng,12,231,2008,5,1203771.248472259,1568,2895000,2.0,7.0550817943772,1
Arunanchal Pradesh,East Kameng,12,231,2009,1,128962.30100194,6,0,1.0,5.7125227647307,1
Arunanchal Pradesh,East Kameng,12,231,2011,2,77320.75852171099,7,11000,1.5,6.2740195840354,1
Arunanchal Pradesh,East Kameng,12,231,2014,2,111115.499998288,59,40000,1.5,6.2230190910984,1
Arunanchal Pradesh,East Kameng,12,231,2015,2,129627.370217144,8,27000,1.5,6.4045538388057,1
Arunanchal Pradesh,East Kameng,12,231,2016,1,135742.29754787,30,1800,1.5,7.0796584663999,1
Arunanchal Pradesh,East Kameng,12,231,2017,1,65387.728333458,6,113,1.0,6.3206462279111,1
Arunanchal Pradesh,East Kameng,12,231,2018,2,282769.212901843,20,825000,1.5,6.4513946279684,1
Arunanchal Pradesh,East Kameng,12,231,2019,2,173841.69215279398,5,51000,1.0,6.1425909207914,1
Arunanchal Pradesh,East Kameng,12,231,2020,1,90592.234241099,1,0,1.0,5.5591509619541,1
Arunanchal Pradesh,East Kameng,12,231,2021,1,78068.155820919,1,15000,1.5,5.7675351836779,1
Arunanchal Pradesh,East Siang,12,232,1988,2,697374.2863907029,910,2002000,1.0,7.1773904313439,1
Arunanchal Pradesh,East Siang,12,232,1992,1,28221.71540273,0,0,1.0,5.4919760931342,1
Arunanchal Pradesh,East Siang,12,232,1996,1,128966.82889056,82,3000000,1.0,6.2865692803449,1
Arunanchal Pradesh,East Siang,12,232,1997,1,70603.06302533,97,0,1.0,5.8488235427819,1
Arunanchal Pradesh,East Siang,12,232,2000,1,55286.72822421,30,50000,2.0,5.8887489255588,1
Arunanchal Pradesh,East Siang,12,232,2002,1,3790.2295026277,0,25000,1.0,4.4237635477942,1
Arunanchal Pradesh,East Siang,12,232,2007,2,178439.25091525202,111,11300000,1.0,6.9741987426607,1
Arunanchal Pradesh,East Siang,12,232,2008,4,1141491.9452057339,1568,2895000,2.0,7.0550817943772,1
Arunanchal Pradesh,East Siang,12,232,2009,2,201207.102974383,6,300000,1.0,5.8588066049802,1
Arunanchal Pradesh,East Siang,12,232,2010,1,16885.625073568,0,0,1.0,4.7046383967404,1
Arunanchal Pradesh,East Siang,12,232,2011,1,27203.383469618,0,0,1.0,5.7770456043711,1
Arunanchal Pradesh,East Siang,12,232,2012,1,42597.56872424501,21,2000000,2.0,6.3617785720765,1
Arunanchal Pradesh,East Siang,12,232,2013,1,38019.262210197,80,2000000,2.0,6.2427615165111,1
Arunanchal Pradesh,East Siang,12,232,2014,2,93511.44622344701,1,85000,1.0,6.0442546314,1
Arunanchal Pradesh,East Siang,12,232,2015,2,129627.370217144,8,27000,1.5,6.4045538388057,1
Arunanchal Pradesh,East Siang,12,232,2016,1,135742.29754787,30,1800,1.5,7.0796584663999,1
Arunanchal Pradesh,East Siang,12,232,2017,1,65387.728333458,6,113,1.0,6.3206462279111,1
Arunanchal Pradesh,East Siang,12,232,2018,2,282769.212901843,20,825000,1.5,6.4513946279684,1
Arunanchal Pradesh,East Siang,12,232,2019,2,173841.69215279398,5,51000,1.0,6.1425909207914,1
Arunanchal Pradesh,East Siang,12,232,2020,3,187986.323667941,31,40000,2.0,6.3867704374577,1
Arunanchal Pradesh,East Siang,12,232,2021,1,78068.155820919,1,15000,1.5,5.7675351836779,1
Arunanchal Pradesh,East Siang,12,232,2023,1,119900.0,0,2211,1.5,6.2091529515939,1
Arunanchal Pradesh,Kamle,12,718,1988,2,697374.2863907029,910,2002000,1.0,7.1773904313439,1
Arunanchal Pradesh,Kamle,12,718,1991,1,55550.828056763,25,400000,1.0,5.589788577059,1
Arunanchal Pradesh,Kamle,12,718,1995,1,102906.11366142,17,1000000,1.0,5.6145011683309,1
Arunanchal Pradesh,Kamle,12,718,1996,1,128966.82889056,82,3000000,1.0,6.2865692803449,1
Arunanchal Pradesh,Kamle,12,718,2007,2,178439.25091525202,111,11300000,1.0,6.9741987426607,1
Arunanchal Pradesh,Kamle,12,718,2008,5,1203771.248472259,1568,2895000,2.0,7.0550817943772,1
Arunanchal Pradesh,Kamle,12,718,2009,2,201207.102974383,6,300000,1.0,5.8588066049802,1
Arunanchal Pradesh,Kamle,12,718,2011,2,77320.75852171099,7,11000,1.5,6.2740195840354,1
Arunanchal Pradesh,Kamle,12,718,2013,1,38019.262210197,80,2000000,2.0,6.2427615165111,1
Arunanchal Pradesh,Kamle,12,718,2014,3,155406.41197139502,60,115000,1.5,6.2230190910984,1
Arunanchal Pradesh,Kamle,12,718,2015,2,129627.370217144,8,27000,1.5,6.4045538388057,1
Arunanchal Pradesh,Kamle,12,718,2016,1,135742.29754787,30,1800,1.5,7.0796584663999,1
Arunanchal Pradesh,Kamle,12,718,2017,1,65387.728333458,6,113,1.0,6.3206462279111,1
Arunanchal Pradesh,Kamle,12,718,2018,2,282769.212901843,20,825000,1.5,6.4513946279684,1
Arunanchal Pradesh,Kamle,12,718,2019,2,173841.69215279398,5,51000,1.0,6.1425909207914,1
Arunanchal Pradesh,Kamle,12,718,2020,3,187986.323667941,31,40000,2.0,6.3867704374577,1
Arunanchal Pradesh,Kamle,12,718,2021,1,78068.155820919,1,15000,1.5,5.7675351836779,1
Arunanchal Pradesh,Kamle,12,718,2023,1,119900.0,0,2211,1.5,6.2091529515939,1
Arunanchal Pradesh,Kra Daadi,12,677,1996,1,128966.82889056,82,3000000,1.0,6.2865692803449,1
Arunanchal Pradesh,Kra Daadi,12,677,2008,5,1203771.248472259,1568,2895000,2.0,7.0550817943772,1
Arunanchal Pradesh,Kra Daadi,12,677,2009,1,128962.30100194,6,0,1.0,5.7125227647307,1
Arunanchal Pradesh,Kra Daadi,12,677,2011,1,27203.383469618,0,0,1.0,5.7770456043711,1
Arunanchal Pradesh,Kra Daadi,12,677,2014,2,111115.499998288,59,40000,1.5,6.2230190910984,1
Arunanchal Pradesh,Kra Daadi,12,677,2016,1,135742.29754787,30,1800,1.5,7.0796584663999,1
Arunanchal Pradesh,Kra Daadi,12,677,2017,1,65387.728333458,6,113,1.0,6.3206462279111,1
Arunanchal Pradesh,Kra Daadi,12,677,2018,2,282769.212901843,20,825000,1.5,6.4513946279684,1
Arunanchal Pradesh,Kra Daadi,12,677,2019,2,173841.69215279398,5,51000,1.0,6.1425909207914,1
Arunanchal Pradesh,Kra Daadi,12,677,2020,2,150019.61382811598,1,30000,1.0,6.3867704374577,1
Arunanchal Pradesh,Kra Daadi,12,677,2021,1,78068.155820919,1,15000,1.5,5.7675351836779,1
Arunanchal Pradesh,Kurung Kumey,12,233,1996,1,128966.82889056,82,3000000,1.0,6.2865692803449,1
Arunanchal Pradesh,Kurung Kumey,12,233,2008,5,1203771.248472259,1568,2895000,2.0,7.0550817943772,1
Arunanchal Pradesh,Kurung Kumey,12,233,2009,1,128962.30100194,6,0,1.0,5.7125227647307,1
Arunanchal Pradesh,Kurung Kumey,12,233,2011,1,27203.383469618,0,0,1.0,5.7770456043711,1
Arunanchal Pradesh,Kurung Kumey,12,233,2014,2,111115.499998288,59,40000,1.5,6.2230190910984,1
Arunanchal Pradesh,Kurung Kumey,12,233,2016,1,135742.29754787,30,1800,1.5,7.0796584663999,1
Arunanchal Pradesh,Kurung Kumey,12,233,2017,1,65387.728333458,6,113,1.0,6.3206462279111,1
Arunanchal Pradesh,Kurung Kumey,12,233,2018,2,282769.212901843,20,825000,1.5,6.4513946279684,1
Arunanchal Pradesh,Kurung Kumey,12,233,2019,2,173841.69215279398,5,51000,1.0,6.1425909207914,1
Arunanchal Pradesh,Kurung Kumey,12,233,2020,2,150019.61382811598,1,30000,1.0,6.3867704374577,1
Arunanchal Pradesh,Kurung Kumey,12,233,2021,1,78068.155820919,1,15000,1.5,5.7675351836779,1
Arunanchal Pradesh,Leparada,12,724,1988,2,697374.2863907029,910,2002000,1.0,7.1773904313439,1
Arunanchal Pradesh,Leparada,12,724,1996,1,128966.82889056,82,3000000,1.0,6.2865692803449,1
Arunanchal Pradesh,Leparada,12,724,2007,2,178439.25091525202,111,11300000,1.0,6.9741987426607,1
Arunanchal Pradesh,Leparada,12,724,2008,4,1141491.9452057339,1568,2895000,2.0,7.0550817943772,1
Arunanchal Pradesh,Leparada,12,724,2009,2,201207.102974383,6,300000,1.0,5.8588066049802,1
Arunanchal Pradesh,Leparada,12,724,2010,1,16885.625073568,0,0,1.0,4.7046383967404,1
Arunanchal Pradesh,Leparada,12,724,2011,1,27203.383469618,0,0,1.0,5.7770456043711,1
Arunanchal Pradesh,Leparada,12,724,2013,1,38019.262210197,80,2000000,2.0,6.2427615165111,1
Arunanchal Pradesh,Leparada,12,724,2014,3,155406.41197139502,60,115000,1.5,6.2230190910984,1
Arunanchal Pradesh,Leparada,12,724,2015,2,129627.370217144,8,27000,1.5,6.4045538388057,1
Arunanchal Pradesh,Leparada,12,724,2016,1,135742.29754787,30,1800,1.5,7.0796584663999,1
Arunanchal Pradesh,Leparada,12,724,2017,1,65387.728333458,6,113,1.0,6.3206462279111,1
Arunanchal Pradesh,Leparada,12,724,2018,2,282769.212901843,20,825000,1.5,6.4513946279684,1
Arunanchal Pradesh,Leparada,12,724,2019,2,173841.69215279398,5,51000,1.0,6.1425909207914,1
Arunanchal Pradesh,Leparada,12,724,2020,3,187986.323667941,31,40000,2.0,6.3867704374577,1
Arunanchal Pradesh,Leparada,12,724,2021,1,78068.155820919,1,15000,1.5,5.7675351836779,1
Arunanchal Pradesh,Lohit,12,234,1988,1,626872.45850619,876,2000,1.0,7.1773904313439,1
Arunanchal Pradesh,Lohit,12,234,1995,1,102906.11366142,17,1000000,1.0,5.6145011683309,1
Arunanchal Pradesh,Lohit,12,234,1996,1,128966.82889056,82,3000000,1.0,6.2865692803449,1
Arunanchal Pradesh,Lohit,12,234,2000,1,55286.72822421,30,50000,2.0,5.8887489255588,1
Arunanchal Pradesh,Lohit,12,234,2007,2,178439.25091525202,111,11300000,1.0,6.9741987426607,1
Arunanchal Pradesh,Lohit,12,234,2008,2,364396.595813154,1042,1225000,2.0,7.0550817943772,1
Arunanchal Pradesh,Lohit,12,234,2009,2,201207.102974383,6,300000,1.0,5.8588066049802,1
Arunanchal Pradesh,Lohit,12,234,2013,1,38019.262210197,80,2000000,2.0,6.2427615165111,1
Arunanchal Pradesh,Lohit,12,234,2014,2,93511.44622344701,1,85000,1.0,6.0442546314,1
Arunanchal Pradesh,Lohit,12,234,2015,2,129627.370217144,8,27000,1.5,6.4045538388057,1
Arunanchal Pradesh,Lohit,12,234,2016,1,135742.29754787,30,1800,1.5,7.0796584663999,1
Arunanchal Pradesh,Lohit,12,234,2017,1,65387.728333458,6,113,1.0,6.3206462279111,1
Arunanchal Pradesh,Lohit,12,234,2018,2,282769.212901843,20,825000,1.5,6.4513946279684,1
Arunanchal Pradesh,Lohit,12,234,2019,2,173841.69215279398,5,51000,1.0,6.1425909207914,1
Arunanchal Pradesh,Lohit,12,234,2020,3,187986.323667941,31,40000,2.0,6.3867704374577,1
Arunanchal Pradesh,Lohit,12,234,2021,1,78068.155820919,1,15000,1.5,5.7675351836779,1
Arunanchal Pradesh,Longding,12,666,1990,1,93839.745064202,10,6000,1.0,5.2734168149189,1
Arunanchal Pradesh,Longding,12,666,1992,1,28221.71540273,0,0,1.0,5.4919760931342,1
Arunanchal Pradesh,Longding,12,666,1995,1,102906.11366142,17,1000000,1.0,5.6145011683309,1
Arunanchal Pradesh,Longding,12,666,2000,1,55286.72822421,30,50000,2.0,5.8887489255588,1
Arunanchal Pradesh,Longding,12,666,2007,2,178439.25091525202,111,11300000,1.0,6.9741987426607,1
Arunanchal Pradesh,Longding,12,666,2008,3,857685.794692324,1426,2670000,2.0,7.0499170611118,1
Arunanchal Pradesh,Longding,12,666,2009,2,201207.102974383,6,300000,1.0,5.8588066049802,1
Arunanchal Pradesh,Longding,12,666,2013,1,38019.262210197,80,2000000,2.0,6.2427615165111,1
Arunanchal Pradesh,Longding,12,666,2015,2,129627.370217144,8,27000,1.5,6.4045538388057,1
Arunanchal Pradesh,Longding,12,666,2017,1,65387.728333458,6,113,1.0,6.3206462279111,1
Arunanchal Pradesh,Longding,12,666,2018,1,209440.59330118,20,800000,1.5,6.4513946279684,1
Arunanchal Pradesh,Longding,12,666,2019,2,173841.69215279398,5,51000,1.0,6.1425909207914,1
Arunanchal Pradesh,Longding,12,666,2020,3,187986.323667941,31,40000,2.0,6.3867704374577,1
Arunanchal Pradesh,Longding,12,666,2021,1,78068.155820919,1,15000,1.5,5.7675351836779,1
Arunanchal Pradesh,Longding,12,666,2023,1,119900.0,0,2211,1.5,6.2091529515939,1
Arunanchal Pradesh,Lower Dibang Valley,12,235,1988,1,626872.45850619,876,2000,1.0,7.1773904313439,1
Arunanchal Pradesh,Lower Dibang Valley,12,235,1992,1,28221.71540273,0,0,1.0,5.4919760931342,1
Arunanchal Pradesh,Lower Dibang Valley,12,235,1996,1,128966.82889056,82,3000000,1.0,6.2865692803449,1
Arunanchal Pradesh,Lower Dibang Valley,12,235,1997,1,70603.06302533,97,0,1.0,5.8488235427819,1
Arunanchal Pradesh,Lower Dibang Valley,12,235,2000,1,55286.72822421,30,50000,2.0,5.8887489255588,1
Arunanchal Pradesh,Lower Dibang Valley,12,235,2002,1,3790.2295026277,0,25000,1.0,4.4237635477942,1
Arunanchal Pradesh,Lower Dibang Valley,12,235,2007,2,178439.25091525202,111,11300000,1.0,6.9741987426607,1
Arunanchal Pradesh,Lower Dibang Valley,12,235,2008,3,714960.407869354,1218,2825000,2.0,7.0550817943772,1
Arunanchal Pradesh,Lower Dibang Valley,12,235,2009,2,201207.102974383,6,300000,1.0,5.8588066049802,1
Arunanchal Pradesh,Lower Dibang Valley,12,235,2011,1,27203.383469618,0,0,1.0,5.7770456043711,1
Arunanchal Pradesh,Lower Dibang Valley,12,235,2013,1,38019.262210197,80,2000000,2.0,6.2427615165111,1
Arunanchal Pradesh,Lower Dibang Valley,12,235,2014,2,93511.44622344701,1,85000,1.0,6.0442546314,1
Arunanchal Pradesh,Lower Dibang Valley,12,235,2015,2,129627.370217144,8,27000,1.5,6.4045538388057,1
Arunanchal Pradesh,Lower Dibang Valley,12,235,2016,1,135742.29754787,30,1800,1.5,7.0796584663999,1
Arunanchal Pradesh,Lower Dibang Valley,12,235,2017,1,65387.728333458,6,113,1.0,6.3206462279111,1
Arunanchal Pradesh,Lower Dibang Valley,12,235,2018,2,282769.212901843,20,825000,1.5,6.4513946279684,1
Arunanchal Pradesh,Lower Dibang Valley,12,235,2019,2,173841.69215279398,5,51000,1.0,6.1425909207914,1
Arunanchal Pradesh,Lower Dibang Valley,12,235,2020,3,187986.323667941,31,40000,2.0,6.3867704374577,1
Arunanchal Pradesh,Lower Dibang Valley,12,235,2021,1,78068.155820919,1,15000,1.5,5.7675351836779,1
Arunanchal Pradesh,Lower Dibang Valley,12,235,2023,1,119900.0,0,2211,1.5,6.2091529515939,1
Arunanchal Pradesh,Lower Siang,12,719,1988,2,697374.2863907029,910,2002000,1.0,7.1773904313439,1
Arunanchal Pradesh,Lower Siang,12,719,1989,1,112816.35454502,31,32000,2.0,6.921603781912,1
Arunanchal Pradesh,Lower Siang,12,719,1990,2,146885.051442815,31,6000,2.0,5.8038282081955,1
Arunanchal Pradesh,Lower Siang,12,719,1991,1,55550.828056763,25,400000,1.0,5.589788577059,1
Arunanchal Pradesh,Lower Siang,12,719,1992,1,28221.71540273,0,0,1.0,5.4919760931342,1
Arunanchal Pradesh,Lower Siang,12,719,1995,2,410979.31857337,161,1510000,1.0,6.3337519666177,1
Arunanchal Pradesh,Lower Siang,12,719,1996,1,128966.82889056,82,3000000,1.0,6.2865692803449,1
Arunanchal Pradesh,Lower Siang,12,719,1997,1,70603.06302533,97,0,1.0,5.8488235427819,1
Arunanchal Pradesh,Lower Siang,12,719,2000,1,55286.72822421,30,50000,2.0,5.8887489255588,1
Arunanchal Pradesh,Lower Siang,12,719,2002,1,3790.2295026277,0,25000,1.0,4.4237635477942,1
Arunanchal Pradesh,Lower Siang,12,719,2007,2,178439.25091525202,111,11300000,1.0,6.9741987426607,1
Arunanchal Pradesh,Lower Siang,12,719,2008,5,1203771.248472259,1568,2895000,2.0,7.0550817943772,1
Arunanchal Pradesh,Lower Siang,12,719,2009,2,201207.102974383,6,300000,1.0,5.8588066049802,1
Arunanchal Pradesh,Lower Siang,12,719,2010,1,16885.625073568,0,0,1.0,4.7046383967404,1
Arunanchal Pradesh,Lower Siang,12,719,2011,2,77320.75852171099,7,11000,1.5,6.2740195840354,1
Arunanchal Pradesh,Lower Siang,12,719,2012,1,42597.56872424501,21,2000000,2.0,6.3617785720765,1
Arunanchal Pradesh,Lower Siang,12,719,2013,1,38019.262210197,80,2000000,2.0,6.2427615165111,1
Arunanchal Pradesh,Lower Siang,12,719,2014,3,155406.41197139502,60,115000,1.5,6.2230190910984,1
Arunanchal Pradesh,Lower Siang,12,719,2015,2,129627.370217144,8,27000,1.5,6.4045538388057,1
Arunanchal Pradesh,Lower Siang,12,719,2016,1,135742.29754787,30,1800,1.5,7.0796584663999,1
Arunanchal Pradesh,Lower Siang,12,719,2017,1,65387.728333458,6,113,1.0,6.3206462279111,1
Arunanchal Pradesh,Lower Siang,12,719,2018,2,282769.212901843,20,825000,1.5,6.4513946279684,1
Arunanchal Pradesh,Lower Siang,12,719,2019,2,173841.69215279398,5,51000,1.0,6.1425909207914,1
Arunanchal Pradesh,Lower Siang,12,719,2020,3,187986.323667941,31,40000,2.0,6.3867704374577,1
Arunanchal Pradesh,Lower Siang,12,719,2021,1,78068.155820919,1,15000,1.5,5.7675351836779,1
Arunanchal Pradesh,Lower Siang,12,719,2023,1,119900.0,0,2211,1.5,6.2091529515939,1
Arunanchal Pradesh,Lower Subansiri,12,236,1988,1,626872.45850619,876,2000,1.0,7.1773904313439,1
Arunanchal Pradesh,Lower Subansiri,12,236,1996,1,128966.82889056,82,3000000,1.0,6.2865692803449,1
Arunanchal Pradesh,Lower Subansiri,12,236,2007,2,178439.25091525202,111,11300000,1.0,6.9741987426607,1
Arunanchal Pradesh,Lower Subansiri,12,236,2008,5,1203771.248472259,1568,2895000,2.0,7.0550817943772,1
Arunanchal Pradesh,Lower Subansiri,12,236,2009,2,201207.102974383,6,300000,1.0,5.8588066049802,1
Arunanchal Pradesh,Lower Subansiri,12,236,2010,1,23813.351643945,0,10000,1.5,6.1863802397348,1
Arunanchal Pradesh,Lower Subansiri,12,236,2011,2,77320.75852171099,7,11000,1.5,6.2740195840354,1
Arunanchal Pradesh,Lower Subansiri,12,236,2013,1,38019.262210197,80,2000000,2.0,6.2427615165111,1
Arunanchal Pradesh,Lower Subansiri,12,236,2014,3,155406.41197139502,60,115000,1.5,6.2230190910984,1
Arunanchal Pradesh,Lower Subansiri,12,236,2015,2,129627.370217144,8,27000,1.5,6.4045538388057,1
Arunanchal Pradesh,Lower Subansiri,12,236,2016,1,135742.29754787,30,1800,1.5,7.0796584663999,1
Arunanchal Pradesh,Lower Subansiri,12,236,2017,1,65387.728333458,6,113,1.0,6.3206462279111,1
Arunanchal Pradesh,Lower Subansiri,12,236,2018,2,282769.212901843,20,825000,1.5,6.4513946279684,1
Arunanchal Pradesh,Lower Subansiri,12,236,2019,2,173841.69215279398,5,51000,1.0,6.1425909207914,1
Arunanchal Pradesh,Lower Subansiri,12,236,2020,3,187986.323667941,31,40000,2.0,6.3867704374577,1
Arunanchal Pradesh,Lower Subansiri,12,236,2021,1,78068.155820919,1,15000,1.5,5.7675351836779,1
Arunanchal Pradesh,Namsai,12,678,1988,1,626872.45850619,876,2000,1.0,7.1773904313439,1
Arunanchal Pradesh,Namsai,12,678,1989,1,112816.35454502,31,32000,2.0,6.921603781912,1
Arunanchal Pradesh,Namsai,12,678,1992,1,28221.71540273,0,0,1.0,5.4919760931342,1
Arunanchal Pradesh,Namsai,12,678,1995,1,102906.11366142,17,1000000,1.0,5.6145011683309,1
Arunanchal Pradesh,Namsai,12,678,1996,1,128966.82889056,82,3000000,1.0,6.2865692803449,1
Arunanchal Pradesh,Namsai,12,678,2000,1,55286.72822421,30,50000,2.0,5.8887489255588,1
Arunanchal Pradesh,Namsai,12,678,2007,2,178439.25091525202,111,11300000,1.0,6.9741987426607,1
Arunanchal Pradesh,Namsai,12,678,2008,2,364396.595813154,1042,1225000,2.0,7.0550817943772,1
Arunanchal Pradesh,Namsai,12,678,2009,2,201207.102974383,6,300000,1.0,5.8588066049802,1
Arunanchal Pradesh,Namsai,12,678,2010,1,16885.625073568,0,0,1.0,4.7046383967404,1
Arunanchal Pradesh,Namsai,12,678,2013,1,38019.262210197,80,2000000,2.0,6.2427615165111,1
Arunanchal Pradesh,Namsai,12,678,2014,2,93511.44622344701,1,85000,1.0,6.0442546314,1
Arunanchal Pradesh,Namsai,12,678,2015,2,129627.370217144,8,27000,1.5,6.4045538388057,1
Arunanchal Pradesh,Namsai,12,678,2016,1,135742.29754787,30,1800,1.5,7.0796584663999,1
Arunanchal Pradesh,Namsai,12,678,2017,1,65387.728333458,6,113,1.0,6.3206462279111,1
Arunanchal Pradesh,Namsai,12,678,2018,2,282769.212901843,20,825000,1.5,6.4513946279684,1
Arunanchal Pradesh,Namsai,12,678,2019,2,173841.69215279398,5,51000,1.0,6.1425909207914,1
Arunanchal Pradesh,Namsai,12,678,2020,3,187986.323667941,31,40000,2.0,6.3867704374577,1
Arunanchal Pradesh,Namsai,12,678,2021,1,78068.155820919,1,15000,1.5,5.7675351836779,1
Arunanchal Pradesh,Namsai,12,678,2023,1,119900.0,0,2211,1.5,6.2091529515939,1
Arunanchal Pradesh,Pakke Kessang,12,723,1988,3,739660.2807266699,986,2045000,1.0,7.1773904313439,1
Arunanchal Pradesh,Pakke Kessang,12,723,1990,1,93839.745064202,10,6000,1.0,5.2734168149189,1
Arunanchal Pradesh,Pakke Kessang,12,723,1991,1,55550.828056763,25,400000,1.0,5.589788577059,1
Arunanchal Pradesh,Pakke Kessang,12,723,1995,2,410979.31857337,161,1510000,1.0,6.3337519666177,1
Arunanchal Pradesh,Pakke Kessang,12,723,1996,1,128966.82889056,82,3000000,1.0,6.2865692803449,1
Arunanchal Pradesh,Pakke Kessang,12,723,1997,1,70603.06302533,97,0,1.0,5.8488235427819,1
Arunanchal Pradesh,Pakke Kessang,12,723,2000,1,55286.72822421,30,50000,2.0,5.8887489255588,1
Arunanchal Pradesh,Pakke Kessang,12,723,2007,2,178439.25091525202,111,11300000,1.0,6.9741987426607,1
Arunanchal Pradesh,Pakke Kessang,12,723,2008,5,1203771.248472259,1568,2895000,2.0,7.0550817943772,1
Arunanchal Pradesh,Pakke Kessang,12,723,2009,2,201207.102974383,6,300000,1.0,5.8588066049802,1
Arunanchal Pradesh,Pakke Kessang,12,723,2010,1,23813.351643945,0,10000,1.5,6.1863802397348,1
Arunanchal Pradesh,Pakke Kessang,12,723,2011,2,77320.75852171099,7,11000,1.5,6.2740195840354,1
Arunanchal Pradesh,Pakke Kessang,12,723,2012,1,29190.159515753,109,400000,1.5,6.2541115840633,1
Arunanchal Pradesh,Pakke Kessang,12,723,2014,3,155406.41197139502,60,115000,1.5,6.2230190910984,1
Arunanchal Pradesh,Pakke Kessang,12,723,2015,2,129627.370217144,8,27000,1.5,6.4045538388057,1
Arunanchal Pradesh,Pakke Kessang,12,723,2016,1,135742.29754787,30,1800,1.5,7.0796584663999,1
Arunanchal Pradesh,Pakke Kessang,12,723,2017,1,65387.728333458,6,113,1.0,6.3206462279111,1
Arunanchal Pradesh,Pakke Kessang,12,723,2018,2,282769.212901843,20,825000,1.5,6.4513946279684,1
Arunanchal Pradesh,Pakke Kessang,12,723,2019,2,173841.69215279398,5,51000,1.0,6.1425909207914,1
Arunanchal Pradesh,Pakke Kessang,12,723,2020,1,90592.234241099,1,0,1.0,5.5591509619541,1
Arunanchal Pradesh,Pakke Kessang,12,723,2021,1,78068.155820919,1,15000,1.5,5.7675351836779,1
Arunanchal Pradesh,Pakke Kessang,12,723,2022,1,124500.0,45,200000,2.0,6.2992893340877,1
Arunanchal Pradesh,Pakke Kessang,12,723,2023,1,119900.0,0,2211,1.5,6.2091529515939,1
Arunanchal Pradesh,Papum Pare,12,237,1988,3,739660.2807266699,986,2045000,1.0,7.1773904313439,1
Arunanchal Pradesh,Papum Pare,12,237,1989,1,112816.35454502,31,32000,2.0,6.921603781912,1
Arunanchal Pradesh,Papum Pare,12,237,1990,2,146885.051442815,31,6000,2.0,5.8038282081955,1
Arunanchal Pradesh,Papum Pare,12,237,1991,1,55550.828056763,25,400000,1.0,5.589788577059,1
Arunanchal Pradesh,Papum Pare,12,237,1992,1,28221.71540273,0,0,1.0,5.4919760931342,1
Arunanchal Pradesh,Papum Pare,12,237,1995,2,410979.31857337,161,1510000,1.0,6.3337519666177,1
Arunanchal Pradesh,Papum Pare,12,237,1996,1,128966.82889056,82,3000000,1.0,6.2865692803449,1
Arunanchal Pradesh,Papum Pare,12,237,1997,1,70603.06302533,97,0,1.0,5.8488235427819,1
Arunanchal Pradesh,Papum Pare,12,237,2000,1,55286.72822421,30,50000,2.0,5.8887489255588,1
Arunanchal Pradesh,Papum Pare,12,237,2007,2,178439.25091525202,111,11300000,1.0,6.9741987426607,1
Arunanchal Pradesh,Papum Pare,12,237,2008,5,1203771.248472259,1568,2895000,2.0,7.0550817943772,1
Arunanchal Pradesh,Papum Pare,12,237,2009,2,201207.102974383,6,300000,1.0,5.8588066049802,1
Arunanchal Pradesh,Papum Pare,12,237,2010,2,40698.976717513,0,10000,1.5,6.1863802397348,1
Arunanchal Pradesh,Papum Pare,12,237,2011,2,77320.75852171099,7,11000,1.5,6.2740195840354,1
Arunanchal Pradesh,Papum Pare,12,237,2012,2,71787.728239998,130,2400000,2.0,6.3617785720765,1
Arunanchal Pradesh,Papum Pare,12,237,2013,1,38019.262210197,80,2000000,2.0,6.2427615165111,1
Arunanchal Pradesh,Papum Pare,12,237,2014,3,155406.41197139502,60,115000,1.5,6.2230190910984,1
Arunanchal Pradesh,Papum Pare,12,237,2015,2,129627.370217144,8,27000,1.5,6.4045538388057,1
Arunanchal Pradesh,Papum Pare,12,237,2016,1,135742.29754787,30,1800,1.5,7.0796584663999,1
Arunanchal Pradesh,Papum Pare,12,237,2017,1,65387.728333458,6,113,1.0,6.3206462279111,1
Arunanchal Pradesh,Papum Pare,12,237,2018,2,282769.212901843,20,825000,1.5,6.4513946279684,1
Arunanchal Pradesh,Papum Pare,12,237,2019,2,173841.69215279398,5,51000,1.0,6.1425909207914,1
Arunanchal Pradesh,Papum Pare,12,237,2020,2,128558.944080924,31,10000,2.0,5.9596142049214,1
Arunanchal Pradesh,Papum Pare,12,237,2021,1,78068.155820919,1,15000,1.5,5.7675351836779,1
Arunanchal Pradesh,Papum Pare,12,237,2023,1,119900.0,0,2211,1.5,6.2091529515939,1
Arunanchal Pradesh,Shi Yomi,12,725,1996,1,128966.82889056,82,3000000,1.0,6.2865692803449,1
Arunanchal Pradesh,Shi Yomi,12,725,2008,3,714960.407869354,1218,2825000,2.0,7.0550817943772,1
Arunanchal Pradesh,Shi Yomi,12,725,2009,1,128962.30100194,6,0,1.0,5.7125227647307,1
Arunanchal Pradesh,Shi Yomi,12,725,2014,1,49220.53425034,0,10000,1.0,5.1692675780384,1
Arunanchal Pradesh,Shi Yomi,12,725,2017,1,65387.728333458,6,113,1.0,6.3206462279111,1
Arunanchal Pradesh,Shi Yomi,12,725,2018,2,282769.212901843,20,825000,1.5,6.4513946279684,1
Arunanchal Pradesh,Shi Yomi,12,725,2019,2,173841.69215279398,5,51000,1.0,6.1425909207914,1
Arunanchal Pradesh,Shi Yomi,12,725,2020,2,150019.61382811598,1,30000,1.0,6.3867704374577,1
Arunanchal Pradesh,Shi Yomi,12,725,2021,1,78068.155820919,1,15000,1.5,5.7675351836779,1
Arunanchal Pradesh,Siang,12,679,1988,1,626872.45850619,876,2000,1.0,7.1773904313439,1
Arunanchal Pradesh,Siang,12,679,1996,1,128966.82889056,82,3000000,1.0,6.2865692803449,1
Arunanchal Pradesh,Siang,12,679,2007,2,178439.25091525202,111,11300000,1.0,6.9741987426607,1
Arunanchal Pradesh,Siang,12,679,2008,4,1141491.9452057339,1568,2895000,2.0,7.0550817943772,1
Arunanchal Pradesh,Siang,12,679,2009,2,201207.102974383,6,300000,1.0,5.8588066049802,1
Arunanchal Pradesh,Siang,12,679,2011,1,27203.383469618,0,0,1.0,5.7770456043711,1
Arunanchal Pradesh,Siang,12,679,2012,1,42597.56872424501,21,2000000,2.0,6.3617785720765,1
Arunanchal Pradesh,Siang,12,679,2013,1,38019.262210197,80,2000000,2.0,6.2427615165111,1
Arunanchal Pradesh,Siang,12,679,2014,3,155406.41197139502,60,115000,1.5,6.2230190910984,1
Arunanchal Pradesh,Siang,12,679,2015,2,129627.370217144,8,27000,1.5,6.4045538388057,1
Arunanchal Pradesh,Siang,12,679,2016,1,135742.29754787,30,1800,1.5,7.0796584663999,1
Arunanchal Pradesh,Siang,12,679,2017,1,65387.728333458,6,113,1.0,6.3206462279111,1
Arunanchal Pradesh,Siang,12,679,2018,2,282769.212901843,20,825000,1.5,6.4513946279684,1
Arunanchal Pradesh,Siang,12,679,2019,2,173841.69215279398,5,51000,1.0,6.1425909207914,1
Arunanchal Pradesh,Siang,12,679,2020,3,187986.323667941,31,40000,2.0,6.3867704374577,1
Arunanchal Pradesh,Siang,12,679,2021,1,78068.155820919,1,15000,1.5,5.7675351836779,1
Arunanchal Pradesh,Tawang,12,238,2008,2,710337.68784979,492,295000,2.0,7.0550817943772,1
Arunanchal Pradesh,Tawang,12,238,2009,1,128962.30100194,6,0,1.0,5.7125227647307,1
Arunanchal Pradesh,Tirap,12,239,1989,1,112816.35454502,31,32000,2.0,6.921603781912,1
Arunanchal Pradesh,Tirap,12,239,1990,2,146885.051442815,31,6000,2.0,5.8038282081955,1
Arunanchal Pradesh,Tirap,12,239,1992,1,28221.71540273,0,0,1.0,5.4919760931342,1
Arunanchal Pradesh,Tirap,12,239,1995,2,410979.31857337,161,1510000,1.0,6.3337519666177,1
Arunanchal Pradesh,Tirap,12,239,1996,1,128966.82889056,82,3000000,1.0,6.2865692803449,1
Arunanchal Pradesh,Tirap,12,239,2000,1,55286.72822421,30,50000,2.0,5.8887489255588,1
Arunanchal Pradesh,Tirap,12,239,2007,2,178439.25091525202,111,11300000,1.0,6.9741987426607,1
Arunanchal Pradesh,Tirap,12,239,2008,2,431154.257355944,1076,2600000,2.0,7.0499170611118,1
Arunanchal Pradesh,Tirap,12,239,2009,2,201207.102974383,6,300000,1.0,5.8588066049802,1
Arunanchal Pradesh,Tirap,12,239,2013,1,38019.262210197,80,2000000,2.0,6.2427615165111,1
Arunanchal Pradesh,Tirap,12,239,2015,2,129627.370217144,8,27000,1.5,6.4045538388057,1
Arunanchal Pradesh,Tirap,12,239,2017,1,65387.728333458,6,113,1.0,6.3206462279111,1
Arunanchal Pradesh,Tirap,12,239,2018,2,282769.212901843,20,825000,1.5,6.4513946279684,1
Arunanchal Pradesh,Tirap,12,239,2019,2,173841.69215279398,5,51000,1.0,6.1425909207914,1
Arunanchal Pradesh,Tirap,12,239,2020,3,187986.323667941,31,40000,2.0,6.3867704374577,1
Arunanchal Pradesh,Tirap,12,239,2021,1,78068.155820919,1,15000,1.5,5.7675351836779,1
Arunanchal Pradesh,Tirap,12,239,2023,1,119900.0,0,2211,1.5,6.2091529515939,1
Arunanchal Pradesh,Upper Siang,12,240,1988,1,626872.45850619,876,2000,1.0,7.1773904313439,1
Arunanchal Pradesh,Upper Siang,12,240,1996,1,128966.82889056,82,3000000,1.0,6.2865692803449,1
Arunanchal Pradesh,Upper Siang,12,240,2008,4,1141491.9452057339,1568,2895000,2.0,7.0550817943772,1
Arunanchal Pradesh,Upper Siang,12,240,2009,2,201207.102974383,6,300000,1.0,5.8588066049802,1
Arunanchal Pradesh,Upper Siang,12,240,2011,1,27203.383469618,0,0,1.0,5.7770456043711,1
Arunanchal Pradesh,Upper Siang,12,240,2013,1,38019.262210197,80,2000000,2.0,6.2427615165111,1
Arunanchal Pradesh,Upper Siang,12,240,2014,2,93511.44622344701,1,85000,1.0,6.0442546314,1
Arunanchal Pradesh,Upper Siang,12,240,2015,1,69190.14061193,5,18000,1.0,6.3171654679207,1
Arunanchal Pradesh,Upper Siang,12,240,2016,1,135742.29754787,30,1800,1.5,7.0796584663999,1
Arunanchal Pradesh,Upper Siang,12,240,2017,1,65387.728333458,6,113,1.0,6.3206462279111,1
Arunanchal Pradesh,Upper Siang,12,240,2018,2,282769.212901843,20,825000,1.5,6.4513946279684,1
Arunanchal Pradesh,Upper Siang,12,240,2019,2,173841.69215279398,5,51000,1.0,6.1425909207914,1
Arunanchal Pradesh,Upper Siang,12,240,2020,3,187986.323667941,31,40000,2.0,6.3867704374577,1
Arunanchal Pradesh,Upper Siang,12,240,2021,1,78068.155820919,1,15000,1.5,5.7675351836779,1
Arunanchal Pradesh,Upper Subansiri,12,241,1996,1,128966.82889056,82,3000000,1.0,6.2865692803449,1
Arunanchal Pradesh,Upper Subansiri,12,241,2007,2,178439.25091525202,111,11300000,1.0,6.9741987426607,1
Arunanchal Pradesh,Upper Subansiri,12,241,2008,5,1203771.248472259,1568,2895000,2.0,7.0550817943772,1
Arunanchal Pradesh,Upper Subansiri,12,241,2009,2,201207.102974383,6,300000,1.0,5.8588066049802,1
Arunanchal Pradesh,Upper Subansiri,12,241,2011,1,27203.383469618,0,0,1.0,5.7770456043711,1
Arunanchal Pradesh,Upper Subansiri,12,241,2013,1,38019.262210197,80,2000000,2.0,6.2427615165111,1
Arunanchal Pradesh,Upper Subansiri,12,241,2014,3,155406.41197139502,60,115000,1.5,6.2230190910984,1
Arunanchal Pradesh,Upper Subansiri,12,241,2015,1,69190.14061193,5,18000,1.0,6.3171654679207,1
Arunanchal Pradesh,Upper Subansiri,12,241,2016,1,135742.29754787,30,1800,1.5,7.0796584663999,1
Arunanchal Pradesh,Upper Subansiri,12,241,2017,1,65387.728333458,6,113,1.0,6.3206462279111,1
Arunanchal Pradesh,Upper Subansiri,12,241,2018,2,282769.212901843,20,825000,1.5,6.4513946279684,1
Arunanchal Pradesh,Upper Subansiri,12,241,2019,2,173841.69215279398,5,51000,1.0,6.1425909207914,1
Arunanchal Pradesh,Upper Subansiri,12,241,2020,3,187986.323667941,31,40000,2.0,6.3867704374577,1
Arunanchal Pradesh,Upper Subansiri,12,241,2021,1,78068.155820919,1,15000,1.5,5.7675351836779,1
Arunanchal Pradesh,West Kameng,12,242,1988,3,739660.2807266699,986,2045000,1.0,7.1773904313439,1
Arunanchal Pradesh,West Kameng,12,242,1989,1,112816.35454502,31,32000,2.0,6.921603781912,1
Arunanchal Pradesh,West Kameng,12,242,1990,1,93839.745064202,10,6000,1.0,5.2734168149189,1
Arunanchal Pradesh,West Kameng,12,242,1995,2,410979.31857337,161,1510000,1.0,6.3337519666177,1
Arunanchal Pradesh,West Kameng,12,242,1996,1,128966.82889056,82,3000000,1.0,6.2865692803449,1
Arunanchal Pradesh,West Kameng,12,242,1997,1,70603.06302533,97,0,1.0,5.8488235427819,1
Arunanchal Pradesh,West Kameng,12,242,2007,1,103551.72796236,96,11100000,1.0,6.9741987426607,1
Arunanchal Pradesh,West Kameng,12,242,2008,4,1141491.9452057339,1568,2895000,2.0,7.0550817943772,1
Arunanchal Pradesh,West Kameng,12,242,2009,2,201207.102974383,6,300000,1.0,5.8588066049802,1
Arunanchal Pradesh,West Kameng,12,242,2010,1,23813.351643945,0,10000,1.5,6.1863802397348,1
Arunanchal Pradesh,West Kameng,12,242,2011,1,50117.375052093,7,11000,1.5,6.2740195840354,1
Arunanchal Pradesh,West Kameng,12,242,2012,1,29190.159515753,109,400000,1.5,6.2541115840633,1
Arunanchal Pradesh,West Kameng,12,242,2014,1,61894.965747948,59,30000,1.5,6.2230190910984,1
Arunanchal Pradesh,West Kameng,12,242,2015,2,129627.370217144,8,27000,1.5,6.4045538388057,1
Arunanchal Pradesh,West Kameng,12,242,2016,1,135742.29754787,30,1800,1.5,7.0796584663999,1
Arunanchal Pradesh,West Kameng,12,242,2018,2,282769.212901843,20,825000,1.5,6.4513946279684,1
Arunanchal Pradesh,West Kameng,12,242,2019,2,173841.69215279398,5,51000,1.0,6.1425909207914,1
Arunanchal Pradesh,West Kameng,12,242,2023,1,119900.0,0,2211,1.5,6.2091529515939,1
Arunanchal Pradesh,West Siang,12,243,1988,1,626872.45850619,876,2000,1.0,7.1773904313439,1
Arunanchal Pradesh,West Siang,12,243,1996,1,128966.82889056,82,3000000,1.0,6.2865692803449,1
Arunanchal Pradesh,West Siang,12,243,2008,4,1141491.9452057339,1568,2895000,2.0,7.0550817943772,1
Arunanchal Pradesh,West Siang,12,243,2009,2,201207.102974383,6,300000,1.0,5.8588066049802,1
Arunanchal Pradesh,West Siang,12,243,2011,1,27203.383469618,0,0,1.0,5.7770456043711,1
Arunanchal Pradesh,West Siang,12,243,2013,1,38019.262210197,80,2000000,2.0,6.2427615165111,1
Arunanchal Pradesh,West Siang,12,243,2014,3,155406.41197139502,60,115000,1.5,6.2230190910984,1
Arunanchal Pradesh,West Siang,12,243,2015,1,69190.14061193,5,18000,1.0,6.3171654679207,1
Arunanchal Pradesh,West Siang,12,243,2016,1,135742.29754787,30,1800,1.5,7.0796584663999,1
Arunanchal Pradesh,West Siang,12,243,2017,1,65387.728333458,6,113,1.0,6.3206462279111,1
Arunanchal Pradesh,West Siang,12,243,2018,2,282769.212901843,20,825000,1.5,6.4513946279684,1
Arunanchal Pradesh,West Siang,12,243,2019,2,173841.69215279398,5,51000,1.0,6.1425909207914,1
Arunanchal Pradesh,West Siang,12,243,2020,3,187986.323667941,31,40000,2.0,6.3867704374577,1
Arunanchal Pradesh,West Siang,12,243,2021,1,78068.155820919,1,15000,1.5,5.7675351836779,1
Assam,Baksa,18,616,1988,3,739660.2807266699,986,2045000,1.0,7.1773904313439,1
Assam,Baksa,18,616,1989,1,112816.35454502,31,32000,2.0,6.921603781912,1
Assam,Baksa,18,616,1990,2,146885.051442815,31,6000,2.0,5.8038282081955,1
Assam,Baksa,18,616,1991,1,55550.828056763,25,400000,1.0,5.589788577059,1
Assam,Baksa,18,616,1995,2,410979.31857337,161,1510000,1.0,6.3337519666177,1
Assam,Baksa,18,616,1996,1,128966.82889056,82,3000000,1.0,6.2865692803449,1
Assam,Baksa,18,616,1997,1,70603.06302533,97,0,1.0,5.8488235427819,1
Assam,Baksa,18,616,2000,1,55286.72822421,30,50000,2.0,5.8887489255588,1
Assam,Baksa,18,616,2007,1,103551.72796236,96,11100000,1.0,6.9741987426607,1
Assam,Baksa,18,616,2008,3,1060901.49990599,668,1895000,2.0,7.0550817943772,1
Assam,Baksa,18,616,2009,2,201207.102974383,6,300000,1.0,5.8588066049802,1
Assam,Baksa,18,616,2010,1,13472.46458897,0,300,2.0,5.0325370377618,1
Assam,Baksa,18,616,2011,1,50117.375052093,7,11000,1.5,6.2740195840354,1
Assam,Baksa,18,616,2012,2,71787.728239998,130,2400000,2.0,6.3617785720765,1
Assam,Baksa,18,616,2014,1,61894.965747948,59,30000,1.5,6.2230190910984,1
Assam,Baksa,18,616,2015,2,129627.370217144,8,27000,1.5,6.4045538388057,1
Assam,Baksa,18,616,2016,1,135742.29754787,30,1800,1.5,7.0796584663999,1
Assam,Baksa,18,616,2018,2,282769.212901843,20,825000,1.5,6.4513946279684,1
Assam,Baksa,18,616,2019,1,106818.76893004,2,1000,1.0,6.1425909207914,1
Assam,Baksa,18,616,2022,2,167500.0,48,240000,2.0,6.2992893340877,1
Assam,Baksa,18,616,2023,1,119900.0,0,2211,1.5,6.2091529515939,1
Assam,Barpeta,18,280,1988,3,739660.2807266699,986,2045000,1.0,7.1773904313439,1
Assam,Barpeta,18,280,1989,1,112816.35454502,31,32000,2.0,6.921603781912,1
Assam,Barpeta,18,280,1990,2,146885.051442815,31,6000,2.0,5.8038282081955,1
Assam,Barpeta,18,280,1991,1,55550.828056763,25,400000,1.0,5.589788577059,1
Assam,Barpeta,18,280,1995,2,410979.31857337,161,1510000,1.0,6.3337519666177,1
Assam,Barpeta,18,280,1996,1,128966.82889056,82,3000000,1.0,6.2865692803449,1
Assam,Barpeta,18,280,1997,1,70603.06302533,97,0,1.0,5.8488235427819,1
Assam,Barpeta,18,280,2007,1,103551.72796236,96,11100000,1.0,6.9741987426607,1
Assam,Barpeta,18,280,2008,3,1060901.49990599,668,1895000,2.0,7.0550817943772,1
Assam,Barpeta,18,280,2010,2,26028.270401208,1,30300,2.0,5.3888792016554,1
Assam,Barpeta,18,280,2011,1,50117.375052093,7,11000,1.5,6.2740195840354,1
Assam,Barpeta,18,280,2012,2,71787.728239998,130,2400000,2.0,6.3617785720765,1
Assam,Barpeta,18,280,2014,1,61894.965747948,59,30000,1.5,6.2230190910984,1
Assam,Barpeta,18,280,2015,1,69190.14061193,5,18000,1.0,6.3171654679207,1
Assam,Barpeta,18,280,2018,1,209440.59330118,20,800000,1.5,6.4513946279684,1
Assam,Barpeta,18,280,2022,1,124500.0,45,200000,2.0,6.2992893340877,1
Assam,Barpeta,18,280,2023,1,119900.0,0,2211,1.5,6.2091529515939,1
Assam,Biswanath,18,705,1988,3,739660.2807266699,986,2045000,1.0,7.1773904313439,1
Assam,Biswanath,18,705,1989,1,112816.35454502,31,32000,2.0,6.921603781912,1
Assam,Biswanath,18,705,1990,2,146885.051442815,31,6000,2.0,5.8038282081955,1
Assam,Biswanath,18,705,1991,1,55550.828056763,25,400000,1.0,5.589788577059,1
Assam,Biswanath,18,705,1992,1,28221.71540273,0,0,1.0,5.4919760931342,1
Assam,Biswanath,18,705,1995,2,410979.31857337,161,1510000,1.0,6.3337519666177,1
Assam,Biswanath,18,705,1996,1,128966.82889056,82,3000000,1.0,6.2865692803449,1
Assam,Biswanath,18,705,1997,1,70603.06302533,97,0,1.0,5.8488235427819,1
Assam,Biswanath,18,705,2000,1,55286.72822421,30,50000,2.0,5.8887489255588,1
Assam,Biswanath,18,705,2007,2,178439.25091525202,111,11300000,1.0,6.9741987426607,1
Assam,Biswanath,18,705,2008,5,1203771.248472259,1568,2895000,2.0,7.0550817943772,1
Assam,Biswanath,18,705,2009,2,201207.102974383,6,300000,1.0,5.8588066049802,1
Assam,Biswanath,18,705,2010,2,40698.976717513,0,10000,1.5,6.1863802397348,1
Assam,Biswanath,18,705,2011,2,77320.75852171099,7,11000,1.5,6.2740195840354,1
Assam,Biswanath,18,705,2012,2,71787.728239998,130,2400000,2.0,6.3617785720765,1
Assam,Biswanath,18,705,2013,1,38019.262210197,80,2000000,2.0,6.2427615165111,1
Assam,Biswanath,18,705,2014,3,155406.41197139502,60,115000,1.5,6.2230190910984,1
Assam,Biswanath,18,705,2015,2,129627.370217144,8,27000,1.5,6.4045538388057,1
Assam,Biswanath,18,705,2016,1,135742.29754787,30,1800,1.5,7.0796584663999,1
Assam,Biswanath,18,705,2017,1,65387.728333458,6,113,1.0,6.3206462279111,1
Assam,Biswanath,18,705,2018,2,282769.212901843,20,825000,1.5,6.4513946279684,1
Assam,Biswanath,18,705,2019,2,173841.69215279398,5,51000,1.0,6.1425909207914,1
Assam,Biswanath,18,705,2020,2,128558.944080924,31,10000,2.0,5.9596142049214,1
Assam,Biswanath,18,705,2021,1,78068.155820919,1,15000,1.5,5.7675351836779,1
Assam,Biswanath,18,705,2022,1,124500.0,45,200000,2.0,6.2992893340877,1
Assam,Biswanath,18,705,2023,1,119900.0,0,2211,1.5,6.2091529515939,1
Assam,Bongaigaon,18,281,1988,3,739660.2807266699,986,2045000,1.0,7.1773904313439,1
Assam,Bongaigaon,18,281,1989,1,112816.35454502,31,32000,2.0,6.921603781912,1
Assam,Bongaigaon,18,281,1990,2,146885.051442815,31,6000,2.0,5.8038282081955,1
Assam,Bongaigaon,18,281,1991,1,55550.828056763,25,400000,1.0,5.589788577059,1
Assam,Bongaigaon,18,281,1995,2,410979.31857337,161,1510000,1.0,6.3337519666177,1
Assam,Bongaigaon,18,281,1996,1,128966.82889056,82,3000000,1.0,6.2865692803449,1
Assam,Bongaigaon,18,281,1997,1,70603.06302533,97,0,1.0,5.8488235427819,1
Assam,Bongaigaon,18,281,2007,1,103551.72796236,96,11100000,1.0,6.9741987426607,1
Assam,Bongaigaon,18,281,2008,3,1060901.49990599,668,1895000,2.0,7.0550817943772,1
Assam,Bongaigaon,18,281,2011,1,50117.375052093,7,11000,1.5,6.2740195840354,1
Assam,Bongaigaon,18,281,2012,2,71787.728239998,130,2400000,2.0,6.3617785720765,1
Assam,Bongaigaon,18,281,2014,1,61894.965747948,59,30000,1.5,6.2230190910984,1
Assam,Bongaigaon,18,281,2018,1,209440.59330118,20,800000,1.5,6.4513946279684,1
Assam,Bongaigaon,18,281,2022,1,124500.0,45,200000,2.0,6.2992893340877,1
Assam,Bongaigaon,18,281,2023,1,119900.0,0,2211,1.5,6.2091529515939,1
Assam,Cachar,18,282,1989,1,112816.35454502,31,32000,2.0,6.921603781912,1
Assam,Cachar,18,282,1990,1,93839.745064202,10,6000,1.0,5.2734168149189,1
Assam,Cachar,18,282,1991,1,26042.819226227,13,25000,1.0,5.114658000673,1
Assam,Cachar,18,282,1995,2,123053.83425180899,57,1003200,1.0,5.6145011683309,1
Assam,Cachar,18,282,1997,1,70603.06302533,97,0,1.0,5.8488235427819,1
Assam,Cachar,18,282,2007,2,178439.25091525202,111,11300000,1.0,6.9741987426607,1
Assam,Cachar,18,282,2008,2,777095.34939258,526,1670000,2.0,7.0499170611118,1
Assam,Cachar,18,282,2022,1,43000.0,3,40000,2.0,5.7126497016272,1
Assam,Cachar,18,282,2023,1,119900.0,0,2211,1.5,6.2091529515939,1
Assam,Charaideo,18,708,1988,1,626872.45850619,876,2000,1.0,7.1773904313439,1
Assam,Charaideo,18,708,1989,1,112816.35454502,31,32000,2.0,6.921603781912,1
Assam,Charaideo,18,708,1990,2,146885.051442815,31,6000,2.0,5.8038282081955,1
Assam,Charaideo,18,708,1991,1,55550.828056763,25,400000,1.0,5.589788577059,1
Assam,Charaideo,18,708,1992,1,28221.71540273,0,0,1.0,5.4919760931342,1
Assam,Charaideo,18,708,1995,2,410979.31857337,161,1510000,1.0,6.3337519666177,1
Assam,Charaideo,18,708,1996,1,128966.82889056,82,3000000,1.0,6.2865692803449,1
Assam,Charaideo,18,708,1997,1,70603.06302533,97,0,1.0,5.8488235427819,1
Assam,Charaideo,18,708,2000,1,55286.72822421,30,50000,2.0,5.8887489255588,1
Assam,Charaideo,18,708,2007,2,178439.25091525202,111,11300000,1.0,6.9741987426607,1
Assam,Charaideo,18,708,2008,4,919965.0979588489,1426,2670000,2.0,7.0499170611118,1
Assam,Charaideo,18,708,2009,2,201207.102974383,6,300000,1.0,5.8588066049802,1
Assam,Charaideo,18,708,2010,1,16885.625073568,0,0,1.0,4.7046383967404,1
Assam,Charaideo,18,708,2011,1,50117.375052093,7,11000,1.5,6.2740195840354,1
Assam,Charaideo,18,708,2012,1,42597.56872424501,21,2000000,2.0,6.3617785720765,1
Assam,Charaideo,18,708,2013,1,38019.262210197,80,2000000,2.0,6.2427615165111,1
Assam,Charaideo,18,708,2014,2,93511.44622344701,1,85000,1.0,6.0442546314,1
Assam,Charaideo,18,708,2015,2,129627.370217144,8,27000,1.5,6.4045538388057,1
Assam,Charaideo,18,708,2016,1,135742.29754787,30,1800,1.5,7.0796584663999,1
Assam,Charaideo,18,708,2017,1,65387.728333458,6,113,1.0,6.3206462279111,1
Assam,Charaideo,18,708,2018,2,282769.212901843,20,825000,1.5,6.4513946279684,1
Assam,Charaideo,18,708,2019,2,173841.69215279398,5,51000,1.0,6.1425909207914,1
Assam,Charaideo,18,708,2020,3,187986.323667941,31,40000,2.0,6.3867704374577,1
Assam,Charaideo,18,708,2021,1,78068.155820919,1,15000,1.5,5.7675351836779,1
Assam,Charaideo,18,708,2023,1,119900.0,0,2211,1.5,6.2091529515939,1
Assam,Chirang,18,612,1988,3,739660.2807266699,986,2045000,1.0,7.1773904313439,1
Assam,Chirang,18,612,1989,1,112816.35454502,31,32000,2.0,6.921603781912,1
Assam,Chirang,18,612,1990,2,146885.051442815,31,6000,2.0,5.8038282081955,1
Assam,Chirang,18,612,1995,2,410979.31857337,161,1510000,1.0,6.3337519666177,1
Assam,Chirang,18,612,1996,1,128966.82889056,82,3000000,1.0,6.2865692803449,1
Assam,Chirang,18,612,1997,1,70603.06302533,97,0,1.0,5.8488235427819,1
Assam,Chirang,18,612,2007,1,103551.72796236,96,11100000,1.0,6.9741987426607,1
Assam,Chirang,18,612,2008,3,1060901.49990599,668,1895000,2.0,7.0550817943772,1
Assam,Chirang,18,612,2011,1,50117.375052093,7,11000,1.5,6.2740195840354,1
Assam,Chirang,18,612,2012,2,71787.728239998,130,2400000,2.0,6.3617785720765,1
Assam,Chirang,18,612,2018,1,209440.59330118,20,800000,1.5,6.4513946279684,1
Assam,Chirang,18,612,2022,1,124500.0,45,200000,2.0,6.2992893340877,1
Assam,Chirang,18,612,2023,1,119900.0,0,2211,1.5,6.2091529515939,1
Assam,Darrang,18,283,1988,3,739660.2807266699,986,2045000,1.0,7.1773904313439,1
Assam,Darrang,18,283,1989,1,112816.35454502,31,32000,2.0,6.921603781912,1
Assam,Darrang,18,283,1990,2,146885.051442815,31,6000,2.0,5.8038282081955,1
Assam,Darrang,18,283,1991,1,55550.828056763,25,400000,1.0,5.589788577059,1
Assam,Darrang,18,283,1995,2,410979.31857337,161,1510000,1.0,6.3337519666177,1
Assam,Darrang,18,283,1996,1,128966.82889056,82,3000000,1.0,6.2865692803449,1
Assam,Darrang,18,283,1997,1,70603.06302533,97,0,1.0,5.8488235427819,1
Assam,Darrang,18,283,2000,1,55286.72822421,30,50000,2.0,5.8887489255588,1
Assam,Darrang,18,283,2007,2,178439.25091525202,111,11300000,1.0,6.9741987426607,1
Assam,Darrang,18,283,2008,4,1123180.803172515,668,1895000,2.0,7.0550817943772,1
Assam,Darrang,18,283,2009,2,201207.102974383,6,300000,1.0,5.8588066049802,1
Assam,Darrang,18,283,2010,3,49841.622045153,1,40300,2.0,6.1863802397348,1
Assam,Darrang,18,283,2011,1,50117.375052093,7,11000,1.5,6.2740195840354,1
Assam,Darrang,18,283,2012,2,71787.728239998,130,2400000,2.0,6.3617785720765,1
Assam,Darrang,18,283,2014,1,61894.965747948,59,30000,1.5,6.2230190910984,1
Assam,Darrang,18,283,2015,2,129627.370217144,8,27000,1.5,6.4045538388057,1
Assam,Darrang,18,283,2016,1,135742.29754787,30,1800,1.5,7.0796584663999,1
Assam,Darrang,18,283,2018,2,282769.212901843,20,825000,1.5,6.4513946279684,1
Assam,Darrang,18,283,2019,1,106818.76893004,2,1000,1.0,6.1425909207914,1
Assam,Darrang,18,283,2021,1,78068.155820919,1,15000,1.5,5.7675351836779,1
Assam,Darrang,18,283,2022,2,167500.0,48,240000,2.0,6.2992893340877,1
Assam,Darrang,18,283,2023,1,119900.0,0,2211,1.5,6.2091529515939,1
Assam,Dhemaji,18,284,1988,2,697374.2863907029,910,2002000,1.0,7.1773904313439,1
Assam,Dhemaji,18,284,1989,1,112816.35454502,31,32000,2.0,6.921603781912,1
Assam,Dhemaji,18,284,1990,2,146885.051442815,31,6000,2.0,5.8038282081955,1
Assam,Dhemaji,18,284,1991,1,55550.828056763,25,400000,1.0,5.589788577059,1
Assam,Dhemaji,18,284,1992,1,28221.71540273,0,0,1.0,5.4919760931342,1
Assam,Dhemaji,18,284,1995,2,410979.31857337,161,1510000,1.0,6.3337519666177,1
Assam,Dhemaji,18,284,1996,1,128966.82889056,82,3000000,1.0,6.2865692803449,1
Assam,Dhemaji,18,284,1997,1,70603.06302533,97,0,1.0,5.8488235427819,1
Assam,Dhemaji,18,284,2000,1,55286.72822421,30,50000,2.0,5.8887489255588,1
Assam,Dhemaji,18,284,2002,1,3790.2295026277,0,25000,1.0,4.4237635477942,1
Assam,Dhemaji,18,284,2007,2,178439.25091525202,111,11300000,1.0,6.9741987426607,1
Assam,Dhemaji,18,284,2008,5,1203771.248472259,1568,2895000,2.0,7.0550817943772,1
Assam,Dhemaji,18,284,2009,2,201207.102974383,6,300000,1.0,5.8588066049802,1
Assam,Dhemaji,18,284,2010,1,16885.625073568,0,0,1.0,4.7046383967404,1
Assam,Dhemaji,18,284,2011,2,77320.75852171099,7,11000,1.5,6.2740195840354,1
Assam,Dhemaji,18,284,2012,1,42597.56872424501,21,2000000,2.0,6.3617785720765,1
Assam,Dhemaji,18,284,2013,1,38019.262210197,80,2000000,2.0,6.2427615165111,1
Assam,Dhemaji,18,284,2014,3,155406.41197139502,60,115000,1.5,6.2230190910984,1
Assam,Dhemaji,18,284,2015,2,129627.370217144,8,27000,1.5,6.4045538388057,1
Assam,Dhemaji,18,284,2016,1,135742.29754787,30,1800,1.5,7.0796584663999,1
Assam,Dhemaji,18,284,2017,1,65387.728333458,6,113,1.0,6.3206462279111,1
Assam,Dhemaji,18,284,2018,2,282769.212901843,20,825000,1.5,6.4513946279684,1
Assam,Dhemaji,18,284,2019,2,173841.69215279398,5,51000,1.0,6.1425909207914,1
Assam,Dhemaji,18,284,2020,3,187986.323667941,31,40000,2.0,6.3867704374577,1
Assam,Dhemaji,18,284,2021,1,78068.155820919,1,15000,1.5,5.7675351836779,1
Assam,Dhemaji,18,284,2022,1,124500.0,45,200000,2.0,6.2992893340877,1
Assam,Dhemaji,18,284,2023,1,119900.0,0,2211,1.5,6.2091529515939,1
Assam,Dhubri,18,285,1986,1,231516.28043233,49,700000,1.0,6.6433351373578,1
Assam,Dhubri,18,285,1988,2,697374.2863907029,910,2002000,1.0,7.1773904313439,1
Assam,Dhubri,18,285,1989,1,112816.35454502,31,32000,2.0,6.921603781912,1
Assam,Dhubri,18,285,1990,2,146885.051442815,31,6000,2.0,5.8038282081955,1
Assam,Dhubri,18,285,1995,2,410979.31857337,161,1510000,1.0,6.3337519666177,1
Assam,Dhubri,18,285,1996,1,128966.82889056,82,3000000,1.0,6.2865692803449,1
Assam,Dhubri,18,285,1997,1,70603.06302533,97,0,1.0,5.8488235427819,1
Assam,Dhubri,18,285,2007,1,103551.72796236,96,11100000,1.0,6.9741987426607,1
Assam,Dhubri,18,285,2008,3,1060901.49990599,668,1895000,2.0,7.0550817943772,1
Assam,Dhubri,18,285,2010,1,12555.805812238,1,30000,1.5,5.3888792016554,1
Assam,Dhubri,18,285,2011,1,50117.375052093,7,11000,1.5,6.2740195840354,1
Assam,Dhubri,18,285,2012,1,42597.56872424501,21,2000000,2.0,6.3617785720765,1
Assam,Dhubri,18,285,2014,1,61894.965747948,59,30000,1.5,6.2230190910984,1
Assam,Dhubri,18,285,2022,1,124500.0,45,200000,2.0,6.2992893340877,1
Assam,Dhubri,18,285,2023,2,141038.0,92,14611,1.5,6.2091529515939,1
Assam,Dibrugarh,18,286,1988,2,697374.2863907029,910,2002000,1.0,7.1773904313439,1
Assam,Dibrugarh,18,286,1989,1,112816.35454502,31,32000,2.0,6.921603781912,1
Assam,Dibrugarh,18,286,1990,2,146885.051442815,31,6000,2.0,5.8038282081955,1
Assam,Dibrugarh,18,286,1991,1,55550.828056763,25,400000,1.0,5.589788577059,1
Assam,Dibrugarh,18,286,1992,1,28221.71540273,0,0,1.0,5.4919760931342,1
Assam,Dibrugarh,18,286,1995,2,410979.31857337,161,1510000,1.0,6.3337519666177,1
Assam,Dibrugarh,18,286,1996,1,128966.82889056,82,3000000,1.0,6.2865692803449,1
Assam,Dibrugarh,18,286,1997,1,70603.06302533,97,0,1.0,5.8488235427819,1
Assam,Dibrugarh,18,286,2000,1,55286.72822421,30,50000,2.0,5.8887489255588,1
Assam,Dibrugarh,18,286,2002,1,3790.2295026277,0,25000,1.0,4.4237635477942,1
Assam,Dibrugarh,18,286,2007,2,178439.25091525202,111,11300000,1.0,6.9741987426607,1
Assam,Dibrugarh,18,286,2008,5,1203771.248472259,1568,2895000,2.0,7.0550817943772,1
Assam,Dibrugarh,18,286,2009,2,201207.102974383,6,300000,1.0,5.8588066049802,1
Assam,Dibrugarh,18,286,2010,1,16885.625073568,0,0,1.0,4.7046383967404,1
Assam,Dibrugarh,18,286,2011,2,77320.75852171099,7,11000,1.5,6.2740195840354,1
Assam,Dibrugarh,18,286,2012,1,42597.56872424501,21,2000000,2.0,6.3617785720765,1
Assam,Dibrugarh,18,286,2013,1,38019.262210197,80,2000000,2.0,6.2427615165111,1
Assam,Dibrugarh,18,286,2014,2,93511.44622344701,1,85000,1.0,6.0442546314,1
Assam,Dibrugarh,18,286,2015,2,129627.370217144,8,27000,1.5,6.4045538388057,1
Assam,Dibrugarh,18,286,2016,1,135742.29754787,30,1800,1.5,7.0796584663999,1
Assam,Dibrugarh,18,286,2017,1,65387.728333458,6,113,1.0,6.3206462279111,1
Assam,Dibrugarh,18,286,2018,2,282769.212901843,20,825000,1.5,6.4513946279684,1
Assam,Dibrugarh,18,286,2019,2,173841.69215279398,5,51000,1.0,6.1425909207914,1
Assam,Dibrugarh,18,286,2020,3,187986.323667941,31,40000,2.0,6.3867704374577,1
Assam,Dibrugarh,18,286,2021,1,78068.155820919,1,15000,1.5,5.7675351836779,1
Assam,Dibrugarh,18,286,2023,1,119900.0,0,2211,1.5,6.2091529515939,1
Assam,Dima Hasao,18,299,1988,2,697374.2863907029,910,2002000,1.0,7.1773904313439,1
Assam,Dima Hasao,18,299,1989,1,112816.35454502,31,32000,2.0,6.921603781912,1
Assam,Dima Hasao,18,299,1990,1,93839.745064202,10,6000,1.0,5.2734168149189,1
Assam,Dima Hasao,18,299,1991,1,26042.819226227,13,25000,1.0,5.114658000673,1
Assam,Dima Hasao,18,299,1995,2,410979.31857337,161,1510000,1.0,6.3337519666177,1
Assam,Dima Hasao,18,299,1996,1,128966.82889056,82,3000000,1.0,6.2865692803449,1
Assam,Dima Hasao,18,299,1997,1,70603.06302533,97,0,1.0,5.8488235427819,1
Assam,Dima Hasao,18,299,2000,1,55286.72822421,30,50000,2.0,5.8887489255588,1
Assam,Dima Hasao,18,299,2007,2,178439.25091525202,111,11300000,1.0,6.9741987426607,1
Assam,Dima Hasao,18,299,2008,3,839374.6526591049,526,1670000,2.0,7.0499170611118,1
Assam,Dima Hasao,18,299,2009,1,72244.801972443,0,300000,1.0,5.8588066049802,1
Assam,Dima Hasao,18,299,2015,1,69190.14061193,5,18000,1.0,6.3171654679207,1
Assam,Dima Hasao,18,299,2016,1,135742.29754787,30,1800,1.5,7.0796584663999,1
Assam,Dima Hasao,18,299,2018,1,209440.59330118,20,800000,1.5,6.4513946279684,1
Assam,Dima Hasao,18,299,2019,1,106818.76893004,2,1000,1.0,6.1425909207914,1
Assam,Dima Hasao,18,299,2022,2,167500.0,48,240000,2.0,6.2992893340877,1
Assam,Dima Hasao,18,299,2023,1,119900.0,0,2211,1.5,6.2091529515939,1
Assam,Goalpara,18,287,1988,3,739660.2807266699,986,2045000,1.0,7.1773904313439,1
Assam,Goalpara,18,287,1989,1,112816.35454502,31,32000,2.0,6.921603781912,1
Assam,Goalpara,18,287,1990,2,146885.051442815,31,6000,2.0,5.8038282081955,1
Assam,Goalpara,18,287,1991,1,55550.828056763,25,400000,1.0,5.589788577059,1
Assam,Goalpara,18,287,1995,2,410979.31857337,161,1510000,1.0,6.3337519666177,1
Assam,Goalpara,18,287,1996,1,128966.82889056,82,3000000,1.0,6.2865692803449,1
Assam,Goalpara,18,287,1997,1,70603.06302533,97,0,1.0,5.8488235427819,1
Assam,Goalpara,18,287,2007,1,103551.72796236,96,11100000,1.0,6.9741987426607,1
Assam,Goalpara,18,287,2008,3,1060901.49990599,668,1895000,2.0,7.0550817943772,1
Assam,Goalpara,18,287,2010,2,26028.270401208,1,30300,2.0,5.3888792016554,1
Assam,Goalpara,18,287,2011,1,50117.375052093,7,11000,1.5,6.2740195840354,1
Assam,Goalpara,18,287,2012,2,71787.728239998,130,2400000,2.0,6.3617785720765,1
Assam,Goalpara,18,287,2014,1,61894.965747948,59,30000,1.5,6.2230190910984,1
Assam,Goalpara,18,287,2022,1,124500.0,45,200000,2.0,6.2992893340877,1
Assam,Goalpara,18,287,2023,1,119900.0,0,2211,1.5,6.2091529515939,1
Assam,Golaghat,18,288,1988,3,739660.2807266699,986,2045000,1.0,7.1773904313439,1
Assam,Golaghat,18,288,1989,1,112816.35454502,31,32000,2.0,6.921603781912,1
Assam,Golaghat,18,288,1990,2,146885.051442815,31,6000,2.0,5.8038282081955,1
Assam,Golaghat,18,288,1991,1,55550.828056763,25,400000,1.0,5.589788577059,1
Assam,Golaghat,18,288,1992,1,28221.71540273,0,0,1.0,5.4919760931342,1
Assam,Golaghat,18,288,1995,2,410979.31857337,161,1510000,1.0,6.3337519666177,1
Assam,Golaghat,18,288,1996,1,128966.82889056,82,3000000,1.0,6.2865692803449,1
Assam,Golaghat,18,288,1997,1,70603.06302533,97,0,1.0,5.8488235427819,1
Assam,Golaghat,18,288,2000,1,55286.72822421,30,50000,2.0,5.8887489255588,1
Assam,Golaghat,18,288,2007,2,178439.25091525202,111,11300000,1.0,6.9741987426607,1
Assam,Golaghat,18,288,2008,5,1203771.248472259,1568,2895000,2.0,7.0550817943772,1
Assam,Golaghat,18,288,2009,2,201207.102974383,6,300000,1.0,5.8588066049802,1
Assam,Golaghat,18,288,2010,2,40698.976717513,0,10000,1.5,6.1863802397348,1
Assam,Golaghat,18,288,2011,2,77320.75852171099,7,11000,1.5,6.2740195840354,1
Assam,Golaghat,18,288,2012,2,71787.728239998,130,2400000,2.0,6.3617785720765,1
Assam,Golaghat,18,288,2013,1,38019.262210197,80,2000000,2.0,6.2427615165111,1
Assam,Golaghat,18,288,2014,2,106185.877721055,60,105000,1.5,6.2230190910984,1
Assam,Golaghat,18,288,2015,2,129627.370217144,8,27000,1.5,6.4045538388057,1
Assam,Golaghat,18,288,2016,1,135742.29754787,30,1800,1.5,7.0796584663999,1
Assam,Golaghat,18,288,2017,1,65387.728333458,6,113,1.0,6.3206462279111,1
Assam,Golaghat,18,288,2018,2,282769.212901843,20,825000,1.5,6.4513946279684,1
Assam,Golaghat,18,288,2019,2,173841.69215279398,5,51000,1.0,6.1425909207914,1
Assam,Golaghat,18,288,2020,2,128558.944080924,31,10000,2.0,5.9596142049214,1
Assam,Golaghat,18,288,2021,1,78068.155820919,1,15000,1.5,5.7675351836779,1
Assam,Golaghat,18,288,2022,1,124500.0,45,200000,2.0,6.2992893340877,1
Assam,Golaghat,18,288,2023,1,119900.0,0,2211,1.5,6.2091529515939,1
Assam,Hailakandi,18,289,1989,1,112816.35454502,31,32000,2.0,6.921603781912,1
Assam,Hailakandi,18,289,1990,1,93839.745064202,10,6000,1.0,5.2734168149189,1
Assam,Hailakandi,18,289,1991,1,26042.819226227,13,25000,1.0,5.114658000673,1
Assam,Hailakandi,18,289,1995,2,123053.83425180899,57,1003200,1.0,5.6145011683309,1
Assam,Hailakandi,18,289,1997,1,70603.06302533,97,0,1.0,5.8488235427819,1
Assam,Hailakandi,18,289,2007,1,74887.522952892,15,200000,1.0,5.8286519751482,1
Assam,Hailakandi,18,289,2008,2,777095.34939258,526,1670000,2.0,7.0499170611118,1
Assam,Hailakandi,18,289,2022,1,43000.0,3,40000,2.0,5.7126497016272,1
Assam,Hailakandi,18,289,2023,1,119900.0,0,2211,1.5,6.2091529515939,1
Assam,Hojai,18,709,1988,2,697374.2863907029,910,2002000,1.0,7.1773904313439,1
Assam,Hojai,18,709,1989,1,112816.35454502,31,32000,2.0,6.921603781912,1
Assam,Hojai,18,709,1990,2,146885.051442815,31,6000,2.0,5.8038282081955,1
Assam,Hojai,18,709,1991,2,81593.64728299,38,425000,1.0,5.589788577059,1
Assam,Hojai,18,709,1995,2,410979.31857337,161,1510000,1.0,6.3337519666177,1
Assam,Hojai,18,709,1996,1,128966.82889056,82,3000000,1.0,6.2865692803449,1
Assam,Hojai,18,709,1997,1,70603.06302533,97,0,1.0,5.8488235427819,1
Assam,Hojai,18,709,2000,1,55286.72822421,30,50000,2.0,5.8887489255588,1
Assam,Hojai,18,709,2007,2,178439.25091525202,111,11300000,1.0,6.9741987426607,1
Assam,Hojai,18,709,2008,4,919965.0979588489,1426,2670000,2.0,7.0499170611118,1
Assam,Hojai,18,709,2009,2,201207.102974383,6,300000,1.0,5.8588066049802,1
Assam,Hojai,18,709,2010,1,23813.351643945,0,10000,1.5,6.1863802397348,1
Assam,Hojai,18,709,2012,1,29190.159515753,109,400000,1.5,6.2541115840633,1
Assam,Hojai,18,709,2014,1,61894.965747948,59,30000,1.5,6.2230190910984,1
Assam,Hojai,18,709,2015,2,129627.370217144,8,27000,1.5,6.4045538388057,1
Assam,Hojai,18,709,2016,1,135742.29754787,30,1800,1.5,7.0796584663999,1
Assam,Hojai,18,709,2018,2,282769.212901843,20,825000,1.5,6.4513946279684,1
Assam,Hojai,18,709,2019,1,106818.76893004,2,1000,1.0,6.1425909207914,1
Assam,Hojai,18,709,2021,1,78068.155820919,1,15000,1.5,5.7675351836779,1
Assam,Hojai,18,709,2022,2,167500.0,48,240000,2.0,6.2992893340877,1
Assam,Hojai,18,709,2023,1,119900.0,0,2211,1.5,6.2091529515939,1
Assam,Jorhat,18,290,1988,2,697374.2863907029,910,2002000,1.0,7.1773904313439,1
Assam,Jorhat,18,290,1989,1,112816.35454502,31,32000,2.0,6.921603781912,1
Assam,Jorhat,18,290,1990,2,146885.051442815,31,6000,2.0,5.8038282081955,1
Assam,Jorhat,18,290,1991,1,55550.828056763,25,400000,1.0,5.589788577059,1
Assam,Jorhat,18,290,1992,1,28221.71540273,0,0,1.0,5.4919760931342,1
Assam,Jorhat,18,290,1995,2,410979.31857337,161,1510000,1.0,6.3337519666177,1
Assam,Jorhat,18,290,1996,1,128966.82889056,82,3000000,1.0,6.2865692803449,1
Assam,Jorhat,18,290,1997,1,70603.06302533,97,0,1.0,5.8488235427819,1
Assam,Jorhat,18,290,2000,1,55286.72822421,30,50000,2.0,5.8887489255588,1
Assam,Jorhat,18,290,2007,2,178439.25091525202,111,11300000,1.0,6.9741987426607,1
Assam,Jorhat,18,290,2008,4,919965.0979588489,1426,2670000,2.0,7.0499170611118,1
Assam,Jorhat,18,290,2009,2,201207.102974383,6,300000,1.0,5.8588066049802,1
Assam,Jorhat,18,290,2010,2,40698.976717513,0,10000,1.5,6.1863802397348,1
Assam,Jorhat,18,290,2011,1,50117.375052093,7,11000,1.5,6.2740195840354,1
Assam,Jorhat,18,290,2012,1,42597.56872424501,21,2000000,2.0,6.3617785720765,1
Assam,Jorhat,18,290,2013,1,38019.262210197,80,2000000,2.0,6.2427615165111,1
Assam,Jorhat,18,290,2014,3,155406.41197139502,60,115000,1.5,6.2230190910984,1
Assam,Jorhat,18,290,2015,2,129627.370217144,8,27000,1.5,6.4045538388057,1
Assam,Jorhat,18,290,2016,1,135742.29754787,30,1800,1.5,7.0796584663999,1
Assam,Jorhat,18,290,2017,1,65387.728333458,6,113,1.0,6.3206462279111,1
Assam,Jorhat,18,290,2018,2,282769.212901843,20,825000,1.5,6.4513946279684,1
Assam,Jorhat,18,290,2019,2,173841.69215279398,5,51000,1.0,6.1425909207914,1
Assam,Jorhat,18,290,2020,2,128558.944080924,31,10000,2.0,5.9596142049214,1
Assam,Jorhat,18,290,2021,1,78068.155820919,1,15000,1.5,5.7675351836779,1
Assam,Jorhat,18,290,2022,1,124500.0,45,200000,2.0,6.2992893340877,1
Assam,Jorhat,18,290,2023,1,119900.0,0,2211,1.5,6.2091529515939,1
Assam,Kamrup,18,291,1988,3,739660.2807266699,986,2045000,1.0,7.1773904313439,1
Assam,Kamrup,18,291,1989,1,112816.35454502,31,32000,2.0,6.921603781912,1
Assam,Kamrup,18,291,1990,2,146885.051442815,31,6000,2.0,5.8038282081955,1
Assam,Kamrup,18,291,1991,1,55550.828056763,25,400000,1.0,5.589788577059,1
Assam,Kamrup,18,291,1995,2,410979.31857337,161,1510000,1.0,6.3337519666177,1
Assam,Kamrup,18,291,1996,1,128966.82889056,82,3000000,1.0,6.2865692803449,1
Assam,Kamrup,18,291,1997,1,70603.06302533,97,0,1.0,5.8488235427819,1
Assam,Kamrup,18,291,2000,1,55286.72822421,30,50000,2.0,5.8887489255588,1
Assam,Kamrup,18,291,2007,1,103551.72796236,96,11100000,1.0,6.9741987426607,1
Assam,Kamrup,18,291,2008,3,1060901.49990599,668,1895000,2.0,7.0550817943772,1
Assam,Kamrup,18,291,2009,2,201207.102974383,6,300000,1.0,5.8588066049802,1
Assam,Kamrup,18,291,2010,2,26028.270401208,1,30300,2.0,5.3888792016554,1
Assam,Kamrup,18,291,2011,1,50117.375052093,7,11000,1.5,6.2740195840354,1
Assam,Kamrup,18,291,2012,2,71787.728239998,130,2400000,2.0,6.3617785720765,1
Assam,Kamrup,18,291,2014,1,61894.965747948,59,30000,1.5,6.2230190910984,1
Assam,Kamrup,18,291,2015,2,129627.370217144,8,27000,1.5,6.4045538388057,1
Assam,Kamrup,18,291,2018,2,282769.212901843,20,825000,1.5,6.4513946279684,1
Assam,Kamrup,18,291,2022,2,167500.0,48,240000,2.0,6.2992893340877,1
Assam,Kamrup,18,291,2023,1,119900.0,0,2211,1.5,6.2091529515939,1
Assam,Kamrup Metro,18,618,1988,3,739660.2807266699,986,2045000,1.0,7.1773904313439,1
Assam,Kamrup Metro,18,618,1989,1,112816.35454502,31,32000,2.0,6.921603781912,1
Assam,Kamrup Metro,18,618,1990,2,146885.051442815,31,6000,2.0,5.8038282081955,1
Assam,Kamrup Metro,18,618,1991,1,55550.828056763,25,400000,1.0,5.589788577059,1
Assam,Kamrup Metro,18,618,1995,2,410979.31857337,161,1510000,1.0,6.3337519666177,1
Assam,Kamrup Metro,18,618,1996,1,128966.82889056,82,3000000,1.0,6.2865692803449,1
Assam,Kamrup Metro,18,618,1997,1,70603.06302533,97,0,1.0,5.8488235427819,1
Assam,Kamrup Metro,18,618,2000,1,55286.72822421,30,50000,2.0,5.8887489255588,1
Assam,Kamrup Metro,18,618,2007,2,178439.25091525202,111,11300000,1.0,6.9741987426607,1
Assam,Kamrup Metro,18,618,2008,2,777095.34939258,526,1670000,2.0,7.0499170611118,1
Assam,Kamrup Metro,18,618,2009,2,201207.102974383,6,300000,1.0,5.8588066049802,1
Assam,Kamrup Metro,18,618,2010,3,49841.622045153,1,40300,2.0,6.1863802397348,1
Assam,Kamrup Metro,18,618,2012,2,71787.728239998,130,2400000,2.0,6.3617785720765,1
Assam,Kamrup Metro,18,618,2014,1,61894.965747948,59,30000,1.5,6.2230190910984,1
Assam,Kamrup Metro,18,618,2015,2,129627.370217144,8,27000,1.5,6.4045538388057,1
Assam,Kamrup Metro,18,618,2016,1,135742.29754787,30,1800,1.5,7.0796584663999,1
Assam,Kamrup Metro,18,618,2018,2,282769.212901843,20,825000,1.5,6.4513946279684,1
Assam,Kamrup Metro,18,618,2022,2,167500.0,48,240000,2.0,6.2992893340877,1
Assam,Kamrup Metro,18,618,2023,1,119900.0,0,2211,1.5,6.2091529515939,1
Assam,Karbi Anglong,18,292,1988,3,739660.2807266699,986,2045000,1.0,7.1773904313439,1
Assam,Karbi Anglong,18,292,1989,1,112816.35454502,31,32000,2.0,6.921603781912,1
Assam,Karbi Anglong,18,292,1990,2,146885.051442815,31,6000,2.0,5.8038282081955,1
Assam,Karbi Anglong,18,292,1991,2,81593.64728299,38,425000,1.0,5.589788577059,1
Assam,Karbi Anglong,18,292,1992,1,28221.71540273,0,0,1.0,5.4919760931342,1
Assam,Karbi Anglong,18,292,1995,2,410979.31857337,161,1510000,1.0,6.3337519666177,1
Assam,Karbi Anglong,18,292,1996,1,128966.82889056,82,3000000,1.0,6.2865692803449,1
Assam,Karbi Anglong,18,292,1997,1,70603.06302533,97,0,1.0,5.8488235427819,1
Assam,Karbi Anglong,18,292,2000,1,55286.72822421,30,50000,2.0,5.8887489255588,1
Assam,Karbi Anglong,18,292,2007,2,178439.25091525202,111,11300000,1.0,6.9741987426607,1
Assam,Karbi Anglong,18,292,2008,5,1203771.248472259,1568,2895000,2.0,7.0550817943772,1
Assam,Karbi Anglong,18,292,2009,2,201207.102974383,6,300000,1.0,5.8588066049802,1
Assam,Karbi Anglong,18,292,2010,2,36369.157456183,1,40000,1.5,6.1863802397348,1
Assam,Karbi Anglong,18,292,2011,1,50117.375052093,7,11000,1.5,6.2740195840354,1
Assam,Karbi Anglong,18,292,2012,2,71787.728239998,130,2400000,2.0,6.3617785720765,1
Assam,Karbi Anglong,18,292,2014,2,106185.877721055,60,105000,1.5,6.2230190910984,1
Assam,Karbi Anglong,18,292,2015,2,129627.370217144,8,27000,1.5,6.4045538388057,1
Assam,Karbi Anglong,18,292,2016,1,135742.29754787,30,1800,1.5,7.0796584663999,1
Assam,Karbi Anglong,18,292,2017,1,65387.728333458,6,113,1.0,6.3206462279111,1
Assam,Karbi Anglong,18,292,2018,2,282769.212901843,20,825000,1.5,6.4513946279684,1
Assam,Karbi Anglong,18,292,2019,2,173841.69215279398,5,51000,1.0,6.1425909207914,1
Assam,Karbi Anglong,18,292,2021,1,78068.155820919,1,15000,1.5,5.7675351836779,1
Assam,Karbi Anglong,18,292,2022,2,167500.0,48,240000,2.0,6.2992893340877,1
Assam,Karbi Anglong,18,292,2023,1,119900.0,0,2211,1.5,6.2091529515939,1
Assam,Karimganj,18,293,1986,1,231516.28043233,49,700000,1.0,6.6433351373578,1
Assam,Karimganj,18,293,1989,1,112816.35454502,31,32000,2.0,6.921603781912,1
Assam,Karimganj,18,293,1990,1,93839.745064202,10,6000,1.0,5.2734168149189,1
Assam,Karimganj,18,293,1991,1,26042.819226227,13,25000,1.0,5.114658000673,1
Assam,Karimganj,18,293,1995,1,102906.11366142,17,1000000,1.0,5.6145011683309,1
Assam,Karimganj,18,293,1997,1,70603.06302533,97,0,1.0,5.8488235427819,1
Assam,Karimganj,18,293,2007,1,74887.522952892,15,200000,1.0,5.8286519751482,1
Assam,Karimganj,18,293,2008,2,777095.34939258,526,1670000,2.0,7.0499170611118,1
Assam,Karimganj,18,293,2022,1,43000.0,3,40000,2.0,5.7126497016272,1
Assam,Karimganj,18,293,2023,1,119900.0,0,2211,1.5,6.2091529515939,1
Assam,Kokrajhar,18,294,1988,2,697374.2863907029,910,2002000,1.0,7.1773904313439,1
Assam,Kokrajhar,18,294,1989,1,112816.35454502,31,32000,2.0,6.921603781912,1
Assam,Kokrajhar,18,294,1990,2,146885.051442815,31,6000,2.0,5.8038282081955,1
Assam,Kokrajhar,18,294,1995,2,410979.31857337,161,1510000,1.0,6.3337519666177,1
Assam,Kokrajhar,18,294,1996,1,128966.82889056,82,3000000,1.0,6.2865692803449,1
Assam,Kokrajhar,18,294,1997,1,70603.06302533,97,0,1.0,5.8488235427819,1
Assam,Kokrajhar,18,294,2007,1,103551.72796236,96,11100000,1.0,6.9741987426607,1
Assam,Kokrajhar,18,294,2008,3,1060901.49990599,668,1895000,2.0,7.0550817943772,1
Assam,Kokrajhar,18,294,2011,1,50117.375052093,7,11000,1.5,6.2740195840354,1
Assam,Kokrajhar,18,294,2012,1,42597.56872424501,21,2000000,2.0,6.3617785720765,1
Assam,Kokrajhar,18,294,2014,1,61894.965747948,59,30000,1.5,6.2230190910984,1
Assam,Kokrajhar,18,294,2022,1,124500.0,45,200000,2.0,6.2992893340877,1
Assam,Kokrajhar,18,294,2023,2,141038.0,92,14611,1.5,6.2091529515939,1
Assam,Lakhimpur,18,295,1988,2,697374.2863907029,910,2002000,1.0,7.1773904313439,1
Assam,Lakhimpur,18,295,1989,1,112816.35454502,31,32000,2.0,6.921603781912,1
Assam,Lakhimpur,18,295,1990,2,146885.051442815,31,6000,2.0,5.8038282081955,1
Assam,Lakhimpur,18,295,1991,1,55550.828056763,25,400000,1.0,5.589788577059,1
Assam,Lakhimpur,18,295,1992,1,28221.71540273,0,0,1.0,5.4919760931342,1
Assam,Lakhimpur,18,295,1995,2,410979.31857337,161,1510000,1.0,6.3337519666177,1
Assam,Lakhimpur,18,295,1996,1,128966.82889056,82,3000000,1.0,6.2865692803449,1
Assam,Lakhimpur,18,295,1997,1,70603.06302533,97,0,1.0,5.8488235427819,1
Assam,Lakhimpur,18,295,2000,1,55286.72822421,30,50000,2.0,5.8887489255588,1
Assam,Lakhimpur,18,295,2007,2,178439.25091525202,111,11300000,1.0,6.9741987426607,1
Assam,Lakhimpur,18,295,2008,5,1203771.248472259,1568,2895000,2.0,7.0550817943772,1
Assam,Lakhimpur,18,295,2009,2,201207.102974383,6,300000,1.0,5.8588066049802,1
Assam,Lakhimpur,18,295,2010,2,40698.976717513,0,10000,1.5,6.1863802397348,1
Assam,Lakhimpur,18,295,2011,2,77320.75852171099,7,11000,1.5,6.2740195840354,1
Assam,Lakhimpur,18,295,2012,2,71787.728239998,130,2400000,2.0,6.3617785720765,1
Assam,Lakhimpur,18,295,2013,1,38019.262210197,80,2000000,2.0,6.2427615165111,1
Assam,Lakhimpur,18,295,2014,3,155406.41197139502,60,115000,1.5,6.2230190910984,1
Assam,Lakhimpur,18,295,2015,2,129627.370217144,8,27000,1.5,6.4045538388057,1
Assam,Lakhimpur,18,295,2016,1,135742.29754787,30,1800,1.5,7.0796584663999,1
Assam,Lakhimpur,18,295,2017,1,65387.728333458,6,113,1.0,6.3206462279111,1
Assam,Lakhimpur,18,295,2018,2,282769.212901843,20,825000,1.5,6.4513946279684,1
Assam,Lakhimpur,18,295,2019,2,173841.69215279398,5,51000,1.0,6.1425909207914,1
Assam,Lakhimpur,18,295,2020,3,187986.323667941,31,40000,2.0,6.3867704374577,1
Assam,Lakhimpur,18,295,2021,1,78068.155820919,1,15000,1.5,5.7675351836779,1
Assam,Lakhimpur,18,295,2022,1,124500.0,45,200000,2.0,6.2992893340877,1
Assam,Lakhimpur,18,295,2023,1,119900.0,0,2211,1.5,6.2091529515939,1
Assam,Majuli,18,706,1988,2,697374.2863907029,910,2002000,1.0,7.1773904313439,1
Assam,Majuli,18,706,1989,1,112816.35454502,31,32000,2.0,6.921603781912,1
Assam,Majuli,18,706,1990,2,146885.051442815,31,6000,2.0,5.8038282081955,1
Assam,Majuli,18,706,1991,1,55550.828056763,25,400000,1.0,5.589788577059,1
Assam,Majuli,18,706,1992,1,28221.71540273,0,0,1.0,5.4919760931342,1
Assam,Majuli,18,706,1995,2,410979.31857337,161,1510000,1.0,6.3337519666177,1
Assam,Majuli,18,706,1996,1,128966.82889056,82,3000000,1.0,6.2865692803449,1
Assam,Majuli,18,706,1997,1,70603.06302533,97,0,1.0,5.8488235427819,1
Assam,Majuli,18,706,2000,1,55286.72822421,30,50000,2.0,5.8887489255588,1
Assam,Majuli,18,706,2007,2,178439.25091525202,111,11300000,1.0,6.9741987426607,1
Assam,Majuli,18,706,2008,5,1203771.248472259,1568,2895000,2.0,7.0550817943772,1
Assam,Majuli,18,706,2009,2,201207.102974383,6,300000,1.0,5.8588066049802,1
Assam,Majuli,18,706,2010,2,40698.976717513,0,10000,1.5,6.1863802397348,1
Assam,Majuli,18,706,2011,2,77320.75852171099,7,11000,1.5,6.2740195840354,1
Assam,Majuli,18,706,2012,2,71787.728239998,130,2400000,2.0,6.3617785720765,1
Assam,Majuli,18,706,2013,1,38019.262210197,80,2000000,2.0,6.2427615165111,1
Assam,Majuli,18,706,2014,3,155406.41197139502,60,115000,1.5,6.2230190910984,1
Assam,Majuli,18,706,2015,2,129627.370217144,8,27000,1.5,6.4045538388057,1
Assam,Majuli,18,706,2016,1,135742.29754787,30,1800,1.5,7.0796584663999,1
Assam,Majuli,18,706,2017,1,65387.728333458,6,113,1.0,6.3206462279111,1
Assam,Majuli,18,706,2018,2,282769.212901843,20,825000,1.5,6.4513946279684,1
Assam,Majuli,18,706,2019,2,173841.69215279398,5,51000,1.0,6.1425909207914,1
Assam,Majuli,18,706,2020,2,128558.944080924,31,10000,2.0,5.9596142049214,1
Assam,Majuli,18,706,2021,1,78068.155820919,1,15000,1.5,5.7675351836779,1
Assam,Majuli,18,706,2022,1,124500.0,45,200000,2.0,6.2992893340877,1
Assam,Majuli,18,706,2023,1,119900.0,0,2211,1.5,6.2091529515939,1
Assam,Marigaon,18,296,1988,3,739660.2807266699,986,2045000,1.0,7.1773904313439,1
Assam,Marigaon,18,296,1989,1,112816.35454502,31,32000,2.0,6.921603781912,1
Assam,Marigaon,18,296,1990,2,146885.051442815,31,6000,2.0,5.8038282081955,1
Assam,Marigaon,18,296,1991,1,55550.828056763,25,400000,1.0,5.589788577059,1
Assam,Marigaon,18,296,1995,2,410979.31857337,161,1510000,1.0,6.3337519666177,1
Assam,Marigaon,18,296,1996,1,128966.82889056,82,3000000,1.0,6.2865692803449,1
Assam,Marigaon,18,296,1997,1,70603.06302533,97,0,1.0,5.8488235427819,1
Assam,Marigaon,18,296,2000,1,55286.72822421,30,50000,2.0,5.8887489255588,1
Assam,Marigaon,18,296,2007,2,178439.25091525202,111,11300000,1.0,6.9741987426607,1
Assam,Marigaon,18,296,2008,4,1123180.803172515,668,1895000,2.0,7.0550817943772,1
Assam,Marigaon,18,296,2009,2,201207.102974383,6,300000,1.0,5.8588066049802,1
Assam,Marigaon,18,296,2010,3,49841.622045153,1,40300,2.0,6.1863802397348,1
Assam,Marigaon,18,296,2011,1,50117.375052093,7,11000,1.5,6.2740195840354,1
Assam,Marigaon,18,296,2012,2,71787.728239998,130,2400000,2.0,6.3617785720765,1
Assam,Marigaon,18,296,2014,1,61894.965747948,59,30000,1.5,6.2230190910984,1
Assam,Marigaon,18,296,2015,2,129627.370217144,8,27000,1.5,6.4045538388057,1
Assam,Marigaon,18,296,2016,1,135742.29754787,30,1800,1.5,7.0796584663999,1
Assam,Marigaon,18,296,2018,2,282769.212901843,20,825000,1.5,6.4513946279684,1
Assam,Marigaon,18,296,2019,1,106818.76893004,2,1000,1.0,6.1425909207914,1
Assam,Marigaon,18,296,2021,1,78068.155820919,1,15000,1.5,5.7675351836779,1
Assam,Marigaon,18,296,2022,2,167500.0,48,240000,2.0,6.2992893340877,1
Assam,Marigaon,18,296,2023,1,119900.0,0,2211,1.5,6.2091529515939,1
Assam,Nagaon,18,297,1988,3,739660.2807266699,986,2045000,1.0,7.1773904313439,1
Assam,Nagaon,18,297,1989,1,112816.35454502,31,32000,2.0,6.921603781912,1
Assam,Nagaon,18,297,1990,2,146885.051442815,31,6000,2.0,5.8038282081955,1
Assam,Nagaon,18,297,1991,1,55550.828056763,25,400000,1.0,5.589788577059,1
Assam,Nagaon,18,297,1992,1,28221.71540273,0,0,1.0,5.4919760931342,1
Assam,Nagaon,18,297,1995,2,410979.31857337,161,1510000,1.0,6.3337519666177,1
Assam,Nagaon,18,297,1996,1,128966.82889056,82,3000000,1.0,6.2865692803449,1
Assam,Nagaon,18,297,1997,1,70603.06302533,97,0,1.0,5.8488235427819,1
Assam,Nagaon,18,297,2000,1,55286.72822421,30,50000,2.0,5.8887489255588,1
Assam,Nagaon,18,297,2007,2,178439.25091525202,111,11300000,1.0,6.9741987426607,1
Assam,Nagaon,18,297,2008,5,1203771.248472259,1568,2895000,2.0,7.0550817943772,1
Assam,Nagaon,18,297,2009,2,201207.102974383,6,300000,1.0,5.8588066049802,1
Assam,Nagaon,18,297,2010,3,49841.622045153,1,40300,2.0,6.1863802397348,1
Assam,Nagaon,18,297,2011,2,77320.75852171099,7,11000,1.5,6.2740195840354,1
Assam,Nagaon,18,297,2012,2,71787.728239998,130,2400000,2.0,6.3617785720765,1
Assam,Nagaon,18,297,2014,2,106185.877721055,60,105000,1.5,6.2230190910984,1
Assam,Nagaon,18,297,2015,2,129627.370217144,8,27000,1.5,6.4045538388057,1
Assam,Nagaon,18,297,2016,1,135742.29754787,30,1800,1.5,7.0796584663999,1
Assam,Nagaon,18,297,2018,2,282769.212901843,20,825000,1.5,6.4513946279684,1
Assam,Nagaon,18,297,2019,2,173841.69215279398,5,51000,1.0,6.1425909207914,1
Assam,Nagaon,18,297,2021,1,78068.155820919,1,15000,1.5,5.7675351836779,1
Assam,Nagaon,18,297,2022,2,167500.0,48,240000,2.0,6.2992893340877,1
Assam,Nagaon,18,297,2023,1,119900.0,0,2211,1.5,6.2091529515939,1
Assam,Nalbari,18,298,1988,3,739660.2807266699,986,2045000,1.0,7.1773904313439,1
Assam,Nalbari,18,298,1989,1,112816.35454502,31,32000,2.0,6.921603781912,1
Assam,Nalbari,18,298,1990,2,146885.051442815,31,6000,2.0,5.8038282081955,1
Assam,Nalbari,18,298,1991,1,55550.828056763,25,400000,1.0,5.589788577059,1
Assam,Nalbari,18,298,1995,2,410979.31857337,161,1510000,1.0,6.3337519666177,1
Assam,Nalbari,18,298,1996,1,128966.82889056,82,3000000,1.0,6.2865692803449,1
Assam,Nalbari,18,298,1997,1,70603.06302533,97,0,1.0,5.8488235427819,1
Assam,Nalbari,18,298,2007,1,103551.72796236,96,11100000,1.0,6.9741987426607,1
Assam,Nalbari,18,298,2008,3,1060901.49990599,668,1895000,2.0,7.0550817943772,1
Assam,Nalbari,18,298,2009,1,128962.30100194,6,0,1.0,5.7125227647307,1
Assam,Nalbari,18,298,2010,1,13472.46458897,0,300,2.0,5.0325370377618,1
Assam,Nalbari,18,298,2011,1,50117.375052093,7,11000,1.5,6.2740195840354,1
Assam,Nalbari,18,298,2012,2,71787.728239998,130,2400000,2.0,6.3617785720765,1
Assam,Nalbari,18,298,2014,1,61894.965747948,59,30000,1.5,6.2230190910984,1
Assam,Nalbari,18,298,2015,2,129627.370217144,8,27000,1.5,6.4045538388057,1
Assam,Nalbari,18,298,2018,1,209440.59330118,20,800000,1.5,6.4513946279684,1
Assam,Nalbari,18,298,2022,2,167500.0,48,240000,2.0,6.2992893340877,1
Assam,Nalbari,18,298,2023,1,119900.0,0,2211,1.5,6.2091529515939,1
Assam,Sivasagar,18,300,1988,2,697374.2863907029,910,2002000,1.0,7.1773904313439,1
Assam,Sivasagar,18,300,1989,1,112816.35454502,31,32000,2.0,6.921603781912,1
Assam,Sivasagar,18,300,1990,2,146885.051442815,31,6000,2.0,5.8038282081955,1
Assam,Sivasagar,18,300,1991,1,55550.828056763,25,400000,1.0,5.589788577059,1
Assam,Sivasagar,18,300,1992,1,28221.71540273,0,0,1.0,5.4919760931342,1
Assam,Sivasagar,18,300,1995,2,410979.31857337,161,1510000,1.0,6.3337519666177,1
Assam,Sivasagar,18,300,1996,1,128966.82889056,82,3000000,1.0,6.2865692803449,1
Assam,Sivasagar,18,300,1997,1,70603.06302533,97,0,1.0,5.8488235427819,1
Assam,Sivasagar,18,300,2000,1,55286.72822421,30,50000,2.0,5.8887489255588,1
Assam,Sivasagar,18,300,2007,2,178439.25091525202,111,11300000,1.0,6.9741987426607,1
Assam,Sivasagar,18,300,2008,5,1203771.248472259,1568,2895000,2.0,7.0550817943772,1
Assam,Sivasagar,18,300,2009,2,201207.102974383,6,300000,1.0,5.8588066049802,1
Assam,Sivasagar,18,300,2010,1,16885.625073568,0,0,1.0,4.7046383967404,1
Assam,Sivasagar,18,300,2011,2,77320.75852171099,7,11000,1.5,6.2740195840354,1
Assam,Sivasagar,18,300,2012,1,42597.56872424501,21,2000000,2.0,6.3617785720765,1
Assam,Sivasagar,18,300,2013,1,38019.262210197,80,2000000,2.0,6.2427615165111,1
Assam,Sivasagar,18,300,2014,3,155406.41197139502,60,115000,1.5,6.2230190910984,1
Assam,Sivasagar,18,300,2015,2,129627.370217144,8,27000,1.5,6.4045538388057,1
Assam,Sivasagar,18,300,2016,1,135742.29754787,30,1800,1.5,7.0796584663999,1
Assam,Sivasagar,18,300,2017,1,65387.728333458,6,113,1.0,6.3206462279111,1
Assam,Sivasagar,18,300,2018,2,282769.212901843,20,825000,1.5,6.4513946279684,1
Assam,Sivasagar,18,300,2019,2,173841.69215279398,5,51000,1.0,6.1425909207914,1
Assam,Sivasagar,18,300,2020,3,187986.323667941,31,40000,2.0,6.3867704374577,1
Assam,Sivasagar,18,300,2021,1,78068.155820919,1,15000,1.5,5.7675351836779,1
Assam,Sivasagar,18,300,2022,1,124500.0,45,200000,2.0,6.2992893340877,1
Assam,Sivasagar,18,300,2023,1,119900.0,0,2211,1.5,6.2091529515939,1
Assam,Sonitpur,18,301,1988,3,739660.2807266699,986,2045000,1.0,7.1773904313439,1
Assam,Sonitpur,18,301,1989,1,112816.35454502,31,32000,2.0,6.921603781912,1
Assam,Sonitpur,18,301,1990,2,146885.051442815,31,6000,2.0,5.8038282081955,1
Assam,Sonitpur,18,301,1991,1,55550.828056763,25,400000,1.0,5.589788577059,1
Assam,Sonitpur,18,301,1992,1,28221.71540273,0,0,1.0,5.4919760931342,1
Assam,Sonitpur,18,301,1995,2,410979.31857337,161,1510000,1.0,6.3337519666177,1
Assam,Sonitpur,18,301,1996,1,128966.82889056,82,3000000,1.0,6.2865692803449,1
Assam,Sonitpur,18,301,1997,1,70603.06302533,97,0,1.0,5.8488235427819,1
Assam,Sonitpur,18,301,2000,1,55286.72822421,30,50000,2.0,5.8887489255588,1
Assam,Sonitpur,18,301,2007,2,178439.25091525202,111,11300000,1.0,6.9741987426607,1
Assam,Sonitpur,18,301,2008,5,1203771.248472259,1568,2895000,2.0,7.0550817943772,1
Assam,Sonitpur,18,301,2009,2,201207.102974383,6,300000,1.0,5.8588066049802,1
Assam,Sonitpur,18,301,2010,3,49841.622045153,1,40300,2.0,6.1863802397348,1
Assam,Sonitpur,18,301,2011,2,77320.75852171099,7,11000,1.5,6.2740195840354,1
Assam,Sonitpur,18,301,2012,2,71787.728239998,130,2400000,2.0,6.3617785720765,1
Assam,Sonitpur,18,301,2014,2,106185.877721055,60,105000,1.5,6.2230190910984,1
Assam,Sonitpur,18,301,2015,2,129627.370217144,8,27000,1.5,6.4045538388057,1
Assam,Sonitpur,18,301,2016,1,135742.29754787,30,1800,1.5,7.0796584663999,1
Assam,Sonitpur,18,301,2017,1,65387.728333458,6,113,1.0,6.3206462279111,1
Assam,Sonitpur,18,301,2018,2,282769.212901843,20,825000,1.5,6.4513946279684,1
Assam,Sonitpur,18,301,2019,2,173841.69215279398,5,51000,1.0,6.1425909207914,1
Assam,Sonitpur,18,301,2021,1,78068.155820919,1,15000,1.5,5.7675351836779,1
Assam,Sonitpur,18,301,2022,2,167500.0,48,240000,2.0,6.2992893340877,1
Assam,Sonitpur,18,301,2023,1,119900.0,0,2211,1.5,6.2091529515939,1
Assam,South Salmara Mancachar,18,707,1986,1,231516.28043233,49,700000,1.0,6.6433351373578,1
Assam,South Salmara Mancachar,18,707,1988,1,626872.45850619,876,2000,1.0,7.1773904313439,1
Assam,South Salmara Mancachar,18,707,1989,1,112816.35454502,31,32000,2.0,6.921603781912,1
Assam,South Salmara Mancachar,18,707,1990,2,146885.051442815,31,6000,2.0,5.8038282081955,1
Assam,South Salmara Mancachar,18,707,1995,2,410979.31857337,161,1510000,1.0,6.3337519666177,1
Assam,South Salmara Mancachar,18,707,1996,1,128966.82889056,82,3000000,1.0,6.2865692803449,1
Assam,South Salmara Mancachar,18,707,1997,1,70603.06302533,97,0,1.0,5.8488235427819,1
Assam,South Salmara Mancachar,18,707,2008,3,1060901.49990599,668,1895000,2.0,7.0550817943772,1
Assam,South Salmara Mancachar,18,707,2010,1,12555.805812238,1,30000,1.5,5.3888792016554,1
Assam,South Salmara Mancachar,18,707,2011,1,50117.375052093,7,11000,1.5,6.2740195840354,1
Assam,South Salmara Mancachar,18,707,2012,1,42597.56872424501,21,2000000,2.0,6.3617785720765,1
Assam,South Salmara Mancachar,18,707,2022,1,124500.0,45,200000,2.0,6.2992893340877,1
Assam,South Salmara Mancachar,18,707,2023,1,119900.0,0,2211,1.5,6.2091529515939,1
Assam,Tinsukia,18,302,1988,2,697374.2863907029,910,2002000,1.0,7.1773904313439,1
Assam,Tinsukia,18,302,1989,1,112816.35454502,31,32000,2.0,6.921603781912,1
Assam,Tinsukia,18,302,1990,2,146885.051442815,31,6000,2.0,5.8038282081955,1
Assam,Tinsukia,18,302,1991,1,55550.828056763,25,400000,1.0,5.589788577059,1
Assam,Tinsukia,18,302,1992,1,28221.71540273,0,0,1.0,5.4919760931342,1
Assam,Tinsukia,18,302,1995,2,410979.31857337,161,1510000,1.0,6.3337519666177,1
Assam,Tinsukia,18,302,1996,1,128966.82889056,82,3000000,1.0,6.2865692803449,1
Assam,Tinsukia,18,302,1997,1,70603.06302533,97,0,1.0,5.8488235427819,1
Assam,Tinsukia,18,302,2000,1,55286.72822421,30,50000,2.0,5.8887489255588,1
Assam,Tinsukia,18,302,2002,1,3790.2295026277,0,25000,1.0,4.4237635477942,1
Assam,Tinsukia,18,302,2007,2,178439.25091525202,111,11300000,1.0,6.9741987426607,1
Assam,Tinsukia,18,302,2008,4,1141491.9452057339,1568,2895000,2.0,7.0550817943772,1
Assam,Tinsukia,18,302,2009,2,201207.102974383,6,300000,1.0,5.8588066049802,1
Assam,Tinsukia,18,302,2010,1,16885.625073568,0,0,1.0,4.7046383967404,1
Assam,Tinsukia,18,302,2011,1,27203.383469618,0,0,1.0,5.7770456043711,1
Assam,Tinsukia,18,302,2012,1,42597.56872424501,21,2000000,2.0,6.3617785720765,1
Assam,Tinsukia,18,302,2013,1,38019.262210197,80,2000000,2.0,6.2427615165111,1
Assam,Tinsukia,18,302,2014,2,93511.44622344701,1,85000,1.0,6.0442546314,1
Assam,Tinsukia,18,302,2015,2,129627.370217144,8,27000,1.5,6.4045538388057,1
Assam,Tinsukia,18,302,2016,1,135742.29754787,30,1800,1.5,7.0796584663999,1
Assam,Tinsukia,18,302,2017,1,65387.728333458,6,113,1.0,6.3206462279111,1
Assam,Tinsukia,18,302,2018,2,282769.212901843,20,825000,1.5,6.4513946279684,1
Assam,Tinsukia,18,302,2019,2,173841.69215279398,5,51000,1.0,6.1425909207914,1
Assam,Tinsukia,18,302,2020,3,187986.323667941,31,40000,2.0,6.3867704374577,1
Assam,Tinsukia,18,302,2021,1,78068.155820919,1,15000,1.5,5.7675351836779,1
Assam,Tinsukia,18,302,2023,1,119900.0,0,2211,1.5,6.2091529515939,1
Assam,Udalguri,18,617,1988,3,739660.2807266699,986,2045000,1.0,7.1773904313439,1
Assam,Udalguri,18,617,1989,1,112816.35454502,31,32000,2.0,6.921603781912,1
Assam,Udalguri,18,617,1990,2,146885.051442815,31,6000,2.0,5.8038282081955,1
Assam,Udalguri,18,617,1991,1,55550.828056763,25,400000,1.0,5.589788577059,1
Assam,Udalguri,18,617,1995,2,410979.31857337,161,1510000,1.0,6.3337519666177,1
Assam,Udalguri,18,617,1996,1,128966.82889056,82,3000000,1.0,6.2865692803449,1
Assam,Udalguri,18,617,1997,1,70603.06302533,97,0,1.0,5.8488235427819,1
Assam,Udalguri,18,617,2000,1,55286.72822421,30,50000,2.0,5.8887489255588,1
Assam,Udalguri,18,617,2007,1,103551.72796236,96,11100000,1.0,6.9741987426607,1
Assam,Udalguri,18,617,2008,3,1060901.49990599,668,1895000,2.0,7.0550817943772,1
Assam,Udalguri,18,617,2009,2,201207.102974383,6,300000,1.0,5.8588066049802,1
Assam,Udalguri,18,617,2010,2,37285.816232915,0,10300,2.0,6.1863802397348,1
Assam,Udalguri,18,617,2011,1,50117.375052093,7,11000,1.5,6.2740195840354,1
Assam,Udalguri,18,617,2012,2,71787.728239998,130,2400000,2.0,6.3617785720765,1
Assam,Udalguri,18,617,2014,1,61894.965747948,59,30000,1.5,6.2230190910984,1
Assam,Udalguri,18,617,2015,2,129627.370217144,8,27000,1.5,6.4045538388057,1
Assam,Udalguri,18,617,2016,1,135742.29754787,30,1800,1.5,7.0796584663999,1
Assam,Udalguri,18,617,2018,2,282769.212901843,20,825000,1.5,6.4513946279684,1
Assam,Udalguri,18,617,2019,1,106818.76893004,2,1000,1.0,6.1425909207914,1
Assam,Udalguri,18,617,2021,1,78068.155820919,1,15000,1.5,5.7675351836779,1
Assam,Udalguri,18,617,2022,2,167500.0,48,240000,2.0,6.2992893340877,1
Assam,Udalguri,18,617,2023,1,119900.0,0,2211,1.5,6.2091529515939,1
Assam,West Karbi Anglong,18,710,1988,3,739660.2807266699,986,2045000,1.0,7.1773904313439,1
Assam,West Karbi Anglong,18,710,1989,1,112816.35454502,31,32000,2.0,6.921603781912,1
Assam,West Karbi Anglong,18,710,1990,2,146885.051442815,31,6000,2.0,5.8038282081955,1
Assam,West Karbi Anglong,18,710,1991,2,81593.64728299,38,425000,1.0,5.589788577059,1
Assam,West Karbi Anglong,18,710,1995,2,410979.31857337,161,1510000,1.0,6.3337519666177,1
Assam,West Karbi Anglong,18,710,1996,1,128966.82889056,82,3000000,1.0,6.2865692803449,1
Assam,West Karbi Anglong,18,710,1997,1,70603.06302533,97,0,1.0,5.8488235427819,1
Assam,West Karbi Anglong,18,710,2000,1,55286.72822421,30,50000,2.0,5.8887489255588,1
Assam,West Karbi Anglong,18,710,2007,2,178439.25091525202,111,11300000,1.0,6.9741987426607,1
Assam,West Karbi Anglong,18,710,2008,3,839374.6526591049,526,1670000,2.0,7.0499170611118,1
Assam,West Karbi Anglong,18,710,2009,2,201207.102974383,6,300000,1.0,5.8588066049802,1
Assam,West Karbi Anglong,18,710,2010,2,36369.157456183,1,40000,1.5,6.1863802397348,1
Assam,West Karbi Anglong,18,710,2012,1,29190.159515753,109,400000,1.5,6.2541115840633,1
Assam,West Karbi Anglong,18,710,2014,1,61894.965747948,59,30000,1.5,6.2230190910984,1
Assam,West Karbi Anglong,18,710,2015,2,129627.370217144,8,27000,1.5,6.4045538388057,1
Assam,West Karbi Anglong,18,710,2016,1,135742.29754787,30,1800,1.5,7.0796584663999,1
Assam,West Karbi Anglong,18,710,2018,2,282769.212901843,20,825000,1.5,6.4513946279684,1
Assam,West Karbi Anglong,18,710,2019,1,106818.76893004,2,1000,1.0,6.1425909207914,1
Assam,West Karbi Anglong,18,710,2021,1,78068.155820919,1,15000,1.5,5.7675351836779,1
Assam,West Karbi Anglong,18,710,2022,2,167500.0,48,240000,2.0,6.2992893340877,1
Assam,West Karbi Anglong,18,710,2023,1,119900.0,0,2211,1.5,6.2091529515939,1
Bihar,Araria,10,188,1986,1,507167.43901015,258,3040000,1.0,7.5312261660442,1
Bihar,Araria,10,188,1988,2,1474609.7146377899,1109,502000,2.0,7.7855937662664,1
Bihar,Araria,10,188,1990,1,1100663.2969222,425,63517,1.0,7.3840771654136,1
Bihar,Araria,10,188,1991,2,718552.66025244,88,87500,1.0,6.9146173641677,1
Bihar,Araria,10,188,1996,1,171939.46006971,74,4000000,1.0,6.6333155672897,1
Bihar,Araria,10,188,1997,1,201818.75469288,24,100000,1.0,6.3463542072234,1
Bihar,Araria,10,188,2000,1,155000.8817177,1468,24000000,2.0,7.0228430813542,1
Bihar,Araria,10,188,2007,1,517303.19979819,958,3000000,1.5,7.8036502762015,1
Bihar,Araria,10,188,2008,2,710337.68784979,492,295000,2.0,7.0550817943772,1
Bihar,Araria,10,188,2010,1,192748.71204485,0,5000,1.0,5.762112739478,1
Bihar,Araria,10,188,2011,1,42377.334468591005,0,3000,1.0,5.9695563169632,1
Bihar,Araria,10,188,2013,1,102661.13525735,7,0,1.5,6.6646185762841,1
Bihar,Araria,10,188,2014,1,62650.802729391,0,10000,1.5,6.3879912469011,1
Bihar,Araria,10,188,2015,1,629961.6057566,206,300000,2.0,7.656646577764,1
Bihar,Araria,10,188,2016,1,90613.737636319,127,377097,1.5,6.9783833436272,1
Bihar,Araria,10,188,2017,1,421575.24392831,253,422106,2.0,7.1563540170148,1
Bihar,Araria,10,188,2021,2,288153.858856394,12,85000,1.5,6.2245318501,1
Bihar,Araria,10,188,2022,1,124500.0,45,200000,2.0,6.2992893340877,1
Bihar,Arwal,10,611,1985,1,89994.671391565,557,152000,2.0,6.7737607310506,1
Bihar,Arwal,10,611,1986,1,507167.43901015,258,3040000,1.0,7.5312261660442,1
Bihar,Arwal,10,611,1988,2,1474609.7146377899,1109,502000,2.0,7.7855937662664,1
Bihar,Arwal,10,611,1990,1,1100663.2969222,425,63517,1.0,7.3840771654136,1
Bihar,Arwal,10,611,1991,2,718552.66025244,88,87500,1.0,6.9146173641677,1
Bihar,Arwal,10,611,1996,1,171939.46006971,74,4000000,1.0,6.6333155672897,1
Bihar,Arwal,10,611,1997,1,201818.75469288,24,100000,1.0,6.3463542072234,1
Bihar,Arwal,10,611,2000,1,223178.00999326,578,0,1.0,6.5791003221767,1
Bihar,Arwal,10,611,2007,1,517303.19979819,958,3000000,1.5,7.8036502762015,1
Bihar,Arwal,10,611,2010,1,192748.71204485,0,5000,1.0,5.762112739478,1
Bihar,Arwal,10,611,2013,1,102661.13525735,7,0,1.5,6.6646185762841,1
Bihar,Arwal,10,611,2015,1,629961.6057566,206,300000,2.0,7.656646577764,1
Bihar,Arwal,10,611,2016,1,90613.737636319,127,377097,1.5,6.9783833436272,1
Bihar,Arwal,10,611,2017,1,421575.24392831,253,422106,2.0,7.1563540170148,1
Bihar,Arwal,10,611,2021,1,48583.099143124,12,85000,1.5,5.9039691594551,1
Bihar,Aurangabad,10,189,1986,1,507167.43901015,258,3040000,1.0,7.5312261660442,1
Bihar,Aurangabad,10,189,1988,2,1474609.7146377899,1109,502000,2.0,7.7855937662664,1
Bihar,Aurangabad,10,189,1990,1,1100663.2969222,425,63517,1.0,7.3840771654136,1
Bihar,Aurangabad,10,189,1991,2,718552.66025244,88,87500,1.0,6.9146173641677,1
Bihar,Aurangabad,10,189,1996,1,171939.46006971,74,4000000,1.0,6.6333155672897,1
Bihar,Aurangabad,10,189,1997,1,201818.75469288,24,100000,1.0,6.3463542072234,1
Bihar,Aurangabad,10,189,2000,1,223178.00999326,578,0,1.0,6.5791003221767,1
Bihar,Aurangabad,10,189,2007,1,517303.19979819,958,3000000,1.5,7.8036502762015,1
Bihar,Aurangabad,10,189,2010,1,192748.71204485,0,5000,1.0,5.762112739478,1
Bihar,Aurangabad,10,189,2013,1,102661.13525735,7,0,1.5,6.6646185762841,1
Bihar,Aurangabad,10,189,2015,1,629961.6057566,206,300000,2.0,7.656646577764,1
Bihar,Aurangabad,10,189,2016,1,90613.737636319,127,377097,1.5,6.9783833436272,1
Bihar,Aurangabad,10,189,2017,1,421575.24392831,253,422106,2.0,7.1563540170148,1
Bihar,Aurangabad,10,189,2020,1,293809.72651845,2,0,1.5,6.4892554680033,1
Bihar,Aurangabad,10,189,2021,2,394225.824540794,13,1585000,1.5,6.3167786712784,1
Bihar,Banka,10,190,1986,1,507167.43901015,258,3040000,1.0,7.5312261660442,1
Bihar,Banka,10,190,1988,2,1474609.7146377899,1109,502000,2.0,7.7855937662664,1
Bihar,Banka,10,190,1990,1,1100663.2969222,425,63517,1.0,7.3840771654136,1
Bihar,Banka,10,190,1991,2,718552.66025244,88,87500,1.0,6.9146173641677,1
Bihar,Banka,10,190,1996,1,171939.46006971,74,4000000,1.0,6.6333155672897,1
Bihar,Banka,10,190,1997,1,201818.75469288,24,100000,1.0,6.3463542072234,1
Bihar,Banka,10,190,2000,2,378178.89171095996,2046,24000000,2.0,7.0228430813542,1
Bihar,Banka,10,190,2007,1,517303.19979819,958,3000000,1.5,7.8036502762015,1
Bihar,Banka,10,190,2008,2,890849.5329780801,2750,70000,2.0,6.8709354986642,1
Bihar,Banka,10,190,2010,1,192748.71204485,0,5000,1.0,5.762112739478,1
Bihar,Banka,10,190,2013,1,102661.13525735,7,0,1.5,6.6646185762841,1
Bihar,Banka,10,190,2015,1,629961.6057566,206,300000,2.0,7.656646577764,1
Bihar,Banka,10,190,2016,1,90613.737636319,127,377097,1.5,6.9783833436272,1
Bihar,Banka,10,190,2017,1,421575.24392831,253,422106,2.0,7.1563540170148,1
Bihar,Banka,10,190,2021,3,437054.42111782404,24,2085000,1.5,6.3167786712784,1
Bihar,Banka,10,190,2022,1,124500.0,45,200000,2.0,6.2992893340877,1
Bihar,Begusarai,10,191,1985,1,89994.671391565,557,152000,2.0,6.7737607310506,1
Bihar,Begusarai,10,191,1986,1,507167.43901015,258,3040000,1.0,7.5312261660442,1
Bihar,Begusarai,10,191,1988,2,1474609.7146377899,1109,502000,2.0,7.7855937662664,1
Bihar,Begusarai,10,191,1990,1,1100663.2969222,425,63517,1.0,7.3840771654136,1
Bihar,Begusarai,10,191,1991,2,718552.66025244,88,87500,1.0,6.9146173641677,1
Bihar,Begusarai,10,191,1996,1,171939.46006971,74,4000000,1.0,6.6333155672897,1
Bihar,Begusarai,10,191,1997,1,201818.75469288,24,100000,1.0,6.3463542072234,1
Bihar,Begusarai,10,191,2000,1,223178.00999326,578,0,1.0,6.5791003221767,1
Bihar,Begusarai,10,191,2001,1,30123.946400629,146,30000,1.0,5.7341843712955,1
Bihar,Begusarai,10,191,2007,1,517303.19979819,958,3000000,1.5,7.8036502762015,1
Bihar,Begusarai,10,191,2008,1,426531.53733638,350,70000,1.5,6.8060424070675,1
Bihar,Begusarai,10,191,2010,1,192748.71204485,0,5000,1.0,5.762112739478,1
Bihar,Begusarai,10,191,2011,1,42377.334468591005,0,3000,1.0,5.9695563169632,1
Bihar,Begusarai,10,191,2013,1,102661.13525735,7,0,1.5,6.6646185762841,1
Bihar,Begusarai,10,191,2014,1,62650.802729391,0,10000,1.5,6.3879912469011,1
Bihar,Begusarai,10,191,2015,1,629961.6057566,206,300000,2.0,7.656646577764,1
Bihar,Begusarai,10,191,2016,1,90613.737636319,127,377097,1.5,6.9783833436272,1
Bihar,Begusarai,10,191,2017,1,421575.24392831,253,422106,2.0,7.1563540170148,1
Bihar,Begusarai,10,191,2021,2,288153.858856394,12,85000,1.5,6.2245318501,1
Bihar,Begusarai,10,191,2022,1,124500.0,45,200000,2.0,6.2992893340877,1
Bihar,Bhagalpur,10,192,1986,1,507167.43901015,258,3040000,1.0,7.5312261660442,1
Bihar,Bhagalpur,10,192,1988,2,1474609.7146377899,1109,502000,2.0,7.7855937662664,1
Bihar,Bhagalpur,10,192,1990,1,1100663.2969222,425,63517,1.0,7.3840771654136,1
Bihar,Bhagalpur,10,192,1991,2,718552.66025244,88,87500,1.0,6.9146173641677,1
Bihar,Bhagalpur,10,192,1996,1,171939.46006971,74,4000000,1.0,6.6333155672897,1
Bihar,Bhagalpur,10,192,1997,1,201818.75469288,24,100000,1.0,6.3463542072234,1
Bihar,Bhagalpur,10,192,2000,2,378178.89171095996,2046,24000000,2.0,7.0228430813542,1
Bihar,Bhagalpur,10,192,2007,1,517303.19979819,958,3000000,1.5,7.8036502762015,1
Bihar,Bhagalpur,10,192,2008,3,1241413.34503428,2926,1670000,2.0,7.0499170611118,1
Bihar,Bhagalpur,10,192,2010,1,192748.71204485,0,5000,1.0,5.762112739478,1
Bihar,Bhagalpur,10,192,2011,1,42377.334468591005,0,3000,1.0,5.9695563169632,1
Bihar,Bhagalpur,10,192,2013,1,102661.13525735,7,0,1.5,6.6646185762841,1
Bihar,Bhagalpur,10,192,2014,1,62650.802729391,0,10000,1.5,6.3879912469011,1
Bihar,Bhagalpur,10,192,2015,1,629961.6057566,206,300000,2.0,7.656646577764,1
Bihar,Bhagalpur,10,192,2016,1,90613.737636319,127,377097,1.5,6.9783833436272,1
Bihar,Bhagalpur,10,192,2017,1,421575.24392831,253,422106,2.0,7.1563540170148,1
Bihar,Bhagalpur,10,192,2021,1,48583.099143124,12,85000,1.5,5.9039691594551,1
Bihar,Bhagalpur,10,192,2022,1,124500.0,45,200000,2.0,6.2992893340877,1
Bihar,Bhojpur,10,193,1985,1,89994.671391565,557,152000,2.0,6.7737607310506,1
Bihar,Bhojpur,10,193,1986,1,507167.43901015,258,3040000,1.0,7.5312261660442,1
Bihar,Bhojpur,10,193,1988,2,1474609.7146377899,1109,502000,2.0,7.7855937662664,1
Bihar,Bhojpur,10,193,1990,1,1100663.2969222,425,63517,1.0,7.3840771654136,1
Bihar,Bhojpur,10,193,1991,2,718552.66025244,88,87500,1.0,6.9146173641677,1
Bihar,Bhojpur,10,193,1996,1,171939.46006971,74,4000000,1.0,6.6333155672897,1
Bihar,Bhojpur,10,193,1997,1,201818.75469288,24,100000,1.0,6.3463542072234,1
Bihar,Bhojpur,10,193,2000,1,223178.00999326,578,0,1.0,6.5791003221767,1
Bihar,Bhojpur,10,193,2007,1,517303.19979819,958,3000000,1.5,7.8036502762015,1
Bihar,Bhojpur,10,193,2010,2,231286.66789378598,88,20000,1.5,5.8759232862105,1
Bihar,Bhojpur,10,193,2013,1,102661.13525735,7,0,1.5,6.6646185762841,1
Bihar,Bhojpur,10,193,2014,1,62650.802729391,0,10000,1.5,6.3879912469011,1
Bihar,Bhojpur,10,193,2015,1,629961.6057566,206,300000,2.0,7.656646577764,1
Bihar,Bhojpur,10,193,2016,1,90613.737636319,127,377097,1.5,6.9783833436272,1
Bihar,Bhojpur,10,193,2017,1,421575.24392831,253,422106,2.0,7.1563540170148,1
Bihar,Bhojpur,10,193,2020,1,293809.72651845,2,0,1.5,6.4892554680033,1
Bihar,Bhojpur,10,193,2021,1,239570.75971327,0,0,1.0,6.2245318501,1
Bihar,Bhojpur,10,193,2022,1,224000.0,4,0,1.5,6.1283992687178,1
Bihar,Buxar,10,194,1985,1,89994.671391565,557,152000,2.0,6.7737607310506,1
Bihar,Buxar,10,194,1986,1,507167.43901015,258,3040000,1.0,7.5312261660442,1
Bihar,Buxar,10,194,1988,2,1474609.7146377899,1109,502000,2.0,7.7855937662664,1
Bihar,Buxar,10,194,1989,1,204979.38347471,7,0,1.0,6.2148001695432,1
Bihar,Buxar,10,194,1990,2,1385589.90363544,442,63517,1.0,7.3840771654136,1
Bihar,Buxar,10,194,1991,2,718552.66025244,88,87500,1.0,6.9146173641677,1
Bihar,Buxar,10,194,1992,1,518125.27779756,40,2000,1.0,7.2459136977876,1
Bihar,Buxar,10,194,1995,1,762936.8925746998,600,2000000,1.0,7.1835186118101,1
Bihar,Buxar,10,194,1996,1,171939.46006971,74,4000000,1.0,6.6333155672897,1
Bihar,Buxar,10,194,1997,1,201818.75469288,24,100000,1.0,6.3463542072234,1
Bihar,Buxar,10,194,2000,1,223178.00999326,578,0,1.0,6.5791003221767,1
Bihar,Buxar,10,194,2007,1,517303.19979819,958,3000000,1.5,7.8036502762015,1
Bihar,Buxar,10,194,2010,1,38537.955848936,88,15000,1.5,5.8759232862105,1
Bihar,Buxar,10,194,2013,1,102661.13525735,7,0,1.5,6.6646185762841,1
Bihar,Buxar,10,194,2014,1,62650.802729391,0,10000,1.5,6.3879912469011,1
Bihar,Buxar,10,194,2015,1,629961.6057566,206,300000,2.0,7.656646577764,1
Bihar,Buxar,10,194,2016,1,90613.737636319,127,377097,1.5,6.9783833436272,1
Bihar,Buxar,10,194,2017,1,421575.24392831,253,422106,2.0,7.1563540170148,1
Bihar,Buxar,10,194,2018,1,70859.958919695,20,1000,1.5,5.8715901952896,1
Bihar,Buxar,10,194,2020,1,293809.72651845,2,0,1.5,6.4892554680033,1
Bihar,Buxar,10,194,2021,1,239570.75971327,0,0,1.0,6.2245318501,1
Bihar,Buxar,10,194,2022,1,224000.0,4,0,1.5,6.1283992687178,1
Bihar,Darbhanga,10,195,1985,1,89994.671391565,557,152000,2.0,6.7737607310506,1
Bihar,Darbhanga,10,195,1986,1,507167.43901015,258,3040000,1.0,7.5312261660442,1
Bihar,Darbhanga,10,195,1988,2,1474609.7146377899,1109,502000,2.0,7.7855937662664,1
Bihar,Darbhanga,10,195,1990,1,1100663.2969222,425,63517,1.0,7.3840771654136,1
Bihar,Darbhanga,10,195,1991,2,718552.66025244,88,87500,1.0,6.9146173641677,1
Bihar,Darbhanga,10,195,1996,1,171939.46006971,74,4000000,1.0,6.6333155672897,1
Bihar,Darbhanga,10,195,1997,1,201818.75469288,24,100000,1.0,6.3463542072234,1
Bihar,Darbhanga,10,195,2000,1,223178.00999326,578,0,1.0,6.5791003221767,1
Bihar,Darbhanga,10,195,2001,1,30123.946400629,146,30000,1.0,5.7341843712955,1
Bihar,Darbhanga,10,195,2007,1,517303.19979819,958,3000000,1.5,7.8036502762015,1
Bihar,Darbhanga,10,195,2008,1,426531.53733638,350,70000,1.5,6.8060424070675,1
Bihar,Darbhanga,10,195,2009,1,21198.808555895,0,3000,1.5,5.1044627031925,1
Bihar,Darbhanga,10,195,2010,1,192748.71204485,0,5000,1.0,5.762112739478,1
Bihar,Darbhanga,10,195,2011,1,42377.334468591005,0,3000,1.0,5.9695563169632,1
Bihar,Darbhanga,10,195,2012,1,2638.6386136378,9,1500,1.0,4.7224099092451,1
Bihar,Darbhanga,10,195,2013,1,102661.13525735,7,0,1.5,6.6646185762841,1
Bihar,Darbhanga,10,195,2014,1,62650.802729391,0,10000,1.5,6.3879912469011,1
Bihar,Darbhanga,10,195,2015,1,629961.6057566,206,300000,2.0,7.656646577764,1
Bihar,Darbhanga,10,195,2016,1,90613.737636319,127,377097,1.5,6.9783833436272,1
Bihar,Darbhanga,10,195,2017,1,421575.24392831,253,422106,2.0,7.1563540170148,1
Bihar,Darbhanga,10,195,2021,3,382210.89163399895,70,86200,1.5,6.2286637790175,1
Bihar,Darbhanga,10,195,2022,1,124500.0,45,200000,2.0,6.2992893340877,1
Bihar,Gaya,10,196,1985,1,89994.671391565,557,152000,2.0,6.7737607310506,1
Bihar,Gaya,10,196,1986,1,507167.43901015,258,3040000,1.0,7.5312261660442,1
Bihar,Gaya,10,196,1988,2,1474609.7146377899,1109,502000,2.0,7.7855937662664,1
Bihar,Gaya,10,196,1990,1,1100663.2969222,425,63517,1.0,7.3840771654136,1
Bihar,Gaya,10,196,1991,2,718552.66025244,88,87500,1.0,6.9146173641677,1
Bihar,Gaya,10,196,1996,1,171939.46006971,74,4000000,1.0,6.6333155672897,1
Bihar,Gaya,10,196,1997,1,201818.75469288,24,100000,1.0,6.3463542072234,1
Bihar,Gaya,10,196,2000,1,223178.00999326,578,0,1.0,6.5791003221767,1
Bihar,Gaya,10,196,2007,1,517303.19979819,958,3000000,1.5,7.8036502762015,1
Bihar,Gaya,10,196,2008,1,464317.9956417001,2400,0,2.0,6.8709354986642,1
Bihar,Gaya,10,196,2010,1,192748.71204485,0,5000,1.0,5.762112739478,1
Bihar,Gaya,10,196,2013,1,102661.13525735,7,0,1.5,6.6646185762841,1
Bihar,Gaya,10,196,2015,1,629961.6057566,206,300000,2.0,7.656646577764,1
Bihar,Gaya,10,196,2016,1,90613.737636319,127,377097,1.5,6.9783833436272,1
Bihar,Gaya,10,196,2017,1,421575.24392831,253,422106,2.0,7.1563540170148,1
Bihar,Gaya,10,196,2021,2,394225.824540794,13,1585000,1.5,6.3167786712784,1
Bihar,Gopalganj,10,197,1985,1,89994.671391565,557,152000,2.0,6.7737607310506,1
Bihar,Gopalganj,10,197,1986,1,507167.43901015,258,3040000,1.0,7.5312261660442,1
Bihar,Gopalganj,10,197,1988,2,1474609.7146377899,1109,502000,2.0,7.7855937662664,1
Bihar,Gopalganj,10,197,1989,1,204979.38347471,7,0,1.0,6.2148001695432,1
Bihar,Gopalganj,10,197,1990,2,1385589.90363544,442,63517,1.0,7.3840771654136,1
Bihar,Gopalganj,10,197,1991,2,718552.66025244,88,87500,1.0,6.9146173641677,1
Bihar,Gopalganj,10,197,1992,1,518125.27779756,40,2000,1.0,7.2459136977876,1
Bihar,Gopalganj,10,197,1994,1,292130.6444844,53,3000,1.0,6.3686671038163,1
Bihar,Gopalganj,10,197,1995,1,762936.8925746998,600,2000000,1.0,7.1835186118101,1
Bihar,Gopalganj,10,197,1996,1,171939.46006971,74,4000000,1.0,6.6333155672897,1
Bihar,Gopalganj,10,197,2000,1,223178.00999326,578,0,1.0,6.5791003221767,1
Bihar,Gopalganj,10,197,2001,2,65566.006048992,211,330000,1.0,5.9112467881696,1
Bihar,Gopalganj,10,197,2007,1,517303.19979819,958,3000000,1.5,7.8036502762015,1
Bihar,Gopalganj,10,197,2009,1,21198.808555895,0,3000,1.5,5.1044627031925,1
Bihar,Gopalganj,10,197,2010,1,192748.71204485,0,5000,1.0,5.762112739478,1
Bihar,Gopalganj,10,197,2011,1,42377.334468591005,0,3000,1.0,5.9695563169632,1
Bihar,Gopalganj,10,197,2013,1,102661.13525735,7,0,1.5,6.6646185762841,1
Bihar,Gopalganj,10,197,2014,1,62650.802729391,0,10000,1.5,6.3879912469011,1
Bihar,Gopalganj,10,197,2015,1,629961.6057566,206,300000,2.0,7.656646577764,1
Bihar,Gopalganj,10,197,2016,1,90613.737636319,127,377097,1.5,6.9783833436272,1
Bihar,Gopalganj,10,197,2017,1,421575.24392831,253,422106,2.0,7.1563540170148,1
Bihar,Gopalganj,10,197,2020,1,293809.72651845,2,0,1.5,6.4892554680033,1
Bihar,Gopalganj,10,197,2021,2,333627.792490875,58,1200,1.5,6.2286637790175,1
Bihar,Gopalganj,10,197,2022,1,224000.0,4,0,1.5,6.1283992687178,1
Bihar,Jamui,10,198,1986,1,507167.43901015,258,3040000,1.0,7.5312261660442,1
Bihar,Jamui,10,198,1988,2,1474609.7146377899,1109,502000,2.0,7.7855937662664,1
Bihar,Jamui,10,198,1990,1,1100663.2969222,425,63517,1.0,7.3840771654136,1
Bihar,Jamui,10,198,1991,2,718552.66025244,88,87500,1.0,6.9146173641677,1
Bihar,Jamui,10,198,1996,1,171939.46006971,74,4000000,1.0,6.6333155672897,1
Bihar,Jamui,10,198,1997,1,201818.75469288,24,100000,1.0,6.3463542072234,1
Bihar,Jamui,10,198,2000,1,223178.00999326,578,0,1.0,6.5791003221767,1
Bihar,Jamui,10,198,2007,1,517303.19979819,958,3000000,1.5,7.8036502762015,1
Bihar,Jamui,10,198,2008,2,890849.5329780801,2750,70000,2.0,6.8709354986642,1
Bihar,Jamui,10,198,2010,1,192748.71204485,0,5000,1.0,5.762112739478,1
Bihar,Jamui,10,198,2013,1,102661.13525735,7,0,1.5,6.6646185762841,1
Bihar,Jamui,10,198,2015,1,629961.6057566,206,300000,2.0,7.656646577764,1
Bihar,Jamui,10,198,2016,1,90613.737636319,127,377097,1.5,6.9783833436272,1
Bihar,Jamui,10,198,2017,1,421575.24392831,253,422106,2.0,7.1563540170148,1
Bihar,Jamui,10,198,2021,2,394225.824540794,13,1585000,1.5,6.3167786712784,1
Bihar,Jamui,10,198,2022,1,124500.0,45,200000,2.0,6.2992893340877,1
Bihar,Jehanabad,10,199,1985,1,89994.671391565,557,152000,2.0,6.7737607310506,1
Bihar,Jehanabad,10,199,1986,1,507167.43901015,258,3040000,1.0,7.5312261660442,1
Bihar,Jehanabad,10,199,1988,2,1474609.7146377899,1109,502000,2.0,7.7855937662664,1
Bihar,Jehanabad,10,199,1990,1,1100663.2969222,425,63517,1.0,7.3840771654136,1
Bihar,Jehanabad,10,199,1991,2,718552.66025244,88,87500,1.0,6.9146173641677,1
Bihar,Jehanabad,10,199,1996,1,171939.46006971,74,4000000,1.0,6.6333155672897,1
Bihar,Jehanabad,10,199,1997,1,201818.75469288,24,100000,1.0,6.3463542072234,1
Bihar,Jehanabad,10,199,2000,1,223178.00999326,578,0,1.0,6.5791003221767,1
Bihar,Jehanabad,10,199,2007,1,517303.19979819,958,3000000,1.5,7.8036502762015,1
Bihar,Jehanabad,10,199,2010,1,192748.71204485,0,5000,1.0,5.762112739478,1
Bihar,Jehanabad,10,199,2013,1,102661.13525735,7,0,1.5,6.6646185762841,1
Bihar,Jehanabad,10,199,2015,1,629961.6057566,206,300000,2.0,7.656646577764,1
Bihar,Jehanabad,10,199,2016,1,90613.737636319,127,377097,1.5,6.9783833436272,1
Bihar,Jehanabad,10,199,2017,1,421575.24392831,253,422106,2.0,7.1563540170148,1
Bihar,Jehanabad,10,199,2021,1,48583.099143124,12,85000,1.5,5.9039691594551,1
Bihar,Kaimur (Bhabua),10,200,1986,1,507167.43901015,258,3040000,1.0,7.5312261660442,1
Bihar,Kaimur (Bhabua),10,200,1988,2,1474609.7146377899,1109,502000,2.0,7.7855937662664,1
Bihar,Kaimur (Bhabua),10,200,1989,1,204979.38347471,7,0,1.0,6.2148001695432,1
Bihar,Kaimur (Bhabua),10,200,1990,2,1385589.90363544,442,63517,1.0,7.3840771654136,1
Bihar,Kaimur (Bhabua),10,200,1991,2,718552.66025244,88,87500,1.0,6.9146173641677,1
Bihar,Kaimur (Bhabua),10,200,1992,1,518125.27779756,40,2000,1.0,7.2459136977876,1
Bihar,Kaimur (Bhabua),10,200,1994,1,292130.6444844,53,3000,1.0,6.3686671038163,1
Bihar,Kaimur (Bhabua),10,200,1995,1,762936.8925746998,600,2000000,1.0,7.1835186118101,1
Bihar,Kaimur (Bhabua),10,200,1996,1,171939.46006971,74,4000000,1.0,6.6333155672897,1
Bihar,Kaimur (Bhabua),10,200,1997,1,201818.75469288,24,100000,1.0,6.3463542072234,1
Bihar,Kaimur (Bhabua),10,200,2000,1,223178.00999326,578,0,1.0,6.5791003221767,1
Bihar,Kaimur (Bhabua),10,200,2007,1,517303.19979819,958,3000000,1.5,7.8036502762015,1
Bihar,Kaimur (Bhabua),10,200,2016,1,90613.737636319,127,377097,1.5,6.9783833436272,1
Bihar,Kaimur (Bhabua),10,200,2017,1,421575.24392831,253,422106,2.0,7.1563540170148,1
Bihar,Kaimur (Bhabua),10,200,2018,1,70859.958919695,20,1000,1.5,5.8715901952896,1
Bihar,Kaimur (Bhabua),10,200,2020,1,293809.72651845,2,0,1.5,6.4892554680033,1
Bihar,Kaimur (Bhabua),10,200,2021,2,585213.48511094,1,1500000,1.5,6.3167786712784,1
Bihar,Kaimur (Bhabua),10,200,2022,1,224000.0,4,0,1.5,6.1283992687178,1
Bihar,Katihar,10,201,1986,2,738683.71944248,307,3740000,1.0,7.5312261660442,1
Bihar,Katihar,10,201,1988,2,1474609.7146377899,1109,502000,2.0,7.7855937662664,1
Bihar,Katihar,10,201,1990,1,1100663.2969222,425,63517,1.0,7.3840771654136,1
Bihar,Katihar,10,201,1991,3,810513.306814163,109,87500,1.0,6.9146173641677,1
Bihar,Katihar,10,201,1995,1,308073.20491195,144,510000,1.0,6.3337519666177,1
Bihar,Katihar,10,201,1996,1,171939.46006971,74,4000000,1.0,6.6333155672897,1
Bihar,Katihar,10,201,1997,1,201818.75469288,24,100000,1.0,6.3463542072234,1
Bihar,Katihar,10,201,2000,2,378178.89171095996,2046,24000000,2.0,7.0228430813542,1
Bihar,Katihar,10,201,2007,1,517303.19979819,958,3000000,1.5,7.8036502762015,1
Bihar,Katihar,10,201,2008,3,1060901.49990599,668,1895000,2.0,7.0550817943772,1
Bihar,Katihar,10,201,2010,1,192748.71204485,0,5000,1.0,5.762112739478,1
Bihar,Katihar,10,201,2011,1,42377.334468591005,0,3000,1.0,5.9695563169632,1
Bihar,Katihar,10,201,2013,1,102661.13525735,7,0,1.5,6.6646185762841,1
Bihar,Katihar,10,201,2014,1,62650.802729391,0,10000,1.5,6.3879912469011,1
Bihar,Katihar,10,201,2015,1,629961.6057566,206,300000,2.0,7.656646577764,1
Bihar,Katihar,10,201,2016,1,90613.737636319,127,377097,1.5,6.9783833436272,1
Bihar,Katihar,10,201,2017,1,421575.24392831,253,422106,2.0,7.1563540170148,1
Bihar,Katihar,10,201,2021,2,288153.858856394,12,85000,1.5,6.2245318501,1
Bihar,Katihar,10,201,2022,1,124500.0,45,200000,2.0,6.2992893340877,1
Bihar,Khagaria,10,202,1985,1,89994.671391565,557,152000,2.0,6.7737607310506,1
Bihar,Khagaria,10,202,1986,1,507167.43901015,258,3040000,1.0,7.5312261660442,1
Bihar,Khagaria,10,202,1988,2,1474609.7146377899,1109,502000,2.0,7.7855937662664,1
Bihar,Khagaria,10,202,1990,1,1100663.2969222,425,63517,1.0,7.3840771654136,1
Bihar,Khagaria,10,202,1991,2,718552.66025244,88,87500,1.0,6.9146173641677,1
Bihar,Khagaria,10,202,1996,1,171939.46006971,74,4000000,1.0,6.6333155672897,1
Bihar,Khagaria,10,202,1997,1,201818.75469288,24,100000,1.0,6.3463542072234,1
Bihar,Khagaria,10,202,2000,1,223178.00999326,578,0,1.0,6.5791003221767,1
Bihar,Khagaria,10,202,2007,1,517303.19979819,958,3000000,1.5,7.8036502762015,1
Bihar,Khagaria,10,202,2008,1,426531.53733638,350,70000,1.5,6.8060424070675,1
Bihar,Khagaria,10,202,2010,1,192748.71204485,0,5000,1.0,5.762112739478,1
Bihar,Khagaria,10,202,2011,1,42377.334468591005,0,3000,1.0,5.9695563169632,1
Bihar,Khagaria,10,202,2013,1,102661.13525735,7,0,1.5,6.6646185762841,1
Bihar,Khagaria,10,202,2014,1,62650.802729391,0,10000,1.5,6.3879912469011,1
Bihar,Khagaria,10,202,2015,1,629961.6057566,206,300000,2.0,7.656646577764,1
Bihar,Khagaria,10,202,2016,1,90613.737636319,127,377097,1.5,6.9783833436272,1
Bihar,Khagaria,10,202,2017,1,421575.24392831,253,422106,2.0,7.1563540170148,1
Bihar,Khagaria,10,202,2021,2,288153.858856394,12,85000,1.5,6.2245318501,1
Bihar,Khagaria,10,202,2022,1,124500.0,45,200000,2.0,6.2992893340877,1
Bihar,Kishanganj,10,203,1986,1,507167.43901015,258,3040000,1.0,7.5312261660442,1
Bihar,Kishanganj,10,203,1988,2,1474609.7146377899,1109,502000,2.0,7.7855937662664,1
Bihar,Kishanganj,10,203,1990,1,1100663.2969222,425,63517,1.0,7.3840771654136,1
Bihar,Kishanganj,10,203,1991,3,810513.306814163,109,87500,1.0,6.9146173641677,1
Bihar,Kishanganj,10,203,1995,1,308073.20491195,144,510000,1.0,6.3337519666177,1
Bihar,Kishanganj,10,203,1996,2,300906.28896027,156,7000000,1.0,6.6333155672897,1
Bihar,Kishanganj,10,203,1997,1,201818.75469288,24,100000,1.0,6.3463542072234,1
Bihar,Kishanganj,10,203,2000,1,155000.8817177,1468,24000000,2.0,7.0228430813542,1
Bihar,Kishanganj,10,203,2007,1,517303.19979819,958,3000000,1.5,7.8036502762015,1
Bihar,Kishanganj,10,203,2008,3,1060901.49990599,668,1895000,2.0,7.0550817943772,1
Bihar,Kishanganj,10,203,2010,1,192748.71204485,0,5000,1.0,5.762112739478,1
Bihar,Kishanganj,10,203,2011,1,42377.334468591005,0,3000,1.0,5.9695563169632,1
Bihar,Kishanganj,10,203,2014,1,62650.802729391,0,10000,1.5,6.3879912469011,1
Bihar,Kishanganj,10,203,2015,1,629961.6057566,206,300000,2.0,7.656646577764,1
Bihar,Kishanganj,10,203,2017,1,421575.24392831,253,422106,2.0,7.1563540170148,1
Bihar,Kishanganj,10,203,2021,1,239570.75971327,0,0,1.0,6.2245318501,1
Bihar,Kishanganj,10,203,2022,1,124500.0,45,200000,2.0,6.2992893340877,1
Bihar,Kishanganj,10,203,2023,1,119900.0,0,2211,1.5,6.2091529515939,1
Bihar,Lakhisarai,10,204,1985,1,89994.671391565,557,152000,2.0,6.7737607310506,1
Bihar,Lakhisarai,10,204,1986,1,507167.43901015,258,3040000,1.0,7.5312261660442,1
Bihar,Lakhisarai,10,204,1988,2,1474609.7146377899,1109,502000,2.0,7.7855937662664,1
Bihar,Lakhisarai,10,204,1990,1,1100663.2969222,425,63517,1.0,7.3840771654136,1
Bihar,Lakhisarai,10,204,1991,2,718552.66025244,88,87500,1.0,6.9146173641677,1
Bihar,Lakhisarai,10,204,1996,1,171939.46006971,74,4000000,1.0,6.6333155672897,1
Bihar,Lakhisarai,10,204,1997,1,201818.75469288,24,100000,1.0,6.3463542072234,1
Bihar,Lakhisarai,10,204,2000,1,223178.00999326,578,0,1.0,6.5791003221767,1
Bihar,Lakhisarai,10,204,2007,1,517303.19979819,958,3000000,1.5,7.8036502762015,1
Bihar,Lakhisarai,10,204,2008,2,890849.5329780801,2750,70000,2.0,6.8709354986642,1
Bihar,Lakhisarai,10,204,2010,1,192748.71204485,0,5000,1.0,5.762112739478,1
Bihar,Lakhisarai,10,204,2013,1,102661.13525735,7,0,1.5,6.6646185762841,1
Bihar,Lakhisarai,10,204,2014,1,62650.802729391,0,10000,1.5,6.3879912469011,1
Bihar,Lakhisarai,10,204,2015,1,629961.6057566,206,300000,2.0,7.656646577764,1
Bihar,Lakhisarai,10,204,2016,1,90613.737636319,127,377097,1.5,6.9783833436272,1
Bihar,Lakhisarai,10,204,2017,1,421575.24392831,253,422106,2.0,7.1563540170148,1
Bihar,Lakhisarai,10,204,2021,2,394225.824540794,13,1585000,1.5,6.3167786712784,1
Bihar,Lakhisarai,10,204,2022,1,124500.0,45,200000,2.0,6.2992893340877,1
Bihar,Madhepura,10,205,1985,1,89994.671391565,557,152000,2.0,6.7737607310506,1
Bihar,Madhepura,10,205,1986,1,507167.43901015,258,3040000,1.0,7.5312261660442,1
Bihar,Madhepura,10,205,1988,2,1474609.7146377899,1109,502000,2.0,7.7855937662664,1
Bihar,Madhepura,10,205,1990,1,1100663.2969222,425,63517,1.0,7.3840771654136,1
Bihar,Madhepura,10,205,1991,2,718552.66025244,88,87500,1.0,6.9146173641677,1
Bihar,Madhepura,10,205,1996,1,171939.46006971,74,4000000,1.0,6.6333155672897,1
Bihar,Madhepura,10,205,1997,1,201818.75469288,24,100000,1.0,6.3463542072234,1
Bihar,Madhepura,10,205,2000,1,223178.00999326,578,0,1.0,6.5791003221767,1
Bihar,Madhepura,10,205,2007,1,517303.19979819,958,3000000,1.5,7.8036502762015,1
Bihar,Madhepura,10,205,2008,2,710337.68784979,492,295000,2.0,7.0550817943772,1
Bihar,Madhepura,10,205,2010,2,204038.353372351,0,5000,1.0,5.762112739478,1
Bihar,Madhepura,10,205,2011,1,42377.334468591005,0,3000,1.0,5.9695563169632,1
Bihar,Madhepura,10,205,2012,1,2638.6386136378,9,1500,1.0,4.7224099092451,1
Bihar,Madhepura,10,205,2013,1,102661.13525735,7,0,1.5,6.6646185762841,1
Bihar,Madhepura,10,205,2014,1,62650.802729391,0,10000,1.5,6.3879912469011,1
Bihar,Madhepura,10,205,2015,1,629961.6057566,206,300000,2.0,7.656646577764,1
Bihar,Madhepura,10,205,2016,1,90613.737636319,127,377097,1.5,6.9783833436272,1
Bihar,Madhepura,10,205,2017,1,421575.24392831,253,422106,2.0,7.1563540170148,1
Bihar,Madhepura,10,205,2021,2,288153.858856394,12,85000,1.5,6.2245318501,1
Bihar,Madhepura,10,205,2022,1,124500.0,45,200000,2.0,6.2992893340877,1
Bihar,Madhubani,10,206,1985,1,89994.671391565,557,152000,2.0,6.7737607310506,1
Bihar,Madhubani,10,206,1986,1,507167.43901015,258,3040000,1.0,7.5312261660442,1
Bihar,Madhubani,10,206,1988,2,1474609.7146377899,1109,502000,2.0,7.7855937662664,1
Bihar,Madhubani,10,206,1990,1,1100663.2969222,425,63517,1.0,7.3840771654136,1
Bihar,Madhubani,10,206,1991,2,718552.66025244,88,87500,1.0,6.9146173641677,1
Bihar,Madhubani,10,206,1996,1,171939.46006971,74,4000000,1.0,6.6333155672897,1
Bihar,Madhubani,10,206,1997,1,201818.75469288,24,100000,1.0,6.3463542072234,1
Bihar,Madhubani,10,206,2001,1,30123.946400629,146,30000,1.0,5.7341843712955,1
Bihar,Madhubani,10,206,2007,1,517303.19979819,958,3000000,1.5,7.8036502762015,1
Bihar,Madhubani,10,206,2008,2,710337.68784979,492,295000,2.0,7.0550817943772,1
Bihar,Madhubani,10,206,2009,1,21198.808555895,0,3000,1.5,5.1044627031925,1
Bihar,Madhubani,10,206,2010,2,204038.353372351,0,5000,1.0,5.762112739478,1
Bihar,Madhubani,10,206,2011,1,42377.334468591005,0,3000,1.0,5.9695563169632,1
Bihar,Madhubani,10,206,2012,1,2638.6386136378,9,1500,1.0,4.7224099092451,1
Bihar,Madhubani,10,206,2013,1,102661.13525735,7,0,1.5,6.6646185762841,1
Bihar,Madhubani,10,206,2014,1,62650.802729391,0,10000,1.5,6.3879912469011,1
Bihar,Madhubani,10,206,2015,1,629961.6057566,206,300000,2.0,7.656646577764,1
Bihar,Madhubani,10,206,2016,1,90613.737636319,127,377097,1.5,6.9783833436272,1
Bihar,Madhubani,10,206,2017,1,421575.24392831,253,422106,2.0,7.1563540170148,1
Bihar,Madhubani,10,206,2021,3,382210.89163399895,70,86200,1.5,6.2286637790175,1
Bihar,Madhubani,10,206,2022,1,124500.0,45,200000,2.0,6.2992893340877,1
Bihar,Munger,10,207,1986,1,507167.43901015,258,3040000,1.0,7.5312261660442,1
Bihar,Munger,10,207,1988,2,1474609.7146377899,1109,502000,2.0,7.7855937662664,1
Bihar,Munger,10,207,1990,1,1100663.2969222,425,63517,1.0,7.3840771654136,1
Bihar,Munger,10,207,1991,2,718552.66025244,88,87500,1.0,6.9146173641677,1
Bihar,Munger,10,207,1996,1,171939.46006971,74,4000000,1.0,6.6333155672897,1
Bihar,Munger,10,207,1997,1,201818.75469288,24,100000,1.0,6.3463542072234,1
Bihar,Munger,10,207,2000,1,223178.00999326,578,0,1.0,6.5791003221767,1
Bihar,Munger,10,207,2007,1,517303.19979819,958,3000000,1.5,7.8036502762015,1
Bihar,Munger,10,207,2008,2,890849.5329780801,2750,70000,2.0,6.8709354986642,1
Bihar,Munger,10,207,2010,1,192748.71204485,0,5000,1.0,5.762112739478,1
Bihar,Munger,10,207,2011,1,42377.334468591005,0,3000,1.0,5.9695563169632,1
Bihar,Munger,10,207,2013,1,102661.13525735,7,0,1.5,6.6646185762841,1
Bihar,Munger,10,207,2014,1,62650.802729391,0,10000,1.5,6.3879912469011,1
Bihar,Munger,10,207,2015,1,629961.6057566,206,300000,2.0,7.656646577764,1
Bihar,Munger,10,207,2016,1,90613.737636319,127,377097,1.5,6.9783833436272,1
Bihar,Munger,10,207,2017,1,421575.24392831,253,422106,2.0,7.1563540170148,1
Bihar,Munger,10,207,2021,2,394225.824540794,13,1585000,1.5,6.3167786712784,1
Bihar,Munger,10,207,2022,1,124500.0,45,200000,2.0,6.2992893340877,1
Bihar,Muzaffarpur,10,208,1985,1,89994.671391565,557,152000,2.0,6.7737607310506,1
Bihar,Muzaffarpur,10,208,1986,1,507167.43901015,258,3040000,1.0,7.5312261660442,1
Bihar,Muzaffarpur,10,208,1988,2,1474609.7146377899,1109,502000,2.0,7.7855937662664,1
Bihar,Muzaffarpur,10,208,1990,1,1100663.2969222,425,63517,1.0,7.3840771654136,1
Bihar,Muzaffarpur,10,208,1991,2,718552.66025244,88,87500,1.0,6.9146173641677,1
Bihar,Muzaffarpur,10,208,1996,1,171939.46006971,74,4000000,1.0,6.6333155672897,1
Bihar,Muzaffarpur,10,208,1997,1,201818.75469288,24,100000,1.0,6.3463542072234,1
Bihar,Muzaffarpur,10,208,2000,1,223178.00999326,578,0,1.0,6.5791003221767,1
Bihar,Muzaffarpur,10,208,2001,1,30123.946400629,146,30000,1.0,5.7341843712955,1
Bihar,Muzaffarpur,10,208,2007,1,517303.19979819,958,3000000,1.5,7.8036502762015,1
Bihar,Muzaffarpur,10,208,2008,1,426531.53733638,350,70000,1.5,6.8060424070675,1
Bihar,Muzaffarpur,10,208,2009,1,21198.808555895,0,3000,1.5,5.1044627031925,1
Bihar,Muzaffarpur,10,208,2010,1,192748.71204485,0,5000,1.0,5.762112739478,1
Bihar,Muzaffarpur,10,208,2011,1,42377.334468591005,0,3000,1.0,5.9695563169632,1
Bihar,Muzaffarpur,10,208,2013,1,102661.13525735,7,0,1.5,6.6646185762841,1
Bihar,Muzaffarpur,10,208,2014,1,62650.802729391,0,10000,1.5,6.3879912469011,1
Bihar,Muzaffarpur,10,208,2015,1,629961.6057566,206,300000,2.0,7.656646577764,1
Bihar,Muzaffarpur,10,208,2016,1,90613.737636319,127,377097,1.5,6.9783833436272,1
Bihar,Muzaffarpur,10,208,2017,1,421575.24392831,253,422106,2.0,7.1563540170148,1
Bihar,Muzaffarpur,10,208,2021,3,382210.89163399895,70,86200,1.5,6.2286637790175,1
Bihar,Nalanda,10,209,1985,1,89994.671391565,557,152000,2.0,6.7737607310506,1
Bihar,Nalanda,10,209,1986,1,507167.43901015,258,3040000,1.0,7.5312261660442,1
Bihar,Nalanda,10,209,1988,2,1474609.7146377899,1109,502000,2.0,7.7855937662664,1
Bihar,Nalanda,10,209,1990,1,1100663.2969222,425,63517,1.0,7.3840771654136,1
Bihar,Nalanda,10,209,1991,2,718552.66025244,88,87500,1.0,6.9146173641677,1
Bihar,Nalanda,10,209,1996,1,171939.46006971,74,4000000,1.0,6.6333155672897,1
Bihar,Nalanda,10,209,1997,1,201818.75469288,24,100000,1.0,6.3463542072234,1
Bihar,Nalanda,10,209,2000,1,223178.00999326,578,0,1.0,6.5791003221767,1
Bihar,Nalanda,10,209,2007,1,517303.19979819,958,3000000,1.5,7.8036502762015,1
Bihar,Nalanda,10,209,2008,1,426531.53733638,350,70000,1.5,6.8060424070675,1
Bihar,Nalanda,10,209,2010,1,192748.71204485,0,5000,1.0,5.762112739478,1
Bihar,Nalanda,10,209,2013,1,102661.13525735,7,0,1.5,6.6646185762841,1
Bihar,Nalanda,10,209,2014,1,62650.802729391,0,10000,1.5,6.3879912469011,1
Bihar,Nalanda,10,209,2015,1,629961.6057566,206,300000,2.0,7.656646577764,1
Bihar,Nalanda,10,209,2016,1,90613.737636319,127,377097,1.5,6.9783833436272,1
Bihar,Nalanda,10,209,2017,1,421575.24392831,253,422106,2.0,7.1563540170148,1
Bihar,Nalanda,10,209,2021,2,288153.858856394,12,85000,1.5,6.2245318501,1
Bihar,Nalanda,10,209,2022,1,124500.0,45,200000,2.0,6.2992893340877,1
Bihar,Nawada,10,210,1985,1,89994.671391565,557,152000,2.0,6.7737607310506,1
Bihar,Nawada,10,210,1986,1,507167.43901015,258,3040000,1.0,7.5312261660442,1
Bihar,Nawada,10,210,1988,2,1474609.7146377899,1109,502000,2.0,7.7855937662664,1
Bihar,Nawada,10,210,1990,1,1100663.2969222,425,63517,1.0,7.3840771654136,1
Bihar,Nawada,10,210,1991,2,718552.66025244,88,87500,1.0,6.9146173641677,1
Bihar,Nawada,10,210,1996,1,171939.46006971,74,4000000,1.0,6.6333155672897,1
Bihar,Nawada,10,210,1997,1,201818.75469288,24,100000,1.0,6.3463542072234,1
Bihar,Nawada,10,210,2000,1,223178.00999326,578,0,1.0,6.5791003221767,1
Bihar,Nawada,10,210,2007,1,517303.19979819,958,3000000,1.5,7.8036502762015,1
Bihar,Nawada,10,210,2008,1,464317.9956417001,2400,0,2.0,6.8709354986642,1
Bihar,Nawada,10,210,2010,1,192748.71204485,0,5000,1.0,5.762112739478,1
Bihar,Nawada,10,210,2013,1,102661.13525735,7,0,1.5,6.6646185762841,1
Bihar,Nawada,10,210,2015,1,629961.6057566,206,300000,2.0,7.656646577764,1
Bihar,Nawada,10,210,2016,1,90613.737636319,127,377097,1.5,6.9783833436272,1
Bihar,Nawada,10,210,2017,1,421575.24392831,253,422106,2.0,7.1563540170148,1
Bihar,Nawada,10,210,2021,2,394225.824540794,13,1585000,1.5,6.3167786712784,1
Bihar,Pashchim Champaran,10,211,1985,1,89994.671391565,557,152000,2.0,6.7737607310506,1
Bihar,Pashchim Champaran,10,211,1986,1,507167.43901015,258,3040000,1.0,7.5312261660442,1
Bihar,Pashchim Champaran,10,211,1988,2,1474609.7146377899,1109,502000,2.0,7.7855937662664,1
Bihar,Pashchim Champaran,10,211,1990,1,1100663.2969222,425,63517,1.0,7.3840771654136,1
Bihar,Pashchim Champaran,10,211,1991,2,718552.66025244,88,87500,1.0,6.9146173641677,1
Bihar,Pashchim Champaran,10,211,1992,1,518125.27779756,40,2000,1.0,7.2459136977876,1
Bihar,Pashchim Champaran,10,211,1994,1,292130.6444844,53,3000,1.0,6.3686671038163,1
Bihar,Pashchim Champaran,10,211,1995,1,762936.8925746998,600,2000000,1.0,7.1835186118101,1
Bihar,Pashchim Champaran,10,211,1996,1,171939.46006971,74,4000000,1.0,6.6333155672897,1
Bihar,Pashchim Champaran,10,211,2001,1,30123.946400629,146,30000,1.0,5.7341843712955,1
Bihar,Pashchim Champaran,10,211,2007,1,517303.19979819,958,3000000,1.5,7.8036502762015,1
Bihar,Pashchim Champaran,10,211,2008,1,283806.15051341,142,225000,2.0,7.0550817943772,1
Bihar,Pashchim Champaran,10,211,2009,1,21198.808555895,0,3000,1.5,5.1044627031925,1
Bihar,Pashchim Champaran,10,211,2010,1,192748.71204485,0,5000,1.0,5.762112739478,1
Bihar,Pashchim Champaran,10,211,2011,1,42377.334468591005,0,3000,1.0,5.9695563169632,1
Bihar,Pashchim Champaran,10,211,2014,1,62650.802729391,0,10000,1.5,6.3879912469011,1
Bihar,Pashchim Champaran,10,211,2015,1,629961.6057566,206,300000,2.0,7.656646577764,1
Bihar,Pashchim Champaran,10,211,2016,1,90613.737636319,127,377097,1.5,6.9783833436272,1
Bihar,Pashchim Champaran,10,211,2017,1,421575.24392831,253,422106,2.0,7.1563540170148,1
Bihar,Pashchim Champaran,10,211,2020,1,293809.72651845,2,0,1.5,6.4892554680033,1
Bihar,Pashchim Champaran,10,211,2021,2,333627.792490875,58,1200,1.5,6.2286637790175,1
Bihar,Pashchim Champaran,10,211,2022,1,224000.0,4,0,1.5,6.1283992687178,1
Bihar,Patna,10,212,1985,1,89994.671391565,557,152000,2.0,6.7737607310506,1
Bihar,Patna,10,212,1986,1,507167.43901015,258,3040000,1.0,7.5312261660442,1
Bihar,Patna,10,212,1988,2,1474609.7146377899,1109,502000,2.0,7.7855937662664,1
Bihar,Patna,10,212,1990,1,1100663.2969222,425,63517,1.0,7.3840771654136,1
Bihar,Patna,10,212,1991,2,718552.66025244,88,87500,1.0,6.9146173641677,1
Bihar,Patna,10,212,1996,1,171939.46006971,74,4000000,1.0,6.6333155672897,1
Bihar,Patna,10,212,1997,1,201818.75469288,24,100000,1.0,6.3463542072234,1
Bihar,Patna,10,212,2000,1,223178.00999326,578,0,1.0,6.5791003221767,1
Bihar,Patna,10,212,2007,1,517303.19979819,958,3000000,1.5,7.8036502762015,1
Bihar,Patna,10,212,2008,1,426531.53733638,350,70000,1.5,6.8060424070675,1
Bihar,Patna,10,212,2010,2,231286.66789378598,88,20000,1.5,5.8759232862105,1
Bihar,Patna,10,212,2011,1,42377.334468591005,0,3000,1.0,5.9695563169632,1
Bihar,Patna,10,212,2013,1,102661.13525735,7,0,1.5,6.6646185762841,1
Bihar,Patna,10,212,2014,1,62650.802729391,0,10000,1.5,6.3879912469011,1
Bihar,Patna,10,212,2015,1,629961.6057566,206,300000,2.0,7.656646577764,1
Bihar,Patna,10,212,2016,1,90613.737636319,127,377097,1.5,6.9783833436272,1
Bihar,Patna,10,212,2017,1,421575.24392831,253,422106,2.0,7.1563540170148,1
Bihar,Patna,10,212,2021,2,288153.858856394,12,85000,1.5,6.2245318501,1
Bihar,Patna,10,212,2022,1,124500.0,45,200000,2.0,6.2992893340877,1
Bihar,Purbi Champaran,10,213,1985,1,89994.671391565,557,152000,2.0,6.7737607310506,1
Bihar,Purbi Champaran,10,213,1986,1,507167.43901015,258,3040000,1.0,7.5312261660442,1
Bihar,Purbi Champaran,10,213,1988,2,1474609.7146377899,1109,502000,2.0,7.7855937662664,1
Bihar,Purbi Champaran,10,213,1990,1,1100663.2969222,425,63517,1.0,7.3840771654136,1
Bihar,Purbi Champaran,10,213,1991,2,718552.66025244,88,87500,1.0,6.9146173641677,1
Bihar,Purbi Champaran,10,213,1996,1,171939.46006971,74,4000000,1.0,6.6333155672897,1
Bihar,Purbi Champaran,10,213,2001,1,30123.946400629,146,30000,1.0,5.7341843712955,1
Bihar,Purbi Champaran,10,213,2007,1,517303.19979819,958,3000000,1.5,7.8036502762015,1
Bihar,Purbi Champaran,10,213,2008,2,710337.68784979,492,295000,2.0,7.0550817943772,1
Bihar,Purbi Champaran,10,213,2009,1,21198.808555895,0,3000,1.5,5.1044627031925,1
Bihar,Purbi Champaran,10,213,2010,1,192748.71204485,0,5000,1.0,5.762112739478,1
Bihar,Purbi Champaran,10,213,2011,1,42377.334468591005,0,3000,1.0,5.9695563169632,1
Bihar,Purbi Champaran,10,213,2013,1,102661.13525735,7,0,1.5,6.6646185762841,1
Bihar,Purbi Champaran,10,213,2014,1,62650.802729391,0,10000,1.5,6.3879912469011,1
Bihar,Purbi Champaran,10,213,2015,1,629961.6057566,206,300000,2.0,7.656646577764,1
Bihar,Purbi Champaran,10,213,2016,1,90613.737636319,127,377097,1.5,6.9783833436272,1
Bihar,Purbi Champaran,10,213,2017,1,421575.24392831,253,422106,2.0,7.1563540170148,1
Bihar,Purbi Champaran,10,213,2020,1,293809.72651845,2,0,1.5,6.4892554680033,1
Bihar,Purbi Champaran,10,213,2021,2,333627.792490875,58,1200,1.5,6.2286637790175,1
Bihar,Purnia,10,214,1986,1,507167.43901015,258,3040000,1.0,7.5312261660442,1
Bihar,Purnia,10,214,1988,2,1474609.7146377899,1109,502000,2.0,7.7855937662664,1
Bihar,Purnia,10,214,1990,1,1100663.2969222,425,63517,1.0,7.3840771654136,1
Bihar,Purnia,10,214,1991,2,718552.66025244,88,87500,1.0,6.9146173641677,1
Bihar,Purnia,10,214,1995,1,308073.20491195,144,510000,1.0,6.3337519666177,1
Bihar,Purnia,10,214,1996,1,171939.46006971,74,4000000,1.0,6.6333155672897,1
Bihar,Purnia,10,214,1997,1,201818.75469288,24,100000,1.0,6.3463542072234,1
Bihar,Purnia,10,214,2000,2,378178.89171095996,2046,24000000,2.0,7.0228430813542,1
Bihar,Purnia,10,214,2007,1,517303.19979819,958,3000000,1.5,7.8036502762015,1
Bihar,Purnia,10,214,2008,3,1060901.49990599,668,1895000,2.0,7.0550817943772,1
Bihar,Purnia,10,214,2010,1,192748.71204485,0,5000,1.0,5.762112739478,1
Bihar,Purnia,10,214,2011,1,42377.334468591005,0,3000,1.0,5.9695563169632,1
Bihar,Purnia,10,214,2013,1,102661.13525735,7,0,1.5,6.6646185762841,1
Bihar,Purnia,10,214,2014,1,62650.802729391,0,10000,1.5,6.3879912469011,1
Bihar,Purnia,10,214,2015,1,629961.6057566,206,300000,2.0,7.656646577764,1
Bihar,Purnia,10,214,2016,1,90613.737636319,127,377097,1.5,6.9783833436272,1
Bihar,Purnia,10,214,2017,1,421575.24392831,253,422106,2.0,7.1563540170148,1
Bihar,Purnia,10,214,2021,2,288153.858856394,12,85000,1.5,6.2245318501,1
Bihar,Purnia,10,214,2022,1,124500.0,45,200000,2.0,6.2992893340877,1
Bihar,Rohtas,10,215,1986,1,507167.43901015,258,3040000,1.0,7.5312261660442,1
Bihar,Rohtas,10,215,1988,2,1474609.7146377899,1109,502000,2.0,7.7855937662664,1
Bihar,Rohtas,10,215,1989,1,204979.38347471,7,0,1.0,6.2148001695432,1
Bihar,Rohtas,10,215,1990,2,1385589.90363544,442,63517,1.0,7.3840771654136,1
Bihar,Rohtas,10,215,1991,2,718552.66025244,88,87500,1.0,6.9146173641677,1
Bihar,Rohtas,10,215,1996,1,171939.46006971,74,4000000,1.0,6.6333155672897,1
Bihar,Rohtas,10,215,1997,1,201818.75469288,24,100000,1.0,6.3463542072234,1
Bihar,Rohtas,10,215,2000,1,223178.00999326,578,0,1.0,6.5791003221767,1
Bihar,Rohtas,10,215,2007,1,517303.19979819,958,3000000,1.5,7.8036502762015,1
Bihar,Rohtas,10,215,2013,1,102661.13525735,7,0,1.5,6.6646185762841,1
Bihar,Rohtas,10,215,2015,1,629961.6057566,206,300000,2.0,7.656646577764,1
Bihar,Rohtas,10,215,2016,1,90613.737636319,127,377097,1.5,6.9783833436272,1
Bihar,Rohtas,10,215,2017,1,421575.24392831,253,422106,2.0,7.1563540170148,1
Bihar,Rohtas,10,215,2018,1,70859.958919695,20,1000,1.5,5.8715901952896,1
Bihar,Rohtas,10,215,2020,1,293809.72651845,2,0,1.5,6.4892554680033,1
Bihar,Rohtas,10,215,2021,2,585213.48511094,1,1500000,1.5,6.3167786712784,1
Bihar,Saharsa,10,216,1985,1,89994.671391565,557,152000,2.0,6.7737607310506,1
Bihar,Saharsa,10,216,1986,1,507167.43901015,258,3040000,1.0,7.5312261660442,1
Bihar,Saharsa,10,216,1988,2,1474609.7146377899,1109,502000,2.0,7.7855937662664,1
Bihar,Saharsa,10,216,1990,1,1100663.2969222,425,63517,1.0,7.3840771654136,1
Bihar,Saharsa,10,216,1991,2,718552.66025244,88,87500,1.0,6.9146173641677,1
Bihar,Saharsa,10,216,1996,1,171939.46006971,74,4000000,1.0,6.6333155672897,1
Bihar,Saharsa,10,216,1997,1,201818.75469288,24,100000,1.0,6.3463542072234,1
Bihar,Saharsa,10,216,2000,1,223178.00999326,578,0,1.0,6.5791003221767,1
Bihar,Saharsa,10,216,2007,1,517303.19979819,958,3000000,1.5,7.8036502762015,1
Bihar,Saharsa,10,216,2008,1,426531.53733638,350,70000,1.5,6.8060424070675,1
Bihar,Saharsa,10,216,2010,1,192748.71204485,0,5000,1.0,5.762112739478,1
Bihar,Saharsa,10,216,2011,1,42377.334468591005,0,3000,1.0,5.9695563169632,1
Bihar,Saharsa,10,216,2012,1,2638.6386136378,9,1500,1.0,4.7224099092451,1
Bihar,Saharsa,10,216,2013,1,102661.13525735,7,0,1.5,6.6646185762841,1
Bihar,Saharsa,10,216,2014,1,62650.802729391,0,10000,1.5,6.3879912469011,1
Bihar,Saharsa,10,216,2015,1,629961.6057566,206,300000,2.0,7.656646577764,1
Bihar,Saharsa,10,216,2016,1,90613.737636319,127,377097,1.5,6.9783833436272,1
Bihar,Saharsa,10,216,2017,1,421575.24392831,253,422106,2.0,7.1563540170148,1
Bihar,Saharsa,10,216,2021,2,288153.858856394,12,85000,1.5,6.2245318501,1
Bihar,Saharsa,10,216,2022,1,124500.0,45,200000,2.0,6.2992893340877,1
Bihar,Samastipur,10,217,1985,1,89994.671391565,557,152000,2.0,6.7737607310506,1
Bihar,Samastipur,10,217,1986,1,507167.43901015,258,3040000,1.0,7.5312261660442,1
Bihar,Samastipur,10,217,1988,2,1474609.7146377899,1109,502000,2.0,7.7855937662664,1
Bihar,Samastipur,10,217,1990,1,1100663.2969222,425,63517,1.0,7.3840771654136,1
Bihar,Samastipur,10,217,1991,2,718552.66025244,88,87500,1.0,6.9146173641677,1
Bihar,Samastipur,10,217,1996,1,171939.46006971,74,4000000,1.0,6.6333155672897,1
Bihar,Samastipur,10,217,1997,1,201818.75469288,24,100000,1.0,6.3463542072234,1
Bihar,Samastipur,10,217,2000,1,223178.00999326,578,0,1.0,6.5791003221767,1
Bihar,Samastipur,10,217,2001,1,30123.946400629,146,30000,1.0,5.7341843712955,1
Bihar,Samastipur,10,217,2007,1,517303.19979819,958,3000000,1.5,7.8036502762015,1
Bihar,Samastipur,10,217,2008,1,426531.53733638,350,70000,1.5,6.8060424070675,1
Bihar,Samastipur,10,217,2009,1,21198.808555895,0,3000,1.5,5.1044627031925,1
Bihar,Samastipur,10,217,2010,1,192748.71204485,0,5000,1.0,5.762112739478,1
Bihar,Samastipur,10,217,2011,1,42377.334468591005,0,3000,1.0,5.9695563169632,1
Bihar,Samastipur,10,217,2013,1,102661.13525735,7,0,1.5,6.6646185762841,1
Bihar,Samastipur,10,217,2014,1,62650.802729391,0,10000,1.5,6.3879912469011,1
Bihar,Samastipur,10,217,2015,1,629961.6057566,206,300000,2.0,7.656646577764,1
Bihar,Samastipur,10,217,2016,1,90613.737636319,127,377097,1.5,6.9783833436272,1
Bihar,Samastipur,10,217,2017,1,421575.24392831,253,422106,2.0,7.1563540170148,1
Bihar,Samastipur,10,217,2021,3,382210.89163399895,70,86200,1.5,6.2286637790175,1
Bihar,Samastipur,10,217,2022,1,124500.0,45,200000,2.0,6.2992893340877,1
Bihar,Saran,10,218,1985,1,89994.671391565,557,152000,2.0,6.7737607310506,1
Bihar,Saran,10,218,1986,1,507167.43901015,258,3040000,1.0,7.5312261660442,1
Bihar,Saran,10,218,1988,2,1474609.7146377899,1109,502000,2.0,7.7855937662664,1
Bihar,Saran,10,218,1990,1,1100663.2969222,425,63517,1.0,7.3840771654136,1
Bihar,Saran,10,218,1991,2,718552.66025244,88,87500,1.0,6.9146173641677,1
Bihar,Saran,10,218,1996,1,171939.46006971,74,4000000,1.0,6.6333155672897,1
Bihar,Saran,10,218,1997,1,201818.75469288,24,100000,1.0,6.3463542072234,1
Bihar,Saran,10,218,2000,1,223178.00999326,578,0,1.0,6.5791003221767,1
Bihar,Saran,10,218,2001,1,30123.946400629,146,30000,1.0,5.7341843712955,1
Bihar,Saran,10,218,2007,1,517303.19979819,958,3000000,1.5,7.8036502762015,1
Bihar,Saran,10,218,2009,1,21198.808555895,0,3000,1.5,5.1044627031925,1
Bihar,Saran,10,218,2010,2,231286.66789378598,88,20000,1.5,5.8759232862105,1
Bihar,Saran,10,218,2011,1,42377.334468591005,0,3000,1.0,5.9695563169632,1
Bihar,Saran,10,218,2013,1,102661.13525735,7,0,1.5,6.6646185762841,1
Bihar,Saran,10,218,2014,1,62650.802729391,0,10000,1.5,6.3879912469011,1
Bihar,Saran,10,218,2015,1,629961.6057566,206,300000,2.0,7.656646577764,1
Bihar,Saran,10,218,2016,1,90613.737636319,127,377097,1.5,6.9783833436272,1
Bihar,Saran,10,218,2017,1,421575.24392831,253,422106,2.0,7.1563540170148,1
Bihar,Saran,10,218,2020,1,293809.72651845,2,0,1.5,6.4892554680033,1
Bihar,Saran,10,218,2021,3,382210.89163399895,70,86200,1.5,6.2286637790175,1
Bihar,Sheikhpura,10,219,1985,1,89994.671391565,557,152000,2.0,6.7737607310506,1
Bihar,Sheikhpura,10,219,1986,1,507167.43901015,258,3040000,1.0,7.5312261660442,1
Bihar,Sheikhpura,10,219,1988,2,1474609.7146377899,1109,502000,2.0,7.7855937662664,1
Bihar,Sheikhpura,10,219,1990,1,1100663.2969222,425,63517,1.0,7.3840771654136,1
Bihar,Sheikhpura,10,219,1991,2,718552.66025244,88,87500,1.0,6.9146173641677,1
Bihar,Sheikhpura,10,219,1996,1,171939.46006971,74,4000000,1.0,6.6333155672897,1
Bihar,Sheikhpura,10,219,1997,1,201818.75469288,24,100000,1.0,6.3463542072234,1
Bihar,Sheikhpura,10,219,2000,1,223178.00999326,578,0,1.0,6.5791003221767,1
Bihar,Sheikhpura,10,219,2007,1,517303.19979819,958,3000000,1.5,7.8036502762015,1
Bihar,Sheikhpura,10,219,2008,1,426531.53733638,350,70000,1.5,6.8060424070675,1
Bihar,Sheikhpura,10,219,2010,1,192748.71204485,0,5000,1.0,5.762112739478,1
Bihar,Sheikhpura,10,219,2013,1,102661.13525735,7,0,1.5,6.6646185762841,1
Bihar,Sheikhpura,10,219,2015,1,629961.6057566,206,300000,2.0,7.656646577764,1
Bihar,Sheikhpura,10,219,2016,1,90613.737636319,127,377097,1.5,6.9783833436272,1
Bihar,Sheikhpura,10,219,2017,1,421575.24392831,253,422106,2.0,7.1563540170148,1
Bihar,Sheikhpura,10,219,2021,2,394225.824540794,13,1585000,1.5,6.3167786712784,1
Bihar,Sheikhpura,10,219,2022,1,124500.0,45,200000,2.0,6.2992893340877,1
Bihar,Sheohar,10,220,1985,1,89994.671391565,557,152000,2.0,6.7737607310506,1
Bihar,Sheohar,10,220,1986,1,507167.43901015,258,3040000,1.0,7.5312261660442,1
Bihar,Sheohar,10,220,1988,2,1474609.7146377899,1109,502000,2.0,7.7855937662664,1
Bihar,Sheohar,10,220,1990,1,1100663.2969222,425,63517,1.0,7.3840771654136,1
Bihar,Sheohar,10,220,1991,2,718552.66025244,88,87500,1.0,6.9146173641677,1
Bihar,Sheohar,10,220,1996,1,171939.46006971,74,4000000,1.0,6.6333155672897,1
Bihar,Sheohar,10,220,2001,1,30123.946400629,146,30000,1.0,5.7341843712955,1
Bihar,Sheohar,10,220,2007,1,517303.19979819,958,3000000,1.5,7.8036502762015,1
Bihar,Sheohar,10,220,2008,1,426531.53733638,350,70000,1.5,6.8060424070675,1
Bihar,Sheohar,10,220,2009,1,21198.808555895,0,3000,1.5,5.1044627031925,1
Bihar,Sheohar,10,220,2010,1,192748.71204485,0,5000,1.0,5.762112739478,1
Bihar,Sheohar,10,220,2011,1,42377.334468591005,0,3000,1.0,5.9695563169632,1
Bihar,Sheohar,10,220,2013,1,102661.13525735,7,0,1.5,6.6646185762841,1
Bihar,Sheohar,10,220,2014,1,62650.802729391,0,10000,1.5,6.3879912469011,1
Bihar,Sheohar,10,220,2015,1,629961.6057566,206,300000,2.0,7.656646577764,1
Bihar,Sheohar,10,220,2016,1,90613.737636319,127,377097,1.5,6.9783833436272,1
Bihar,Sheohar,10,220,2017,1,421575.24392831,253,422106,2.0,7.1563540170148,1
Bihar,Sheohar,10,220,2021,2,333627.792490875,58,1200,1.5,6.2286637790175,1
Bihar,Sitamarhi,10,221,1985,1,89994.671391565,557,152000,2.0,6.7737607310506,1
Bihar,Sitamarhi,10,221,1986,1,507167.43901015,258,3040000,1.0,7.5312261660442,1
Bihar,Sitamarhi,10,221,1988,2,1474609.7146377899,1109,502000,2.0,7.7855937662664,1
Bihar,Sitamarhi,10,221,1990,1,1100663.2969222,425,63517,1.0,7.3840771654136,1
Bihar,Sitamarhi,10,221,1991,2,718552.66025244,88,87500,1.0,6.9146173641677,1
Bihar,Sitamarhi,10,221,1996,1,171939.46006971,74,4000000,1.0,6.6333155672897,1
Bihar,Sitamarhi,10,221,1997,1,201818.75469288,24,100000,1.0,6.3463542072234,1
Bihar,Sitamarhi,10,221,2001,1,30123.946400629,146,30000,1.0,5.7341843712955,1
Bihar,Sitamarhi,10,221,2007,1,517303.19979819,958,3000000,1.5,7.8036502762015,1
Bihar,Sitamarhi,10,221,2008,2,710337.68784979,492,295000,2.0,7.0550817943772,1
Bihar,Sitamarhi,10,221,2009,1,21198.808555895,0,3000,1.5,5.1044627031925,1
Bihar,Sitamarhi,10,221,2010,1,192748.71204485,0,5000,1.0,5.762112739478,1
Bihar,Sitamarhi,10,221,2011,1,42377.334468591005,0,3000,1.0,5.9695563169632,1
Bihar,Sitamarhi,10,221,2013,1,102661.13525735,7,0,1.5,6.6646185762841,1
Bihar,Sitamarhi,10,221,2014,1,62650.802729391,0,10000,1.5,6.3879912469011,1
Bihar,Sitamarhi,10,221,2015,1,629961.6057566,206,300000,2.0,7.656646577764,1
Bihar,Sitamarhi,10,221,2016,1,90613.737636319,127,377097,1.5,6.9783833436272,1
Bihar,Sitamarhi,10,221,2017,1,421575.24392831,253,422106,2.0,7.1563540170148,1
Bihar,Sitamarhi,10,221,2021,2,333627.792490875,58,1200,1.5,6.2286637790175,1
Bihar,Siwan,10,222,1985,1,89994.671391565,557,152000,2.0,6.7737607310506,1
Bihar,Siwan,10,222,1986,1,507167.43901015,258,3040000,1.0,7.5312261660442,1
Bihar,Siwan,10,222,1988,2,1474609.7146377899,1109,502000,2.0,7.7855937662664,1
Bihar,Siwan,10,222,1989,1,204979.38347471,7,0,1.0,6.2148001695432,1
Bihar,Siwan,10,222,1990,2,1385589.90363544,442,63517,1.0,7.3840771654136,1
Bihar,Siwan,10,222,1991,2,718552.66025244,88,87500,1.0,6.9146173641677,1
Bihar,Siwan,10,222,1992,1,518125.27779756,40,2000,1.0,7.2459136977876,1
Bihar,Siwan,10,222,1994,1,292130.6444844,53,3000,1.0,6.3686671038163,1
Bihar,Siwan,10,222,1995,1,762936.8925746998,600,2000000,1.0,7.1835186118101,1
Bihar,Siwan,10,222,1996,1,171939.46006971,74,4000000,1.0,6.6333155672897,1
Bihar,Siwan,10,222,1997,1,201818.75469288,24,100000,1.0,6.3463542072234,1
Bihar,Siwan,10,222,2000,1,223178.00999326,578,0,1.0,6.5791003221767,1
Bihar,Siwan,10,222,2001,2,65566.006048992,211,330000,1.0,5.9112467881696,1
Bihar,Siwan,10,222,2007,1,517303.19979819,958,3000000,1.5,7.8036502762015,1
Bihar,Siwan,10,222,2009,1,21198.808555895,0,3000,1.5,5.1044627031925,1
Bihar,Siwan,10,222,2010,2,231286.66789378598,88,20000,1.5,5.8759232862105,1
Bihar,Siwan,10,222,2011,1,42377.334468591005,0,3000,1.0,5.9695563169632,1
Bihar,Siwan,10,222,2013,1,102661.13525735,7,0,1.5,6.6646185762841,1
Bihar,Siwan,10,222,2014,1,62650.802729391,0,10000,1.5,6.3879912469011,1
Bihar,Siwan,10,222,2015,1,629961.6057566,206,300000,2.0,7.656646577764,1
Bihar,Siwan,10,222,2016,1,90613.737636319,127,377097,1.5,6.9783833436272,1
Bihar,Siwan,10,222,2017,1,421575.24392831,253,422106,2.0,7.1563540170148,1
Bihar,Siwan,10,222,2018,1,70859.958919695,20,1000,1.5,5.8715901952896,1
Bihar,Siwan,10,222,2020,1,293809.72651845,2,0,1.5,6.4892554680033,1
Bihar,Siwan,10,222,2021,2,333627.792490875,58,1200,1.5,6.2286637790175,1
Bihar,Siwan,10,222,2022,1,224000.0,4,0,1.5,6.1283992687178,1
Bihar,Supaul,10,223,1985,1,89994.671391565,557,152000,2.0,6.7737607310506,1
Bihar,Supaul,10,223,1986,1,507167.43901015,258,3040000,1.0,7.5312261660442,1
Bihar,Supaul,10,223,1988,2,1474609.7146377899,1109,502000,2.0,7.7855937662664,1
Bihar,Supaul,10,223,1990,1,1100663.2969222,425,63517,1.0,7.3840771654136,1
Bihar,Supaul,10,223,1991,2,718552.66025244,88,87500,1.0,6.9146173641677,1
Bihar,Supaul,10,223,1996,1,171939.46006971,74,4000000,1.0,6.6333155672897,1
Bihar,Supaul,10,223,1997,1,201818.75469288,24,100000,1.0,6.3463542072234,1
Bihar,Supaul,10,223,2007,1,517303.19979819,958,3000000,1.5,7.8036502762015,1
Bihar,Supaul,10,223,2008,2,710337.68784979,492,295000,2.0,7.0550817943772,1
Bihar,Supaul,10,223,2010,2,204038.353372351,0,5000,1.0,5.762112739478,1
Bihar,Supaul,10,223,2011,1,42377.334468591005,0,3000,1.0,5.9695563169632,1
Bihar,Supaul,10,223,2012,1,2638.6386136378,9,1500,1.0,4.7224099092451,1
Bihar,Supaul,10,223,2013,1,102661.13525735,7,0,1.5,6.6646185762841,1
Bihar,Supaul,10,223,2014,1,62650.802729391,0,10000,1.5,6.3879912469011,1
Bihar,Supaul,10,223,2015,1,629961.6057566,206,300000,2.0,7.656646577764,1
Bihar,Supaul,10,223,2016,1,90613.737636319,127,377097,1.5,6.9783833436272,1
Bihar,Supaul,10,223,2017,1,421575.24392831,253,422106,2.0,7.1563540170148,1
Bihar,Supaul,10,223,2021,2,288153.858856394,12,85000,1.5,6.2245318501,1
Bihar,Supaul,10,223,2022,1,124500.0,45,200000,2.0,6.2992893340877,1
Bihar,Vaishali,10,224,1985,1,89994.671391565,557,152000,2.0,6.7737607310506,1
Bihar,Vaishali,10,224,1986,1,507167.43901015,258,3040000,1.0,7.5312261660442,1
Bihar,Vaishali,10,224,1988,2,1474609.7146377899,1109,502000,2.0,7.7855937662664,1
Bihar,Vaishali,10,224,1990,1,1100663.2969222,425,63517,1.0,7.3840771654136,1
Bihar,Vaishali,10,224,1991,2,718552.66025244,88,87500,1.0,6.9146173641677,1
Bihar,Vaishali,10,224,1996,1,171939.46006971,74,4000000,1.0,6.6333155672897,1
Bihar,Vaishali,10,224,1997,1,201818.75469288,24,100000,1.0,6.3463542072234,1
Bihar,Vaishali,10,224,2000,1,223178.00999326,578,0,1.0,6.5791003221767,1
Bihar,Vaishali,10,224,2001,1,30123.946400629,146,30000,1.0,5.7341843712955,1
Bihar,Vaishali,10,224,2007,1,517303.19979819,958,3000000,1.5,7.8036502762015,1
Bihar,Vaishali,10,224,2008,1,426531.53733638,350,70000,1.5,6.8060424070675,1
Bihar,Vaishali,10,224,2009,1,21198.808555895,0,3000,1.5,5.1044627031925,1
Bihar,Vaishali,10,224,2010,1,192748.71204485,0,5000,1.0,5.762112739478,1
Bihar,Vaishali,10,224,2011,1,42377.334468591005,0,3000,1.0,5.9695563169632,1
Bihar,Vaishali,10,224,2013,1,102661.13525735,7,0,1.5,6.6646185762841,1
Bihar,Vaishali,10,224,2014,1,62650.802729391,0,10000,1.5,6.3879912469011,1
Bihar,Vaishali,10,224,2015,1,629961.6057566,206,300000,2.0,7.656646577764,1
Bihar,Vaishali,10,224,2016,1,90613.737636319,127,377097,1.5,6.9783833436272,1
Bihar,Vaishali,10,224,2017,1,421575.24392831,253,422106,2.0,7.1563540170148,1
Bihar,Vaishali,10,224,2021,2,288153.858856394,12,85000,1.5,6.2245318501,1
Bihar,Vaishali,10,224,2022,1,124500.0,45,200000,2.0,6.2992893340877,1
Chandigarh,Chandigarh,04,044,1988,2,1116265.80873124,964,1750000,2.0,7.7855937662664,1
Chandigarh,Chandigarh,04,044,1994,1,1981837.4145729,617,800000,1.0,7.6772792647922,1
Chandigarh,Chandigarh,04,044,1995,1,762936.8925746998,600,2000000,1.0,7.1835186118101,1
Chandigarh,Chandigarh,04,044,2005,1,308728.71607899,23,0,1.0,6.7906070224724,1
Chandigarh,Chandigarh,04,044,2007,1,191449.94642663,76,15000,1.0,6.0602064995389,1
Chandigarh,Chandigarh,04,044,2012,1,37710.761445125,45,200,2.0,5.3546165520302,1
Chandigarh,Chandigarh,04,044,2013,1,131743.41457489,5748,75000,1.5,6.4999401571691,1
Chandigarh,Chandigarh,04,044,2015,1,629961.6057566,206,300000,2.0,7.656646577764,1
Chandigarh,Chandigarh,04,044,2018,1,114348.33023553,28,935,1.0,6.0582298272306,1
Chhattisgarh,Balod,22,646,1992,1,518125.27779756,40,2000,1.0,7.2459136977876,1
Chhattisgarh,Balod,22,646,1994,1,1981837.4145729,617,800000,1.0,7.6772792647922,1
Chhattisgarh,Balod,22,646,2005,1,374448.84730919,89,550000,1.0,6.8038414193852,1
Chhattisgarh,Balod,22,646,2006,1,302774.27018969005,185,2000000,1.0,7.093902822695,1
Chhattisgarh,Balod,22,646,2007,1,248438.85482793,29,50000,1.0,6.5413475543879,1
Chhattisgarh,Balod,22,646,2008,1,464317.9956417001,2400,0,2.0,6.8709354986642,1
Chhattisgarh,Balod,22,646,2012,1,29689.976773748,1,210,1.0,5.1715798621868,1
Chhattisgarh,Balod,22,646,2013,1,152700.5014673,0,8000,1.0,6.0869304502705,1
Chhattisgarh,Balod,22,646,2014,2,565837.54277345,48,15000,1.5,6.9557010155946,1
Chhattisgarh,Balod,22,646,2016,1,167030.23285049,20,15000,1.5,6.8460443769454,1
Chhattisgarh,Balod,22,646,2019,1,302736.26273672,25,112500,1.5,6.3561257086734,1
Chhattisgarh,Baloda Bazar,22,644,1992,1,518125.27779756,40,2000,1.0,7.2459136977876,1
Chhattisgarh,Baloda Bazar,22,644,1994,1,1981837.4145729,617,800000,1.0,7.6772792647922,1
Chhattisgarh,Baloda Bazar,22,644,2001,1,105057.29490064,100,2000000,2.0,6.8539351267552,1
Chhattisgarh,Baloda Bazar,22,644,2005,1,374448.84730919,89,550000,1.0,6.8038414193852,1
Chhattisgarh,Baloda Bazar,22,644,2006,1,302774.27018969005,185,2000000,1.0,7.093902822695,1
Chhattisgarh,Baloda Bazar,22,644,2007,1,248438.85482793,29,50000,1.0,6.5413475543879,1
Chhattisgarh,Baloda Bazar,22,644,2008,1,464317.9956417001,2400,0,2.0,6.8709354986642,1
Chhattisgarh,Baloda Bazar,22,644,2012,1,29689.976773748,1,210,1.0,5.1715798621868,1
Chhattisgarh,Baloda Bazar,22,644,2013,2,399085.72792748,27,258000,2.0,6.1697659138631,1
Chhattisgarh,Baloda Bazar,22,644,2014,2,565837.54277345,48,15000,1.5,6.9557010155946,1
Chhattisgarh,Baloda Bazar,22,644,2016,1,167030.23285049,20,15000,1.5,6.8460443769454,1
Chhattisgarh,Baloda Bazar,22,644,2021,1,345642.72539767,1,1500000,1.5,6.3167786712784,1
Chhattisgarh,Balrampur,22,649,1986,1,507167.43901015,258,3040000,1.0,7.5312261660442,1
Chhattisgarh,Balrampur,22,649,1988,2,1474609.7146377899,1109,502000,2.0,7.7855937662664,1
Chhattisgarh,Balrampur,22,649,1989,1,204979.38347471,7,0,1.0,6.2148001695432,1
Chhattisgarh,Balrampur,22,649,1990,2,1385589.90363544,442,63517,1.0,7.3840771654136,1
Chhattisgarh,Balrampur,22,649,1991,2,718552.66025244,88,87500,1.0,6.9146173641677,1
Chhattisgarh,Balrampur,22,649,1992,1,518125.27779756,40,2000,1.0,7.2459136977876,1
Chhattisgarh,Balrampur,22,649,1994,2,2273968.0590573,670,803000,1.0,7.6772792647922,1
Chhattisgarh,Balrampur,22,649,1995,1,762936.8925746998,600,2000000,1.0,7.1835186118101,1
Chhattisgarh,Balrampur,22,649,1997,1,201818.75469288,24,100000,1.0,6.3463542072234,1
Chhattisgarh,Balrampur,22,649,2007,1,517303.19979819,958,3000000,1.5,7.8036502762015,1
Chhattisgarh,Balrampur,22,649,2008,1,464317.9956417001,2400,0,2.0,6.8709354986642,1
Chhattisgarh,Balrampur,22,649,2013,2,399085.72792748,27,258000,2.0,6.1697659138631,1
Chhattisgarh,Balrampur,22,649,2021,1,345642.72539767,1,1500000,1.5,6.3167786712784,1
Chhattisgarh,Bastar,22,374,1988,1,94871.792387788,50,0,1.0,5.4542583603891,1
Chhattisgarh,Bastar,22,374,1989,1,905209.24002345,780,0,1.0,6.9567489784143,1
Chhattisgarh,Bastar,22,374,1991,1,151947.05798534,15,0,1.0,5.8806622999787,1
Chhattisgarh,Bastar,22,374,1994,2,2136486.6163533,617,800000,1.0,7.6772792647922,1
Chhattisgarh,Bastar,22,374,1995,1,308073.20491195,144,510000,1.0,6.3337519666177,1
Chhattisgarh,Bastar,22,374,2005,1,374448.84730919,89,550000,1.0,6.8038414193852,1
Chhattisgarh,Bastar,22,374,2006,1,302774.27018969005,185,2000000,1.0,7.093902822695,1
Chhattisgarh,Bastar,22,374,2007,1,248438.85482793,29,50000,1.0,6.5413475543879,1
Chhattisgarh,Bastar,22,374,2008,1,464317.9956417001,2400,0,2.0,6.8709354986642,1
Chhattisgarh,Bastar,22,374,2012,1,35689.540228074,0,2000,1.0,5.1546009445037,1
Chhattisgarh,Bastar,22,374,2014,1,376261.49252047,42,0,1.5,6.9557010155946,1
Chhattisgarh,Bastar,22,374,2018,1,87682.569387647,7,300000,1.5,5.420034522303,1
Chhattisgarh,Bastar,22,374,2019,1,302736.26273672,25,112500,1.5,6.3561257086734,1
Chhattisgarh,Bastar,22,374,2022,1,155000.0,0,60000,1.5,6.1445742076096,1
Chhattisgarh,Bemetara,22,650,1992,1,518125.27779756,40,2000,1.0,7.2459136977876,1
Chhattisgarh,Bemetara,22,650,1994,1,1981837.4145729,617,800000,1.0,7.6772792647922,1
Chhattisgarh,Bemetara,22,650,2005,1,374448.84730919,89,550000,1.0,6.8038414193852,1
Chhattisgarh,Bemetara,22,650,2007,1,248438.85482793,29,50000,1.0,6.5413475543879,1
Chhattisgarh,Bemetara,22,650,2008,1,464317.9956417001,2400,0,2.0,6.8709354986642,1
Chhattisgarh,Bemetara,22,650,2013,2,399085.72792748,27,258000,2.0,6.1697659138631,1
Chhattisgarh,Bemetara,22,650,2014,2,565837.54277345,48,15000,1.5,6.9557010155946,1
Chhattisgarh,Bemetara,22,650,2016,1,167030.23285049,20,15000,1.5,6.8460443769454,1
Chhattisgarh,Bijapur,22,636,1986,1,107355.33281993,150,3000000,1.0,5.933913609651,1
Chhattisgarh,Bijapur,22,636,1988,1,94871.792387788,50,0,1.0,5.4542583603891,1
Chhattisgarh,Bijapur,22,636,1989,1,905209.24002345,780,0,1.0,6.9567489784143,1
Chhattisgarh,Bijapur,22,636,1990,1,267344.39912722,430,470000,1.0,6.0291310813779,1
Chhattisgarh,Bijapur,22,636,1991,1,599564.88825453,90,85000,1.0,6.5559874421319,1
Chhattisgarh,Bijapur,22,636,1994,1,1981837.4145729,617,800000,1.0,7.6772792647922,1
Chhattisgarh,Bijapur,22,636,1995,1,262803.20430156,94,12000,1.0,6.0216906475049,1
Chhattisgarh,Bijapur,22,636,1998,1,194230.07599669,230,80000,1.0,6.5893464757574,1
Chhattisgarh,Bijapur,22,636,2000,1,36854.10296122,40,5000,1.0,5.0436070995396,1
Chhattisgarh,Bijapur,22,636,2003,1,21087.654067954,2,14000,1.5,5.2782707780356,1
Chhattisgarh,Bijapur,22,636,2005,2,993646.6687805101,215,650000,1.0,7.1897694283678,1
Chhattisgarh,Bijapur,22,636,2006,2,493644.12023148005,205,2000000,1.0,7.093902822695,1
Chhattisgarh,Bijapur,22,636,2007,2,699003.2100814299,156,250000,1.0,6.7677001834385,1
Chhattisgarh,Bijapur,22,636,2008,1,464317.9956417001,2400,0,2.0,6.8709354986642,1
Chhattisgarh,Bijapur,22,636,2012,1,35689.540228074,0,2000,1.0,5.1546009445037,1
Chhattisgarh,Bijapur,22,636,2014,1,376261.49252047,42,0,1.5,6.9557010155946,1
Chhattisgarh,Bijapur,22,636,2016,1,137435.40460325,17,3000,1.5,6.7291632323494,1
Chhattisgarh,Bijapur,22,636,2019,1,302736.26273672,25,112500,1.5,6.3561257086734,1
Chhattisgarh,Bijapur,22,636,2020,1,125991.05614617,6,2100,1.5,6.2764309755682,1
Chhattisgarh,Bilaspur,22,375,1992,1,518125.27779756,40,2000,1.0,7.2459136977876,1
Chhattisgarh,Bilaspur,22,375,1994,1,1981837.4145729,617,800000,1.0,7.6772792647922,1
Chhattisgarh,Bilaspur,22,375,2005,1,374448.84730919,89,550000,1.0,6.8038414193852,1
Chhattisgarh,Bilaspur,22,375,2006,1,302774.27018969005,185,2000000,1.0,7.093902822695,1
Chhattisgarh,Bilaspur,22,375,2007,1,248438.85482793,29,50000,1.0,6.5413475543879,1
Chhattisgarh,Bilaspur,22,375,2008,1,464317.9956417001,2400,0,2.0,6.8709354986642,1
Chhattisgarh,Bilaspur,22,375,2012,1,29689.976773748,1,210,1.0,5.1715798621868,1
Chhattisgarh,Bilaspur,22,375,2013,2,399085.72792748,27,258000,2.0,6.1697659138631,1
Chhattisgarh,Bilaspur,22,375,2014,1,189576.05025298,6,15000,1.0,6.2777834706605,1
Chhattisgarh,Bilaspur,22,375,2016,1,167030.23285049,20,15000,1.5,6.8460443769454,1
Chhattisgarh,Bilaspur,22,375,2021,1,345642.72539767,1,1500000,1.5,6.3167786712784,1
Chhattisgarh,Dantewada,22,376,1988,1,94871.792387788,50,0,1.0,5.4542583603891,1
Chhattisgarh,Dantewada,22,376,1994,1,1981837.4145729,617,800000,1.0,7.6772792647922,1
Chhattisgarh,Dantewada,22,376,2005,2,993646.6687805101,215,650000,1.0,7.1897694283678,1
Chhattisgarh,Dantewada,22,376,2006,1,302774.27018969005,185,2000000,1.0,7.093902822695,1
Chhattisgarh,Dantewada,22,376,2007,1,248438.85482793,29,50000,1.0,6.5413475543879,1
Chhattisgarh,Dantewada,22,376,2008,1,464317.9956417001,2400,0,2.0,6.8709354986642,1
Chhattisgarh,Dantewada,22,376,2012,1,35689.540228074,0,2000,1.0,5.1546009445037,1
Chhattisgarh,Dantewada,22,376,2014,1,376261.49252047,42,0,1.5,6.9557010155946,1
Chhattisgarh,Dantewada,22,376,2016,1,137435.40460325,17,3000,1.5,6.7291632323494,1
Chhattisgarh,Dantewada,22,376,2018,1,87682.569387647,7,300000,1.5,5.420034522303,1
Chhattisgarh,Dantewada,22,376,2019,1,302736.26273672,25,112500,1.5,6.3561257086734,1
Chhattisgarh,Dhamtari,22,377,1989,1,905209.24002345,780,0,1.0,6.9567489784143,1
Chhattisgarh,Dhamtari,22,377,1992,1,518125.27779756,40,2000,1.0,7.2459136977876,1
Chhattisgarh,Dhamtari,22,377,1994,2,2136486.6163533,617,800000,1.0,7.6772792647922,1
Chhattisgarh,Dhamtari,22,377,1995,1,308073.20491195,144,510000,1.0,6.3337519666177,1
Chhattisgarh,Dhamtari,22,377,2005,1,374448.84730919,89,550000,1.0,6.8038414193852,1
Chhattisgarh,Dhamtari,22,377,2006,1,302774.27018969005,185,2000000,1.0,7.093902822695,1
Chhattisgarh,Dhamtari,22,377,2007,1,248438.85482793,29,50000,1.0,6.5413475543879,1
Chhattisgarh,Dhamtari,22,377,2008,1,464317.9956417001,2400,0,2.0,6.8709354986642,1
Chhattisgarh,Dhamtari,22,377,2012,2,65379.517001822,1,2210,1.0,5.1715798621868,1
Chhattisgarh,Dhamtari,22,377,2013,2,399085.72792748,27,258000,2.0,6.1697659138631,1
Chhattisgarh,Dhamtari,22,377,2014,2,565837.54277345,48,15000,1.5,6.9557010155946,1
Chhattisgarh,Dhamtari,22,377,2019,1,302736.26273672,25,112500,1.5,6.3561257086734,1
Chhattisgarh,Dhamtari,22,377,2021,1,345642.72539767,1,1500000,1.5,6.3167786712784,1
Chhattisgarh,Dhamtari,22,377,2022,1,155000.0,0,60000,1.5,6.1445742076096,1
Chhattisgarh,Durg,22,378,1992,1,518125.27779756,40,2000,1.0,7.2459136977876,1
Chhattisgarh,Durg,22,378,1994,1,1981837.4145729,617,800000,1.0,7.6772792647922,1
Chhattisgarh,Durg,22,378,2005,1,374448.84730919,89,550000,1.0,6.8038414193852,1
Chhattisgarh,Durg,22,378,2006,1,302774.27018969005,185,2000000,1.0,7.093902822695,1
Chhattisgarh,Durg,22,378,2007,1,248438.85482793,29,50000,1.0,6.5413475543879,1
Chhattisgarh,Durg,22,378,2008,1,464317.9956417001,2400,0,2.0,6.8709354986642,1
Chhattisgarh,Durg,22,378,2013,1,152700.5014673,0,8000,1.0,6.0869304502705,1
Chhattisgarh,Durg,22,378,2014,2,565837.54277345,48,15000,1.5,6.9557010155946,1
Chhattisgarh,Durg,22,378,2016,1,167030.23285049,20,15000,1.5,6.8460443769454,1
Chhattisgarh,Gariyaband,22,645,1989,1,905209.24002345,780,0,1.0,6.9567489784143,1
Chhattisgarh,Gariyaband,22,645,1991,1,151947.05798534,15,0,1.0,5.8806622999787,1
Chhattisgarh,Gariyaband,22,645,1994,2,2136486.6163533,617,800000,1.0,7.6772792647922,1
Chhattisgarh,Gariyaband,22,645,1995,1,308073.20491195,144,510000,1.0,6.3337519666177,1
Chhattisgarh,Gariyaband,22,645,2005,1,374448.84730919,89,550000,1.0,6.8038414193852,1
Chhattisgarh,Gariyaband,22,645,2006,1,302774.27018969005,185,2000000,1.0,7.093902822695,1
Chhattisgarh,Gariyaband,22,645,2007,1,248438.85482793,29,50000,1.0,6.5413475543879,1
Chhattisgarh,Gariyaband,22,645,2008,1,464317.9956417001,2400,0,2.0,6.8709354986642,1
Chhattisgarh,Gariyaband,22,645,2012,2,65379.517001822,1,2210,1.0,5.1715798621868,1
Chhattisgarh,Gariyaband,22,645,2013,2,399085.72792748,27,258000,2.0,6.1697659138631,1
Chhattisgarh,Gariyaband,22,645,2014,2,565837.54277345,48,15000,1.5,6.9557010155946,1
Chhattisgarh,Gariyaband,22,645,2019,1,302736.26273672,25,112500,1.5,6.3561257086734,1
Chhattisgarh,Gariyaband,22,645,2021,1,345642.72539767,1,1500000,1.5,6.3167786712784,1
Chhattisgarh,Gariyaband,22,645,2022,1,155000.0,0,60000,1.5,6.1445742076096,1
Chhattisgarh,Gaurella Pendra Marwahi,22,734,1992,1,518125.27779756,40,2000,1.0,7.2459136977876,1
Chhattisgarh,Gaurella Pendra Marwahi,22,734,1994,1,1981837.4145729,617,800000,1.0,7.6772792647922,1
Chhattisgarh,Gaurella Pendra Marwahi,22,734,2007,1,248438.85482793,29,50000,1.0,6.5413475543879,1
Chhattisgarh,Gaurella Pendra Marwahi,22,734,2008,1,464317.9956417001,2400,0,2.0,6.8709354986642,1
Chhattisgarh,Gaurella Pendra Marwahi,22,734,2013,2,399085.72792748,27,258000,2.0,6.1697659138631,1
Chhattisgarh,Gaurella Pendra Marwahi,22,734,2016,1,167030.23285049,20,15000,1.5,6.8460443769454,1
Chhattisgarh,Janjgir-Champa,22,379,1994,1,1981837.4145729,617,800000,1.0,7.6772792647922,1
Chhattisgarh,Janjgir-Champa,22,379,2001,1,105057.29490064,100,2000000,2.0,6.8539351267552,1
Chhattisgarh,Janjgir-Champa,22,379,2005,1,374448.84730919,89,550000,1.0,6.8038414193852,1
Chhattisgarh,Janjgir-Champa,22,379,2006,1,302774.27018969005,185,2000000,1.0,7.093902822695,1
Chhattisgarh,Janjgir-Champa,22,379,2007,1,248438.85482793,29,50000,1.0,6.5413475543879,1
Chhattisgarh,Janjgir-Champa,22,379,2008,1,464317.9956417001,2400,0,2.0,6.8709354986642,1
Chhattisgarh,Janjgir-Champa,22,379,2012,1,29689.976773748,1,210,1.0,5.1715798621868,1
Chhattisgarh,Janjgir-Champa,22,379,2013,2,399085.72792748,27,258000,2.0,6.1697659138631,1
Chhattisgarh,Janjgir-Champa,22,379,2014,1,189576.05025298,6,15000,1.0,6.2777834706605,1
Chhattisgarh,Janjgir-Champa,22,379,2016,1,167030.23285049,20,15000,1.5,6.8460443769454,1
Chhattisgarh,Janjgir-Champa,22,379,2021,1,345642.72539767,1,1500000,1.5,6.3167786712784,1
Chhattisgarh,Jashpur,22,380,1986,1,507167.43901015,258,3040000,1.0,7.5312261660442,1
Chhattisgarh,Jashpur,22,380,1988,2,1474609.7146377899,1109,502000,2.0,7.7855937662664,1
Chhattisgarh,Jashpur,22,380,1990,1,1100663.2969222,425,63517,1.0,7.3840771654136,1
Chhattisgarh,Jashpur,22,380,1991,3,870499.71823778,103,87500,1.0,6.9146173641677,1
Chhattisgarh,Jashpur,22,380,1994,1,1981837.4145729,617,800000,1.0,7.6772792647922,1
Chhattisgarh,Jashpur,22,380,1995,1,308073.20491195,144,510000,1.0,6.3337519666177,1
Chhattisgarh,Jashpur,22,380,1996,1,171939.46006971,74,4000000,1.0,6.6333155672897,1
Chhattisgarh,Jashpur,22,380,1999,1,191940.24191857,9803,10000000,2.0,6.7602872925659,1
Chhattisgarh,Jashpur,22,380,2001,1,105057.29490064,100,2000000,2.0,6.8539351267552,1
Chhattisgarh,Jashpur,22,380,2003,1,117883.61598646,67,3000000,1.0,6.8118161385154,1
Chhattisgarh,Jashpur,22,380,2007,2,765742.05462612,987,3050000,1.5,7.8036502762015,1
Chhattisgarh,Jashpur,22,380,2008,1,464317.9956417001,2400,0,2.0,6.8709354986642,1
Chhattisgarh,Jashpur,22,380,2013,2,399085.72792748,27,258000,2.0,6.1697659138631,1
Chhattisgarh,Jashpur,22,380,2014,1,189576.05025298,6,15000,1.0,6.2777834706605,1
Chhattisgarh,Jashpur,22,380,2015,1,629961.6057566,206,300000,2.0,7.656646577764,1
Chhattisgarh,Jashpur,22,380,2016,1,167030.23285049,20,15000,1.5,6.8460443769454,1
Chhattisgarh,Jashpur,22,380,2021,1,345642.72539767,1,1500000,1.5,6.3167786712784,1
Chhattisgarh,Jashpur,22,380,2022,1,155000.0,0,60000,1.5,6.1445742076096,1
Chhattisgarh,Kabirdham,22,382,1992,1,518125.27779756,40,2000,1.0,7.2459136977876,1
Chhattisgarh,Kabirdham,22,382,1994,1,1981837.4145729,617,800000,1.0,7.6772792647922,1
Chhattisgarh,Kabirdham,22,382,2005,1,374448.84730919,89,550000,1.0,6.8038414193852,1
Chhattisgarh,Kabirdham,22,382,2007,1,248438.85482793,29,50000,1.0,6.5413475543879,1
Chhattisgarh,Kabirdham,22,382,2008,1,464317.9956417001,2400,0,2.0,6.8709354986642,1
Chhattisgarh,Kabirdham,22,382,2013,1,152700.5014673,0,8000,1.0,6.0869304502705,1
Chhattisgarh,Kabirdham,22,382,2014,1,376261.49252047,42,0,1.5,6.9557010155946,1
Chhattisgarh,Kabirdham,22,382,2016,1,167030.23285049,20,15000,1.5,6.8460443769454,1
Chhattisgarh,Kanker,22,381,1988,1,94871.792387788,50,0,1.0,5.4542583603891,1
Chhattisgarh,Kanker,22,381,1989,1,905209.24002345,780,0,1.0,6.9567489784143,1
Chhattisgarh,Kanker,22,381,1992,1,518125.27779756,40,2000,1.0,7.2459136977876,1
Chhattisgarh,Kanker,22,381,1994,1,1981837.4145729,617,800000,1.0,7.6772792647922,1
Chhattisgarh,Kanker,22,381,2000,1,36854.10296122,40,5000,1.0,5.0436070995396,1
Chhattisgarh,Kanker,22,381,2005,2,993646.6687805101,215,650000,1.0,7.1897694283678,1
Chhattisgarh,Kanker,22,381,2006,1,302774.27018969005,185,2000000,1.0,7.093902822695,1
Chhattisgarh,Kanker,22,381,2007,1,248438.85482793,29,50000,1.0,6.5413475543879,1
Chhattisgarh,Kanker,22,381,2008,1,464317.9956417001,2400,0,2.0,6.8709354986642,1
Chhattisgarh,Kanker,22,381,2012,2,65379.517001822,1,2210,1.0,5.1715798621868,1
Chhattisgarh,Kanker,22,381,2014,1,376261.49252047,42,0,1.5,6.9557010155946,1
Chhattisgarh,Kanker,22,381,2019,1,302736.26273672,25,112500,1.5,6.3561257086734,1
Chhattisgarh,Kondagaon,22,643,1988,1,94871.792387788,50,0,1.0,5.4542583603891,1
Chhattisgarh,Kondagaon,22,643,1989,1,905209.24002345,780,0,1.0,6.9567489784143,1
Chhattisgarh,Kondagaon,22,643,1991,1,151947.05798534,15,0,1.0,5.8806622999787,1
Chhattisgarh,Kondagaon,22,643,1994,2,2136486.6163533,617,800000,1.0,7.6772792647922,1
Chhattisgarh,Kondagaon,22,643,1995,1,308073.20491195,144,510000,1.0,6.3337519666177,1
Chhattisgarh,Kondagaon,22,643,2005,1,374448.84730919,89,550000,1.0,6.8038414193852,1
Chhattisgarh,Kondagaon,22,643,2006,1,302774.27018969005,185,2000000,1.0,7.093902822695,1
Chhattisgarh,Kondagaon,22,643,2007,1,248438.85482793,29,50000,1.0,6.5413475543879,1
Chhattisgarh,Kondagaon,22,643,2008,1,464317.9956417001,2400,0,2.0,6.8709354986642,1
Chhattisgarh,Kondagaon,22,643,2012,2,65379.517001822,1,2210,1.0,5.1715798621868,1
Chhattisgarh,Kondagaon,22,643,2014,1,376261.49252047,42,0,1.5,6.9557010155946,1
Chhattisgarh,Kondagaon,22,643,2019,1,302736.26273672,25,112500,1.5,6.3561257086734,1
Chhattisgarh,Korba,22,383,1992,1,518125.27779756,40,2000,1.0,7.2459136977876,1
Chhattisgarh,Korba,22,383,1994,1,1981837.4145729,617,800000,1.0,7.6772792647922,1
Chhattisgarh,Korba,22,383,2001,1,105057.29490064,100,2000000,2.0,6.8539351267552,1
Chhattisgarh,Korba,22,383,2005,1,374448.84730919,89,550000,1.0,6.8038414193852,1
Chhattisgarh,Korba,22,383,2007,1,248438.85482793,29,50000,1.0,6.5413475543879,1
Chhattisgarh,Korba,22,383,2008,1,464317.9956417001,2400,0,2.0,6.8709354986642,1
Chhattisgarh,Korba,22,383,2012,1,29689.976773748,1,210,1.0,5.1715798621868,1
Chhattisgarh,Korba,22,383,2013,2,399085.72792748,27,258000,2.0,6.1697659138631,1
Chhattisgarh,Korba,22,383,2014,1,189576.05025298,6,15000,1.0,6.2777834706605,1
Chhattisgarh,Korba,22,383,2016,1,167030.23285049,20,15000,1.5,6.8460443769454,1
Chhattisgarh,Korba,22,383,2021,1,345642.72539767,1,1500000,1.5,6.3167786712784,1
Chhattisgarh,Korea,22,384,1986,1,507167.43901015,258,3040000,1.0,7.5312261660442,1
Chhattisgarh,Korea,22,384,1992,1,518125.27779756,40,2000,1.0,7.2459136977876,1
Chhattisgarh,Korea,22,384,1994,1,1981837.4145729,617,800000,1.0,7.6772792647922,1
Chhattisgarh,Korea,22,384,2008,1,464317.9956417001,2400,0,2.0,6.8709354986642,1
Chhattisgarh,Korea,22,384,2013,2,399085.72792748,27,258000,2.0,6.1697659138631,1
Chhattisgarh,Korea,22,384,2016,1,167030.23285049,20,15000,1.5,6.8460443769454,1
Chhattisgarh,Mahasamund,22,385,1989,1,905209.24002345,780,0,1.0,6.9567489784143,1
Chhattisgarh,Mahasamund,22,385,1991,1,151947.05798534,15,0,1.0,5.8806622999787,1
Chhattisgarh,Mahasamund,22,385,1994,2,2136486.6163533,617,800000,1.0,7.6772792647922,1
Chhattisgarh,Mahasamund,22,385,1995,1,308073.20491195,144,510000,1.0,6.3337519666177,1
Chhattisgarh,Mahasamund,22,385,1999,1,191940.24191857,9803,10000000,2.0,6.7602872925659,1
Chhattisgarh,Mahasamund,22,385,2001,1,105057.29490064,100,2000000,2.0,6.8539351267552,1
Chhattisgarh,Mahasamund,22,385,2003,1,117883.61598646,67,3000000,1.0,6.8118161385154,1
Chhattisgarh,Mahasamund,22,385,2005,1,374448.84730919,89,550000,1.0,6.8038414193852,1
Chhattisgarh,Mahasamund,22,385,2006,1,302774.27018969005,185,2000000,1.0,7.093902822695,1
Chhattisgarh,Mahasamund,22,385,2007,1,248438.85482793,29,50000,1.0,6.5413475543879,1
Chhattisgarh,Mahasamund,22,385,2008,1,464317.9956417001,2400,0,2.0,6.8709354986642,1
Chhattisgarh,Mahasamund,22,385,2012,1,29689.976773748,1,210,1.0,5.1715798621868,1
Chhattisgarh,Mahasamund,22,385,2013,2,399085.72792748,27,258000,2.0,6.1697659138631,1
Chhattisgarh,Mahasamund,22,385,2014,2,565837.54277345,48,15000,1.5,6.9557010155946,1
Chhattisgarh,Mahasamund,22,385,2019,1,302736.26273672,25,112500,1.5,6.3561257086734,1
Chhattisgarh,Mahasamund,22,385,2021,1,345642.72539767,1,1500000,1.5,6.3167786712784,1
Chhattisgarh,Mahasamund,22,385,2022,1,155000.0,0,60000,1.5,6.1445742076096,1
Chhattisgarh,Mungeli,22,647,1992,1,518125.27779756,40,2000,1.0,7.2459136977876,1
Chhattisgarh,Mungeli,22,647,1994,1,1981837.4145729,617,800000,1.0,7.6772792647922,1
Chhattisgarh,Mungeli,22,647,2005,1,374448.84730919,89,550000,1.0,6.8038414193852,1
Chhattisgarh,Mungeli,22,647,2007,1,248438.85482793,29,50000,1.0,6.5413475543879,1
Chhattisgarh,Mungeli,22,647,2008,1,464317.9956417001,2400,0,2.0,6.8709354986642,1
Chhattisgarh,Mungeli,22,647,2013,2,399085.72792748,27,258000,2.0,6.1697659138631,1
Chhattisgarh,Mungeli,22,647,2014,1,189576.05025298,6,15000,1.0,6.2777834706605,1
Chhattisgarh,Mungeli,22,647,2016,1,167030.23285049,20,15000,1.5,6.8460443769454,1
Chhattisgarh,Narayanpur,22,637,1988,1,94871.792387788,50,0,1.0,5.4542583603891,1
Chhattisgarh,Narayanpur,22,637,1989,1,905209.24002345,780,0,1.0,6.9567489784143,1
Chhattisgarh,Narayanpur,22,637,1992,1,518125.27779756,40,2000,1.0,7.2459136977876,1
Chhattisgarh,Narayanpur,22,637,1994,1,1981837.4145729,617,800000,1.0,7.6772792647922,1
Chhattisgarh,Narayanpur,22,637,2000,1,36854.10296122,40,5000,1.0,5.0436070995396,1
Chhattisgarh,Narayanpur,22,637,2005,2,993646.6687805101,215,650000,1.0,7.1897694283678,1
Chhattisgarh,Narayanpur,22,637,2006,1,302774.27018969005,185,2000000,1.0,7.093902822695,1
Chhattisgarh,Narayanpur,22,637,2007,1,248438.85482793,29,50000,1.0,6.5413475543879,1
Chhattisgarh,Narayanpur,22,637,2008,1,464317.9956417001,2400,0,2.0,6.8709354986642,1
Chhattisgarh,Narayanpur,22,637,2012,1,35689.540228074,0,2000,1.0,5.1546009445037,1
Chhattisgarh,Narayanpur,22,637,2014,1,376261.49252047,42,0,1.5,6.9557010155946,1
Chhattisgarh,Narayanpur,22,637,2016,1,137435.40460325,17,3000,1.5,6.7291632323494,1
Chhattisgarh,Narayanpur,22,637,2019,1,302736.26273672,25,112500,1.5,6.3561257086734,1
Chhattisgarh,Raigarh,22,386,1991,1,151947.05798534,15,0,1.0,5.8806622999787,1
Chhattisgarh,Raigarh,22,386,1994,2,2136486.6163533,617,800000,1.0,7.6772792647922,1
Chhattisgarh,Raigarh,22,386,1995,1,308073.20491195,144,510000,1.0,6.3337519666177,1
Chhattisgarh,Raigarh,22,386,1999,1,191940.24191857,9803,10000000,2.0,6.7602872925659,1
Chhattisgarh,Raigarh,22,386,2001,1,105057.29490064,100,2000000,2.0,6.8539351267552,1
Chhattisgarh,Raigarh,22,386,2003,1,117883.61598646,67,3000000,1.0,6.8118161385154,1
Chhattisgarh,Raigarh,22,386,2005,1,374448.84730919,89,550000,1.0,6.8038414193852,1
Chhattisgarh,Raigarh,22,386,2006,1,302774.27018969005,185,2000000,1.0,7.093902822695,1
Chhattisgarh,Raigarh,22,386,2007,1,248438.85482793,29,50000,1.0,6.5413475543879,1
Chhattisgarh,Raigarh,22,386,2008,1,464317.9956417001,2400,0,2.0,6.8709354986642,1
Chhattisgarh,Raigarh,22,386,2009,1,99876.583990745,0,500000,1.0,5.7776149304452,1
Chhattisgarh,Raigarh,22,386,2012,1,29689.976773748,1,210,1.0,5.1715798621868,1
Chhattisgarh,Raigarh,22,386,2013,2,399085.72792748,27,258000,2.0,6.1697659138631,1
Chhattisgarh,Raigarh,22,386,2014,1,189576.05025298,6,15000,1.0,6.2777834706605,1
Chhattisgarh,Raigarh,22,386,2016,1,167030.23285049,20,15000,1.5,6.8460443769454,1
Chhattisgarh,Raigarh,22,386,2019,1,302736.26273672,25,112500,1.5,6.3561257086734,1
Chhattisgarh,Raigarh,22,386,2021,1,345642.72539767,1,1500000,1.5,6.3167786712784,1
Chhattisgarh,Raigarh,22,386,2022,1,155000.0,0,60000,1.5,6.1445742076096,1
Chhattisgarh,Raipur,22,387,1992,1,518125.27779756,40,2000,1.0,7.2459136977876,1
Chhattisgarh,Raipur,22,387,1994,1,1981837.4145729,617,800000,1.0,7.6772792647922,1
Chhattisgarh,Raipur,22,387,2005,1,374448.84730919,89,550000,1.0,6.8038414193852,1
Chhattisgarh,Raipur,22,387,2006,1,302774.27018969005,185,2000000,1.0,7.093902822695,1
Chhattisgarh,Raipur,22,387,2007,1,248438.85482793,29,50000,1.0,6.5413475543879,1
Chhattisgarh,Raipur,22,387,2008,1,464317.9956417001,2400,0,2.0,6.8709354986642,1
Chhattisgarh,Raipur,22,387,2012,1,29689.976773748,1,210,1.0,5.1715798621868,1
Chhattisgarh,Raipur,22,387,2013,2,399085.72792748,27,258000,2.0,6.1697659138631,1
Chhattisgarh,Raipur,22,387,2014,2,565837.54277345,48,15000,1.5,6.9557010155946,1
Chhattisgarh,Raipur,22,387,2016,1,167030.23285049,20,15000,1.5,6.8460443769454,1
Chhattisgarh,Raipur,22,387,2021,1,345642.72539767,1,1500000,1.5,6.3167786712784,1
Chhattisgarh,Rajnandgaon,22,388,1988,1,94871.792387788,50,0,1.0,5.4542583603891,1
Chhattisgarh,Rajnandgaon,22,388,1989,1,905209.24002345,780,0,1.0,6.9567489784143,1
Chhattisgarh,Rajnandgaon,22,388,1992,1,518125.27779756,40,2000,1.0,7.2459136977876,1
Chhattisgarh,Rajnandgaon,22,388,1994,2,2025996.664271296,643,800000,1.0,7.6772792647922,1
Chhattisgarh,Rajnandgaon,22,388,2000,1,36854.10296122,40,5000,1.0,5.0436070995396,1
Chhattisgarh,Rajnandgaon,22,388,2005,2,993646.6687805101,215,650000,1.0,7.1897694283678,1
Chhattisgarh,Rajnandgaon,22,388,2007,1,248438.85482793,29,50000,1.0,6.5413475543879,1
Chhattisgarh,Rajnandgaon,22,388,2008,1,464317.9956417001,2400,0,2.0,6.8709354986642,1
Chhattisgarh,Rajnandgaon,22,388,2013,1,152700.5014673,0,8000,1.0,6.0869304502705,1
Chhattisgarh,Rajnandgaon,22,388,2014,1,376261.49252047,42,0,1.5,6.9557010155946,1
Chhattisgarh,Rajnandgaon,22,388,2016,1,167030.23285049,20,15000,1.5,6.8460443769454,1
Chhattisgarh,Sukma,22,642,1986,1,107355.33281993,150,3000000,1.0,5.933913609651,1
Chhattisgarh,Sukma,22,642,1988,1,94871.792387788,50,0,1.0,5.4542583603891,1
Chhattisgarh,Sukma,22,642,1989,1,905209.24002345,780,0,1.0,6.9567489784143,1
Chhattisgarh,Sukma,22,642,1990,1,267344.39912722,430,470000,1.0,6.0291310813779,1
Chhattisgarh,Sukma,22,642,1991,1,599564.88825453,90,85000,1.0,6.5559874421319,1
Chhattisgarh,Sukma,22,642,1994,3,2247144.19401963,847,816000,1.0,7.6772792647922,1
Chhattisgarh,Sukma,22,642,1995,2,570876.40921351,238,522000,1.0,6.3337519666177,1
Chhattisgarh,Sukma,22,642,1997,2,465533.04904697894,38,20000,1.0,6.3634860780538,1
Chhattisgarh,Sukma,22,642,1998,1,194230.07599669,230,80000,1.0,6.5893464757574,1
Chhattisgarh,Sukma,22,642,2005,2,993646.6687805101,215,650000,1.0,7.1897694283678,1
Chhattisgarh,Sukma,22,642,2006,2,493644.12023148005,205,2000000,1.0,7.093902822695,1
Chhattisgarh,Sukma,22,642,2007,2,699003.2100814299,156,250000,1.0,6.7677001834385,1
Chhattisgarh,Sukma,22,642,2008,2,539805.9208224291,2474,0,2.0,6.8709354986642,1
Chhattisgarh,Sukma,22,642,2012,1,35689.540228074,0,2000,1.0,5.1546009445037,1
Chhattisgarh,Sukma,22,642,2014,1,376261.49252047,42,0,1.5,6.9557010155946,1
Chhattisgarh,Sukma,22,642,2016,1,137435.40460325,17,3000,1.5,6.7291632323494,1
Chhattisgarh,Sukma,22,642,2018,1,87682.569387647,7,300000,1.5,5.420034522303,1
Chhattisgarh,Sukma,22,642,2019,1,302736.26273672,25,112500,1.5,6.3561257086734,1
Chhattisgarh,Sukma,22,642,2022,1,155000.0,0,60000,1.5,6.1445742076096,1
Chhattisgarh,Surajpur,22,648,1986,1,507167.43901015,258,3040000,1.0,7.5312261660442,1
Chhattisgarh,Surajpur,22,648,1992,1,518125.27779756,40,2000,1.0,7.2459136977876,1
Chhattisgarh,Surajpur,22,648,1994,1,1981837.4145729,617,800000,1.0,7.6772792647922,1
Chhattisgarh,Surajpur,22,648,2007,1,517303.19979819,958,3000000,1.5,7.8036502762015,1
Chhattisgarh,Surajpur,22,648,2008,1,464317.9956417001,2400,0,2.0,6.8709354986642,1
Chhattisgarh,Surajpur,22,648,2013,2,399085.72792748,27,258000,2.0,6.1697659138631,1
Chhattisgarh,Surajpur,22,648,2014,1,189576.05025298,6,15000,1.0,6.2777834706605,1
Chhattisgarh,Surajpur,22,648,2016,1,167030.23285049,20,15000,1.5,6.8460443769454,1
Chhattisgarh,Surajpur,22,648,2021,1,345642.72539767,1,1500000,1.5,6.3167786712784,1
Chhattisgarh,Surguja,22,389,1986,1,507167.43901015,258,3040000,1.0,7.5312261660442,1
Chhattisgarh,Surguja,22,389,1994,1,1981837.4145729,617,800000,1.0,7.6772792647922,1
Chhattisgarh,Surguja,22,389,2008,1,464317.9956417001,2400,0,2.0,6.8709354986642,1
Chhattisgarh,Surguja,22,389,2013,2,399085.72792748,27,258000,2.0,6.1697659138631,1
Chhattisgarh,Surguja,22,389,2014,1,189576.05025298,6,15000,1.0,6.2777834706605,1
Chhattisgarh,Surguja,22,389,2016,1,167030.23285049,20,15000,1.5,6.8460443769454,1
Chhattisgarh,Surguja,22,389,2021,1,345642.72539767,1,1500000,1.5,6.3167786712784,1
Dadra & Nagar Havelli and Daman & Diu,Dadra And Nagar Haveli,38,465,1985,1,254234.59502901,95,25000,1.0,6.1042046512933,1
Dadra & Nagar Havelli and Daman & Diu,Dadra And Nagar Haveli,38,465,1989,1,905209.24002345,780,0,1.0,6.9567489784143,1
Dadra & Nagar Havelli and Daman & Diu,Dadra And Nagar Haveli,38,465,1990,2,1286824.89803606,475,63517,1.0,7.3840771654136,1
Dadra & Nagar Havelli and Daman & Diu,Dadra And Nagar Haveli,38,465,1991,1,491361.49508556,72,300000,2.0,6.4695523709301,1
Dadra & Nagar Havelli and Daman & Diu,Dadra And Nagar Haveli,38,465,1992,1,752428.65689717,90,8000,1.0,7.4675299347014,1
Dadra & Nagar Havelli and Daman & Diu,Dadra And Nagar Haveli,38,465,1994,1,1981837.4145729,617,800000,1.0,7.6772792647922,1
Dadra & Nagar Havelli and Daman & Diu,Dadra And Nagar Haveli,38,465,1997,2,411477.53745418997,323,30000,1.0,7.0823331973675,1
Dadra & Nagar Havelli and Daman & Diu,Dadra And Nagar Haveli,38,465,1998,1,214517.3591745,12,50000,1.0,5.808583696642,1
Dadra & Nagar Havelli and Daman & Diu,Dadra And Nagar Haveli,38,465,2000,1,107052.90137071,140,0,1.0,6.1757264778105,1
Dadra & Nagar Havelli and Daman & Diu,Dadra And Nagar Haveli,38,465,2002,1,170587.72455245,169,28000,1.0,6.1350377632317,1
Dadra & Nagar Havelli and Daman & Diu,Dadra And Nagar Haveli,38,465,2003,1,37685.269001548,4,0,1.0,5.4212696596744,1
Dadra & Nagar Havelli and Daman & Diu,Dadra And Nagar Haveli,38,465,2005,2,126975.80281785101,217,500000,2.0,6.4242468521509,1
Dadra & Nagar Havelli and Daman & Diu,Dadra And Nagar Haveli,38,465,2006,2,564066.6249895501,65,8400,1.0,6.2944780642496,1
Dadra & Nagar Havelli and Daman & Diu,Dadra And Nagar Haveli,38,465,2007,2,505517.61527077004,287,73000,1.0,6.7148500364169,1
Dadra & Nagar Havelli and Daman & Diu,Dadra And Nagar Haveli,38,465,2018,2,174082.307268764,21,300,1.5,6.0219499701184,1
Dadra & Nagar Havelli and Daman & Diu,Dadra And Nagar Haveli,38,465,2020,1,199450.78832131,0,0,1.5,5.7769570119006,1
Dadra & Nagar Havelli and Daman & Diu,Dadra And Nagar Haveli,38,465,2021,1,331180.36847927,23,200000,1.5,6.5992458310632,1
Dadra & Nagar Havelli and Daman & Diu,Dadra And Nagar Haveli,38,465,2022,1,80000.0,7,1500,1.5,5.0791812460476,1
Dadra & Nagar Havelli and Daman & Diu,Dadra And Nagar Haveli,38,465,2023,1,184454.0,12,150000,2.0,6.2658880776116,1
Dadra & Nagar Havelli and Daman & Diu,Daman,38,463,1990,2,1286824.89803606,475,63517,1.0,7.3840771654136,1
Dadra & Nagar Havelli and Daman & Diu,Daman,38,463,1991,1,491361.49508556,72,300000,2.0,6.4695523709301,1
Dadra & Nagar Havelli and Daman & Diu,Daman,38,463,1992,1,752428.65689717,90,8000,1.0,7.4675299347014,1
Dadra & Nagar Havelli and Daman & Diu,Daman,38,463,1994,1,1981837.4145729,617,800000,1.0,7.6772792647922,1
Dadra & Nagar Havelli and Daman & Diu,Daman,38,463,1997,1,228334.98534624,50,10000,1.0,6.136723709306,1
Dadra & Nagar Havelli and Daman & Diu,Daman,38,463,2000,1,107052.90137071,140,0,1.0,6.1757264778105,1
Dadra & Nagar Havelli and Daman & Diu,Daman,38,463,2002,1,170587.72455245,169,28000,1.0,6.1350377632317,1
Dadra & Nagar Havelli and Daman & Diu,Daman,38,463,2003,1,37685.269001548,4,0,1.0,5.4212696596744,1
Dadra & Nagar Havelli and Daman & Diu,Daman,38,463,2005,2,126975.80281785101,217,500000,2.0,6.4242468521509,1
Dadra & Nagar Havelli and Daman & Diu,Daman,38,463,2006,2,564066.6249895501,65,8400,1.0,6.2944780642496,1
Dadra & Nagar Havelli and Daman & Diu,Daman,38,463,2007,1,398939.17397885,225,63000,1.0,6.7148500364169,1
Dadra & Nagar Havelli and Daman & Diu,Daman,38,463,2020,1,199450.78832131,0,0,1.5,5.7769570119006,1
Dadra & Nagar Havelli and Daman & Diu,Daman,38,463,2021,1,331180.36847927,23,200000,1.5,6.5992458310632,1
Dadra & Nagar Havelli and Daman & Diu,Daman,38,463,2022,1,80000.0,7,1500,1.5,5.0791812460476,1
Dadra & Nagar Havelli and Daman & Diu,Daman,38,463,2023,1,184454.0,12,150000,2.0,6.2658880776116,1
Dadra & Nagar Havelli and Daman & Diu,Diu,38,464,1988,1,76352.54960307,97,25000,1.0,6.0289515794945,1
Dadra & Nagar Havelli and Daman & Diu,Diu,38,464,1990,1,186161.60111386,50,0,1.0,6.114988145531,1
Dadra & Nagar Havelli and Daman & Diu,Diu,38,464,2015,1,43781.563277245,81,9000,1.5,5.5955337739933,1
Dadra & Nagar Havelli and Daman & Diu,Diu,38,464,2023,1,184454.0,12,150000,2.0,6.2658880776116,1
Delhi,Central,07,077,1988,3,1743138.26723743,1840,1752000,2.0,7.7855937662664,1
Delhi,Central,07,077,1991,1,547679.02054319,88,0,1.0,6.9146173641677,1
Delhi,Central,07,077,1995,1,762936.8925746998,600,2000000,1.0,7.1835186118101,1
Delhi,Central,07,077,2005,1,308728.71607899,23,0,1.0,6.7906070224724,1
Delhi,Central,07,077,2007,2,708753.1462248199,1034,3015000,1.5,7.8036502762015,1
Delhi,Central,07,077,2017,1,421575.24392831,253,422106,2.0,7.1563540170148,1
Delhi,Central,07,077,2020,2,907430.84583495,15,60,1.5,6.8090895976067,1
Delhi,Central,07,077,2023,1,4988.0,0,35000,2.0,4.6979264448065,1
Delhi,East,07,078,1988,3,1743138.26723743,1840,1752000,2.0,7.7855937662664,1
Delhi,East,07,078,1990,1,1100663.2969222,425,63517,1.0,7.3840771654136,1
Delhi,East,07,078,1991,1,547679.02054319,88,0,1.0,6.9146173641677,1
Delhi,East,07,078,1992,1,518125.27779756,40,2000,1.0,7.2459136977876,1
Delhi,East,07,078,1995,1,762936.8925746998,600,2000000,1.0,7.1835186118101,1
Delhi,East,07,078,2005,1,308728.71607899,23,0,1.0,6.7906070224724,1
Delhi,East,07,078,2007,2,708753.1462248199,1034,3015000,1.5,7.8036502762015,1
Delhi,East,07,078,2017,1,421575.24392831,253,422106,2.0,7.1563540170148,1
Delhi,East,07,078,2020,2,907430.84583495,15,60,1.5,6.8090895976067,1
Delhi,East,07,078,2023,1,4988.0,0,35000,2.0,4.6979264448065,1
Delhi,New Delhi,07,079,1988,3,1743138.26723743,1840,1752000,2.0,7.7855937662664,1
Delhi,New Delhi,07,079,1991,1,547679.02054319,88,0,1.0,6.9146173641677,1
Delhi,New Delhi,07,079,1995,1,762936.8925746998,600,2000000,1.0,7.1835186118101,1
Delhi,New Delhi,07,079,2005,1,308728.71607899,23,0,1.0,6.7906070224724,1
Delhi,New Delhi,07,079,2007,2,708753.1462248199,1034,3015000,1.5,7.8036502762015,1
Delhi,New Delhi,07,079,2017,1,421575.24392831,253,422106,2.0,7.1563540170148,1
Delhi,New Delhi,07,079,2020,2,907430.84583495,15,60,1.5,6.8090895976067,1
Delhi,New Delhi,07,079,2023,1,4988.0,0,35000,2.0,4.6979264448065,1
Delhi,North,07,080,1988,3,1743138.26723743,1840,1752000,2.0,7.7855937662664,1
Delhi,North,07,080,1991,1,547679.02054319,88,0,1.0,6.9146173641677,1
Delhi,North,07,080,1995,1,762936.8925746998,600,2000000,1.0,7.1835186118101,1
Delhi,North,07,080,2005,1,308728.71607899,23,0,1.0,6.7906070224724,1
Delhi,North,07,080,2007,2,708753.1462248199,1034,3015000,1.5,7.8036502762015,1
Delhi,North,07,080,2017,1,421575.24392831,253,422106,2.0,7.1563540170148,1
Delhi,North,07,080,2020,2,907430.84583495,15,60,1.5,6.8090895976067,1
Delhi,North,07,080,2023,1,4988.0,0,35000,2.0,4.6979264448065,1
Delhi,North East,07,081,1988,3,1743138.26723743,1840,1752000,2.0,7.7855937662664,1
Delhi,North East,07,081,1991,1,547679.02054319,88,0,1.0,6.9146173641677,1
Delhi,North East,07,081,1995,1,762936.8925746998,600,2000000,1.0,7.1835186118101,1
Delhi,North East,07,081,2005,1,308728.71607899,23,0,1.0,6.7906070224724,1
Delhi,North East,07,081,2007,2,708753.1462248199,1034,3015000,1.5,7.8036502762015,1
Delhi,North East,07,081,2017,1,421575.24392831,253,422106,2.0,7.1563540170148,1
Delhi,North East,07,081,2020,2,907430.84583495,15,60,1.5,6.8090895976067,1
Delhi,North East,07,081,2023,1,4988.0,0,35000,2.0,4.6979264448065,1
Delhi,North West,07,082,1988,3,1743138.26723743,1840,1752000,2.0,7.7855937662664,1
Delhi,North West,07,082,1991,1,547679.02054319,88,0,1.0,6.9146173641677,1
Delhi,North West,07,082,1995,1,762936.8925746998,600,2000000,1.0,7.1835186118101,1
Delhi,North West,07,082,2005,1,308728.71607899,23,0,1.0,6.7906070224724,1
Delhi,North West,07,082,2007,1,191449.94642663,76,15000,1.0,6.0602064995389,1
Delhi,North West,07,082,2017,1,421575.24392831,253,422106,2.0,7.1563540170148,1
Delhi,North West,07,082,2020,2,907430.84583495,15,60,1.5,6.8090895976067,1
Delhi,North West,07,082,2023,1,4988.0,0,35000,2.0,4.6979264448065,1
Delhi,Shahdara,07,671,1988,3,1743138.26723743,1840,1752000,2.0,7.7855937662664,1
Delhi,Shahdara,07,671,1990,1,1100663.2969222,425,63517,1.0,7.3840771654136,1
Delhi,Shahdara,07,671,1991,1,547679.02054319,88,0,1.0,6.9146173641677,1
Delhi,Shahdara,07,671,1992,1,518125.27779756,40,2000,1.0,7.2459136977876,1
Delhi,Shahdara,07,671,1995,1,762936.8925746998,600,2000000,1.0,7.1835186118101,1
Delhi,Shahdara,07,671,2005,1,308728.71607899,23,0,1.0,6.7906070224724,1
Delhi,Shahdara,07,671,2007,2,708753.1462248199,1034,3015000,1.5,7.8036502762015,1
Delhi,Shahdara,07,671,2017,1,421575.24392831,253,422106,2.0,7.1563540170148,1
Delhi,Shahdara,07,671,2020,2,907430.84583495,15,60,1.5,6.8090895976067,1
Delhi,Shahdara,07,671,2023,1,4988.0,0,35000,2.0,4.6979264448065,1
Delhi,South,07,083,1988,3,1743138.26723743,1840,1752000,2.0,7.7855937662664,1
Delhi,South,07,083,1991,1,547679.02054319,88,0,1.0,6.9146173641677,1
Delhi,South,07,083,1995,1,762936.8925746998,600,2000000,1.0,7.1835186118101,1
Delhi,South,07,083,2005,1,308728.71607899,23,0,1.0,6.7906070224724,1
Delhi,South,07,083,2007,2,708753.1462248199,1034,3015000,1.5,7.8036502762015,1
Delhi,South,07,083,2017,1,421575.24392831,253,422106,2.0,7.1563540170148,1
Delhi,South,07,083,2020,2,907430.84583495,15,60,1.5,6.8090895976067,1
Delhi,South,07,083,2023,1,4988.0,0,35000,2.0,4.6979264448065,1
Delhi,South East,07,670,1988,3,1743138.26723743,1840,1752000,2.0,7.7855937662664,1
Delhi,South East,07,670,1990,1,1100663.2969222,425,63517,1.0,7.3840771654136,1
Delhi,South East,07,670,1991,1,547679.02054319,88,0,1.0,6.9146173641677,1
Delhi,South East,07,670,1992,1,518125.27779756,40,2000,1.0,7.2459136977876,1
Delhi,South East,07,670,1995,1,762936.8925746998,600,2000000,1.0,7.1835186118101,1
Delhi,South East,07,670,2005,1,308728.71607899,23,0,1.0,6.7906070224724,1
Delhi,South East,07,670,2007,2,708753.1462248199,1034,3015000,1.5,7.8036502762015,1
Delhi,South East,07,670,2017,1,421575.24392831,253,422106,2.0,7.1563540170148,1
Delhi,South East,07,670,2020,2,907430.84583495,15,60,1.5,6.8090895976067,1
Delhi,South East,07,670,2023,1,4988.0,0,35000,2.0,4.6979264448065,1
Delhi,South West,07,084,1988,3,1743138.26723743,1840,1752000,2.0,7.7855937662664,1
Delhi,South West,07,084,1991,1,547679.02054319,88,0,1.0,6.9146173641677,1
Delhi,South West,07,084,1995,1,762936.8925746998,600,2000000,1.0,7.1835186118101,1
Delhi,South West,07,084,2005,1,308728.71607899,23,0,1.0,6.7906070224724,1
Delhi,South West,07,084,2007,1,191449.94642663,76,15000,1.0,6.0602064995389,1
Delhi,South West,07,084,2017,1,421575.24392831,253,422106,2.0,7.1563540170148,1
Delhi,South West,07,084,2020,2,907430.84583495,15,60,1.5,6.8090895976067,1
Delhi,South West,07,084,2023,1,4988.0,0,35000,2.0,4.6979264448065,1
Delhi,West,07,085,1988,3,1743138.26723743,1840,1752000,2.0,7.7855937662664,1
Delhi,West,07,085,1991,1,547679.02054319,88,0,1.0,6.9146173641677,1
Delhi,West,07,085,1995,1,762936.8925746998,600,2000000,1.0,7.1835186118101,1
Delhi,West,07,085,2005,1,308728.71607899,23,0,1.0,6.7906070224724,1
Delhi,West,07,085,2007,1,191449.94642663,76,15000,1.0,6.0602064995389,1
Delhi,West,07,085,2017,1,421575.24392831,253,422106,2.0,7.1563540170148,1
Delhi,West,07,085,2020,2,907430.84583495,15,60,1.5,6.8090895976067,1
Delhi,West,07,085,2023,1,4988.0,0,35000,2.0,4.6979264448065,1
Goa,North Goa,30,551,1985,1,254234.59502901,95,25000,1.0,6.1042046512933,1
Goa,North Goa,30,551,1989,1,905209.24002345,780,0,1.0,6.9567489784143,1
Goa,North Goa,30,551,1991,1,491361.49508556,72,300000,2.0,6.4695523709301,1
Goa,North Goa,30,551,1992,1,752428.65689717,90,8000,1.0,7.4675299347014,1
Goa,North Goa,30,551,1994,1,1981837.4145729,617,800000,1.0,7.6772792647922,1
Goa,North Goa,30,551,1997,2,461359.35063058,150,10000,1.0,6.622673838813,1
Goa,North Goa,30,551,2000,1,107052.90137071,140,0,1.0,6.1757264778105,1
Goa,North Goa,30,551,2005,2,654749.3913717,1113,260000,1.0,7.1897694283678,1
Goa,North Goa,30,551,2006,1,394010.73987917,41,0,1.0,6.2944780642496,1
Goa,North Goa,30,551,2007,1,450564.3552535,127,200000,1.0,6.7677001834385,1
Goa,North Goa,30,551,2009,1,63616.230248246,0,0,1.0,5.6486659702541,1
Goa,North Goa,30,551,2018,2,270570.47685106,15,34300,1.5,6.4045534079872,1
Goa,North Goa,30,551,2021,1,331180.36847927,23,200000,1.5,6.5992458310632,1
Goa,South Goa,30,552,1985,1,254234.59502901,95,25000,1.0,6.1042046512933,1
Goa,South Goa,30,552,1989,1,905209.24002345,780,0,1.0,6.9567489784143,1
Goa,South Goa,30,552,1991,2,1090926.38334009,162,385000,2.0,6.5559874421319,1
Goa,South Goa,30,552,1992,1,752428.65689717,90,8000,1.0,7.4675299347014,1
Goa,South Goa,30,552,1994,1,1981837.4145729,617,800000,1.0,7.6772792647922,1
Goa,South Goa,30,552,1997,1,233024.36528434,100,0,1.0,6.622673838813,1
Goa,South Goa,30,552,2000,1,107052.90137071,140,0,1.0,6.1757264778105,1
Goa,South Goa,30,552,2005,1,35551.56990038,987,160000,1.0,5.6648021355447,1
Goa,South Goa,30,552,2007,1,450564.3552535,127,200000,1.0,6.7677001834385,1
Goa,South Goa,30,552,2009,1,63616.230248246,0,0,1.0,5.6486659702541,1
Goa,South Goa,30,552,2018,2,270570.47685106,15,34300,1.5,6.4045534079872,1
Goa,South Goa,30,552,2021,1,331180.36847927,23,200000,1.5,6.5992458310632,1
Gujarat,Ahmadabad,24,438,1988,1,76352.54960307,97,25000,1.0,6.0289515794945,1
Gujarat,Ahmadabad,24,438,1990,2,1286824.89803606,475,63517,1.0,7.3840771654136,1
Gujarat,Ahmadabad,24,438,1991,1,491361.49508556,72,300000,2.0,6.4695523709301,1
Gujarat,Ahmadabad,24,438,1992,1,752428.65689717,90,8000,1.0,7.4675299347014,1
Gujarat,Ahmadabad,24,438,1994,1,1981837.4145729,617,800000,1.0,7.6772792647922,1
Gujarat,Ahmadabad,24,438,1997,1,183142.55210795,273,20000,1.0,7.0823331973675,1
Gujarat,Ahmadabad,24,438,1998,1,214517.3591745,12,50000,1.0,5.808583696642,1
Gujarat,Ahmadabad,24,438,2001,1,38728.343696,29,0,1.0,4.889058919475,1
Gujarat,Ahmadabad,24,438,2002,1,170587.72455245,169,28000,1.0,6.1350377632317,1
Gujarat,Ahmadabad,24,438,2005,1,73780.968433029,202,500000,2.0,6.4242468521509,1
Gujarat,Ahmadabad,24,438,2006,2,564066.6249895501,65,8400,1.0,6.2944780642496,1
Gujarat,Ahmadabad,24,438,2007,2,532744.87165059,237,63000,1.0,6.7148500364169,1
Gujarat,Ahmadabad,24,438,2015,1,43781.563277245,81,9000,1.5,5.5955337739933,1
Gujarat,Ahmadabad,24,438,2016,1,377732.8783474799,20,0,1.5,6.2303973017891,1
Gujarat,Ahmadabad,24,438,2019,1,180233.94915715,0,4500,1.5,6.4319278578127,1
Gujarat,Ahmadabad,24,438,2021,1,331180.36847927,23,200000,1.5,6.5992458310632,1
Gujarat,Ahmadabad,24,438,2023,1,184454.0,12,150000,2.0,6.2658880776116,1
Gujarat,Amreli,24,439,1988,1,76352.54960307,97,25000,1.0,6.0289515794945,1
Gujarat,Amreli,24,439,1990,2,1286824.89803606,475,63517,1.0,7.3840771654136,1
Gujarat,Amreli,24,439,1991,1,491361.49508556,72,300000,2.0,6.4695523709301,1
Gujarat,Amreli,24,439,1992,1,752428.65689717,90,8000,1.0,7.4675299347014,1
Gujarat,Amreli,24,439,1994,1,1981837.4145729,617,800000,1.0,7.6772792647922,1
Gujarat,Amreli,24,439,1997,1,183142.55210795,273,20000,1.0,7.0823331973675,1
Gujarat,Amreli,24,439,1998,1,214517.3591745,12,50000,1.0,5.808583696642,1
Gujarat,Amreli,24,439,2002,1,170587.72455245,169,28000,1.0,6.1350377632317,1
Gujarat,Amreli,24,439,2006,2,564066.6249895501,65,8400,1.0,6.2944780642496,1
Gujarat,Amreli,24,439,2007,2,532744.87165059,237,63000,1.0,6.7148500364169,1
Gujarat,Amreli,24,439,2015,1,43781.563277245,81,9000,1.5,5.5955337739933,1
Gujarat,Amreli,24,439,2016,1,377732.8783474799,20,0,1.5,6.2303973017891,1
Gujarat,Amreli,24,439,2017,1,31956.124840553,94,3000,1.0,5.2827053594986,1
Gujarat,Amreli,24,439,2021,1,331180.36847927,23,200000,1.5,6.5992458310632,1
Gujarat,Amreli,24,439,2023,1,184454.0,12,150000,2.0,6.2658880776116,1
Gujarat,Anand,24,440,1988,1,76352.54960307,97,25000,1.0,6.0289515794945,1
Gujarat,Anand,24,440,1990,2,1286824.89803606,475,63517,1.0,7.3840771654136,1
Gujarat,Anand,24,440,1991,1,491361.49508556,72,300000,2.0,6.4695523709301,1
Gujarat,Anand,24,440,1992,1,752428.65689717,90,8000,1.0,7.4675299347014,1
Gujarat,Anand,24,440,1994,1,1981837.4145729,617,800000,1.0,7.6772792647922,1
Gujarat,Anand,24,440,1997,1,183142.55210795,273,20000,1.0,7.0823331973675,1
Gujarat,Anand,24,440,1998,1,214517.3591745,12,50000,1.0,5.808583696642,1
Gujarat,Anand,24,440,2001,1,38728.343696,29,0,1.0,4.889058919475,1
Gujarat,Anand,24,440,2002,2,249566.423771403,191,33000,1.0,6.1350377632317,1
Gujarat,Anand,24,440,2003,1,37685.269001548,4,0,1.0,5.4212696596744,1
Gujarat,Anand,24,440,2005,2,126975.80281785101,217,500000,2.0,6.4242468521509,1
Gujarat,Anand,24,440,2006,2,564066.6249895501,65,8400,1.0,6.2944780642496,1
Gujarat,Anand,24,440,2007,2,532744.87165059,237,63000,1.0,6.7148500364169,1
Gujarat,Anand,24,440,2011,1,33056.092108546,0,5000,1.5,5.9963727646928,1
Gujarat,Anand,24,440,2016,1,377732.8783474799,20,0,1.5,6.2303973017891,1
Gujarat,Anand,24,440,2018,1,57211.118731384,20,0,1.0,5.7988731253923,1
Gujarat,Anand,24,440,2021,1,331180.36847927,23,200000,1.5,6.5992458310632,1
Gujarat,Anand,24,440,2022,1,80000.0,7,1500,1.5,5.0791812460476,1
Gujarat,Anand,24,440,2023,1,184454.0,12,150000,2.0,6.2658880776116,1
Gujarat,Arvalli,24,672,1990,2,1286824.89803606,475,63517,1.0,7.3840771654136,1
Gujarat,Arvalli,24,672,1992,1,752428.65689717,90,8000,1.0,7.4675299347014,1
Gujarat,Arvalli,24,672,1994,1,1981837.4145729,617,800000,1.0,7.6772792647922,1
Gujarat,Arvalli,24,672,1997,1,183142.55210795,273,20000,1.0,7.0823331973675,1
Gujarat,Arvalli,24,672,2005,2,126975.80281785101,217,500000,2.0,6.4242468521509,1
Gujarat,Arvalli,24,672,2006,2,564066.6249895501,65,8400,1.0,6.2944780642496,1
Gujarat,Arvalli,24,672,2007,2,532744.87165059,237,63000,1.0,6.7148500364169,1
Gujarat,Arvalli,24,672,2011,1,33056.092108546,0,5000,1.5,5.9963727646928,1
Gujarat,Arvalli,24,672,2016,1,377732.8783474799,20,0,1.5,6.2303973017891,1
Gujarat,Arvalli,24,672,2018,1,57211.118731384,20,0,1.0,5.7988731253923,1
Gujarat,Arvalli,24,672,2019,1,180233.94915715,0,4500,1.5,6.4319278578127,1
Gujarat,Arvalli,24,672,2020,1,613621.1193165,13,60,1.5,6.8090895976067,1
Gujarat,Arvalli,24,672,2021,1,331180.36847927,23,200000,1.5,6.5992458310632,1
Gujarat,Arvalli,24,672,2023,1,184454.0,12,150000,2.0,6.2658880776116,1
Gujarat,Banas Kantha,24,441,1990,2,1286824.89803606,475,63517,1.0,7.3840771654136,1
Gujarat,Banas Kantha,24,441,1992,1,752428.65689717,90,8000,1.0,7.4675299347014,1
Gujarat,Banas Kantha,24,441,1994,1,1981837.4145729,617,800000,1.0,7.6772792647922,1
Gujarat,Banas Kantha,24,441,1995,1,762936.8925746998,600,2000000,1.0,7.1835186118101,1
Gujarat,Banas Kantha,24,441,1996,1,328726.91805633,63,20000,1.0,6.8390545628091,1
Gujarat,Banas Kantha,24,441,1997,1,183142.55210795,273,20000,1.0,7.0823331973675,1
Gujarat,Banas Kantha,24,441,2005,1,73780.968433029,202,500000,2.0,6.4242468521509,1
Gujarat,Banas Kantha,24,441,2006,2,564066.6249895501,65,8400,1.0,6.2944780642496,1
Gujarat,Banas Kantha,24,441,2007,2,532744.87165059,237,63000,1.0,6.7148500364169,1
Gujarat,Banas Kantha,24,441,2016,1,377732.8783474799,20,0,1.5,6.2303973017891,1
Gujarat,Banas Kantha,24,441,2019,1,180233.94915715,0,4500,1.5,6.4319278578127,1
Gujarat,Banas Kantha,24,441,2020,1,613621.1193165,13,60,1.5,6.8090895976067,1
Gujarat,Banas Kantha,24,441,2023,1,184454.0,12,150000,2.0,6.2658880776116,1
Gujarat,Bharuch,24,442,1988,1,76352.54960307,97,25000,1.0,6.0289515794945,1
Gujarat,Bharuch,24,442,1990,2,1286824.89803606,475,63517,1.0,7.3840771654136,1
Gujarat,Bharuch,24,442,1991,1,491361.49508556,72,300000,2.0,6.4695523709301,1
Gujarat,Bharuch,24,442,1992,1,752428.65689717,90,8000,1.0,7.4675299347014,1
Gujarat,Bharuch,24,442,1994,1,1981837.4145729,617,800000,1.0,7.6772792647922,1
Gujarat,Bharuch,24,442,1997,1,183142.55210795,273,20000,1.0,7.0823331973675,1
Gujarat,Bharuch,24,442,1998,1,214517.3591745,12,50000,1.0,5.808583696642,1
Gujarat,Bharuch,24,442,2000,1,107052.90137071,140,0,1.0,6.1757264778105,1
Gujarat,Bharuch,24,442,2001,1,38728.343696,29,0,1.0,4.889058919475,1
Gujarat,Bharuch,24,442,2002,2,249566.423771403,191,33000,1.0,6.1350377632317,1
Gujarat,Bharuch,24,442,2003,2,50461.951904541,6,14000,1.0,5.4212696596744,1
Gujarat,Bharuch,24,442,2005,2,126975.80281785101,217,500000,2.0,6.4242468521509,1
Gujarat,Bharuch,24,442,2006,2,564066.6249895501,65,8400,1.0,6.2944780642496,1
Gujarat,Bharuch,24,442,2007,2,532744.87165059,237,63000,1.0,6.7148500364169,1
Gujarat,Bharuch,24,442,2011,1,33056.092108546,0,5000,1.5,5.9963727646928,1
Gujarat,Bharuch,24,442,2016,1,377732.8783474799,20,0,1.5,6.2303973017891,1
Gujarat,Bharuch,24,442,2018,1,57211.118731384,20,0,1.0,5.7988731253923,1
Gujarat,Bharuch,24,442,2021,1,331180.36847927,23,200000,1.5,6.5992458310632,1
Gujarat,Bharuch,24,442,2022,1,80000.0,7,1500,1.5,5.0791812460476,1
Gujarat,Bharuch,24,442,2023,1,184454.0,12,150000,2.0,6.2658880776116,1
Gujarat,Bhavnagar,24,443,1988,1,76352.54960307,97,25000,1.0,6.0289515794945,1
Gujarat,Bhavnagar,24,443,1990,2,1286824.89803606,475,63517,1.0,7.3840771654136,1
Gujarat,Bhavnagar,24,443,1991,1,491361.49508556,72,300000,2.0,6.4695523709301,1
Gujarat,Bhavnagar,24,443,1992,1,752428.65689717,90,8000,1.0,7.4675299347014,1
Gujarat,Bhavnagar,24,443,1994,1,1981837.4145729,617,800000,1.0,7.6772792647922,1
Gujarat,Bhavnagar,24,443,1997,1,183142.55210795,273,20000,1.0,7.0823331973675,1
Gujarat,Bhavnagar,24,443,1998,1,214517.3591745,12,50000,1.0,5.808583696642,1
Gujarat,Bhavnagar,24,443,2002,1,170587.72455245,169,28000,1.0,6.1350377632317,1
Gujarat,Bhavnagar,24,443,2005,1,73780.968433029,202,500000,2.0,6.4242468521509,1
Gujarat,Bhavnagar,24,443,2006,2,564066.6249895501,65,8400,1.0,6.2944780642496,1
Gujarat,Bhavnagar,24,443,2007,2,532744.87165059,237,63000,1.0,6.7148500364169,1
Gujarat,Bhavnagar,24,443,2015,1,43781.563277245,81,9000,1.5,5.5955337739933,1
Gujarat,Bhavnagar,24,443,2016,1,377732.8783474799,20,0,1.5,6.2303973017891,1
Gujarat,Bhavnagar,24,443,2017,1,31956.124840553,94,3000,1.0,5.2827053594986,1
Gujarat,Bhavnagar,24,443,2021,1,331180.36847927,23,200000,1.5,6.5992458310632,1
Gujarat,Bhavnagar,24,443,2023,1,184454.0,12,150000,2.0,6.2658880776116,1
Gujarat,Botad,24,676,1988,1,76352.54960307,97,25000,1.0,6.0289515794945,1
Gujarat,Botad,24,676,1990,2,1286824.89803606,475,63517,1.0,7.3840771654136,1
Gujarat,Botad,24,676,1991,1,491361.49508556,72,300000,2.0,6.4695523709301,1
Gujarat,Botad,24,676,1992,1,752428.65689717,90,8000,1.0,7.4675299347014,1
Gujarat,Botad,24,676,1994,1,1981837.4145729,617,800000,1.0,7.6772792647922,1
Gujarat,Botad,24,676,1997,1,183142.55210795,273,20000,1.0,7.0823331973675,1
Gujarat,Botad,24,676,1998,1,214517.3591745,12,50000,1.0,5.808583696642,1
Gujarat,Botad,24,676,2001,1,38728.343696,29,0,1.0,4.889058919475,1
Gujarat,Botad,24,676,2002,1,170587.72455245,169,28000,1.0,6.1350377632317,1
Gujarat,Botad,24,676,2005,1,73780.968433029,202,500000,2.0,6.4242468521509,1
Gujarat,Botad,24,676,2006,2,564066.6249895501,65,8400,1.0,6.2944780642496,1
Gujarat,Botad,24,676,2007,2,532744.87165059,237,63000,1.0,6.7148500364169,1
Gujarat,Botad,24,676,2015,1,43781.563277245,81,9000,1.5,5.5955337739933,1
Gujarat,Botad,24,676,2016,1,377732.8783474799,20,0,1.5,6.2303973017891,1
Gujarat,Botad,24,676,2017,1,31956.124840553,94,3000,1.0,5.2827053594986,1
Gujarat,Botad,24,676,2021,1,331180.36847927,23,200000,1.5,6.5992458310632,1
Gujarat,Botad,24,676,2023,1,184454.0,12,150000,2.0,6.2658880776116,1
Gujarat,Chhotaudepur,24,668,1989,1,905209.24002345,780,0,1.0,6.9567489784143,1
Gujarat,Chhotaudepur,24,668,1990,2,1286824.89803606,475,63517,1.0,7.3840771654136,1
Gujarat,Chhotaudepur,24,668,1991,1,491361.49508556,72,300000,2.0,6.4695523709301,1
Gujarat,Chhotaudepur,24,668,1992,1,752428.65689717,90,8000,1.0,7.4675299347014,1
Gujarat,Chhotaudepur,24,668,1994,1,1981837.4145729,617,800000,1.0,7.6772792647922,1
Gujarat,Chhotaudepur,24,668,1997,1,183142.55210795,273,20000,1.0,7.0823331973675,1
Gujarat,Chhotaudepur,24,668,1998,1,214517.3591745,12,50000,1.0,5.808583696642,1
Gujarat,Chhotaudepur,24,668,2002,2,249566.423771403,191,33000,1.0,6.1350377632317,1
Gujarat,Chhotaudepur,24,668,2003,2,50461.951904541,6,14000,1.0,5.4212696596744,1
Gujarat,Chhotaudepur,24,668,2005,2,126975.80281785101,217,500000,2.0,6.4242468521509,1
Gujarat,Chhotaudepur,24,668,2006,2,564066.6249895501,65,8400,1.0,6.2944780642496,1
Gujarat,Chhotaudepur,24,668,2007,1,398939.17397885,225,63000,1.0,6.7148500364169,1
Gujarat,Chhotaudepur,24,668,2011,1,33056.092108546,0,5000,1.5,5.9963727646928,1
Gujarat,Chhotaudepur,24,668,2016,1,377732.8783474799,20,0,1.5,6.2303973017891,1
Gujarat,Chhotaudepur,24,668,2018,1,57211.118731384,20,0,1.0,5.7988731253923,1
Gujarat,Chhotaudepur,24,668,2020,1,613621.1193165,13,60,1.5,6.8090895976067,1
Gujarat,Chhotaudepur,24,668,2021,1,331180.36847927,23,200000,1.5,6.5992458310632,1
Gujarat,Chhotaudepur,24,668,2022,1,80000.0,7,1500,1.5,5.0791812460476,1
Gujarat,Chhotaudepur,24,668,2023,1,184454.0,12,150000,2.0,6.2658880776116,1
Gujarat,Dang,24,444,1985,1,254234.59502901,95,25000,1.0,6.1042046512933,1
Gujarat,Dang,24,444,1989,1,905209.24002345,780,0,1.0,6.9567489784143,1
Gujarat,Dang,24,444,1990,2,1286824.89803606,475,63517,1.0,7.3840771654136,1
Gujarat,Dang,24,444,1991,1,491361.49508556,72,300000,2.0,6.4695523709301,1
Gujarat,Dang,24,444,1992,1,752428.65689717,90,8000,1.0,7.4675299347014,1
Gujarat,Dang,24,444,1994,1,1981837.4145729,617,800000,1.0,7.6772792647922,1
Gujarat,Dang,24,444,1997,2,411477.53745418997,323,30000,1.0,7.0823331973675,1
Gujarat,Dang,24,444,1998,1,214517.3591745,12,50000,1.0,5.808583696642,1
Gujarat,Dang,24,444,2002,2,249566.423771403,191,33000,1.0,6.1350377632317,1
Gujarat,Dang,24,444,2003,1,37685.269001548,4,0,1.0,5.4212696596744,1
Gujarat,Dang,24,444,2005,1,53194.834384822,15,0,1.0,6.0268994567731,1
Gujarat,Dang,24,444,2006,2,564066.6249895501,65,8400,1.0,6.2944780642496,1
Gujarat,Dang,24,444,2007,1,398939.17397885,225,63000,1.0,6.7148500364169,1
Gujarat,Dang,24,444,2016,1,377732.8783474799,20,0,1.5,6.2303973017891,1
Gujarat,Dang,24,444,2018,2,174082.307268764,21,300,1.5,6.0219499701184,1
Gujarat,Dang,24,444,2019,1,113845.84978471,36,0,1.5,5.9313784665602,1
Gujarat,Dang,24,444,2020,1,199450.78832131,0,0,1.5,5.7769570119006,1
Gujarat,Dang,24,444,2021,1,331180.36847927,23,200000,1.5,6.5992458310632,1
Gujarat,Dang,24,444,2022,1,80000.0,7,1500,1.5,5.0791812460476,1
Gujarat,Dang,24,444,2023,1,184454.0,12,150000,2.0,6.2658880776116,1
Gujarat,Devbhumi Dwarka,24,674,1988,1,76352.54960307,97,25000,1.0,6.0289515794945,1
Gujarat,Devbhumi Dwarka,24,674,1990,2,1286824.89803606,475,63517,1.0,7.3840771654136,1
Gujarat,Devbhumi Dwarka,24,674,1992,1,752428.65689717,90,8000,1.0,7.4675299347014,1
Gujarat,Devbhumi Dwarka,24,674,1994,1,1981837.4145729,617,800000,1.0,7.6772792647922,1
Gujarat,Devbhumi Dwarka,24,674,1997,1,183142.55210795,273,20000,1.0,7.0823331973675,1
Gujarat,Devbhumi Dwarka,24,674,2002,1,170587.72455245,169,28000,1.0,6.1350377632317,1
Gujarat,Devbhumi Dwarka,24,674,2006,2,564066.6249895501,65,8400,1.0,6.2944780642496,1
Gujarat,Devbhumi Dwarka,24,674,2007,1,133805.69767174,12,0,1.0,6.0295645938072,1
Gujarat,Devbhumi Dwarka,24,674,2015,1,43781.563277245,81,9000,1.5,5.5955337739933,1
Gujarat,Devbhumi Dwarka,24,674,2017,1,31956.124840553,94,3000,1.0,5.2827053594986,1
Gujarat,Devbhumi Dwarka,24,674,2023,1,184454.0,12,150000,2.0,6.2658880776116,1
Gujarat,Dohad,24,445,1990,2,1286824.89803606,475,63517,1.0,7.3840771654136,1
Gujarat,Dohad,24,445,1991,1,491361.49508556,72,300000,2.0,6.4695523709301,1
Gujarat,Dohad,24,445,1992,1,752428.65689717,90,8000,1.0,7.4675299347014,1
Gujarat,Dohad,24,445,1994,1,1981837.4145729,617,800000,1.0,7.6772792647922,1
Gujarat,Dohad,24,445,1997,1,183142.55210795,273,20000,1.0,7.0823331973675,1
Gujarat,Dohad,24,445,1998,1,214517.3591745,12,50000,1.0,5.808583696642,1
Gujarat,Dohad,24,445,2003,1,37685.269001548,4,0,1.0,5.4212696596744,1
Gujarat,Dohad,24,445,2005,1,53194.834384822,15,0,1.0,6.0268994567731,1
Gujarat,Dohad,24,445,2006,2,564066.6249895501,65,8400,1.0,6.2944780642496,1
Gujarat,Dohad,24,445,2007,1,398939.17397885,225,63000,1.0,6.7148500364169,1
Gujarat,Dohad,24,445,2011,1,33056.092108546,0,5000,1.5,5.9963727646928,1
Gujarat,Dohad,24,445,2016,1,377732.8783474799,20,0,1.5,6.2303973017891,1
Gujarat,Dohad,24,445,2018,1,57211.118731384,20,0,1.0,5.7988731253923,1
Gujarat,Dohad,24,445,2020,1,613621.1193165,13,60,1.5,6.8090895976067,1
Gujarat,Dohad,24,445,2021,1,331180.36847927,23,200000,1.5,6.5992458310632,1
Gujarat,Dohad,24,445,2022,1,80000.0,7,1500,1.5,5.0791812460476,1
Gujarat,Dohad,24,445,2023,1,184454.0,12,150000,2.0,6.2658880776116,1
Gujarat,Gandhinagar,24,446,1990,2,1286824.89803606,475,63517,1.0,7.3840771654136,1
Gujarat,Gandhinagar,24,446,1991,1,491361.49508556,72,300000,2.0,6.4695523709301,1
Gujarat,Gandhinagar,24,446,1992,1,752428.65689717,90,8000,1.0,7.4675299347014,1
Gujarat,Gandhinagar,24,446,1994,1,1981837.4145729,617,800000,1.0,7.6772792647922,1
Gujarat,Gandhinagar,24,446,1997,1,183142.55210795,273,20000,1.0,7.0823331973675,1
Gujarat,Gandhinagar,24,446,1998,1,214517.3591745,12,50000,1.0,5.808583696642,1
Gujarat,Gandhinagar,24,446,2001,1,38728.343696,29,0,1.0,4.889058919475,1
Gujarat,Gandhinagar,24,446,2002,1,170587.72455245,169,28000,1.0,6.1350377632317,1
Gujarat,Gandhinagar,24,446,2005,1,73780.968433029,202,500000,2.0,6.4242468521509,1
Gujarat,Gandhinagar,24,446,2006,2,564066.6249895501,65,8400,1.0,6.2944780642496,1
Gujarat,Gandhinagar,24,446,2007,2,532744.87165059,237,63000,1.0,6.7148500364169,1
Gujarat,Gandhinagar,24,446,2016,1,377732.8783474799,20,0,1.5,6.2303973017891,1
Gujarat,Gandhinagar,24,446,2019,1,180233.94915715,0,4500,1.5,6.4319278578127,1
Gujarat,Gandhinagar,24,446,2020,1,613621.1193165,13,60,1.5,6.8090895976067,1
Gujarat,Gandhinagar,24,446,2021,1,331180.36847927,23,200000,1.5,6.5992458310632,1
Gujarat,Gandhinagar,24,446,2023,1,184454.0,12,150000,2.0,6.2658880776116,1
Gujarat,Gir Somnath,24,675,1988,1,76352.54960307,97,25000,1.0,6.0289515794945,1
Gujarat,Gir Somnath,24,675,1990,2,1286824.89803606,475,63517,1.0,7.3840771654136,1
Gujarat,Gir Somnath,24,675,1991,1,491361.49508556,72,300000,2.0,6.4695523709301,1
Gujarat,Gir Somnath,24,675,1992,1,752428.65689717,90,8000,1.0,7.4675299347014,1
Gujarat,Gir Somnath,24,675,1994,1,1981837.4145729,617,800000,1.0,7.6772792647922,1
Gujarat,Gir Somnath,24,675,1997,1,183142.55210795,273,20000,1.0,7.0823331973675,1
Gujarat,Gir Somnath,24,675,1998,1,214517.3591745,12,50000,1.0,5.808583696642,1
Gujarat,Gir Somnath,24,675,2002,1,170587.72455245,169,28000,1.0,6.1350377632317,1
Gujarat,Gir Somnath,24,675,2006,2,564066.6249895501,65,8400,1.0,6.2944780642496,1
Gujarat,Gir Somnath,24,675,2007,2,532744.87165059,237,63000,1.0,6.7148500364169,1
Gujarat,Gir Somnath,24,675,2015,1,43781.563277245,81,9000,1.5,5.5955337739933,1
Gujarat,Gir Somnath,24,675,2016,1,377732.8783474799,20,0,1.5,6.2303973017891,1
Gujarat,Gir Somnath,24,675,2017,1,31956.124840553,94,3000,1.0,5.2827053594986,1
Gujarat,Gir Somnath,24,675,2021,1,331180.36847927,23,200000,1.5,6.5992458310632,1
Gujarat,Gir Somnath,24,675,2023,1,184454.0,12,150000,2.0,6.2658880776116,1
Gujarat,Jamnagar,24,447,1988,1,76352.54960307,97,25000,1.0,6.0289515794945,1
Gujarat,Jamnagar,24,447,1990,2,1286824.89803606,475,63517,1.0,7.3840771654136,1
Gujarat,Jamnagar,24,447,1991,1,491361.49508556,72,300000,2.0,6.4695523709301,1
Gujarat,Jamnagar,24,447,1992,1,752428.65689717,90,8000,1.0,7.4675299347014,1
Gujarat,Jamnagar,24,447,1994,1,1981837.4145729,617,800000,1.0,7.6772792647922,1
Gujarat,Jamnagar,24,447,1997,1,183142.55210795,273,20000,1.0,7.0823331973675,1
Gujarat,Jamnagar,24,447,1998,1,214517.3591745,12,50000,1.0,5.808583696642,1
Gujarat,Jamnagar,24,447,2002,1,170587.72455245,169,28000,1.0,6.1350377632317,1
Gujarat,Jamnagar,24,447,2006,2,564066.6249895501,65,8400,1.0,6.2944780642496,1
Gujarat,Jamnagar,24,447,2007,2,532744.87165059,237,63000,1.0,6.7148500364169,1
Gujarat,Jamnagar,24,447,2015,1,43781.563277245,81,9000,1.5,5.5955337739933,1
Gujarat,Jamnagar,24,447,2016,1,377732.8783474799,20,0,1.5,6.2303973017891,1
Gujarat,Jamnagar,24,447,2017,1,31956.124840553,94,3000,1.0,5.2827053594986,1
Gujarat,Jamnagar,24,447,2021,1,331180.36847927,23,200000,1.5,6.5992458310632,1
Gujarat,Jamnagar,24,447,2023,1,184454.0,12,150000,2.0,6.2658880776116,1
Gujarat,Junagadh,24,448,1988,1,76352.54960307,97,25000,1.0,6.0289515794945,1
Gujarat,Junagadh,24,448,1990,2,1286824.89803606,475,63517,1.0,7.3840771654136,1
Gujarat,Junagadh,24,448,1991,1,491361.49508556,72,300000,2.0,6.4695523709301,1
Gujarat,Junagadh,24,448,1992,1,752428.65689717,90,8000,1.0,7.4675299347014,1
Gujarat,Junagadh,24,448,1994,1,1981837.4145729,617,800000,1.0,7.6772792647922,1
Gujarat,Junagadh,24,448,1997,1,183142.55210795,273,20000,1.0,7.0823331973675,1
Gujarat,Junagadh,24,448,1998,1,214517.3591745,12,50000,1.0,5.808583696642,1
Gujarat,Junagadh,24,448,2002,1,170587.72455245,169,28000,1.0,6.1350377632317,1
Gujarat,Junagadh,24,448,2006,2,564066.6249895501,65,8400,1.0,6.2944780642496,1
Gujarat,Junagadh,24,448,2007,1,133805.69767174,12,0,1.0,6.0295645938072,1
Gujarat,Junagadh,24,448,2015,1,43781.563277245,81,9000,1.5,5.5955337739933,1
Gujarat,Junagadh,24,448,2016,1,377732.8783474799,20,0,1.5,6.2303973017891,1
Gujarat,Junagadh,24,448,2017,1,31956.124840553,94,3000,1.0,5.2827053594986,1
Gujarat,Junagadh,24,448,2021,1,331180.36847927,23,200000,1.5,6.5992458310632,1
Gujarat,Junagadh,24,448,2023,1,184454.0,12,150000,2.0,6.2658880776116,1
Gujarat,Kachchh,24,449,1988,1,76352.54960307,97,25000,1.0,6.0289515794945,1
Gujarat,Kachchh,24,449,1990,2,1286824.89803606,475,63517,1.0,7.3840771654136,1
Gujarat,Kachchh,24,449,1991,1,491361.49508556,72,300000,2.0,6.4695523709301,1
Gujarat,Kachchh,24,449,1992,1,752428.65689717,90,8000,1.0,7.4675299347014,1
Gujarat,Kachchh,24,449,1994,1,1981837.4145729,617,800000,1.0,7.6772792647922,1
Gujarat,Kachchh,24,449,1997,1,183142.55210795,273,20000,1.0,7.0823331973675,1
Gujarat,Kachchh,24,449,1998,2,219449.0767054745,1138,65000,1.0,5.808583696642,1
Gujarat,Kachchh,24,449,2001,1,38728.343696,29,0,1.0,4.889058919475,1
Gujarat,Kachchh,24,449,2005,1,73780.968433029,202,500000,2.0,6.4242468521509,1
Gujarat,Kachchh,24,449,2006,2,564066.6249895501,65,8400,1.0,6.2944780642496,1
Gujarat,Kachchh,24,449,2007,2,532744.87165059,237,63000,1.0,6.7148500364169,1
Gujarat,Kachchh,24,449,2015,1,43781.563277245,81,9000,1.5,5.5955337739933,1
Gujarat,Kachchh,24,449,2016,1,377732.8783474799,20,0,1.5,6.2303973017891,1
Gujarat,Kachchh,24,449,2021,1,331180.36847927,23,200000,1.5,6.5992458310632,1
Gujarat,Kachchh,24,449,2023,1,184454.0,12,150000,2.0,6.2658880776116,1
Gujarat,Kheda,24,450,1988,1,76352.54960307,97,25000,1.0,6.0289515794945,1
Gujarat,Kheda,24,450,1990,2,1286824.89803606,475,63517,1.0,7.3840771654136,1
Gujarat,Kheda,24,450,1991,1,491361.49508556,72,300000,2.0,6.4695523709301,1
Gujarat,Kheda,24,450,1992,1,752428.65689717,90,8000,1.0,7.4675299347014,1
Gujarat,Kheda,24,450,1994,1,1981837.4145729,617,800000,1.0,7.6772792647922,1
Gujarat,Kheda,24,450,1997,1,183142.55210795,273,20000,1.0,7.0823331973675,1
Gujarat,Kheda,24,450,1998,1,214517.3591745,12,50000,1.0,5.808583696642,1
Gujarat,Kheda,24,450,2001,1,38728.343696,29,0,1.0,4.889058919475,1
Gujarat,Kheda,24,450,2002,1,170587.72455245,169,28000,1.0,6.1350377632317,1
Gujarat,Kheda,24,450,2005,2,126975.80281785101,217,500000,2.0,6.4242468521509,1
Gujarat,Kheda,24,450,2006,2,564066.6249895501,65,8400,1.0,6.2944780642496,1
Gujarat,Kheda,24,450,2007,2,532744.87165059,237,63000,1.0,6.7148500364169,1
Gujarat,Kheda,24,450,2011,1,33056.092108546,0,5000,1.5,5.9963727646928,1
Gujarat,Kheda,24,450,2016,1,377732.8783474799,20,0,1.5,6.2303973017891,1
Gujarat,Kheda,24,450,2018,1,57211.118731384,20,0,1.0,5.7988731253923,1
Gujarat,Kheda,24,450,2019,1,180233.94915715,0,4500,1.5,6.4319278578127,1
Gujarat,Kheda,24,450,2020,1,613621.1193165,13,60,1.5,6.8090895976067,1
Gujarat,Kheda,24,450,2021,1,331180.36847927,23,200000,1.5,6.5992458310632,1
Gujarat,Kheda,24,450,2023,1,184454.0,12,150000,2.0,6.2658880776116,1
Gujarat,Mahesana,24,451,1990,2,1286824.89803606,475,63517,1.0,7.3840771654136,1
Gujarat,Mahesana,24,451,1991,1,491361.49508556,72,300000,2.0,6.4695523709301,1
Gujarat,Mahesana,24,451,1992,1,752428.65689717,90,8000,1.0,7.4675299347014,1
Gujarat,Mahesana,24,451,1994,1,1981837.4145729,617,800000,1.0,7.6772792647922,1
Gujarat,Mahesana,24,451,1997,1,183142.55210795,273,20000,1.0,7.0823331973675,1
Gujarat,Mahesana,24,451,1998,1,214517.3591745,12,50000,1.0,5.808583696642,1
Gujarat,Mahesana,24,451,2001,1,38728.343696,29,0,1.0,4.889058919475,1
Gujarat,Mahesana,24,451,2005,1,73780.968433029,202,500000,2.0,6.4242468521509,1
Gujarat,Mahesana,24,451,2006,2,564066.6249895501,65,8400,1.0,6.2944780642496,1
Gujarat,Mahesana,24,451,2007,2,532744.87165059,237,63000,1.0,6.7148500364169,1
Gujarat,Mahesana,24,451,2016,1,377732.8783474799,20,0,1.5,6.2303973017891,1
Gujarat,Mahesana,24,451,2019,1,180233.94915715,0,4500,1.5,6.4319278578127,1
Gujarat,Mahesana,24,451,2020,1,613621.1193165,13,60,1.5,6.8090895976067,1
Gujarat,Mahesana,24,451,2021,1,331180.36847927,23,200000,1.5,6.5992458310632,1
Gujarat,Mahesana,24,451,2023,1,184454.0,12,150000,2.0,6.2658880776116,1
Gujarat,Mahisagar,24,669,1990,2,1286824.89803606,475,63517,1.0,7.3840771654136,1
Gujarat,Mahisagar,24,669,1991,1,491361.49508556,72,300000,2.0,6.4695523709301,1
Gujarat,Mahisagar,24,669,1992,1,752428.65689717,90,8000,1.0,7.4675299347014,1
Gujarat,Mahisagar,24,669,1994,1,1981837.4145729,617,800000,1.0,7.6772792647922,1
Gujarat,Mahisagar,24,669,1997,1,183142.55210795,273,20000,1.0,7.0823331973675,1
Gujarat,Mahisagar,24,669,1998,1,214517.3591745,12,50000,1.0,5.808583696642,1
Gujarat,Mahisagar,24,669,2005,2,126975.80281785101,217,500000,2.0,6.4242468521509,1
Gujarat,Mahisagar,24,669,2006,2,564066.6249895501,65,8400,1.0,6.2944780642496,1
Gujarat,Mahisagar,24,669,2007,2,532744.87165059,237,63000,1.0,6.7148500364169,1
Gujarat,Mahisagar,24,669,2011,1,33056.092108546,0,5000,1.5,5.9963727646928,1
Gujarat,Mahisagar,24,669,2016,1,377732.8783474799,20,0,1.5,6.2303973017891,1
Gujarat,Mahisagar,24,669,2018,1,57211.118731384,20,0,1.0,5.7988731253923,1
Gujarat,Mahisagar,24,669,2019,1,180233.94915715,0,4500,1.5,6.4319278578127,1
Gujarat,Mahisagar,24,669,2020,1,613621.1193165,13,60,1.5,6.8090895976067,1
Gujarat,Mahisagar,24,669,2021,1,331180.36847927,23,200000,1.5,6.5992458310632,1
Gujarat,Mahisagar,24,669,2023,1,184454.0,12,150000,2.0,6.2658880776116,1
Gujarat,Morbi,24,673,1988,1,76352.54960307,97,25000,1.0,6.0289515794945,1
Gujarat,Morbi,24,673,1990,2,1286824.89803606,475,63517,1.0,7.3840771654136,1
Gujarat,Morbi,24,673,1991,1,491361.49508556,72,300000,2.0,6.4695523709301,1
Gujarat,Morbi,24,673,1992,1,752428.65689717,90,8000,1.0,7.4675299347014,1
Gujarat,Morbi,24,673,1994,1,1981837.4145729,617,800000,1.0,7.6772792647922,1
Gujarat,Morbi,24,673,1997,1,183142.55210795,273,20000,1.0,7.0823331973675,1
Gujarat,Morbi,24,673,1998,1,214517.3591745,12,50000,1.0,5.808583696642,1
Gujarat,Morbi,24,673,2001,1,38728.343696,29,0,1.0,4.889058919475,1
Gujarat,Morbi,24,673,2002,1,170587.72455245,169,28000,1.0,6.1350377632317,1
Gujarat,Morbi,24,673,2005,1,73780.968433029,202,500000,2.0,6.4242468521509,1
Gujarat,Morbi,24,673,2006,2,564066.6249895501,65,8400,1.0,6.2944780642496,1
Gujarat,Morbi,24,673,2007,2,532744.87165059,237,63000,1.0,6.7148500364169,1
Gujarat,Morbi,24,673,2015,1,43781.563277245,81,9000,1.5,5.5955337739933,1
Gujarat,Morbi,24,673,2016,1,377732.8783474799,20,0,1.5,6.2303973017891,1
Gujarat,Morbi,24,673,2017,1,31956.124840553,94,3000,1.0,5.2827053594986,1
Gujarat,Morbi,24,673,2021,1,331180.36847927,23,200000,1.5,6.5992458310632,1
Gujarat,Morbi,24,673,2023,1,184454.0,12,150000,2.0,6.2658880776116,1
Gujarat,Narmada,24,452,1989,1,905209.24002345,780,0,1.0,6.9567489784143,1
Gujarat,Narmada,24,452,1990,2,1286824.89803606,475,63517,1.0,7.3840771654136,1
Gujarat,Narmada,24,452,1991,1,491361.49508556,72,300000,2.0,6.4695523709301,1
Gujarat,Narmada,24,452,1992,1,752428.65689717,90,8000,1.0,7.4675299347014,1
Gujarat,Narmada,24,452,1994,1,1981837.4145729,617,800000,1.0,7.6772792647922,1
Gujarat,Narmada,24,452,1997,2,411477.53745418997,323,30000,1.0,7.0823331973675,1
Gujarat,Narmada,24,452,1998,1,214517.3591745,12,50000,1.0,5.808583696642,1
Gujarat,Narmada,24,452,2002,2,249566.423771403,191,33000,1.0,6.1350377632317,1
Gujarat,Narmada,24,452,2003,2,50461.951904541,6,14000,1.0,5.4212696596744,1
Gujarat,Narmada,24,452,2005,2,126975.80281785101,217,500000,2.0,6.4242468521509,1
Gujarat,Narmada,24,452,2006,2,564066.6249895501,65,8400,1.0,6.2944780642496,1
Gujarat,Narmada,24,452,2007,1,398939.17397885,225,63000,1.0,6.7148500364169,1
Gujarat,Narmada,24,452,2011,1,33056.092108546,0,5000,1.5,5.9963727646928,1
Gujarat,Narmada,24,452,2016,1,377732.8783474799,20,0,1.5,6.2303973017891,1
Gujarat,Narmada,24,452,2018,2,174082.307268764,21,300,1.5,6.0219499701184,1
Gujarat,Narmada,24,452,2019,1,113845.84978471,36,0,1.5,5.9313784665602,1
Gujarat,Narmada,24,452,2020,1,199450.78832131,0,0,1.5,5.7769570119006,1
Gujarat,Narmada,24,452,2021,1,331180.36847927,23,200000,1.5,6.5992458310632,1
Gujarat,Narmada,24,452,2022,1,80000.0,7,1500,1.5,5.0791812460476,1
Gujarat,Narmada,24,452,2023,1,184454.0,12,150000,2.0,6.2658880776116,1
Gujarat,Navsari,24,453,1985,1,254234.59502901,95,25000,1.0,6.1042046512933,1
Gujarat,Navsari,24,453,1988,1,76352.54960307,97,25000,1.0,6.0289515794945,1
Gujarat,Navsari,24,453,1989,1,905209.24002345,780,0,1.0,6.9567489784143,1
Gujarat,Navsari,24,453,1990,2,1286824.89803606,475,63517,1.0,7.3840771654136,1
Gujarat,Navsari,24,453,1991,1,491361.49508556,72,300000,2.0,6.4695523709301,1
Gujarat,Navsari,24,453,1992,1,752428.65689717,90,8000,1.0,7.4675299347014,1
Gujarat,Navsari,24,453,1994,1,1981837.4145729,617,800000,1.0,7.6772792647922,1
Gujarat,Navsari,24,453,1997,1,183142.55210795,273,20000,1.0,7.0823331973675,1
Gujarat,Navsari,24,453,1998,1,214517.3591745,12,50000,1.0,5.808583696642,1
Gujarat,Navsari,24,453,2000,1,107052.90137071,140,0,1.0,6.1757264778105,1
Gujarat,Navsari,24,453,2002,2,249566.423771403,191,33000,1.0,6.1350377632317,1
Gujarat,Navsari,24,453,2003,1,37685.269001548,4,0,1.0,5.4212696596744,1
Gujarat,Navsari,24,453,2005,2,126975.80281785101,217,500000,2.0,6.4242468521509,1
Gujarat,Navsari,24,453,2006,2,564066.6249895501,65,8400,1.0,6.2944780642496,1
Gujarat,Navsari,24,453,2007,1,398939.17397885,225,63000,1.0,6.7148500364169,1
Gujarat,Navsari,24,453,2016,1,377732.8783474799,20,0,1.5,6.2303973017891,1
Gujarat,Navsari,24,453,2018,2,174082.307268764,21,300,1.5,6.0219499701184,1
Gujarat,Navsari,24,453,2019,1,113845.84978471,36,0,1.5,5.9313784665602,1
Gujarat,Navsari,24,453,2020,1,199450.78832131,0,0,1.5,5.7769570119006,1
Gujarat,Navsari,24,453,2021,1,331180.36847927,23,200000,1.5,6.5992458310632,1
Gujarat,Navsari,24,453,2022,1,80000.0,7,1500,1.5,5.0791812460476,1
Gujarat,Navsari,24,453,2023,1,184454.0,12,150000,2.0,6.2658880776116,1
Gujarat,Panch Mahals,24,454,1990,2,1286824.89803606,475,63517,1.0,7.3840771654136,1
Gujarat,Panch Mahals,24,454,1991,1,491361.49508556,72,300000,2.0,6.4695523709301,1
Gujarat,Panch Mahals,24,454,1992,1,752428.65689717,90,8000,1.0,7.4675299347014,1
Gujarat,Panch Mahals,24,454,1994,1,1981837.4145729,617,800000,1.0,7.6772792647922,1
Gujarat,Panch Mahals,24,454,1997,1,183142.55210795,273,20000,1.0,7.0823331973675,1
Gujarat,Panch Mahals,24,454,1998,1,214517.3591745,12,50000,1.0,5.808583696642,1
Gujarat,Panch Mahals,24,454,2001,1,38728.343696,29,0,1.0,4.889058919475,1
Gujarat,Panch Mahals,24,454,2002,2,249566.423771403,191,33000,1.0,6.1350377632317,1
Gujarat,Panch Mahals,24,454,2003,2,50461.951904541,6,14000,1.0,5.4212696596744,1
Gujarat,Panch Mahals,24,454,2005,2,126975.80281785101,217,500000,2.0,6.4242468521509,1
Gujarat,Panch Mahals,24,454,2006,2,564066.6249895501,65,8400,1.0,6.2944780642496,1
Gujarat,Panch Mahals,24,454,2007,1,398939.17397885,225,63000,1.0,6.7148500364169,1
Gujarat,Panch Mahals,24,454,2011,1,33056.092108546,0,5000,1.5,5.9963727646928,1
Gujarat,Panch Mahals,24,454,2016,1,377732.8783474799,20,0,1.5,6.2303973017891,1
Gujarat,Panch Mahals,24,454,2018,1,57211.118731384,20,0,1.0,5.7988731253923,1
Gujarat,Panch Mahals,24,454,2020,1,613621.1193165,13,60,1.5,6.8090895976067,1
Gujarat,Panch Mahals,24,454,2021,1,331180.36847927,23,200000,1.5,6.5992458310632,1
Gujarat,Panch Mahals,24,454,2022,1,80000.0,7,1500,1.5,5.0791812460476,1
Gujarat,Panch Mahals,24,454,2023,1,184454.0,12,150000,2.0,6.2658880776116,1
Gujarat,Patan,24,455,1990,2,1286824.89803606,475,63517,1.0,7.3840771654136,1
Gujarat,Patan,24,455,1992,1,752428.65689717,90,8000,1.0,7.4675299347014,1
Gujarat,Patan,24,455,1994,1,1981837.4145729,617,800000,1.0,7.6772792647922,1
Gujarat,Patan,24,455,1997,1,183142.55210795,273,20000,1.0,7.0823331973675,1
Gujarat,Patan,24,455,1998,1,214517.3591745,12,50000,1.0,5.808583696642,1
Gujarat,Patan,24,455,2001,1,38728.343696,29,0,1.0,4.889058919475,1
Gujarat,Patan,24,455,2005,1,73780.968433029,202,500000,2.0,6.4242468521509,1
Gujarat,Patan,24,455,2006,2,564066.6249895501,65,8400,1.0,6.2944780642496,1
Gujarat,Patan,24,455,2007,2,532744.87165059,237,63000,1.0,6.7148500364169,1
Gujarat,Patan,24,455,2016,1,377732.8783474799,20,0,1.5,6.2303973017891,1
Gujarat,Patan,24,455,2019,1,180233.94915715,0,4500,1.5,6.4319278578127,1
Gujarat,Patan,24,455,2020,1,613621.1193165,13,60,1.5,6.8090895976067,1
Gujarat,Patan,24,455,2021,1,331180.36847927,23,200000,1.5,6.5992458310632,1
Gujarat,Patan,24,455,2023,1,184454.0,12,150000,2.0,6.2658880776116,1
Gujarat,Porbandar,24,456,1988,1,76352.54960307,97,25000,1.0,6.0289515794945,1
Gujarat,Porbandar,24,456,1990,2,1286824.89803606,475,63517,1.0,7.3840771654136,1
Gujarat,Porbandar,24,456,1991,1,491361.49508556,72,300000,2.0,6.4695523709301,1
Gujarat,Porbandar,24,456,1992,1,752428.65689717,90,8000,1.0,7.4675299347014,1
Gujarat,Porbandar,24,456,1994,1,1981837.4145729,617,800000,1.0,7.6772792647922,1
Gujarat,Porbandar,24,456,1997,1,183142.55210795,273,20000,1.0,7.0823331973675,1
Gujarat,Porbandar,24,456,1998,1,214517.3591745,12,50000,1.0,5.808583696642,1
Gujarat,Porbandar,24,456,2002,1,170587.72455245,169,28000,1.0,6.1350377632317,1
Gujarat,Porbandar,24,456,2006,2,564066.6249895501,65,8400,1.0,6.2944780642496,1
Gujarat,Porbandar,24,456,2007,1,133805.69767174,12,0,1.0,6.0295645938072,1
Gujarat,Porbandar,24,456,2015,1,43781.563277245,81,9000,1.5,5.5955337739933,1
Gujarat,Porbandar,24,456,2016,1,377732.8783474799,20,0,1.5,6.2303973017891,1
Gujarat,Porbandar,24,456,2017,1,31956.124840553,94,3000,1.0,5.2827053594986,1
Gujarat,Porbandar,24,456,2023,1,184454.0,12,150000,2.0,6.2658880776116,1
Gujarat,Rajkot,24,457,1988,1,76352.54960307,97,25000,1.0,6.0289515794945,1
Gujarat,Rajkot,24,457,1990,2,1286824.89803606,475,63517,1.0,7.3840771654136,1
Gujarat,Rajkot,24,457,1991,1,491361.49508556,72,300000,2.0,6.4695523709301,1
Gujarat,Rajkot,24,457,1992,1,752428.65689717,90,8000,1.0,7.4675299347014,1
Gujarat,Rajkot,24,457,1994,1,1981837.4145729,617,800000,1.0,7.6772792647922,1
Gujarat,Rajkot,24,457,1997,1,183142.55210795,273,20000,1.0,7.0823331973675,1
Gujarat,Rajkot,24,457,1998,1,214517.3591745,12,50000,1.0,5.808583696642,1
Gujarat,Rajkot,24,457,2002,1,170587.72455245,169,28000,1.0,6.1350377632317,1
Gujarat,Rajkot,24,457,2006,2,564066.6249895501,65,8400,1.0,6.2944780642496,1
Gujarat,Rajkot,24,457,2007,2,532744.87165059,237,63000,1.0,6.7148500364169,1
Gujarat,Rajkot,24,457,2015,1,43781.563277245,81,9000,1.5,5.5955337739933,1
Gujarat,Rajkot,24,457,2016,1,377732.8783474799,20,0,1.5,6.2303973017891,1
Gujarat,Rajkot,24,457,2017,1,31956.124840553,94,3000,1.0,5.2827053594986,1
Gujarat,Rajkot,24,457,2021,1,331180.36847927,23,200000,1.5,6.5992458310632,1
Gujarat,Rajkot,24,457,2023,1,184454.0,12,150000,2.0,6.2658880776116,1
Gujarat,Sabar Kantha,24,458,1990,2,1286824.89803606,475,63517,1.0,7.3840771654136,1
Gujarat,Sabar Kantha,24,458,1992,1,752428.65689717,90,8000,1.0,7.4675299347014,1
Gujarat,Sabar Kantha,24,458,1994,1,1981837.4145729,617,800000,1.0,7.6772792647922,1
Gujarat,Sabar Kantha,24,458,1995,1,762936.8925746998,600,2000000,1.0,7.1835186118101,1
Gujarat,Sabar Kantha,24,458,1996,1,328726.91805633,63,20000,1.0,6.8390545628091,1
Gujarat,Sabar Kantha,24,458,1997,1,183142.55210795,273,20000,1.0,7.0823331973675,1
Gujarat,Sabar Kantha,24,458,2005,1,73780.968433029,202,500000,2.0,6.4242468521509,1
Gujarat,Sabar Kantha,24,458,2006,2,564066.6249895501,65,8400,1.0,6.2944780642496,1
Gujarat,Sabar Kantha,24,458,2007,2,532744.87165059,237,63000,1.0,6.7148500364169,1
Gujarat,Sabar Kantha,24,458,2016,1,377732.8783474799,20,0,1.5,6.2303973017891,1
Gujarat,Sabar Kantha,24,458,2019,1,180233.94915715,0,4500,1.5,6.4319278578127,1
Gujarat,Sabar Kantha,24,458,2020,1,613621.1193165,13,60,1.5,6.8090895976067,1
Gujarat,Sabar Kantha,24,458,2021,1,331180.36847927,23,200000,1.5,6.5992458310632,1
Gujarat,Sabar Kantha,24,458,2023,1,184454.0,12,150000,2.0,6.2658880776116,1
Gujarat,Surat,24,459,1988,1,76352.54960307,97,25000,1.0,6.0289515794945,1
Gujarat,Surat,24,459,1990,2,1286824.89803606,475,63517,1.0,7.3840771654136,1
Gujarat,Surat,24,459,1991,1,491361.49508556,72,300000,2.0,6.4695523709301,1
Gujarat,Surat,24,459,1992,1,752428.65689717,90,8000,1.0,7.4675299347014,1
Gujarat,Surat,24,459,1994,1,1981837.4145729,617,800000,1.0,7.6772792647922,1
Gujarat,Surat,24,459,1997,1,183142.55210795,273,20000,1.0,7.0823331973675,1
Gujarat,Surat,24,459,1998,1,214517.3591745,12,50000,1.0,5.808583696642,1
Gujarat,Surat,24,459,2000,1,107052.90137071,140,0,1.0,6.1757264778105,1
Gujarat,Surat,24,459,2002,2,249566.423771403,191,33000,1.0,6.1350377632317,1
Gujarat,Surat,24,459,2003,1,37685.269001548,4,0,1.0,5.4212696596744,1
Gujarat,Surat,24,459,2005,2,126975.80281785101,217,500000,2.0,6.4242468521509,1
Gujarat,Surat,24,459,2006,2,564066.6249895501,65,8400,1.0,6.2944780642496,1
Gujarat,Surat,24,459,2007,1,398939.17397885,225,63000,1.0,6.7148500364169,1
Gujarat,Surat,24,459,2016,1,377732.8783474799,20,0,1.5,6.2303973017891,1
Gujarat,Surat,24,459,2018,2,174082.307268764,21,300,1.5,6.0219499701184,1
Gujarat,Surat,24,459,2020,1,199450.78832131,0,0,1.5,5.7769570119006,1
Gujarat,Surat,24,459,2021,1,331180.36847927,23,200000,1.5,6.5992458310632,1
Gujarat,Surat,24,459,2022,1,80000.0,7,1500,1.5,5.0791812460476,1
Gujarat,Surat,24,459,2023,1,184454.0,12,150000,2.0,6.2658880776116,1
Gujarat,Surendranagar,24,460,1988,1,76352.54960307,97,25000,1.0,6.0289515794945,1
Gujarat,Surendranagar,24,460,1990,2,1286824.89803606,475,63517,1.0,7.3840771654136,1
Gujarat,Surendranagar,24,460,1991,1,491361.49508556,72,300000,2.0,6.4695523709301,1
Gujarat,Surendranagar,24,460,1992,1,752428.65689717,90,8000,1.0,7.4675299347014,1
Gujarat,Surendranagar,24,460,1994,1,1981837.4145729,617,800000,1.0,7.6772792647922,1
Gujarat,Surendranagar,24,460,1997,1,183142.55210795,273,20000,1.0,7.0823331973675,1
Gujarat,Surendranagar,24,460,1998,1,214517.3591745,12,50000,1.0,5.808583696642,1
Gujarat,Surendranagar,24,460,2001,1,38728.343696,29,0,1.0,4.889058919475,1
Gujarat,Surendranagar,24,460,2002,1,170587.72455245,169,28000,1.0,6.1350377632317,1
Gujarat,Surendranagar,24,460,2005,1,73780.968433029,202,500000,2.0,6.4242468521509,1
Gujarat,Surendranagar,24,460,2006,2,564066.6249895501,65,8400,1.0,6.2944780642496,1
Gujarat,Surendranagar,24,460,2007,2,532744.87165059,237,63000,1.0,6.7148500364169,1
Gujarat,Surendranagar,24,460,2015,1,43781.563277245,81,9000,1.5,5.5955337739933,1
Gujarat,Surendranagar,24,460,2016,1,377732.8783474799,20,0,1.5,6.2303973017891,1
Gujarat,Surendranagar,24,460,2017,1,31956.124840553,94,3000,1.0,5.2827053594986,1
Gujarat,Surendranagar,24,460,2019,1,180233.94915715,0,4500,1.5,6.4319278578127,1
Gujarat,Surendranagar,24,460,2021,1,331180.36847927,23,200000,1.5,6.5992458310632,1
Gujarat,Surendranagar,24,460,2023,1,184454.0,12,150000,2.0,6.2658880776116,1
Gujarat,Tapi,24,641,1989,1,905209.24002345,780,0,1.0,6.9567489784143,1
Gujarat,Tapi,24,641,1990,2,1286824.89803606,475,63517,1.0,7.3840771654136,1
Gujarat,Tapi,24,641,1991,1,491361.49508556,72,300000,2.0,6.4695523709301,1
Gujarat,Tapi,24,641,1992,1,752428.65689717,90,8000,1.0,7.4675299347014,1
Gujarat,Tapi,24,641,1994,1,1981837.4145729,617,800000,1.0,7.6772792647922,1
Gujarat,Tapi,24,641,1997,2,411477.53745418997,323,30000,1.0,7.0823331973675,1
Gujarat,Tapi,24,641,1998,1,214517.3591745,12,50000,1.0,5.808583696642,1
Gujarat,Tapi,24,641,2000,1,107052.90137071,140,0,1.0,6.1757264778105,1
Gujarat,Tapi,24,641,2002,2,249566.423771403,191,33000,1.0,6.1350377632317,1
Gujarat,Tapi,24,641,2003,1,37685.269001548,4,0,1.0,5.4212696596744,1
Gujarat,Tapi,24,641,2005,2,126975.80281785101,217,500000,2.0,6.4242468521509,1
Gujarat,Tapi,24,641,2006,2,564066.6249895501,65,8400,1.0,6.2944780642496,1
Gujarat,Tapi,24,641,2007,1,398939.17397885,225,63000,1.0,6.7148500364169,1
Gujarat,Tapi,24,641,2011,1,33056.092108546,0,5000,1.5,5.9963727646928,1
Gujarat,Tapi,24,641,2016,1,377732.8783474799,20,0,1.5,6.2303973017891,1
Gujarat,Tapi,24,641,2018,2,174082.307268764,21,300,1.5,6.0219499701184,1
Gujarat,Tapi,24,641,2019,1,113845.84978471,36,0,1.5,5.9313784665602,1
Gujarat,Tapi,24,641,2020,1,199450.78832131,0,0,1.5,5.7769570119006,1
Gujarat,Tapi,24,641,2021,1,331180.36847927,23,200000,1.5,6.5992458310632,1
Gujarat,Tapi,24,641,2022,1,80000.0,7,1500,1.5,5.0791812460476,1
Gujarat,Tapi,24,641,2023,1,184454.0,12,150000,2.0,6.2658880776116,1
Gujarat,Vadodara,24,461,1988,1,76352.54960307,97,25000,1.0,6.0289515794945,1
Gujarat,Vadodara,24,461,1990,2,1286824.89803606,475,63517,1.0,7.3840771654136,1
Gujarat,Vadodara,24,461,1991,1,491361.49508556,72,300000,2.0,6.4695523709301,1
Gujarat,Vadodara,24,461,1992,1,752428.65689717,90,8000,1.0,7.4675299347014,1
Gujarat,Vadodara,24,461,1994,1,1981837.4145729,617,800000,1.0,7.6772792647922,1
Gujarat,Vadodara,24,461,1997,1,183142.55210795,273,20000,1.0,7.0823331973675,1
Gujarat,Vadodara,24,461,1998,1,214517.3591745,12,50000,1.0,5.808583696642,1
Gujarat,Vadodara,24,461,2001,1,38728.343696,29,0,1.0,4.889058919475,1
Gujarat,Vadodara,24,461,2002,2,249566.423771403,191,33000,1.0,6.1350377632317,1
Gujarat,Vadodara,24,461,2003,2,50461.951904541,6,14000,1.0,5.4212696596744,1
Gujarat,Vadodara,24,461,2005,2,126975.80281785101,217,500000,2.0,6.4242468521509,1
Gujarat,Vadodara,24,461,2006,2,564066.6249895501,65,8400,1.0,6.2944780642496,1
Gujarat,Vadodara,24,461,2007,2,532744.87165059,237,63000,1.0,6.7148500364169,1
Gujarat,Vadodara,24,461,2011,1,33056.092108546,0,5000,1.5,5.9963727646928,1
Gujarat,Vadodara,24,461,2016,1,377732.8783474799,20,0,1.5,6.2303973017891,1
Gujarat,Vadodara,24,461,2018,1,57211.118731384,20,0,1.0,5.7988731253923,1
Gujarat,Vadodara,24,461,2020,1,613621.1193165,13,60,1.5,6.8090895976067,1
Gujarat,Vadodara,24,461,2021,1,331180.36847927,23,200000,1.5,6.5992458310632,1
Gujarat,Vadodara,24,461,2022,1,80000.0,7,1500,1.5,5.0791812460476,1
Gujarat,Vadodara,24,461,2023,1,184454.0,12,150000,2.0,6.2658880776116,1
Gujarat,Valsad,24,462,1985,1,254234.59502901,95,25000,1.0,6.1042046512933,1
Gujarat,Valsad,24,462,1989,1,905209.24002345,780,0,1.0,6.9567489784143,1
Gujarat,Valsad,24,462,1990,2,1286824.89803606,475,63517,1.0,7.3840771654136,1
Gujarat,Valsad,24,462,1991,1,491361.49508556,72,300000,2.0,6.4695523709301,1
Gujarat,Valsad,24,462,1992,1,752428.65689717,90,8000,1.0,7.4675299347014,1
Gujarat,Valsad,24,462,1994,1,1981837.4145729,617,800000,1.0,7.6772792647922,1
Gujarat,Valsad,24,462,1997,2,411477.53745418997,323,30000,1.0,7.0823331973675,1
Gujarat,Valsad,24,462,1998,1,214517.3591745,12,50000,1.0,5.808583696642,1
Gujarat,Valsad,24,462,2000,1,107052.90137071,140,0,1.0,6.1757264778105,1
Gujarat,Valsad,24,462,2002,2,249566.423771403,191,33000,1.0,6.1350377632317,1
Gujarat,Valsad,24,462,2003,1,37685.269001548,4,0,1.0,5.4212696596744,1
Gujarat,Valsad,24,462,2005,2,126975.80281785101,217,500000,2.0,6.4242468521509,1
Gujarat,Valsad,24,462,2006,2,564066.6249895501,65,8400,1.0,6.2944780642496,1
Gujarat,Valsad,24,462,2007,2,505517.61527077004,287,73000,1.0,6.7148500364169,1
Gujarat,Valsad,24,462,2016,1,377732.8783474799,20,0,1.5,6.2303973017891,1
Gujarat,Valsad,24,462,2018,2,174082.307268764,21,300,1.5,6.0219499701184,1
Gujarat,Valsad,24,462,2019,1,113845.84978471,36,0,1.5,5.9313784665602,1
Gujarat,Valsad,24,462,2020,1,199450.78832131,0,0,1.5,5.7769570119006,1
Gujarat,Valsad,24,462,2021,1,331180.36847927,23,200000,1.5,6.5992458310632,1
Gujarat,Valsad,24,462,2022,1,80000.0,7,1500,1.5,5.0791812460476,1
Gujarat,Valsad,24,462,2023,1,184454.0,12,150000,2.0,6.2658880776116,1
Haryana,Ambala,06,058,1988,2,1116265.80873124,964,1750000,2.0,7.7855937662664,1
Haryana,Ambala,06,058,1991,1,547679.02054319,88,0,1.0,6.9146173641677,1
Haryana,Ambala,06,058,1994,1,1981837.4145729,617,800000,1.0,7.6772792647922,1
Haryana,Ambala,06,058,1995,1,762936.8925746998,600,2000000,1.0,7.1835186118101,1
Haryana,Ambala,06,058,2005,1,308728.71607899,23,0,1.0,6.7906070224724,1
Haryana,Ambala,06,058,2007,1,191449.94642663,76,15000,1.0,6.0602064995389,1
Haryana,Ambala,06,058,2010,1,147437.2291135,98,523000,1.0,6.2099998454591,1
Haryana,Ambala,06,058,2012,1,37710.761445125,45,200,2.0,5.3546165520302,1
Haryana,Ambala,06,058,2015,1,629961.6057566,206,300000,2.0,7.656646577764,1
Haryana,Ambala,06,058,2017,1,421575.24392831,253,422106,2.0,7.1563540170148,1
Haryana,Ambala,06,058,2018,1,114348.33023553,28,935,1.0,6.0582298272306,1
Haryana,Ambala,06,058,2020,1,293809.72651845,2,0,1.5,6.4892554680033,1
Haryana,Bhiwani,06,059,1988,2,1116265.80873124,964,1750000,2.0,7.7855937662664,1
Haryana,Bhiwani,06,059,1990,1,1100663.2969222,425,63517,1.0,7.3840771654136,1
Haryana,Bhiwani,06,059,1991,1,547679.02054319,88,0,1.0,6.9146173641677,1
Haryana,Bhiwani,06,059,1994,1,1981837.4145729,617,800000,1.0,7.6772792647922,1
Haryana,Bhiwani,06,059,1995,1,762936.8925746998,600,2000000,1.0,7.1835186118101,1
Haryana,Bhiwani,06,059,1996,1,328726.91805633,63,20000,1.0,6.8390545628091,1
Haryana,Bhiwani,06,059,2007,1,191449.94642663,76,15000,1.0,6.0602064995389,1
Haryana,Bhiwani,06,059,2010,1,147437.2291135,98,523000,1.0,6.2099998454591,1
Haryana,Bhiwani,06,059,2020,1,613621.1193165,13,60,1.5,6.8090895976067,1
Haryana,Charki Dadri,06,701,1988,2,1116265.80873124,964,1750000,2.0,7.7855937662664,1
Haryana,Charki Dadri,06,701,1991,1,547679.02054319,88,0,1.0,6.9146173641677,1
Haryana,Charki Dadri,06,701,1995,1,762936.8925746998,600,2000000,1.0,7.1835186118101,1
Haryana,Charki Dadri,06,701,1996,1,328726.91805633,63,20000,1.0,6.8390545628091,1
Haryana,Charki Dadri,06,701,2007,1,191449.94642663,76,15000,1.0,6.0602064995389,1
Haryana,Charki Dadri,06,701,2020,1,613621.1193165,13,60,1.5,6.8090895976067,1
Haryana,Faridabad,06,060,1988,3,1743138.26723743,1840,1752000,2.0,7.7855937662664,1
Haryana,Faridabad,06,060,1990,2,1385589.90363544,442,63517,1.0,7.3840771654136,1
Haryana,Faridabad,06,060,1991,1,547679.02054319,88,0,1.0,6.9146173641677,1
Haryana,Faridabad,06,060,1992,1,518125.27779756,40,2000,1.0,7.2459136977876,1
Haryana,Faridabad,06,060,1994,1,292130.6444844,53,3000,1.0,6.3686671038163,1
Haryana,Faridabad,06,060,1995,1,762936.8925746998,600,2000000,1.0,7.1835186118101,1
Haryana,Faridabad,06,060,2005,1,308728.71607899,23,0,1.0,6.7906070224724,1
Haryana,Faridabad,06,060,2007,2,708753.1462248199,1034,3015000,1.5,7.8036502762015,1
Haryana,Faridabad,06,060,2017,1,421575.24392831,253,422106,2.0,7.1563540170148,1
Haryana,Faridabad,06,060,2020,2,907430.84583495,15,60,1.5,6.8090895976067,1
Haryana,Faridabad,06,060,2022,1,224000.0,4,0,1.5,6.1283992687178,1
Haryana,Faridabad,06,060,2023,1,4988.0,0,35000,2.0,4.6979264448065,1
Haryana,Fatehabad,06,061,1988,2,1116265.80873124,964,1750000,2.0,7.7855937662664,1
Haryana,Fatehabad,06,061,1990,1,1100663.2969222,425,63517,1.0,7.3840771654136,1
Haryana,Fatehabad,06,061,1991,1,547679.02054319,88,0,1.0,6.9146173641677,1
Haryana,Fatehabad,06,061,1994,1,1981837.4145729,617,800000,1.0,7.6772792647922,1
Haryana,Fatehabad,06,061,1995,1,762936.8925746998,600,2000000,1.0,7.1835186118101,1
Haryana,Fatehabad,06,061,1996,1,328726.91805633,63,20000,1.0,6.8390545628091,1
Haryana,Fatehabad,06,061,2007,1,191449.94642663,76,15000,1.0,6.0602064995389,1
Haryana,Fatehabad,06,061,2010,1,147437.2291135,98,523000,1.0,6.2099998454591,1
Haryana,Gurugram,06,062,1988,3,1743138.26723743,1840,1752000,2.0,7.7855937662664,1
Haryana,Gurugram,06,062,1991,1,547679.02054319,88,0,1.0,6.9146173641677,1
Haryana,Gurugram,06,062,1995,1,762936.8925746998,600,2000000,1.0,7.1835186118101,1
Haryana,Gurugram,06,062,2005,1,308728.71607899,23,0,1.0,6.7906070224724,1
Haryana,Gurugram,06,062,2007,2,708753.1462248199,1034,3015000,1.5,7.8036502762015,1
Haryana,Gurugram,06,062,2017,1,421575.24392831,253,422106,2.0,7.1563540170148,1
Haryana,Gurugram,06,062,2020,2,907430.84583495,15,60,1.5,6.8090895976067,1
Haryana,Gurugram,06,062,2023,1,4988.0,0,35000,2.0,4.6979264448065,1
Haryana,Hisar,06,063,1988,2,1116265.80873124,964,1750000,2.0,7.7855937662664,1
Haryana,Hisar,06,063,1990,1,1100663.2969222,425,63517,1.0,7.3840771654136,1
Haryana,Hisar,06,063,1991,1,547679.02054319,88,0,1.0,6.9146173641677,1
Haryana,Hisar,06,063,1994,1,1981837.4145729,617,800000,1.0,7.6772792647922,1
Haryana,Hisar,06,063,1995,1,762936.8925746998,600,2000000,1.0,7.1835186118101,1
Haryana,Hisar,06,063,1996,1,328726.91805633,63,20000,1.0,6.8390545628091,1
Haryana,Hisar,06,063,2005,1,308728.71607899,23,0,1.0,6.7906070224724,1
Haryana,Hisar,06,063,2007,1,191449.94642663,76,15000,1.0,6.0602064995389,1
Haryana,Hisar,06,063,2010,1,147437.2291135,98,523000,1.0,6.2099998454591,1
Haryana,Hisar,06,063,2020,2,907430.84583495,15,60,1.5,6.8090895976067,1
Haryana,Jhajjar,06,064,1988,3,1743138.26723743,1840,1752000,2.0,7.7855937662664,1
Haryana,Jhajjar,06,064,1991,1,547679.02054319,88,0,1.0,6.9146173641677,1
Haryana,Jhajjar,06,064,1995,1,762936.8925746998,600,2000000,1.0,7.1835186118101,1
Haryana,Jhajjar,06,064,2005,1,308728.71607899,23,0,1.0,6.7906070224724,1
Haryana,Jhajjar,06,064,2007,1,191449.94642663,76,15000,1.0,6.0602064995389,1
Haryana,Jhajjar,06,064,2017,1,421575.24392831,253,422106,2.0,7.1563540170148,1
Haryana,Jhajjar,06,064,2020,2,907430.84583495,15,60,1.5,6.8090895976067,1
Haryana,Jhajjar,06,064,2023,1,4988.0,0,35000,2.0,4.6979264448065,1
Haryana,Jind,06,065,1988,2,1116265.80873124,964,1750000,2.0,7.7855937662664,1
Haryana,Jind,06,065,1991,1,547679.02054319,88,0,1.0,6.9146173641677,1
Haryana,Jind,06,065,1995,1,762936.8925746998,600,2000000,1.0,7.1835186118101,1
Haryana,Jind,06,065,2005,1,308728.71607899,23,0,1.0,6.7906070224724,1
Haryana,Jind,06,065,2007,1,191449.94642663,76,15000,1.0,6.0602064995389,1
Haryana,Jind,06,065,2010,1,147437.2291135,98,523000,1.0,6.2099998454591,1
Haryana,Jind,06,065,2017,1,421575.24392831,253,422106,2.0,7.1563540170148,1
Haryana,Jind,06,065,2020,2,907430.84583495,15,60,1.5,6.8090895976067,1
Haryana,Kaithal,06,066,1988,2,1116265.80873124,964,1750000,2.0,7.7855937662664,1
Haryana,Kaithal,06,066,1991,1,547679.02054319,88,0,1.0,6.9146173641677,1
Haryana,Kaithal,06,066,1994,1,1981837.4145729,617,800000,1.0,7.6772792647922,1
Haryana,Kaithal,06,066,1995,1,762936.8925746998,600,2000000,1.0,7.1835186118101,1
Haryana,Kaithal,06,066,2005,1,308728.71607899,23,0,1.0,6.7906070224724,1
Haryana,Kaithal,06,066,2007,1,191449.94642663,76,15000,1.0,6.0602064995389,1
Haryana,Kaithal,06,066,2010,1,147437.2291135,98,523000,1.0,6.2099998454591,1
Haryana,Kaithal,06,066,2020,1,293809.72651845,2,0,1.5,6.4892554680033,1
Haryana,Karnal,06,067,1988,2,1116265.80873124,964,1750000,2.0,7.7855937662664,1
Haryana,Karnal,06,067,1990,2,1385589.90363544,442,63517,1.0,7.3840771654136,1
Haryana,Karnal,06,067,1991,1,547679.02054319,88,0,1.0,6.9146173641677,1
Haryana,Karnal,06,067,1992,1,518125.27779756,40,2000,1.0,7.2459136977876,1
Haryana,Karnal,06,067,1994,1,292130.6444844,53,3000,1.0,6.3686671038163,1
Haryana,Karnal,06,067,1995,1,762936.8925746998,600,2000000,1.0,7.1835186118101,1
Haryana,Karnal,06,067,2005,1,308728.71607899,23,0,1.0,6.7906070224724,1
Haryana,Karnal,06,067,2007,1,191449.94642663,76,15000,1.0,6.0602064995389,1
Haryana,Karnal,06,067,2010,1,147437.2291135,98,523000,1.0,6.2099998454591,1
Haryana,Karnal,06,067,2017,1,421575.24392831,253,422106,2.0,7.1563540170148,1
Haryana,Karnal,06,067,2018,1,114348.33023553,28,935,1.0,6.0582298272306,1
Haryana,Karnal,06,067,2020,1,293809.72651845,2,0,1.5,6.4892554680033,1
Haryana,Kurukshetra,06,068,1988,2,1116265.80873124,964,1750000,2.0,7.7855937662664,1
Haryana,Kurukshetra,06,068,1991,1,547679.02054319,88,0,1.0,6.9146173641677,1
Haryana,Kurukshetra,06,068,1995,1,762936.8925746998,600,2000000,1.0,7.1835186118101,1
Haryana,Kurukshetra,06,068,2005,1,308728.71607899,23,0,1.0,6.7906070224724,1
Haryana,Kurukshetra,06,068,2007,1,191449.94642663,76,15000,1.0,6.0602064995389,1
Haryana,Kurukshetra,06,068,2010,1,147437.2291135,98,523000,1.0,6.2099998454591,1
Haryana,Kurukshetra,06,068,2017,1,421575.24392831,253,422106,2.0,7.1563540170148,1
Haryana,Kurukshetra,06,068,2018,1,114348.33023553,28,935,1.0,6.0582298272306,1
Haryana,Kurukshetra,06,068,2020,1,293809.72651845,2,0,1.5,6.4892554680033,1
Haryana,Mahendragarh,06,069,1988,1,268528.55259964,731,1250000,2.0,6.9852929717235,1
Haryana,Mahendragarh,06,069,1990,1,1100663.2969222,425,63517,1.0,7.3840771654136,1
Haryana,Mahendragarh,06,069,1991,1,547679.02054319,88,0,1.0,6.9146173641677,1
Haryana,Mahendragarh,06,069,1994,1,1981837.4145729,617,800000,1.0,7.6772792647922,1
Haryana,Mahendragarh,06,069,1995,1,762936.8925746998,600,2000000,1.0,7.1835186118101,1
Haryana,Mahendragarh,06,069,1996,1,328726.91805633,63,20000,1.0,6.8390545628091,1
Haryana,Mahendragarh,06,069,2020,1,613621.1193165,13,60,1.5,6.8090895976067,1
Haryana,Nuh,06,604,1988,3,1743138.26723743,1840,1752000,2.0,7.7855937662664,1
Haryana,Nuh,06,604,1990,1,1100663.2969222,425,63517,1.0,7.3840771654136,1
Haryana,Nuh,06,604,1991,1,547679.02054319,88,0,1.0,6.9146173641677,1
Haryana,Nuh,06,604,1994,1,1981837.4145729,617,800000,1.0,7.6772792647922,1
Haryana,Nuh,06,604,1995,1,762936.8925746998,600,2000000,1.0,7.1835186118101,1
Haryana,Nuh,06,604,2005,1,308728.71607899,23,0,1.0,6.7906070224724,1
Haryana,Nuh,06,604,2007,2,708753.1462248199,1034,3015000,1.5,7.8036502762015,1
Haryana,Nuh,06,604,2017,1,421575.24392831,253,422106,2.0,7.1563540170148,1
Haryana,Nuh,06,604,2020,2,907430.84583495,15,60,1.5,6.8090895976067,1
Haryana,Nuh,06,604,2023,1,4988.0,0,35000,2.0,4.6979264448065,1
Haryana,Palwal,06,619,1988,3,1743138.26723743,1840,1752000,2.0,7.7855937662664,1
Haryana,Palwal,06,619,1990,2,1385589.90363544,442,63517,1.0,7.3840771654136,1
Haryana,Palwal,06,619,1991,1,547679.02054319,88,0,1.0,6.9146173641677,1
Haryana,Palwal,06,619,1992,1,518125.27779756,40,2000,1.0,7.2459136977876,1
Haryana,Palwal,06,619,1994,1,292130.6444844,53,3000,1.0,6.3686671038163,1
Haryana,Palwal,06,619,1995,1,762936.8925746998,600,2000000,1.0,7.1835186118101,1
Haryana,Palwal,06,619,2005,1,308728.71607899,23,0,1.0,6.7906070224724,1
Haryana,Palwal,06,619,2007,2,708753.1462248199,1034,3015000,1.5,7.8036502762015,1
Haryana,Palwal,06,619,2017,1,421575.24392831,253,422106,2.0,7.1563540170148,1
Haryana,Palwal,06,619,2020,2,907430.84583495,15,60,1.5,6.8090895976067,1
Haryana,Palwal,06,619,2022,1,224000.0,4,0,1.5,6.1283992687178,1
Haryana,Palwal,06,619,2023,1,4988.0,0,35000,2.0,4.6979264448065,1
Haryana,Panchkula,06,070,1988,2,1116265.80873124,964,1750000,2.0,7.7855937662664,1
Haryana,Panchkula,06,070,1990,1,1100663.2969222,425,63517,1.0,7.3840771654136,1
Haryana,Panchkula,06,070,1991,1,547679.02054319,88,0,1.0,6.9146173641677,1
Haryana,Panchkula,06,070,1994,2,2034175.938730731,677,800000,1.0,7.6772792647922,1
Haryana,Panchkula,06,070,1995,1,762936.8925746998,600,2000000,1.0,7.1835186118101,1
Haryana,Panchkula,06,070,1997,1,57530.651850708,200,0,1.0,5.6049973348387,1
Haryana,Panchkula,06,070,2005,1,308728.71607899,23,0,1.0,6.7906070224724,1
Haryana,Panchkula,06,070,2007,1,191449.94642663,76,15000,1.0,6.0602064995389,1
Haryana,Panchkula,06,070,2012,1,37710.761445125,45,200,2.0,5.3546165520302,1
Haryana,Panchkula,06,070,2013,1,131743.41457489,5748,75000,1.5,6.4999401571691,1
Haryana,Panchkula,06,070,2015,1,629961.6057566,206,300000,2.0,7.656646577764,1
Haryana,Panchkula,06,070,2017,1,421575.24392831,253,422106,2.0,7.1563540170148,1
Haryana,Panchkula,06,070,2018,1,114348.33023553,28,935,1.0,6.0582298272306,1
Haryana,Panipat,06,071,1988,3,1743138.26723743,1840,1752000,2.0,7.7855937662664,1
Haryana,Panipat,06,071,1990,2,1385589.90363544,442,63517,1.0,7.3840771654136,1
Haryana,Panipat,06,071,1991,1,547679.02054319,88,0,1.0,6.9146173641677,1
Haryana,Panipat,06,071,1994,1,292130.6444844,53,3000,1.0,6.3686671038163,1
Haryana,Panipat,06,071,1995,1,762936.8925746998,600,2000000,1.0,7.1835186118101,1
Haryana,Panipat,06,071,2005,1,308728.71607899,23,0,1.0,6.7906070224724,1
Haryana,Panipat,06,071,2007,1,191449.94642663,76,15000,1.0,6.0602064995389,1
Haryana,Panipat,06,071,2010,1,147437.2291135,98,523000,1.0,6.2099998454591,1
Haryana,Panipat,06,071,2017,1,421575.24392831,253,422106,2.0,7.1563540170148,1
Haryana,Panipat,06,071,2020,1,293809.72651845,2,0,1.5,6.4892554680033,1
Haryana,Rewari,06,072,1988,2,1116265.80873124,964,1750000,2.0,7.7855937662664,1
Haryana,Rewari,06,072,1990,1,1100663.2969222,425,63517,1.0,7.3840771654136,1
Haryana,Rewari,06,072,1991,1,547679.02054319,88,0,1.0,6.9146173641677,1
Haryana,Rewari,06,072,1994,1,1981837.4145729,617,800000,1.0,7.6772792647922,1
Haryana,Rewari,06,072,1995,1,762936.8925746998,600,2000000,1.0,7.1835186118101,1
Haryana,Rewari,06,072,2005,1,308728.71607899,23,0,1.0,6.7906070224724,1
Haryana,Rewari,06,072,2007,1,191449.94642663,76,15000,1.0,6.0602064995389,1
Haryana,Rewari,06,072,2017,1,421575.24392831,253,422106,2.0,7.1563540170148,1
Haryana,Rewari,06,072,2020,1,613621.1193165,13,60,1.5,6.8090895976067,1
Haryana,Rohtak,06,073,1988,2,1116265.80873124,964,1750000,2.0,7.7855937662664,1
Haryana,Rohtak,06,073,1991,1,547679.02054319,88,0,1.0,6.9146173641677,1
Haryana,Rohtak,06,073,1995,1,762936.8925746998,600,2000000,1.0,7.1835186118101,1
Haryana,Rohtak,06,073,2005,1,308728.71607899,23,0,1.0,6.7906070224724,1
Haryana,Rohtak,06,073,2007,1,191449.94642663,76,15000,1.0,6.0602064995389,1
Haryana,Rohtak,06,073,2010,1,147437.2291135,98,523000,1.0,6.2099998454591,1
Haryana,Rohtak,06,073,2017,1,421575.24392831,253,422106,2.0,7.1563540170148,1
Haryana,Rohtak,06,073,2020,2,907430.84583495,15,60,1.5,6.8090895976067,1
Haryana,Rohtak,06,073,2023,1,4988.0,0,35000,2.0,4.6979264448065,1
Haryana,Sirsa,06,074,1988,2,1116265.80873124,964,1750000,2.0,7.7855937662664,1
Haryana,Sirsa,06,074,1990,1,1100663.2969222,425,63517,1.0,7.3840771654136,1
Haryana,Sirsa,06,074,1991,1,547679.02054319,88,0,1.0,6.9146173641677,1
Haryana,Sirsa,06,074,1994,1,1981837.4145729,617,800000,1.0,7.6772792647922,1
Haryana,Sirsa,06,074,1995,1,762936.8925746998,600,2000000,1.0,7.1835186118101,1
Haryana,Sirsa,06,074,1996,1,328726.91805633,63,20000,1.0,6.8390545628091,1
Haryana,Sirsa,06,074,2007,1,191449.94642663,76,15000,1.0,6.0602064995389,1
Haryana,Sirsa,06,074,2010,1,147437.2291135,98,523000,1.0,6.2099998454591,1
Haryana,Sonipat,06,075,1988,3,1743138.26723743,1840,1752000,2.0,7.7855937662664,1
Haryana,Sonipat,06,075,1991,1,547679.02054319,88,0,1.0,6.9146173641677,1
Haryana,Sonipat,06,075,1995,1,762936.8925746998,600,2000000,1.0,7.1835186118101,1
Haryana,Sonipat,06,075,2005,1,308728.71607899,23,0,1.0,6.7906070224724,1
Haryana,Sonipat,06,075,2007,2,708753.1462248199,1034,3015000,1.5,7.8036502762015,1
Haryana,Sonipat,06,075,2010,1,147437.2291135,98,523000,1.0,6.2099998454591,1
Haryana,Sonipat,06,075,2017,1,421575.24392831,253,422106,2.0,7.1563540170148,1
Haryana,Sonipat,06,075,2020,2,907430.84583495,15,60,1.5,6.8090895976067,1
Haryana,Sonipat,06,075,2023,1,4988.0,0,35000,2.0,4.6979264448065,1
Haryana,Yamunanagar,06,076,1988,2,1116265.80873124,964,1750000,2.0,7.7855937662664,1
Haryana,Yamunanagar,06,076,1990,2,1385589.90363544,442,63517,1.0,7.3840771654136,1
Haryana,Yamunanagar,06,076,1991,1,547679.02054319,88,0,1.0,6.9146173641677,1
Haryana,Yamunanagar,06,076,1992,1,518125.27779756,40,2000,1.0,7.2459136977876,1
Haryana,Yamunanagar,06,076,1994,2,344469.168642231,113,3000,1.0,6.3686671038163,1
Haryana,Yamunanagar,06,076,1995,1,762936.8925746998,600,2000000,1.0,7.1835186118101,1
Haryana,Yamunanagar,06,076,1997,1,57530.651850708,200,0,1.0,5.6049973348387,1
Haryana,Yamunanagar,06,076,2005,1,308728.71607899,23,0,1.0,6.7906070224724,1
Haryana,Yamunanagar,06,076,2007,1,191449.94642663,76,15000,1.0,6.0602064995389,1
Haryana,Yamunanagar,06,076,2010,1,147437.2291135,98,523000,1.0,6.2099998454591,1
Haryana,Yamunanagar,06,076,2012,1,31390.529790548,30,1200,1.5,5.1500111592992,1
Haryana,Yamunanagar,06,076,2015,1,629961.6057566,206,300000,2.0,7.656646577764,1
Haryana,Yamunanagar,06,076,2017,1,421575.24392831,253,422106,2.0,7.1563540170148,1
Haryana,Yamunanagar,06,076,2018,1,114348.33023553,28,935,1.0,6.0582298272306,1
Haryana,Yamunanagar,06,076,2020,1,293809.72651845,2,0,1.5,6.4892554680033,1
Haryana,Yamunanagar,06,076,2022,1,224000.0,4,0,1.5,6.1283992687178,1
Himachal Pradesh,Bilaspur,02,015,1985,1,117441.17319879,340,20000,1.0,6.1837637333599,1
Himachal Pradesh,Bilaspur,02,015,1988,2,1116265.80873124,964,1750000,2.0,7.7855937662664,1
Himachal Pradesh,Bilaspur,02,015,1990,1,1100663.2969222,425,63517,1.0,7.3840771654136,1
Himachal Pradesh,Bilaspur,02,015,1991,1,547679.02054319,88,0,1.0,6.9146173641677,1
Himachal Pradesh,Bilaspur,02,015,1994,5,2070696.8112925307,717,800000,1.0,7.6772792647922,1
Himachal Pradesh,Bilaspur,02,015,1995,1,762936.8925746998,600,2000000,1.0,7.1835186118101,1
Himachal Pradesh,Bilaspur,02,015,1997,1,57530.651850708,200,0,1.0,5.6049973348387,1
Himachal Pradesh,Bilaspur,02,015,2005,1,308728.71607899,23,0,1.0,6.7906070224724,1
Himachal Pradesh,Bilaspur,02,015,2007,1,191449.94642663,76,15000,1.0,6.0602064995389,1
Himachal Pradesh,Bilaspur,02,015,2012,1,37710.761445125,45,200,2.0,5.3546165520302,1
Himachal Pradesh,Bilaspur,02,015,2013,1,131743.41457489,5748,75000,1.5,6.4999401571691,1
Himachal Pradesh,Bilaspur,02,015,2015,1,629961.6057566,206,300000,2.0,7.656646577764,1
Himachal Pradesh,Bilaspur,02,015,2018,1,114348.33023553,28,935,1.0,6.0582298272306,1
Himachal Pradesh,Chamba,02,016,1985,1,117441.17319879,340,20000,1.0,6.1837637333599,1
Himachal Pradesh,Chamba,02,016,1988,2,1116265.80873124,964,1750000,2.0,7.7855937662664,1
Himachal Pradesh,Chamba,02,016,1990,2,1191482.28029793,442,63517,1.0,7.3840771654136,1
Himachal Pradesh,Chamba,02,016,1991,1,547679.02054319,88,0,1.0,6.9146173641677,1
Himachal Pradesh,Chamba,02,016,1994,4,2065421.6854429878,697,800000,1.0,7.6772792647922,1
Himachal Pradesh,Chamba,02,016,1995,1,762936.8925746998,600,2000000,1.0,7.1835186118101,1
Himachal Pradesh,Chamba,02,016,1997,2,97544.694147323,226,0,1.0,5.6049973348387,1
Himachal Pradesh,Chamba,02,016,2001,1,3009.1108598111,16,0,1.0,3.7794681837089,1
Himachal Pradesh,Chamba,02,016,2005,1,308728.71607899,23,0,1.0,6.7906070224724,1
Himachal Pradesh,Chamba,02,016,2007,2,259557.33574223198,88,17000,1.0,6.0602064995389,1
Himachal Pradesh,Chamba,02,016,2010,1,145020.40692538,150,180,1.5,5.814641633193,1
Himachal Pradesh,Chamba,02,016,2013,1,131743.41457489,5748,75000,1.5,6.4999401571691,1
Himachal Pradesh,Chamba,02,016,2015,1,70287.980582539,44,2907,1.5,6.1021535710482,1
Himachal Pradesh,Chamba,02,016,2018,1,114348.33023553,28,935,1.0,6.0582298272306,1
Himachal Pradesh,Chamba,02,016,2022,1,6300.0,22,135,1.0,4.2764618041732,1
Himachal Pradesh,Hamirpur,02,017,1985,1,117441.17319879,340,20000,1.0,6.1837637333599,1
Himachal Pradesh,Hamirpur,02,017,1988,2,1116265.80873124,964,1750000,2.0,7.7855937662664,1
Himachal Pradesh,Hamirpur,02,017,1990,1,1100663.2969222,425,63517,1.0,7.3840771654136,1
Himachal Pradesh,Hamirpur,02,017,1991,1,547679.02054319,88,0,1.0,6.9146173641677,1
Himachal Pradesh,Hamirpur,02,017,1994,5,2070696.8112925307,717,800000,1.0,7.6772792647922,1
Himachal Pradesh,Hamirpur,02,017,1995,1,762936.8925746998,600,2000000,1.0,7.1835186118101,1
Himachal Pradesh,Hamirpur,02,017,1997,1,57530.651850708,200,0,1.0,5.6049973348387,1
Himachal Pradesh,Hamirpur,02,017,2005,1,308728.71607899,23,0,1.0,6.7906070224724,1
Himachal Pradesh,Hamirpur,02,017,2007,1,191449.94642663,76,15000,1.0,6.0602064995389,1
Himachal Pradesh,Hamirpur,02,017,2012,1,37710.761445125,45,200,2.0,5.3546165520302,1
Himachal Pradesh,Hamirpur,02,017,2013,1,131743.41457489,5748,75000,1.5,6.4999401571691,1
Himachal Pradesh,Hamirpur,02,017,2015,1,629961.6057566,206,300000,2.0,7.656646577764,1
Himachal Pradesh,Hamirpur,02,017,2018,1,114348.33023553,28,935,1.0,6.0582298272306,1
Himachal Pradesh,Hamirpur,02,017,2022,1,6300.0,22,135,1.0,4.2764618041732,1
Himachal Pradesh,Kangra,02,018,1985,1,117441.17319879,340,20000,1.0,6.1837637333599,1
Himachal Pradesh,Kangra,02,018,1988,2,1116265.80873124,964,1750000,2.0,7.7855937662664,1
Himachal Pradesh,Kangra,02,018,1990,1,1100663.2969222,425,63517,1.0,7.3840771654136,1
Himachal Pradesh,Kangra,02,018,1991,1,547679.02054319,88,0,1.0,6.9146173641677,1
Himachal Pradesh,Kangra,02,018,1994,4,2065421.6854429878,697,800000,1.0,7.6772792647922,1
Himachal Pradesh,Kangra,02,018,1995,1,762936.8925746998,600,2000000,1.0,7.1835186118101,1
Himachal Pradesh,Kangra,02,018,1997,1,57530.651850708,200,0,1.0,5.6049973348387,1
Himachal Pradesh,Kangra,02,018,2001,1,3009.1108598111,16,0,1.0,3.7794681837089,1
Himachal Pradesh,Kangra,02,018,2005,1,308728.71607899,23,0,1.0,6.7906070224724,1
Himachal Pradesh,Kangra,02,018,2007,1,191449.94642663,76,15000,1.0,6.0602064995389,1
Himachal Pradesh,Kangra,02,018,2010,1,145020.40692538,150,180,1.5,5.814641633193,1
Himachal Pradesh,Kangra,02,018,2012,1,37710.761445125,45,200,2.0,5.3546165520302,1
Himachal Pradesh,Kangra,02,018,2013,1,131743.41457489,5748,75000,1.5,6.4999401571691,1
Himachal Pradesh,Kangra,02,018,2015,2,700249.586339139,250,302907,2.0,7.656646577764,1
Himachal Pradesh,Kangra,02,018,2018,1,114348.33023553,28,935,1.0,6.0582298272306,1
Himachal Pradesh,Kangra,02,018,2022,1,6300.0,22,135,1.0,4.2764618041732,1
Himachal Pradesh,Kinnaur,02,019,1988,2,1116265.80873124,964,1750000,2.0,7.7855937662664,1
Himachal Pradesh,Kinnaur,02,019,1990,2,1385589.90363544,442,63517,1.0,7.3840771654136,1
Himachal Pradesh,Kinnaur,02,019,1991,1,547679.02054319,88,0,1.0,6.9146173641677,1
Himachal Pradesh,Kinnaur,02,019,1994,3,358919.21178116795,122,3000,1.0,6.3686671038163,1
Himachal Pradesh,Kinnaur,02,019,1995,1,762936.8925746998,600,2000000,1.0,7.1835186118101,1
Himachal Pradesh,Kinnaur,02,019,1997,1,57530.651850708,200,0,1.0,5.6049973348387,1
Himachal Pradesh,Kinnaur,02,019,2000,1,12415.806208925,140,4000,1.0,4.7929449296539,1
Himachal Pradesh,Kinnaur,02,019,2002,1,6762.0248283039,33,0,1.0,4.3071980157628,1
Himachal Pradesh,Kinnaur,02,019,2005,2,315259.45912551275,29,5000,1.0,6.7906070224724,1
Himachal Pradesh,Kinnaur,02,019,2007,1,191449.94642663,76,15000,1.0,6.0602064995389,1
Himachal Pradesh,Kinnaur,02,019,2012,1,37710.761445125,45,200,2.0,5.3546165520302,1
Himachal Pradesh,Kinnaur,02,019,2013,1,131743.41457489,5748,75000,1.5,6.4999401571691,1
Himachal Pradesh,Kinnaur,02,019,2017,1,421575.24392831,253,422106,2.0,7.1563540170148,1
Himachal Pradesh,Kinnaur,02,019,2018,1,114348.33023553,28,935,1.0,6.0582298272306,1
Himachal Pradesh,Kinnaur,02,019,2021,1,54871.0,27,600,1.5,5.3925553888707,1
Himachal Pradesh,Kullu,02,020,1985,1,117441.17319879,340,20000,1.0,6.1837637333599,1
Himachal Pradesh,Kullu,02,020,1988,2,1116265.80873124,964,1750000,2.0,7.7855937662664,1
Himachal Pradesh,Kullu,02,020,1990,1,1100663.2969222,425,63517,1.0,7.3840771654136,1
Himachal Pradesh,Kullu,02,020,1991,1,547679.02054319,88,0,1.0,6.9146173641677,1
Himachal Pradesh,Kullu,02,020,1994,4,88859.3967196309,100,0,1.0,5.7188214722369,1
Himachal Pradesh,Kullu,02,020,1995,1,762936.8925746998,600,2000000,1.0,7.1835186118101,1
Himachal Pradesh,Kullu,02,020,1997,1,57530.651850708,200,0,1.0,5.6049973348387,1
Himachal Pradesh,Kullu,02,020,2000,1,12415.806208925,140,4000,1.0,4.7929449296539,1
Himachal Pradesh,Kullu,02,020,2005,2,315259.45912551275,29,5000,1.0,6.7906070224724,1
Himachal Pradesh,Kullu,02,020,2007,1,191449.94642663,76,15000,1.0,6.0602064995389,1
Himachal Pradesh,Kullu,02,020,2010,1,145020.40692538,150,180,1.5,5.814641633193,1
Himachal Pradesh,Kullu,02,020,2012,1,37710.761445125,45,200,2.0,5.3546165520302,1
Himachal Pradesh,Kullu,02,020,2013,1,131743.41457489,5748,75000,1.5,6.4999401571691,1
Himachal Pradesh,Kullu,02,020,2017,1,421575.24392831,253,422106,2.0,7.1563540170148,1
Himachal Pradesh,Kullu,02,020,2018,1,114348.33023553,28,935,1.0,6.0582298272306,1
Himachal Pradesh,Lahul And Spiti,02,021,1985,1,117441.17319879,340,20000,1.0,6.1837637333599,1
Himachal Pradesh,Lahul And Spiti,02,021,1988,2,1116265.80873124,964,1750000,2.0,7.7855937662664,1
Himachal Pradesh,Lahul And Spiti,02,021,1990,2,1191482.28029793,442,63517,1.0,7.3840771654136,1
Himachal Pradesh,Lahul And Spiti,02,021,1991,1,547679.02054319,88,0,1.0,6.9146173641677,1
Himachal Pradesh,Lahul And Spiti,02,021,1994,4,2065421.6854429878,697,800000,1.0,7.6772792647922,1
Himachal Pradesh,Lahul And Spiti,02,021,1995,1,762936.8925746998,600,2000000,1.0,7.1835186118101,1
Himachal Pradesh,Lahul And Spiti,02,021,1997,1,57530.651850708,200,0,1.0,5.6049973348387,1
Himachal Pradesh,Lahul And Spiti,02,021,2000,1,12415.806208925,140,4000,1.0,4.7929449296539,1
Himachal Pradesh,Lahul And Spiti,02,021,2001,1,3009.1108598111,16,0,1.0,3.7794681837089,1
Himachal Pradesh,Lahul And Spiti,02,021,2005,2,315259.45912551275,29,5000,1.0,6.7906070224724,1
Himachal Pradesh,Lahul And Spiti,02,021,2007,1,191449.94642663,76,15000,1.0,6.0602064995389,1
Himachal Pradesh,Lahul And Spiti,02,021,2010,1,145020.40692538,150,180,1.5,5.814641633193,1
Himachal Pradesh,Lahul And Spiti,02,021,2012,1,37710.761445125,45,200,2.0,5.3546165520302,1
Himachal Pradesh,Lahul And Spiti,02,021,2013,1,131743.41457489,5748,75000,1.5,6.4999401571691,1
Himachal Pradesh,Lahul And Spiti,02,021,2015,1,70287.980582539,44,2907,1.5,6.1021535710482,1
Himachal Pradesh,Lahul And Spiti,02,021,2017,1,421575.24392831,253,422106,2.0,7.1563540170148,1
Himachal Pradesh,Mandi,02,022,1985,1,117441.17319879,340,20000,1.0,6.1837637333599,1
Himachal Pradesh,Mandi,02,022,1988,2,1116265.80873124,964,1750000,2.0,7.7855937662664,1
Himachal Pradesh,Mandi,02,022,1990,1,1100663.2969222,425,63517,1.0,7.3840771654136,1
Himachal Pradesh,Mandi,02,022,1991,1,547679.02054319,88,0,1.0,6.9146173641677,1
Himachal Pradesh,Mandi,02,022,1994,4,88859.3967196309,100,0,1.0,5.7188214722369,1
Himachal Pradesh,Mandi,02,022,1995,1,762936.8925746998,600,2000000,1.0,7.1835186118101,1
Himachal Pradesh,Mandi,02,022,1997,1,57530.651850708,200,0,1.0,5.6049973348387,1
Himachal Pradesh,Mandi,02,022,2000,1,12415.806208925,140,4000,1.0,4.7929449296539,1
Himachal Pradesh,Mandi,02,022,2005,2,315259.45912551275,29,5000,1.0,6.7906070224724,1
Himachal Pradesh,Mandi,02,022,2007,1,191449.94642663,76,15000,1.0,6.0602064995389,1
Himachal Pradesh,Mandi,02,022,2010,1,145020.40692538,150,180,1.5,5.814641633193,1
Himachal Pradesh,Mandi,02,022,2012,1,37710.761445125,45,200,2.0,5.3546165520302,1
Himachal Pradesh,Mandi,02,022,2013,1,131743.41457489,5748,75000,1.5,6.4999401571691,1
Himachal Pradesh,Mandi,02,022,2017,1,421575.24392831,253,422106,2.0,7.1563540170148,1
Himachal Pradesh,Mandi,02,022,2018,1,114348.33023553,28,935,1.0,6.0582298272306,1
Himachal Pradesh,Shimla,02,023,1988,2,1116265.80873124,964,1750000,2.0,7.7855937662664,1
Himachal Pradesh,Shimla,02,023,1990,1,1100663.2969222,425,63517,1.0,7.3840771654136,1
Himachal Pradesh,Shimla,02,023,1991,1,547679.02054319,88,0,1.0,6.9146173641677,1
Himachal Pradesh,Shimla,02,023,1994,4,88859.3967196309,100,0,1.0,5.7188214722369,1
Himachal Pradesh,Shimla,02,023,1995,1,762936.8925746998,600,2000000,1.0,7.1835186118101,1
Himachal Pradesh,Shimla,02,023,1997,1,57530.651850708,200,0,1.0,5.6049973348387,1
Himachal Pradesh,Shimla,02,023,2000,1,12415.806208925,140,4000,1.0,4.7929449296539,1
Himachal Pradesh,Shimla,02,023,2005,2,315259.45912551275,29,5000,1.0,6.7906070224724,1
Himachal Pradesh,Shimla,02,023,2007,1,191449.94642663,76,15000,1.0,6.0602064995389,1
Himachal Pradesh,Shimla,02,023,2012,2,69101.291235673,75,1400,2.0,5.3546165520302,1
Himachal Pradesh,Shimla,02,023,2013,1,131743.41457489,5748,75000,1.5,6.4999401571691,1
Himachal Pradesh,Shimla,02,023,2015,1,629961.6057566,206,300000,2.0,7.656646577764,1
Himachal Pradesh,Shimla,02,023,2017,1,421575.24392831,253,422106,2.0,7.1563540170148,1
Himachal Pradesh,Shimla,02,023,2018,1,114348.33023553,28,935,1.0,6.0582298272306,1
Himachal Pradesh,Shimla,02,023,2020,1,293809.72651845,2,0,1.5,6.4892554680033,1
Himachal Pradesh,Shimla,02,023,2021,1,54871.0,27,600,1.5,5.3925553888707,1
Himachal Pradesh,Sirmaur,02,024,1988,2,1116265.80873124,964,1750000,2.0,7.7855937662664,1
Himachal Pradesh,Sirmaur,02,024,1990,2,1385589.90363544,442,63517,1.0,7.3840771654136,1
Himachal Pradesh,Sirmaur,02,024,1991,1,547679.02054319,88,0,1.0,6.9146173641677,1
Himachal Pradesh,Sirmaur,02,024,1994,3,2326306.583215131,730,803000,1.0,7.6772792647922,1
Himachal Pradesh,Sirmaur,02,024,1995,1,762936.8925746998,600,2000000,1.0,7.1835186118101,1
Himachal Pradesh,Sirmaur,02,024,1997,1,57530.651850708,200,0,1.0,5.6049973348387,1
Himachal Pradesh,Sirmaur,02,024,2005,1,308728.71607899,23,0,1.0,6.7906070224724,1
Himachal Pradesh,Sirmaur,02,024,2007,2,708753.1462248199,1034,3015000,1.5,7.8036502762015,1
Himachal Pradesh,Sirmaur,02,024,2012,2,69101.291235673,75,1400,2.0,5.3546165520302,1
Himachal Pradesh,Sirmaur,02,024,2015,1,629961.6057566,206,300000,2.0,7.656646577764,1
Himachal Pradesh,Sirmaur,02,024,2017,1,421575.24392831,253,422106,2.0,7.1563540170148,1
Himachal Pradesh,Sirmaur,02,024,2018,1,114348.33023553,28,935,1.0,6.0582298272306,1
Himachal Pradesh,Sirmaur,02,024,2020,1,293809.72651845,2,0,1.5,6.4892554680033,1
Himachal Pradesh,Solan,02,025,1985,1,117441.17319879,340,20000,1.0,6.1837637333599,1
Himachal Pradesh,Solan,02,025,1988,2,1116265.80873124,964,1750000,2.0,7.7855937662664,1
Himachal Pradesh,Solan,02,025,1990,1,1100663.2969222,425,63517,1.0,7.3840771654136,1
Himachal Pradesh,Solan,02,025,1991,1,547679.02054319,88,0,1.0,6.9146173641677,1
Himachal Pradesh,Solan,02,025,1994,5,2070696.8112925307,717,800000,1.0,7.6772792647922,1
Himachal Pradesh,Solan,02,025,1995,1,762936.8925746998,600,2000000,1.0,7.1835186118101,1
Himachal Pradesh,Solan,02,025,1997,1,57530.651850708,200,0,1.0,5.6049973348387,1
Himachal Pradesh,Solan,02,025,2005,1,308728.71607899,23,0,1.0,6.7906070224724,1
Himachal Pradesh,Solan,02,025,2007,1,191449.94642663,76,15000,1.0,6.0602064995389,1
Himachal Pradesh,Solan,02,025,2012,1,37710.761445125,45,200,2.0,5.3546165520302,1
Himachal Pradesh,Solan,02,025,2013,1,131743.41457489,5748,75000,1.5,6.4999401571691,1
Himachal Pradesh,Solan,02,025,2015,1,629961.6057566,206,300000,2.0,7.656646577764,1
Himachal Pradesh,Solan,02,025,2017,1,421575.24392831,253,422106,2.0,7.1563540170148,1
Himachal Pradesh,Solan,02,025,2018,1,114348.33023553,28,935,1.0,6.0582298272306,1
Himachal Pradesh,Una,02,026,1985,1,117441.17319879,340,20000,1.0,6.1837637333599,1
Himachal Pradesh,Una,02,026,1988,2,1116265.80873124,964,1750000,2.0,7.7855937662664,1
Himachal Pradesh,Una,02,026,1990,1,1100663.2969222,425,63517,1.0,7.3840771654136,1
Himachal Pradesh,Una,02,026,1991,1,547679.02054319,88,0,1.0,6.9146173641677,1
Himachal Pradesh,Una,02,026,1994,3,2050971.642304051,688,800000,1.0,7.6772792647922,1
Himachal Pradesh,Una,02,026,1995,1,762936.8925746998,600,2000000,1.0,7.1835186118101,1
Himachal Pradesh,Una,02,026,1997,1,57530.651850708,200,0,1.0,5.6049973348387,1
Himachal Pradesh,Una,02,026,2005,1,308728.71607899,23,0,1.0,6.7906070224724,1
Himachal Pradesh,Una,02,026,2007,1,191449.94642663,76,15000,1.0,6.0602064995389,1
Himachal Pradesh,Una,02,026,2010,2,292457.63603888,248,523180,1.5,6.2099998454591,1
Himachal Pradesh,Una,02,026,2012,1,37710.761445125,45,200,2.0,5.3546165520302,1
Himachal Pradesh,Una,02,026,2013,1,131743.41457489,5748,75000,1.5,6.4999401571691,1
Himachal Pradesh,Una,02,026,2015,1,629961.6057566,206,300000,2.0,7.656646577764,1
Himachal Pradesh,Una,02,026,2018,1,114348.33023553,28,935,1.0,6.0582298272306,1
Himachal Pradesh,Una,02,026,2022,1,6300.0,22,135,1.0,4.2764618041732,1
Jammu & Kashmir,Anantnag,01,001,1988,2,1116265.80873124,964,1750000,2.0,7.7855937662664,1
Jammu & Kashmir,Anantnag,01,001,1990,1,90818.98337573,17,0,1.0,5.2592066317801,1
Jammu & Kashmir,Anantnag,01,001,1994,1,1981837.4145729,617,800000,1.0,7.6772792647922,1
Jammu & Kashmir,Anantnag,01,001,1997,1,40014.042296615,26,0,1.0,5.3011824312071,1
Jammu & Kashmir,Anantnag,01,001,2007,1,68107.389315602,12,2000,1.0,5.9123754793245,1
Jammu & Kashmir,Anantnag,01,001,2010,1,145020.40692538,150,180,1.5,5.814641633193,1
Jammu & Kashmir,Anantnag,01,001,2013,1,131743.41457489,5748,75000,1.5,6.4999401571691,1
Jammu & Kashmir,Anantnag,01,001,2015,1,70287.980582539,44,2907,1.5,6.1021535710482,1
Jammu & Kashmir,Anantnag,01,001,2021,1,12061.337820244,7,0,1.5,4.7346079953545,1
Jammu & Kashmir,Bandipora,01,623,1988,1,847737.2561316,233,500000,2.0,7.7855937662664,1
Jammu & Kashmir,Bandipora,01,623,1990,1,90818.98337573,17,0,1.0,5.2592066317801,1
Jammu & Kashmir,Bandipora,01,623,1994,1,1981837.4145729,617,800000,1.0,7.6772792647922,1
Jammu & Kashmir,Bandipora,01,623,1997,1,40014.042296615,26,0,1.0,5.3011824312071,1
Jammu & Kashmir,Bandipora,01,623,2007,1,68107.389315602,12,2000,1.0,5.9123754793245,1
Jammu & Kashmir,Bandipora,01,623,2010,1,145020.40692538,150,180,1.5,5.814641633193,1
Jammu & Kashmir,Bandipora,01,623,2013,1,131743.41457489,5748,75000,1.5,6.4999401571691,1
Jammu & Kashmir,Bandipora,01,623,2015,1,70287.980582539,44,2907,1.5,6.1021535710482,1
Jammu & Kashmir,Baramulla,01,003,1988,1,847737.2561316,233,500000,2.0,7.7855937662664,1
Jammu & Kashmir,Baramulla,01,003,1990,1,90818.98337573,17,0,1.0,5.2592066317801,1
Jammu & Kashmir,Baramulla,01,003,1994,1,1981837.4145729,617,800000,1.0,7.6772792647922,1
Jammu & Kashmir,Baramulla,01,003,1997,1,40014.042296615,26,0,1.0,5.3011824312071,1
Jammu & Kashmir,Baramulla,01,003,2007,1,68107.389315602,12,2000,1.0,5.9123754793245,1
Jammu & Kashmir,Baramulla,01,003,2010,1,145020.40692538,150,180,1.5,5.814641633193,1
Jammu & Kashmir,Baramulla,01,003,2015,1,70287.980582539,44,2907,1.5,6.1021535710482,1
Jammu & Kashmir,Baramulla,01,003,2021,1,12061.337820244,7,0,1.5,4.7346079953545,1
Jammu & Kashmir,Budgam,01,002,1988,1,847737.2561316,233,500000,2.0,7.7855937662664,1
Jammu & Kashmir,Budgam,01,002,1990,1,90818.98337573,17,0,1.0,5.2592066317801,1
Jammu & Kashmir,Budgam,01,002,1994,1,1981837.4145729,617,800000,1.0,7.6772792647922,1
Jammu & Kashmir,Budgam,01,002,1997,1,40014.042296615,26,0,1.0,5.3011824312071,1
Jammu & Kashmir,Budgam,01,002,2007,1,68107.389315602,12,2000,1.0,5.9123754793245,1
Jammu & Kashmir,Budgam,01,002,2010,1,145020.40692538,150,180,1.5,5.814641633193,1
Jammu & Kashmir,Budgam,01,002,2015,1,70287.980582539,44,2907,1.5,6.1021535710482,1
Jammu & Kashmir,Budgam,01,002,2021,1,12061.337820244,7,0,1.5,4.7346079953545,1
Jammu & Kashmir,Doda,01,004,1985,1,117441.17319879,340,20000,1.0,6.1837637333599,1
Jammu & Kashmir,Doda,01,004,1988,2,1116265.80873124,964,1750000,2.0,7.7855937662664,1
Jammu & Kashmir,Doda,01,004,1990,1,90818.98337573,17,0,1.0,5.2592066317801,1
Jammu & Kashmir,Doda,01,004,1994,1,1981837.4145729,617,800000,1.0,7.6772792647922,1
Jammu & Kashmir,Doda,01,004,1995,1,762936.8925746998,600,2000000,1.0,7.1835186118101,1
Jammu & Kashmir,Doda,01,004,1997,2,97544.694147323,226,0,1.0,5.6049973348387,1
Jammu & Kashmir,Doda,01,004,2007,2,259557.33574223198,88,17000,1.0,6.0602064995389,1
Jammu & Kashmir,Doda,01,004,2010,1,145020.40692538,150,180,1.5,5.814641633193,1
Jammu & Kashmir,Doda,01,004,2013,1,131743.41457489,5748,75000,1.5,6.4999401571691,1
Jammu & Kashmir,Doda,01,004,2015,1,70287.980582539,44,2907,1.5,6.1021535710482,1
Jammu & Kashmir,Doda,01,004,2018,1,114348.33023553,28,935,1.0,6.0582298272306,1
Jammu & Kashmir,Doda,01,004,2021,1,12061.337820244,7,0,1.5,4.7346079953545,1
Jammu & Kashmir,Ganderbal,01,626,1988,1,847737.2561316,233,500000,2.0,7.7855937662664,1
Jammu & Kashmir,Ganderbal,01,626,1990,1,90818.98337573,17,0,1.0,5.2592066317801,1
Jammu & Kashmir,Ganderbal,01,626,1994,1,1981837.4145729,617,800000,1.0,7.6772792647922,1
Jammu & Kashmir,Ganderbal,01,626,1997,1,40014.042296615,26,0,1.0,5.3011824312071,1
Jammu & Kashmir,Ganderbal,01,626,2007,1,68107.389315602,12,2000,1.0,5.9123754793245,1
Jammu & Kashmir,Ganderbal,01,626,2010,1,145020.40692538,150,180,1.5,5.814641633193,1
Jammu & Kashmir,Ganderbal,01,626,2013,1,131743.41457489,5748,75000,1.5,6.4999401571691,1
Jammu & Kashmir,Ganderbal,01,626,2015,1,70287.980582539,44,2907,1.5,6.1021535710482,1
Jammu & Kashmir,Jammu,01,005,1988,2,1116265.80873124,964,1750000,2.0,7.7855937662664,1
Jammu & Kashmir,Jammu,01,005,1990,1,90818.98337573,17,0,1.0,5.2592066317801,1
Jammu & Kashmir,Jammu,01,005,1994,1,1981837.4145729,617,800000,1.0,7.6772792647922,1
Jammu & Kashmir,Jammu,01,005,1997,1,40014.042296615,26,0,1.0,5.3011824312071,1
Jammu & Kashmir,Jammu,01,005,2007,1,68107.389315602,12,2000,1.0,5.9123754793245,1
Jammu & Kashmir,Jammu,01,005,2010,1,145020.40692538,150,180,1.5,5.814641633193,1
Jammu & Kashmir,Jammu,01,005,2013,1,131743.41457489,5748,75000,1.5,6.4999401571691,1
Jammu & Kashmir,Jammu,01,005,2015,1,70287.980582539,44,2907,1.5,6.1021535710482,1
Jammu & Kashmir,Jammu,01,005,2018,1,114348.33023553,28,935,1.0,6.0582298272306,1
Jammu & Kashmir,Jammu,01,005,2021,1,12061.337820244,7,0,1.5,4.7346079953545,1
Jammu & Kashmir,Jammu,01,005,2022,1,215.0,16,0,1.0,2.6334684555796,1
Jammu & Kashmir,Kathua,01,007,1985,1,117441.17319879,340,20000,1.0,6.1837637333599,1
Jammu & Kashmir,Kathua,01,007,1988,2,1116265.80873124,964,1750000,2.0,7.7855937662664,1
Jammu & Kashmir,Kathua,01,007,1990,2,1191482.28029793,442,63517,1.0,7.3840771654136,1
Jammu & Kashmir,Kathua,01,007,1991,1,547679.02054319,88,0,1.0,6.9146173641677,1
Jammu & Kashmir,Kathua,01,007,1994,2,2034175.938730731,677,800000,1.0,7.6772792647922,1
Jammu & Kashmir,Kathua,01,007,1995,1,762936.8925746998,600,2000000,1.0,7.1835186118101,1
Jammu & Kashmir,Kathua,01,007,1997,2,97544.694147323,226,0,1.0,5.6049973348387,1
Jammu & Kashmir,Kathua,01,007,2001,1,3009.1108598111,16,0,1.0,3.7794681837089,1
Jammu & Kashmir,Kathua,01,007,2007,2,259557.33574223198,88,17000,1.0,6.0602064995389,1
Jammu & Kashmir,Kathua,01,007,2010,1,145020.40692538,150,180,1.5,5.814641633193,1
Jammu & Kashmir,Kathua,01,007,2013,1,131743.41457489,5748,75000,1.5,6.4999401571691,1
Jammu & Kashmir,Kathua,01,007,2015,2,700249.586339139,250,302907,2.0,7.656646577764,1
Jammu & Kashmir,Kathua,01,007,2018,1,114348.33023553,28,935,1.0,6.0582298272306,1
Jammu & Kashmir,Kishtwar,01,620,1985,1,117441.17319879,340,20000,1.0,6.1837637333599,1
Jammu & Kashmir,Kishtwar,01,620,1988,2,1116265.80873124,964,1750000,2.0,7.7855937662664,1
Jammu & Kashmir,Kishtwar,01,620,1990,2,1191482.28029793,442,63517,1.0,7.3840771654136,1
Jammu & Kashmir,Kishtwar,01,620,1994,1,1981837.4145729,617,800000,1.0,7.6772792647922,1
Jammu & Kashmir,Kishtwar,01,620,1995,1,762936.8925746998,600,2000000,1.0,7.1835186118101,1
Jammu & Kashmir,Kishtwar,01,620,1997,2,97544.694147323,226,0,1.0,5.6049973348387,1
Jammu & Kashmir,Kishtwar,01,620,2007,2,259557.33574223198,88,17000,1.0,6.0602064995389,1
Jammu & Kashmir,Kishtwar,01,620,2010,1,145020.40692538,150,180,1.5,5.814641633193,1
Jammu & Kashmir,Kishtwar,01,620,2013,1,131743.41457489,5748,75000,1.5,6.4999401571691,1
Jammu & Kashmir,Kishtwar,01,620,2015,1,70287.980582539,44,2907,1.5,6.1021535710482,1
Jammu & Kashmir,Kulgam,01,622,1988,2,1116265.80873124,964,1750000,2.0,7.7855937662664,1
Jammu & Kashmir,Kulgam,01,622,1990,1,90818.98337573,17,0,1.0,5.2592066317801,1
Jammu & Kashmir,Kulgam,01,622,1994,1,1981837.4145729,617,800000,1.0,7.6772792647922,1
Jammu & Kashmir,Kulgam,01,622,1997,1,40014.042296615,26,0,1.0,5.3011824312071,1
Jammu & Kashmir,Kulgam,01,622,2007,1,68107.389315602,12,2000,1.0,5.9123754793245,1
Jammu & Kashmir,Kulgam,01,622,2010,1,145020.40692538,150,180,1.5,5.814641633193,1
Jammu & Kashmir,Kulgam,01,622,2013,1,131743.41457489,5748,75000,1.5,6.4999401571691,1
Jammu & Kashmir,Kulgam,01,622,2015,1,70287.980582539,44,2907,1.5,6.1021535710482,1
Jammu & Kashmir,Kulgam,01,622,2018,1,114348.33023553,28,935,1.0,6.0582298272306,1
Jammu & Kashmir,Kulgam,01,622,2021,1,12061.337820244,7,0,1.5,4.7346079953545,1
Jammu & Kashmir,Kupwara,01,008,1988,1,847737.2561316,233,500000,2.0,7.7855937662664,1
Jammu & Kashmir,Kupwara,01,008,1990,1,90818.98337573,17,0,1.0,5.2592066317801,1
Jammu & Kashmir,Kupwara,01,008,1994,1,1981837.4145729,617,800000,1.0,7.6772792647922,1
Jammu & Kashmir,Kupwara,01,008,1997,1,40014.042296615,26,0,1.0,5.3011824312071,1
Jammu & Kashmir,Kupwara,01,008,2007,1,68107.389315602,12,2000,1.0,5.9123754793245,1
Jammu & Kashmir,Kupwara,01,008,2010,1,145020.40692538,150,180,1.5,5.814641633193,1
Jammu & Kashmir,Mirpur,01,999,1988,2,1116265.80873124,964,1750000,2.0,7.7855937662664,1
Jammu & Kashmir,Mirpur,01,999,1994,1,1981837.4145729,617,800000,1.0,7.6772792647922,1
Jammu & Kashmir,Mirpur,01,999,1997,1,40014.042296615,26,0,1.0,5.3011824312071,1
Jammu & Kashmir,Mirpur,01,999,2007,1,68107.389315602,12,2000,1.0,5.9123754793245,1
Jammu & Kashmir,Mirpur,01,999,2010,1,145020.40692538,150,180,1.5,5.814641633193,1
Jammu & Kashmir,Mirpur,01,999,2013,1,131743.41457489,5748,75000,1.5,6.4999401571691,1
Jammu & Kashmir,Mirpur,01,999,2015,1,70287.980582539,44,2907,1.5,6.1021535710482,1
Jammu & Kashmir,Mirpur,01,999,2018,1,114348.33023553,28,935,1.0,6.0582298272306,1
Jammu & Kashmir,Mirpur,01,999,2021,1,12061.337820244,7,0,1.5,4.7346079953545,1
Jammu & Kashmir,Muzaffarabad,01,999,1988,1,847737.2561316,233,500000,2.0,7.7855937662664,1
Jammu & Kashmir,Muzaffarabad,01,999,1990,1,90818.98337573,17,0,1.0,5.2592066317801,1
Jammu & Kashmir,Muzaffarabad,01,999,1994,1,1981837.4145729,617,800000,1.0,7.6772792647922,1
Jammu & Kashmir,Muzaffarabad,01,999,1997,1,40014.042296615,26,0,1.0,5.3011824312071,1
Jammu & Kashmir,Muzaffarabad,01,999,2007,1,68107.389315602,12,2000,1.0,5.9123754793245,1
Jammu & Kashmir,Muzaffarabad,01,999,2010,1,145020.40692538,150,180,1.5,5.814641633193,1
Jammu & Kashmir,Poonch,01,010,1988,1,847737.2561316,233,500000,2.0,7.7855937662664,1
Jammu & Kashmir,Poonch,01,010,1990,1,90818.98337573,17,0,1.0,5.2592066317801,1
Jammu & Kashmir,Poonch,01,010,1994,1,1981837.4145729,617,800000,1.0,7.6772792647922,1
Jammu & Kashmir,Poonch,01,010,1997,1,40014.042296615,26,0,1.0,5.3011824312071,1
Jammu & Kashmir,Poonch,01,010,2007,1,68107.389315602,12,2000,1.0,5.9123754793245,1
Jammu & Kashmir,Poonch,01,010,2010,1,145020.40692538,150,180,1.5,5.814641633193,1
Jammu & Kashmir,Poonch,01,010,2015,1,70287.980582539,44,2907,1.5,6.1021535710482,1
Jammu & Kashmir,Poonch,01,010,2018,1,114348.33023553,28,935,1.0,6.0582298272306,1
Jammu & Kashmir,Poonch,01,010,2021,1,12061.337820244,7,0,1.5,4.7346079953545,1
Jammu & Kashmir,Pulwama,01,011,1988,1,847737.2561316,233,500000,2.0,7.7855937662664,1
Jammu & Kashmir,Pulwama,01,011,1990,1,90818.98337573,17,0,1.0,5.2592066317801,1
Jammu & Kashmir,Pulwama,01,011,1994,1,1981837.4145729,617,800000,1.0,7.6772792647922,1
Jammu & Kashmir,Pulwama,01,011,1997,1,40014.042296615,26,0,1.0,5.3011824312071,1
Jammu & Kashmir,Pulwama,01,011,2007,1,68107.389315602,12,2000,1.0,5.9123754793245,1
Jammu & Kashmir,Pulwama,01,011,2010,1,145020.40692538,150,180,1.5,5.814641633193,1
Jammu & Kashmir,Pulwama,01,011,2013,1,131743.41457489,5748,75000,1.5,6.4999401571691,1
Jammu & Kashmir,Pulwama,01,011,2015,1,70287.980582539,44,2907,1.5,6.1021535710482,1
Jammu & Kashmir,Pulwama,01,011,2021,1,12061.337820244,7,0,1.5,4.7346079953545,1
Jammu & Kashmir,Rajouri,01,012,1988,2,1116265.80873124,964,1750000,2.0,7.7855937662664,1
Jammu & Kashmir,Rajouri,01,012,1990,1,90818.98337573,17,0,1.0,5.2592066317801,1
Jammu & Kashmir,Rajouri,01,012,1994,1,1981837.4145729,617,800000,1.0,7.6772792647922,1
Jammu & Kashmir,Rajouri,01,012,1997,1,40014.042296615,26,0,1.0,5.3011824312071,1
Jammu & Kashmir,Rajouri,01,012,2007,1,68107.389315602,12,2000,1.0,5.9123754793245,1
Jammu & Kashmir,Rajouri,01,012,2010,1,145020.40692538,150,180,1.5,5.814641633193,1
Jammu & Kashmir,Rajouri,01,012,2013,1,131743.41457489,5748,75000,1.5,6.4999401571691,1
Jammu & Kashmir,Rajouri,01,012,2015,1,70287.980582539,44,2907,1.5,6.1021535710482,1
Jammu & Kashmir,Rajouri,01,012,2018,1,114348.33023553,28,935,1.0,6.0582298272306,1
Jammu & Kashmir,Rajouri,01,012,2021,1,12061.337820244,7,0,1.5,4.7346079953545,1
Jammu & Kashmir,Ramban,01,621,1988,2,1116265.80873124,964,1750000,2.0,7.7855937662664,1
Jammu & Kashmir,Ramban,01,621,1990,1,90818.98337573,17,0,1.0,5.2592066317801,1
Jammu & Kashmir,Ramban,01,621,1994,1,1981837.4145729,617,800000,1.0,7.6772792647922,1
Jammu & Kashmir,Ramban,01,621,1997,1,40014.042296615,26,0,1.0,5.3011824312071,1
Jammu & Kashmir,Ramban,01,621,2007,1,68107.389315602,12,2000,1.0,5.9123754793245,1
Jammu & Kashmir,Ramban,01,621,2010,1,145020.40692538,150,180,1.5,5.814641633193,1
Jammu & Kashmir,Ramban,01,621,2013,1,131743.41457489,5748,75000,1.5,6.4999401571691,1
Jammu & Kashmir,Ramban,01,621,2015,1,70287.980582539,44,2907,1.5,6.1021535710482,1
Jammu & Kashmir,Ramban,01,621,2018,1,114348.33023553,28,935,1.0,6.0582298272306,1
Jammu & Kashmir,Ramban,01,621,2021,1,12061.337820244,7,0,1.5,4.7346079953545,1
Jammu & Kashmir,Reasi,01,627,1988,2,1116265.80873124,964,1750000,2.0,7.7855937662664,1
Jammu & Kashmir,Reasi,01,627,1990,1,90818.98337573,17,0,1.0,5.2592066317801,1
Jammu & Kashmir,Reasi,01,627,1994,1,1981837.4145729,617,800000,1.0,7.6772792647922,1
Jammu & Kashmir,Reasi,01,627,1997,1,40014.042296615,26,0,1.0,5.3011824312071,1
Jammu & Kashmir,Reasi,01,627,2007,1,68107.389315602,12,2000,1.0,5.9123754793245,1
Jammu & Kashmir,Reasi,01,627,2010,1,145020.40692538,150,180,1.5,5.814641633193,1
Jammu & Kashmir,Reasi,01,627,2013,1,131743.41457489,5748,75000,1.5,6.4999401571691,1
Jammu & Kashmir,Reasi,01,627,2015,1,70287.980582539,44,2907,1.5,6.1021535710482,1
Jammu & Kashmir,Reasi,01,627,2018,1,114348.33023553,28,935,1.0,6.0582298272306,1
Jammu & Kashmir,Reasi,01,627,2021,1,12061.337820244,7,0,1.5,4.7346079953545,1
Jammu & Kashmir,Samba,01,624,1985,1,117441.17319879,340,20000,1.0,6.1837637333599,1
Jammu & Kashmir,Samba,01,624,1988,2,1116265.80873124,964,1750000,2.0,7.7855937662664,1
Jammu & Kashmir,Samba,01,624,1990,1,90818.98337573,17,0,1.0,5.2592066317801,1
Jammu & Kashmir,Samba,01,624,1994,1,1981837.4145729,617,800000,1.0,7.6772792647922,1
Jammu & Kashmir,Samba,01,624,1997,1,40014.042296615,26,0,1.0,5.3011824312071,1
Jammu & Kashmir,Samba,01,624,2007,1,68107.389315602,12,2000,1.0,5.9123754793245,1
Jammu & Kashmir,Samba,01,624,2010,1,145020.40692538,150,180,1.5,5.814641633193,1
Jammu & Kashmir,Samba,01,624,2013,1,131743.41457489,5748,75000,1.5,6.4999401571691,1
Jammu & Kashmir,Samba,01,624,2015,1,70287.980582539,44,2907,1.5,6.1021535710482,1
Jammu & Kashmir,Samba,01,624,2018,1,114348.33023553,28,935,1.0,6.0582298272306,1
Jammu & Kashmir,Samba,01,624,2022,1,215.0,16,0,1.0,2.6334684555796,1
Jammu & Kashmir,Shopian,01,625,1988,2,1116265.80873124,964,1750000,2.0,7.7855937662664,1
Jammu & Kashmir,Shopian,01,625,1990,1,90818.98337573,17,0,1.0,5.2592066317801,1
Jammu & Kashmir,Shopian,01,625,1994,1,1981837.4145729,617,800000,1.0,7.6772792647922,1
Jammu & Kashmir,Shopian,01,625,1997,1,40014.042296615,26,0,1.0,5.3011824312071,1
Jammu & Kashmir,Shopian,01,625,2007,1,68107.389315602,12,2000,1.0,5.9123754793245,1
Jammu & Kashmir,Shopian,01,625,2010,1,145020.40692538,150,180,1.5,5.814641633193,1
Jammu & Kashmir,Shopian,01,625,2013,1,131743.41457489,5748,75000,1.5,6.4999401571691,1
Jammu & Kashmir,Shopian,01,625,2015,1,70287.980582539,44,2907,1.5,6.1021535710482,1
Jammu & Kashmir,Shopian,01,625,2021,1,12061.337820244,7,0,1.5,4.7346079953545,1
Jammu & Kashmir,Srinagar,01,013,1988,1,847737.2561316,233,500000,2.0,7.7855937662664,1
Jammu & Kashmir,Srinagar,01,013,1990,1,90818.98337573,17,0,1.0,5.2592066317801,1
Jammu & Kashmir,Srinagar,01,013,1994,1,1981837.4145729,617,800000,1.0,7.6772792647922,1
Jammu & Kashmir,Srinagar,01,013,1997,1,40014.042296615,26,0,1.0,5.3011824312071,1
Jammu & Kashmir,Srinagar,01,013,2007,1,68107.389315602,12,2000,1.0,5.9123754793245,1
Jammu & Kashmir,Srinagar,01,013,2010,1,145020.40692538,150,180,1.5,5.814641633193,1
Jammu & Kashmir,Srinagar,01,013,2015,1,70287.980582539,44,2907,1.5,6.1021535710482,1
Jammu & Kashmir,Udhampur,01,014,1985,1,117441.17319879,340,20000,1.0,6.1837637333599,1
Jammu & Kashmir,Udhampur,01,014,1988,2,1116265.80873124,964,1750000,2.0,7.7855937662664,1
Jammu & Kashmir,Udhampur,01,014,1990,1,90818.98337573,17,0,1.0,5.2592066317801,1
Jammu & Kashmir,Udhampur,01,014,1994,1,1981837.4145729,617,800000,1.0,7.6772792647922,1
Jammu & Kashmir,Udhampur,01,014,1997,1,40014.042296615,26,0,1.0,5.3011824312071,1
Jammu & Kashmir,Udhampur,01,014,2007,2,259557.33574223198,88,17000,1.0,6.0602064995389,1
Jammu & Kashmir,Udhampur,01,014,2010,1,145020.40692538,150,180,1.5,5.814641633193,1
Jammu & Kashmir,Udhampur,01,014,2013,1,131743.41457489,5748,75000,1.5,6.4999401571691,1
Jammu & Kashmir,Udhampur,01,014,2015,1,70287.980582539,44,2907,1.5,6.1021535710482,1
Jammu & Kashmir,Udhampur,01,014,2018,1,114348.33023553,28,935,1.0,6.0582298272306,1
Jammu & Kashmir,Udhampur,01,014,2021,1,12061.337820244,7,0,1.5,4.7346079953545,1
Jharkhand,Bokaro,20,322,1986,1,507167.43901015,258,3040000,1.0,7.5312261660442,1
Jharkhand,Bokaro,20,322,1988,2,1474609.7146377899,1109,502000,2.0,7.7855937662664,1
Jharkhand,Bokaro,20,322,1990,1,1100663.2969222,425,63517,1.0,7.3840771654136,1
Jharkhand,Bokaro,20,322,1991,3,810513.306814163,109,87500,1.0,6.9146173641677,1
Jharkhand,Bokaro,20,322,1995,1,308073.20491195,144,510000,1.0,6.3337519666177,1
Jharkhand,Bokaro,20,322,1996,1,171939.46006971,74,4000000,1.0,6.6333155672897,1
Jharkhand,Bokaro,20,322,1997,1,201818.75469288,24,100000,1.0,6.3463542072234,1
Jharkhand,Bokaro,20,322,1999,1,191940.24191857,9803,10000000,2.0,6.7602872925659,1
Jharkhand,Bokaro,20,322,2007,1,517303.19979819,958,3000000,1.5,7.8036502762015,1
Jharkhand,Bokaro,20,322,2008,2,890849.5329780801,2750,70000,2.0,6.8709354986642,1
Jharkhand,Bokaro,20,322,2010,1,192748.71204485,0,5000,1.0,5.762112739478,1
Jharkhand,Bokaro,20,322,2013,1,102661.13525735,7,0,1.5,6.6646185762841,1
Jharkhand,Bokaro,20,322,2015,1,629961.6057566,206,300000,2.0,7.656646577764,1
Jharkhand,Bokaro,20,322,2021,1,345642.72539767,1,1500000,1.5,6.3167786712784,1
Jharkhand,Chatra,20,323,1986,1,507167.43901015,258,3040000,1.0,7.5312261660442,1
Jharkhand,Chatra,20,323,1988,2,1474609.7146377899,1109,502000,2.0,7.7855937662664,1
Jharkhand,Chatra,20,323,1990,1,1100663.2969222,425,63517,1.0,7.3840771654136,1
Jharkhand,Chatra,20,323,1991,2,718552.66025244,88,87500,1.0,6.9146173641677,1
Jharkhand,Chatra,20,323,1996,1,171939.46006971,74,4000000,1.0,6.6333155672897,1
Jharkhand,Chatra,20,323,1997,1,201818.75469288,24,100000,1.0,6.3463542072234,1
Jharkhand,Chatra,20,323,2000,1,223178.00999326,578,0,1.0,6.5791003221767,1
Jharkhand,Chatra,20,323,2007,1,517303.19979819,958,3000000,1.5,7.8036502762015,1
Jharkhand,Chatra,20,323,2008,1,464317.9956417001,2400,0,2.0,6.8709354986642,1
Jharkhand,Chatra,20,323,2010,1,192748.71204485,0,5000,1.0,5.762112739478,1
Jharkhand,Chatra,20,323,2013,1,102661.13525735,7,0,1.5,6.6646185762841,1
Jharkhand,Chatra,20,323,2015,1,629961.6057566,206,300000,2.0,7.656646577764,1
Jharkhand,Chatra,20,323,2017,1,421575.24392831,253,422106,2.0,7.1563540170148,1
Jharkhand,Chatra,20,323,2021,1,345642.72539767,1,1500000,1.5,6.3167786712784,1
Jharkhand,Deoghar,20,324,1986,2,738683.71944248,307,3740000,1.0,7.5312261660442,1
Jharkhand,Deoghar,20,324,1988,2,1474609.7146377899,1109,502000,2.0,7.7855937662664,1
Jharkhand,Deoghar,20,324,1990,1,1100663.2969222,425,63517,1.0,7.3840771654136,1
Jharkhand,Deoghar,20,324,1991,2,718552.66025244,88,87500,1.0,6.9146173641677,1
Jharkhand,Deoghar,20,324,1996,1,171939.46006971,74,4000000,1.0,6.6333155672897,1
Jharkhand,Deoghar,20,324,1997,1,201818.75469288,24,100000,1.0,6.3463542072234,1
Jharkhand,Deoghar,20,324,2000,2,378178.89171095996,2046,24000000,2.0,7.0228430813542,1
Jharkhand,Deoghar,20,324,2007,1,517303.19979819,958,3000000,1.5,7.8036502762015,1
Jharkhand,Deoghar,20,324,2008,3,1241413.34503428,2926,1670000,2.0,7.0499170611118,1
Jharkhand,Deoghar,20,324,2010,1,192748.71204485,0,5000,1.0,5.762112739478,1
Jharkhand,Deoghar,20,324,2013,1,102661.13525735,7,0,1.5,6.6646185762841,1
Jharkhand,Deoghar,20,324,2015,1,629961.6057566,206,300000,2.0,7.656646577764,1
Jharkhand,Deoghar,20,324,2016,1,90613.737636319,127,377097,1.5,6.9783833436272,1
Jharkhand,Deoghar,20,324,2021,2,394225.824540794,13,1585000,1.5,6.3167786712784,1
Jharkhand,Dhanbad,20,325,1986,2,738683.71944248,307,3740000,1.0,7.5312261660442,1
Jharkhand,Dhanbad,20,325,1988,2,1474609.7146377899,1109,502000,2.0,7.7855937662664,1
Jharkhand,Dhanbad,20,325,1990,1,1100663.2969222,425,63517,1.0,7.3840771654136,1
Jharkhand,Dhanbad,20,325,1991,3,810513.306814163,109,87500,1.0,6.9146173641677,1
Jharkhand,Dhanbad,20,325,1995,1,308073.20491195,144,510000,1.0,6.3337519666177,1
Jharkhand,Dhanbad,20,325,1996,1,171939.46006971,74,4000000,1.0,6.6333155672897,1
Jharkhand,Dhanbad,20,325,1997,1,201818.75469288,24,100000,1.0,6.3463542072234,1
Jharkhand,Dhanbad,20,325,1999,1,191940.24191857,9803,10000000,2.0,6.7602872925659,1
Jharkhand,Dhanbad,20,325,2000,1,155000.8817177,1468,24000000,2.0,7.0228430813542,1
Jharkhand,Dhanbad,20,325,2007,1,517303.19979819,958,3000000,1.5,7.8036502762015,1
Jharkhand,Dhanbad,20,325,2008,2,890849.5329780801,2750,70000,2.0,6.8709354986642,1
Jharkhand,Dhanbad,20,325,2010,1,192748.71204485,0,5000,1.0,5.762112739478,1
Jharkhand,Dhanbad,20,325,2013,1,102661.13525735,7,0,1.5,6.6646185762841,1
Jharkhand,Dhanbad,20,325,2015,1,629961.6057566,206,300000,2.0,7.656646577764,1
Jharkhand,Dhanbad,20,325,2021,1,345642.72539767,1,1500000,1.5,6.3167786712784,1
Jharkhand,Dumka,20,326,1986,2,738683.71944248,307,3740000,1.0,7.5312261660442,1
Jharkhand,Dumka,20,326,1988,2,1474609.7146377899,1109,502000,2.0,7.7855937662664,1
Jharkhand,Dumka,20,326,1990,1,1100663.2969222,425,63517,1.0,7.3840771654136,1
Jharkhand,Dumka,20,326,1991,3,810513.306814163,109,87500,1.0,6.9146173641677,1
Jharkhand,Dumka,20,326,1995,1,308073.20491195,144,510000,1.0,6.3337519666177,1
Jharkhand,Dumka,20,326,1996,1,171939.46006971,74,4000000,1.0,6.6333155672897,1
Jharkhand,Dumka,20,326,1997,1,201818.75469288,24,100000,1.0,6.3463542072234,1
Jharkhand,Dumka,20,326,2000,1,155000.8817177,1468,24000000,2.0,7.0228430813542,1
Jharkhand,Dumka,20,326,2007,1,517303.19979819,958,3000000,1.5,7.8036502762015,1
Jharkhand,Dumka,20,326,2008,3,1241413.34503428,2926,1670000,2.0,7.0499170611118,1
Jharkhand,Dumka,20,326,2010,1,192748.71204485,0,5000,1.0,5.762112739478,1
Jharkhand,Dumka,20,326,2013,1,102661.13525735,7,0,1.5,6.6646185762841,1
Jharkhand,Dumka,20,326,2015,1,629961.6057566,206,300000,2.0,7.656646577764,1
Jharkhand,Dumka,20,326,2017,1,43809.392838198,39,47000,1.0,5.8176584933147,1
Jharkhand,Dumka,20,326,2021,3,437054.42111782404,24,2085000,1.5,6.3167786712784,1
Jharkhand,East Singhbum,20,327,1985,1,46758.643699762,49,150000,2.0,5.4480131557338,1
Jharkhand,East Singhbum,20,327,1986,2,738683.71944248,307,3740000,1.0,7.5312261660442,1
Jharkhand,East Singhbum,20,327,1988,2,1474609.7146377899,1109,502000,2.0,7.7855937662664,1
Jharkhand,East Singhbum,20,327,1990,1,1100663.2969222,425,63517,1.0,7.3840771654136,1
Jharkhand,East Singhbum,20,327,1991,4,962460.364799503,124,87500,1.0,6.9146173641677,1
Jharkhand,East Singhbum,20,327,1995,1,308073.20491195,144,510000,1.0,6.3337519666177,1
Jharkhand,East Singhbum,20,327,1996,1,171939.46006971,74,4000000,1.0,6.6333155672897,1
Jharkhand,East Singhbum,20,327,1997,1,201818.75469288,24,100000,1.0,6.3463542072234,1
Jharkhand,East Singhbum,20,327,1999,1,191940.24191857,9803,10000000,2.0,6.7602872925659,1
Jharkhand,East Singhbum,20,327,2007,2,589310.935733165,1038,3400000,1.5,7.8036502762015,1
Jharkhand,East Singhbum,20,327,2008,2,890849.5329780801,2750,70000,2.0,6.8709354986642,1
Jharkhand,East Singhbum,20,327,2010,1,192748.71204485,0,5000,1.0,5.762112739478,1
Jharkhand,East Singhbum,20,327,2015,1,629961.6057566,206,300000,2.0,7.656646577764,1
Jharkhand,East Singhbum,20,327,2019,1,302736.26273672,25,112500,1.5,6.3561257086734,1
Jharkhand,East Singhbum,20,327,2021,2,390800.768272223,11,1501300,1.5,6.3167786712784,1
Jharkhand,East Singhbum,20,327,2022,1,155000.0,0,60000,1.5,6.1445742076096,1
Jharkhand,Garhwa,20,328,1986,1,507167.43901015,258,3040000,1.0,7.5312261660442,1
Jharkhand,Garhwa,20,328,1988,2,1474609.7146377899,1109,502000,2.0,7.7855937662664,1
Jharkhand,Garhwa,20,328,1989,1,204979.38347471,7,0,1.0,6.2148001695432,1
Jharkhand,Garhwa,20,328,1990,2,1385589.90363544,442,63517,1.0,7.3840771654136,1
Jharkhand,Garhwa,20,328,1991,2,718552.66025244,88,87500,1.0,6.9146173641677,1
Jharkhand,Garhwa,20,328,1992,1,518125.27779756,40,2000,1.0,7.2459136977876,1
Jharkhand,Garhwa,20,328,1994,2,2273968.0590573,670,803000,1.0,7.6772792647922,1
Jharkhand,Garhwa,20,328,1995,1,762936.8925746998,600,2000000,1.0,7.1835186118101,1
Jharkhand,Garhwa,20,328,1996,1,171939.46006971,74,4000000,1.0,6.6333155672897,1
Jharkhand,Garhwa,20,328,1997,1,201818.75469288,24,100000,1.0,6.3463542072234,1
Jharkhand,Garhwa,20,328,2007,1,517303.19979819,958,3000000,1.5,7.8036502762015,1
Jharkhand,Garhwa,20,328,2008,1,464317.9956417001,2400,0,2.0,6.8709354986642,1
Jharkhand,Garhwa,20,328,2013,2,399085.72792748,27,258000,2.0,6.1697659138631,1
Jharkhand,Garhwa,20,328,2017,1,421575.24392831,253,422106,2.0,7.1563540170148,1
Jharkhand,Garhwa,20,328,2020,1,293809.72651845,2,0,1.5,6.4892554680033,1
Jharkhand,Garhwa,20,328,2021,1,345642.72539767,1,1500000,1.5,6.3167786712784,1
Jharkhand,Giridih,20,329,1986,1,507167.43901015,258,3040000,1.0,7.5312261660442,1
Jharkhand,Giridih,20,329,1988,2,1474609.7146377899,1109,502000,2.0,7.7855937662664,1
Jharkhand,Giridih,20,329,1990,1,1100663.2969222,425,63517,1.0,7.3840771654136,1
Jharkhand,Giridih,20,329,1991,2,718552.66025244,88,87500,1.0,6.9146173641677,1
Jharkhand,Giridih,20,329,1996,1,171939.46006971,74,4000000,1.0,6.6333155672897,1
Jharkhand,Giridih,20,329,1997,1,201818.75469288,24,100000,1.0,6.3463542072234,1
Jharkhand,Giridih,20,329,1999,1,191940.24191857,9803,10000000,2.0,6.7602872925659,1
Jharkhand,Giridih,20,329,2000,2,378178.89171095996,2046,24000000,2.0,7.0228430813542,1
Jharkhand,Giridih,20,329,2007,1,517303.19979819,958,3000000,1.5,7.8036502762015,1
Jharkhand,Giridih,20,329,2008,2,890849.5329780801,2750,70000,2.0,6.8709354986642,1
Jharkhand,Giridih,20,329,2010,1,192748.71204485,0,5000,1.0,5.762112739478,1
Jharkhand,Giridih,20,329,2013,1,102661.13525735,7,0,1.5,6.6646185762841,1
Jharkhand,Giridih,20,329,2015,1,629961.6057566,206,300000,2.0,7.656646577764,1
Jharkhand,Giridih,20,329,2016,1,90613.737636319,127,377097,1.5,6.9783833436272,1
Jharkhand,Giridih,20,329,2017,1,421575.24392831,253,422106,2.0,7.1563540170148,1
Jharkhand,Giridih,20,329,2021,2,394225.824540794,13,1585000,1.5,6.3167786712784,1
Jharkhand,Godda,20,330,1986,2,738683.71944248,307,3740000,1.0,7.5312261660442,1
Jharkhand,Godda,20,330,1988,2,1474609.7146377899,1109,502000,2.0,7.7855937662664,1
Jharkhand,Godda,20,330,1990,1,1100663.2969222,425,63517,1.0,7.3840771654136,1
Jharkhand,Godda,20,330,1991,2,718552.66025244,88,87500,1.0,6.9146173641677,1
Jharkhand,Godda,20,330,1996,1,171939.46006971,74,4000000,1.0,6.6333155672897,1
Jharkhand,Godda,20,330,1997,1,201818.75469288,24,100000,1.0,6.3463542072234,1
Jharkhand,Godda,20,330,2000,2,378178.89171095996,2046,24000000,2.0,7.0228430813542,1
Jharkhand,Godda,20,330,2007,1,517303.19979819,958,3000000,1.5,7.8036502762015,1
Jharkhand,Godda,20,330,2008,3,1241413.34503428,2926,1670000,2.0,7.0499170611118,1
Jharkhand,Godda,20,330,2010,1,192748.71204485,0,5000,1.0,5.762112739478,1
Jharkhand,Godda,20,330,2013,1,102661.13525735,7,0,1.5,6.6646185762841,1
Jharkhand,Godda,20,330,2014,1,62650.802729391,0,10000,1.5,6.3879912469011,1
Jharkhand,Godda,20,330,2015,1,629961.6057566,206,300000,2.0,7.656646577764,1
Jharkhand,Godda,20,330,2017,1,421575.24392831,253,422106,2.0,7.1563540170148,1
Jharkhand,Godda,20,330,2021,2,91411.695720154,23,585000,1.5,5.9039691594551,1
Jharkhand,Godda,20,330,2022,1,124500.0,45,200000,2.0,6.2992893340877,1
Jharkhand,Gumla,20,331,1986,1,507167.43901015,258,3040000,1.0,7.5312261660442,1
Jharkhand,Gumla,20,331,1988,2,1474609.7146377899,1109,502000,2.0,7.7855937662664,1
Jharkhand,Gumla,20,331,1990,1,1100663.2969222,425,63517,1.0,7.3840771654136,1
Jharkhand,Gumla,20,331,1991,2,718552.66025244,88,87500,1.0,6.9146173641677,1
Jharkhand,Gumla,20,331,1994,1,1981837.4145729,617,800000,1.0,7.6772792647922,1
Jharkhand,Gumla,20,331,1996,1,171939.46006971,74,4000000,1.0,6.6333155672897,1
Jharkhand,Gumla,20,331,1997,1,201818.75469288,24,100000,1.0,6.3463542072234,1
Jharkhand,Gumla,20,331,1999,1,191940.24191857,9803,10000000,2.0,6.7602872925659,1
Jharkhand,Gumla,20,331,2007,1,517303.19979819,958,3000000,1.5,7.8036502762015,1
Jharkhand,Gumla,20,331,2008,1,464317.9956417001,2400,0,2.0,6.8709354986642,1
Jharkhand,Gumla,20,331,2013,3,501746.86318483,34,258000,2.0,6.6646185762841,1
Jharkhand,Gumla,20,331,2014,1,189576.05025298,6,15000,1.0,6.2777834706605,1
Jharkhand,Gumla,20,331,2015,1,629961.6057566,206,300000,2.0,7.656646577764,1
Jharkhand,Gumla,20,331,2021,1,345642.72539767,1,1500000,1.5,6.3167786712784,1
Jharkhand,Hazaribagh,20,332,1986,1,507167.43901015,258,3040000,1.0,7.5312261660442,1
Jharkhand,Hazaribagh,20,332,1988,2,1474609.7146377899,1109,502000,2.0,7.7855937662664,1
Jharkhand,Hazaribagh,20,332,1990,1,1100663.2969222,425,63517,1.0,7.3840771654136,1
Jharkhand,Hazaribagh,20,332,1991,2,718552.66025244,88,87500,1.0,6.9146173641677,1
Jharkhand,Hazaribagh,20,332,1996,1,171939.46006971,74,4000000,1.0,6.6333155672897,1
Jharkhand,Hazaribagh,20,332,1997,1,201818.75469288,24,100000,1.0,6.3463542072234,1
Jharkhand,Hazaribagh,20,332,1999,1,191940.24191857,9803,10000000,2.0,6.7602872925659,1
Jharkhand,Hazaribagh,20,332,2000,1,223178.00999326,578,0,1.0,6.5791003221767,1
Jharkhand,Hazaribagh,20,332,2007,1,517303.19979819,958,3000000,1.5,7.8036502762015,1
Jharkhand,Hazaribagh,20,332,2008,1,464317.9956417001,2400,0,2.0,6.8709354986642,1
Jharkhand,Hazaribagh,20,332,2010,1,192748.71204485,0,5000,1.0,5.762112739478,1
Jharkhand,Hazaribagh,20,332,2013,1,102661.13525735,7,0,1.5,6.6646185762841,1
Jharkhand,Hazaribagh,20,332,2015,1,629961.6057566,206,300000,2.0,7.656646577764,1
Jharkhand,Hazaribagh,20,332,2016,1,90613.737636319,127,377097,1.5,6.9783833436272,1
Jharkhand,Hazaribagh,20,332,2017,1,421575.24392831,253,422106,2.0,7.1563540170148,1
Jharkhand,Hazaribagh,20,332,2021,2,394225.824540794,13,1585000,1.5,6.3167786712784,1
Jharkhand,Jamtara,20,333,1986,2,738683.71944248,307,3740000,1.0,7.5312261660442,1
Jharkhand,Jamtara,20,333,1988,2,1474609.7146377899,1109,502000,2.0,7.7855937662664,1
Jharkhand,Jamtara,20,333,1990,1,1100663.2969222,425,63517,1.0,7.3840771654136,1
Jharkhand,Jamtara,20,333,1991,3,810513.306814163,109,87500,1.0,6.9146173641677,1
Jharkhand,Jamtara,20,333,1995,1,308073.20491195,144,510000,1.0,6.3337519666177,1
Jharkhand,Jamtara,20,333,1996,1,171939.46006971,74,4000000,1.0,6.6333155672897,1
Jharkhand,Jamtara,20,333,1997,1,201818.75469288,24,100000,1.0,6.3463542072234,1
Jharkhand,Jamtara,20,333,1999,1,191940.24191857,9803,10000000,2.0,6.7602872925659,1
Jharkhand,Jamtara,20,333,2000,1,155000.8817177,1468,24000000,2.0,7.0228430813542,1
Jharkhand,Jamtara,20,333,2007,1,517303.19979819,958,3000000,1.5,7.8036502762015,1
Jharkhand,Jamtara,20,333,2008,3,1241413.34503428,2926,1670000,2.0,7.0499170611118,1
Jharkhand,Jamtara,20,333,2010,1,192748.71204485,0,5000,1.0,5.762112739478,1
Jharkhand,Jamtara,20,333,2013,1,102661.13525735,7,0,1.5,6.6646185762841,1
Jharkhand,Jamtara,20,333,2015,1,629961.6057566,206,300000,2.0,7.656646577764,1
Jharkhand,Jamtara,20,333,2017,1,43809.392838198,39,47000,1.0,5.8176584933147,1
Jharkhand,Jamtara,20,333,2021,2,388471.3219747,12,2000000,1.5,6.3167786712784,1
Jharkhand,Khunti,20,606,1986,1,507167.43901015,258,3040000,1.0,7.5312261660442,1
Jharkhand,Khunti,20,606,1988,2,1474609.7146377899,1109,502000,2.0,7.7855937662664,1
Jharkhand,Khunti,20,606,1990,1,1100663.2969222,425,63517,1.0,7.3840771654136,1
Jharkhand,Khunti,20,606,1991,2,718552.66025244,88,87500,1.0,6.9146173641677,1
Jharkhand,Khunti,20,606,1996,1,171939.46006971,74,4000000,1.0,6.6333155672897,1
Jharkhand,Khunti,20,606,1997,1,201818.75469288,24,100000,1.0,6.3463542072234,1
Jharkhand,Khunti,20,606,1999,1,191940.24191857,9803,10000000,2.0,6.7602872925659,1
Jharkhand,Khunti,20,606,2007,1,517303.19979819,958,3000000,1.5,7.8036502762015,1
Jharkhand,Khunti,20,606,2008,1,464317.9956417001,2400,0,2.0,6.8709354986642,1
Jharkhand,Khunti,20,606,2010,1,192748.71204485,0,5000,1.0,5.762112739478,1
Jharkhand,Khunti,20,606,2013,2,349046.36171753,34,250000,2.0,6.6646185762841,1
Jharkhand,Khunti,20,606,2014,1,189576.05025298,6,15000,1.0,6.2777834706605,1
Jharkhand,Khunti,20,606,2015,1,629961.6057566,206,300000,2.0,7.656646577764,1
Jharkhand,Khunti,20,606,2021,1,345642.72539767,1,1500000,1.5,6.3167786712784,1
Jharkhand,Koderma,20,334,1986,1,507167.43901015,258,3040000,1.0,7.5312261660442,1
Jharkhand,Koderma,20,334,1988,2,1474609.7146377899,1109,502000,2.0,7.7855937662664,1
Jharkhand,Koderma,20,334,1990,1,1100663.2969222,425,63517,1.0,7.3840771654136,1
Jharkhand,Koderma,20,334,1991,2,718552.66025244,88,87500,1.0,6.9146173641677,1
Jharkhand,Koderma,20,334,1996,1,171939.46006971,74,4000000,1.0,6.6333155672897,1
Jharkhand,Koderma,20,334,1997,1,201818.75469288,24,100000,1.0,6.3463542072234,1
Jharkhand,Koderma,20,334,2000,1,223178.00999326,578,0,1.0,6.5791003221767,1
Jharkhand,Koderma,20,334,2007,1,517303.19979819,958,3000000,1.5,7.8036502762015,1
Jharkhand,Koderma,20,334,2008,1,464317.9956417001,2400,0,2.0,6.8709354986642,1
Jharkhand,Koderma,20,334,2010,1,192748.71204485,0,5000,1.0,5.762112739478,1
Jharkhand,Koderma,20,334,2013,1,102661.13525735,7,0,1.5,6.6646185762841,1
Jharkhand,Koderma,20,334,2015,1,629961.6057566,206,300000,2.0,7.656646577764,1
Jharkhand,Koderma,20,334,2016,1,90613.737636319,127,377097,1.5,6.9783833436272,1
Jharkhand,Koderma,20,334,2017,1,421575.24392831,253,422106,2.0,7.1563540170148,1
Jharkhand,Koderma,20,334,2021,2,394225.824540794,13,1585000,1.5,6.3167786712784,1
Jharkhand,Latehar,20,335,1986,1,507167.43901015,258,3040000,1.0,7.5312261660442,1
Jharkhand,Latehar,20,335,1988,2,1474609.7146377899,1109,502000,2.0,7.7855937662664,1
Jharkhand,Latehar,20,335,1990,1,1100663.2969222,425,63517,1.0,7.3840771654136,1
Jharkhand,Latehar,20,335,1991,2,718552.66025244,88,87500,1.0,6.9146173641677,1
Jharkhand,Latehar,20,335,1994,1,1981837.4145729,617,800000,1.0,7.6772792647922,1
Jharkhand,Latehar,20,335,1996,1,171939.46006971,74,4000000,1.0,6.6333155672897,1
Jharkhand,Latehar,20,335,1997,1,201818.75469288,24,100000,1.0,6.3463542072234,1
Jharkhand,Latehar,20,335,2007,1,517303.19979819,958,3000000,1.5,7.8036502762015,1
Jharkhand,Latehar,20,335,2008,1,464317.9956417001,2400,0,2.0,6.8709354986642,1
Jharkhand,Latehar,20,335,2010,1,192748.71204485,0,5000,1.0,5.762112739478,1
Jharkhand,Latehar,20,335,2013,3,501746.86318483,34,258000,2.0,6.6646185762841,1
Jharkhand,Latehar,20,335,2015,1,629961.6057566,206,300000,2.0,7.656646577764,1
Jharkhand,Latehar,20,335,2021,1,345642.72539767,1,1500000,1.5,6.3167786712784,1
Jharkhand,Lohardaga,20,336,1986,1,507167.43901015,258,3040000,1.0,7.5312261660442,1
Jharkhand,Lohardaga,20,336,1988,2,1474609.7146377899,1109,502000,2.0,7.7855937662664,1
Jharkhand,Lohardaga,20,336,1990,1,1100663.2969222,425,63517,1.0,7.3840771654136,1
Jharkhand,Lohardaga,20,336,1991,2,718552.66025244,88,87500,1.0,6.9146173641677,1
Jharkhand,Lohardaga,20,336,1996,1,171939.46006971,74,4000000,1.0,6.6333155672897,1
Jharkhand,Lohardaga,20,336,1997,1,201818.75469288,24,100000,1.0,6.3463542072234,1
Jharkhand,Lohardaga,20,336,1999,1,191940.24191857,9803,10000000,2.0,6.7602872925659,1
Jharkhand,Lohardaga,20,336,2007,1,517303.19979819,958,3000000,1.5,7.8036502762015,1
Jharkhand,Lohardaga,20,336,2008,1,464317.9956417001,2400,0,2.0,6.8709354986642,1
Jharkhand,Lohardaga,20,336,2010,1,192748.71204485,0,5000,1.0,5.762112739478,1
Jharkhand,Lohardaga,20,336,2013,2,349046.36171753,34,250000,2.0,6.6646185762841,1
Jharkhand,Lohardaga,20,336,2015,1,629961.6057566,206,300000,2.0,7.656646577764,1
Jharkhand,Lohardaga,20,336,2021,1,345642.72539767,1,1500000,1.5,6.3167786712784,1
Jharkhand,Pakur,20,337,1986,2,738683.71944248,307,3740000,1.0,7.5312261660442,1
Jharkhand,Pakur,20,337,1988,2,1474609.7146377899,1109,502000,2.0,7.7855937662664,1
Jharkhand,Pakur,20,337,1990,1,1100663.2969222,425,63517,1.0,7.3840771654136,1
Jharkhand,Pakur,20,337,1991,3,810513.306814163,109,87500,1.0,6.9146173641677,1
Jharkhand,Pakur,20,337,1995,1,308073.20491195,144,510000,1.0,6.3337519666177,1
Jharkhand,Pakur,20,337,1996,1,171939.46006971,74,4000000,1.0,6.6333155672897,1
Jharkhand,Pakur,20,337,1997,1,201818.75469288,24,100000,1.0,6.3463542072234,1
Jharkhand,Pakur,20,337,2000,1,155000.8817177,1468,24000000,2.0,7.0228430813542,1
Jharkhand,Pakur,20,337,2007,1,517303.19979819,958,3000000,1.5,7.8036502762015,1
Jharkhand,Pakur,20,337,2008,3,1241413.34503428,2926,1670000,2.0,7.0499170611118,1
Jharkhand,Pakur,20,337,2010,1,192748.71204485,0,5000,1.0,5.762112739478,1
Jharkhand,Pakur,20,337,2013,1,102661.13525735,7,0,1.5,6.6646185762841,1
Jharkhand,Pakur,20,337,2015,1,629961.6057566,206,300000,2.0,7.656646577764,1
Jharkhand,Pakur,20,337,2021,1,42828.59657703,11,500000,1.5,5.7620676120058,1
Jharkhand,Palamu,20,338,1986,1,507167.43901015,258,3040000,1.0,7.5312261660442,1
Jharkhand,Palamu,20,338,1988,2,1474609.7146377899,1109,502000,2.0,7.7855937662664,1
Jharkhand,Palamu,20,338,1990,1,1100663.2969222,425,63517,1.0,7.3840771654136,1
Jharkhand,Palamu,20,338,1991,2,718552.66025244,88,87500,1.0,6.9146173641677,1
Jharkhand,Palamu,20,338,1996,1,171939.46006971,74,4000000,1.0,6.6333155672897,1
Jharkhand,Palamu,20,338,1997,1,201818.75469288,24,100000,1.0,6.3463542072234,1
Jharkhand,Palamu,20,338,2007,1,517303.19979819,958,3000000,1.5,7.8036502762015,1
Jharkhand,Palamu,20,338,2008,1,464317.9956417001,2400,0,2.0,6.8709354986642,1
Jharkhand,Palamu,20,338,2013,2,255361.63672465,7,8000,1.5,6.6646185762841,1
Jharkhand,Palamu,20,338,2015,1,629961.6057566,206,300000,2.0,7.656646577764,1
Jharkhand,Palamu,20,338,2017,1,421575.24392831,253,422106,2.0,7.1563540170148,1
Jharkhand,Palamu,20,338,2020,1,293809.72651845,2,0,1.5,6.4892554680033,1
Jharkhand,Palamu,20,338,2021,1,345642.72539767,1,1500000,1.5,6.3167786712784,1
Jharkhand,Ramgarh,20,607,1986,1,507167.43901015,258,3040000,1.0,7.5312261660442,1
Jharkhand,Ramgarh,20,607,1988,2,1474609.7146377899,1109,502000,2.0,7.7855937662664,1
Jharkhand,Ramgarh,20,607,1990,1,1100663.2969222,425,63517,1.0,7.3840771654136,1
Jharkhand,Ramgarh,20,607,1991,2,718552.66025244,88,87500,1.0,6.9146173641677,1
Jharkhand,Ramgarh,20,607,1995,1,308073.20491195,144,510000,1.0,6.3337519666177,1
Jharkhand,Ramgarh,20,607,1996,1,171939.46006971,74,4000000,1.0,6.6333155672897,1
Jharkhand,Ramgarh,20,607,1997,1,201818.75469288,24,100000,1.0,6.3463542072234,1
Jharkhand,Ramgarh,20,607,1999,1,191940.24191857,9803,10000000,2.0,6.7602872925659,1
Jharkhand,Ramgarh,20,607,2007,1,517303.19979819,958,3000000,1.5,7.8036502762015,1
Jharkhand,Ramgarh,20,607,2008,1,464317.9956417001,2400,0,2.0,6.8709354986642,1
Jharkhand,Ramgarh,20,607,2010,1,192748.71204485,0,5000,1.0,5.762112739478,1
Jharkhand,Ramgarh,20,607,2013,1,102661.13525735,7,0,1.5,6.6646185762841,1
Jharkhand,Ramgarh,20,607,2015,1,629961.6057566,206,300000,2.0,7.656646577764,1
Jharkhand,Ramgarh,20,607,2021,1,345642.72539767,1,1500000,1.5,6.3167786712784,1
Jharkhand,Ranchi,20,339,1986,1,507167.43901015,258,3040000,1.0,7.5312261660442,1
Jharkhand,Ranchi,20,339,1988,2,1474609.7146377899,1109,502000,2.0,7.7855937662664,1
Jharkhand,Ranchi,20,339,1990,1,1100663.2969222,425,63517,1.0,7.3840771654136,1
Jharkhand,Ranchi,20,339,1991,2,718552.66025244,88,87500,1.0,6.9146173641677,1
Jharkhand,Ranchi,20,339,1995,1,308073.20491195,144,510000,1.0,6.3337519666177,1
Jharkhand,Ranchi,20,339,1996,1,171939.46006971,74,4000000,1.0,6.6333155672897,1
Jharkhand,Ranchi,20,339,1997,1,201818.75469288,24,100000,1.0,6.3463542072234,1
Jharkhand,Ranchi,20,339,1999,1,191940.24191857,9803,10000000,2.0,6.7602872925659,1
Jharkhand,Ranchi,20,339,2007,1,517303.19979819,958,3000000,1.5,7.8036502762015,1
Jharkhand,Ranchi,20,339,2008,1,464317.9956417001,2400,0,2.0,6.8709354986642,1
Jharkhand,Ranchi,20,339,2010,1,192748.71204485,0,5000,1.0,5.762112739478,1
Jharkhand,Ranchi,20,339,2013,2,349046.36171753,34,250000,2.0,6.6646185762841,1
Jharkhand,Ranchi,20,339,2014,1,189576.05025298,6,15000,1.0,6.2777834706605,1
Jharkhand,Ranchi,20,339,2015,1,629961.6057566,206,300000,2.0,7.656646577764,1
Jharkhand,Ranchi,20,339,2021,1,345642.72539767,1,1500000,1.5,6.3167786712784,1
Jharkhand,Sahebganj,20,340,1986,2,738683.71944248,307,3740000,1.0,7.5312261660442,1
Jharkhand,Sahebganj,20,340,1988,2,1474609.7146377899,1109,502000,2.0,7.7855937662664,1
Jharkhand,Sahebganj,20,340,1990,1,1100663.2969222,425,63517,1.0,7.3840771654136,1
Jharkhand,Sahebganj,20,340,1991,3,810513.306814163,109,87500,1.0,6.9146173641677,1
Jharkhand,Sahebganj,20,340,1995,1,308073.20491195,144,510000,1.0,6.3337519666177,1
Jharkhand,Sahebganj,20,340,1996,1,171939.46006971,74,4000000,1.0,6.6333155672897,1
Jharkhand,Sahebganj,20,340,1997,1,201818.75469288,24,100000,1.0,6.3463542072234,1
Jharkhand,Sahebganj,20,340,2000,2,378178.89171095996,2046,24000000,2.0,7.0228430813542,1
Jharkhand,Sahebganj,20,340,2007,1,517303.19979819,958,3000000,1.5,7.8036502762015,1
Jharkhand,Sahebganj,20,340,2008,3,1241413.34503428,2926,1670000,2.0,7.0499170611118,1
Jharkhand,Sahebganj,20,340,2010,1,192748.71204485,0,5000,1.0,5.762112739478,1
Jharkhand,Sahebganj,20,340,2013,1,102661.13525735,7,0,1.5,6.6646185762841,1
Jharkhand,Sahebganj,20,340,2014,1,62650.802729391,0,10000,1.5,6.3879912469011,1
Jharkhand,Sahebganj,20,340,2015,1,629961.6057566,206,300000,2.0,7.656646577764,1
Jharkhand,Sahebganj,20,340,2017,1,421575.24392831,253,422106,2.0,7.1563540170148,1
Jharkhand,Sahebganj,20,340,2021,2,91411.695720154,23,585000,1.5,5.9039691594551,1
Jharkhand,Sahebganj,20,340,2022,1,124500.0,45,200000,2.0,6.2992893340877,1
Jharkhand,Saraikela Kharsawan,20,341,1986,2,738683.71944248,307,3740000,1.0,7.5312261660442,1
Jharkhand,Saraikela Kharsawan,20,341,1988,2,1474609.7146377899,1109,502000,2.0,7.7855937662664,1
Jharkhand,Saraikela Kharsawan,20,341,1990,1,1100663.2969222,425,63517,1.0,7.3840771654136,1
Jharkhand,Saraikela Kharsawan,20,341,1991,3,810513.306814163,109,87500,1.0,6.9146173641677,1
Jharkhand,Saraikela Kharsawan,20,341,1996,1,171939.46006971,74,4000000,1.0,6.6333155672897,1
Jharkhand,Saraikela Kharsawan,20,341,1997,1,201818.75469288,24,100000,1.0,6.3463542072234,1
Jharkhand,Saraikela Kharsawan,20,341,1999,1,191940.24191857,9803,10000000,2.0,6.7602872925659,1
Jharkhand,Saraikela Kharsawan,20,341,2007,1,517303.19979819,958,3000000,1.5,7.8036502762015,1
Jharkhand,Saraikela Kharsawan,20,341,2008,1,464317.9956417001,2400,0,2.0,6.8709354986642,1
Jharkhand,Saraikela Kharsawan,20,341,2010,1,192748.71204485,0,5000,1.0,5.762112739478,1
Jharkhand,Saraikela Kharsawan,20,341,2013,1,246385.22646018,27,250000,2.0,6.1697659138631,1
Jharkhand,Saraikela Kharsawan,20,341,2014,1,189576.05025298,6,15000,1.0,6.2777834706605,1
Jharkhand,Saraikela Kharsawan,20,341,2015,1,629961.6057566,206,300000,2.0,7.656646577764,1
Jharkhand,Saraikela Kharsawan,20,341,2021,2,390800.768272223,11,1501300,1.5,6.3167786712784,1
Jharkhand,Saraikela Kharsawan,20,341,2022,1,155000.0,0,60000,1.5,6.1445742076096,1
Jharkhand,Simdega,20,342,1986,1,507167.43901015,258,3040000,1.0,7.5312261660442,1
Jharkhand,Simdega,20,342,1988,2,1474609.7146377899,1109,502000,2.0,7.7855937662664,1
Jharkhand,Simdega,20,342,1990,1,1100663.2969222,425,63517,1.0,7.3840771654136,1
Jharkhand,Simdega,20,342,1991,3,870499.71823778,103,87500,1.0,6.9146173641677,1
Jharkhand,Simdega,20,342,1994,2,2136486.6163533,617,800000,1.0,7.6772792647922,1
Jharkhand,Simdega,20,342,1995,1,308073.20491195,144,510000,1.0,6.3337519666177,1
Jharkhand,Simdega,20,342,1996,1,171939.46006971,74,4000000,1.0,6.6333155672897,1
Jharkhand,Simdega,20,342,1999,1,191940.24191857,9803,10000000,2.0,6.7602872925659,1
Jharkhand,Simdega,20,342,2001,1,105057.29490064,100,2000000,2.0,6.8539351267552,1
Jharkhand,Simdega,20,342,2003,1,117883.61598646,67,3000000,1.0,6.8118161385154,1
Jharkhand,Simdega,20,342,2007,2,765742.05462612,987,3050000,1.5,7.8036502762015,1
Jharkhand,Simdega,20,342,2008,1,464317.9956417001,2400,0,2.0,6.8709354986642,1
Jharkhand,Simdega,20,342,2013,2,399085.72792748,27,258000,2.0,6.1697659138631,1
Jharkhand,Simdega,20,342,2014,1,189576.05025298,6,15000,1.0,6.2777834706605,1
Jharkhand,Simdega,20,342,2015,1,629961.6057566,206,300000,2.0,7.656646577764,1
Jharkhand,Simdega,20,342,2021,1,345642.72539767,1,1500000,1.5,6.3167786712784,1
Jharkhand,Simdega,20,342,2022,1,155000.0,0,60000,1.5,6.1445742076096,1
Jharkhand,West Singhbhum,20,343,1985,1,46758.643699762,49,150000,2.0,5.4480131557338,1
Jharkhand,West Singhbhum,20,343,1986,1,507167.43901015,258,3040000,1.0,7.5312261660442,1
Jharkhand,West Singhbhum,20,343,1988,2,1474609.7146377899,1109,502000,2.0,7.7855937662664,1
Jharkhand,West Singhbhum,20,343,1990,1,1100663.2969222,425,63517,1.0,7.3840771654136,1
Jharkhand,West Singhbhum,20,343,1991,3,870499.71823778,103,87500,1.0,6.9146173641677,1
Jharkhand,West Singhbhum,20,343,1994,1,154649.2017804,0,0,1.0,5.967498933124,1
Jharkhand,West Singhbhum,20,343,1995,1,308073.20491195,144,510000,1.0,6.3337519666177,1
Jharkhand,West Singhbhum,20,343,1996,1,171939.46006971,74,4000000,1.0,6.6333155672897,1
Jharkhand,West Singhbhum,20,343,1997,1,201818.75469288,24,100000,1.0,6.3463542072234,1
Jharkhand,West Singhbhum,20,343,1999,1,191940.24191857,9803,10000000,2.0,6.7602872925659,1
Jharkhand,West Singhbhum,20,343,2001,1,105057.29490064,100,2000000,2.0,6.8539351267552,1
Jharkhand,West Singhbhum,20,343,2003,1,117883.61598646,67,3000000,1.0,6.8118161385154,1
Jharkhand,West Singhbhum,20,343,2007,2,765742.05462612,987,3050000,1.5,7.8036502762015,1
Jharkhand,West Singhbhum,20,343,2008,1,464317.9956417001,2400,0,2.0,6.8709354986642,1
Jharkhand,West Singhbhum,20,343,2010,1,192748.71204485,0,5000,1.0,5.762112739478,1
Jharkhand,West Singhbhum,20,343,2013,1,246385.22646018,27,250000,2.0,6.1697659138631,1
Jharkhand,West Singhbhum,20,343,2014,1,189576.05025298,6,15000,1.0,6.2777834706605,1
Jharkhand,West Singhbhum,20,343,2015,1,629961.6057566,206,300000,2.0,7.656646577764,1
Jharkhand,West Singhbhum,20,343,2019,1,302736.26273672,25,112500,1.5,6.3561257086734,1
Jharkhand,West Singhbhum,20,343,2021,2,390800.768272223,11,1501300,1.5,6.3167786712784,1
Jharkhand,West Singhbhum,20,343,2022,1,155000.0,0,60000,1.5,6.1445742076096,1
Karnataka,Bagalkote,29,524,1985,1,254234.59502901,95,25000,1.0,6.1042046512933,1
Karnataka,Bagalkote,29,524,1989,1,905209.24002345,780,0,1.0,6.9567489784143,1
Karnataka,Bagalkote,29,524,1991,2,1090926.38334009,162,385000,2.0,6.5559874421319,1
Karnataka,Bagalkote,29,524,1992,1,752428.65689717,90,8000,1.0,7.4675299347014,1
Karnataka,Bagalkote,29,524,1994,1,1981837.4145729,617,800000,1.0,7.6772792647922,1
Karnataka,Bagalkote,29,524,1997,1,233024.36528434,100,0,1.0,6.622673838813,1
Karnataka,Bagalkote,29,524,2005,1,619197.82147132,126,100000,1.0,7.1897694283678,1
Karnataka,Bagalkote,29,524,2007,1,450564.3552535,127,200000,1.0,6.7677001834385,1
Karnataka,Bagalkote,29,524,2009,2,373305.1065422259,303,0,2.0,7.047228106993,1
Karnataka,Bagalkote,29,524,2018,1,116730.40864663002,3,300,1.5,5.544305260612,1
Karnataka,Bagalkote,29,524,2021,2,442029.06894479005,32,231360,1.5,6.5992458310632,1
Karnataka,Ballari,29,528,1985,1,254234.59502901,95,25000,1.0,6.1042046512933,1
Karnataka,Ballari,29,528,1989,1,905209.24002345,780,0,1.0,6.9567489784143,1
Karnataka,Ballari,29,528,1990,1,267344.39912722,430,470000,1.0,6.0291310813779,1
Karnataka,Ballari,29,528,1991,2,1090926.38334009,162,385000,2.0,6.5559874421319,1
Karnataka,Ballari,29,528,1992,1,752428.65689717,90,8000,1.0,7.4675299347014,1
Karnataka,Ballari,29,528,1994,1,1981837.4145729,617,800000,1.0,7.6772792647922,1
Karnataka,Ballari,29,528,1995,1,262803.20430156,94,12000,1.0,6.0216906475049,1
Karnataka,Ballari,29,528,1996,1,177527.01853538,326,100000,1.0,5.9482344637432,1
Karnataka,Ballari,29,528,1997,1,233024.36528434,100,0,1.0,6.622673838813,1
Karnataka,Ballari,29,528,2005,1,619197.82147132,126,100000,1.0,7.1897694283678,1
Karnataka,Ballari,29,528,2007,1,450564.3552535,127,200000,1.0,6.7677001834385,1
Karnataka,Ballari,29,528,2009,2,373305.1065422259,303,0,2.0,7.047228106993,1
Karnataka,Ballari,29,528,2018,2,270570.47685106,15,34300,1.5,6.4045534079872,1
Karnataka,Ballari,29,528,2021,2,373241.70046552,32,43360,2.0,6.197103495333,1
Karnataka,Belagavi,29,527,1985,1,254234.59502901,95,25000,1.0,6.1042046512933,1
Karnataka,Belagavi,29,527,1989,1,905209.24002345,780,0,1.0,6.9567489784143,1
Karnataka,Belagavi,29,527,1991,2,1090926.38334009,162,385000,2.0,6.5559874421319,1
Karnataka,Belagavi,29,527,1992,1,752428.65689717,90,8000,1.0,7.4675299347014,1
Karnataka,Belagavi,29,527,1994,1,1981837.4145729,617,800000,1.0,7.6772792647922,1
Karnataka,Belagavi,29,527,1997,2,461359.35063058,150,10000,1.0,6.622673838813,1
Karnataka,Belagavi,29,527,2000,1,107052.90137071,140,0,1.0,6.1757264778105,1
Karnataka,Belagavi,29,527,2005,2,654749.3913717,1113,260000,1.0,7.1897694283678,1
Karnataka,Belagavi,29,527,2006,1,394010.73987917,41,0,1.0,6.2944780642496,1
Karnataka,Belagavi,29,527,2007,1,450564.3552535,127,200000,1.0,6.7677001834385,1
Karnataka,Belagavi,29,527,2009,2,373305.1065422259,303,0,2.0,7.047228106993,1
Karnataka,Belagavi,29,527,2018,2,270570.47685106,15,34300,1.5,6.4045534079872,1
Karnataka,Belagavi,29,527,2021,2,442029.06894479005,32,231360,1.5,6.5992458310632,1
Karnataka,Bengaluru Rural,29,526,1989,1,905209.24002345,780,0,1.0,6.9567489784143,1
Karnataka,Bengaluru Rural,29,526,1991,1,599564.88825453,90,85000,1.0,6.5559874421319,1
Karnataka,Bengaluru Rural,29,526,1992,1,752428.65689717,90,8000,1.0,7.4675299347014,1
Karnataka,Bengaluru Rural,29,526,1994,1,1981837.4145729,617,800000,1.0,7.6772792647922,1
Karnataka,Bengaluru Rural,29,526,1997,1,233024.36528434,100,0,1.0,6.622673838813,1
Karnataka,Bengaluru Rural,29,526,2005,2,750505.81610725,405,400000,1.0,7.1897694283678,1
Karnataka,Bengaluru Rural,29,526,2007,1,450564.3552535,127,200000,1.0,6.7677001834385,1
Karnataka,Bengaluru Rural,29,526,2012,1,126082.83119507,40,70000,2.0,6.1006559523551,1
Karnataka,Bengaluru Rural,29,526,2021,2,373241.70046552,32,43360,2.0,6.197103495333,1
Karnataka,Bengaluru Urban,29,525,1989,1,905209.24002345,780,0,1.0,6.9567489784143,1
Karnataka,Bengaluru Urban,29,525,1991,1,599564.88825453,90,85000,1.0,6.5559874421319,1
Karnataka,Bengaluru Urban,29,525,1992,1,752428.65689717,90,8000,1.0,7.4675299347014,1
Karnataka,Bengaluru Urban,29,525,1994,1,1981837.4145729,617,800000,1.0,7.6772792647922,1
Karnataka,Bengaluru Urban,29,525,1997,1,233024.36528434,100,0,1.0,6.622673838813,1
Karnataka,Bengaluru Urban,29,525,2005,2,750505.81610725,405,400000,1.0,7.1897694283678,1
Karnataka,Bengaluru Urban,29,525,2007,1,450564.3552535,127,200000,1.0,6.7677001834385,1
Karnataka,Bengaluru Urban,29,525,2008,1,144329.28000305,37,10000,1.0,6.0624444321104,1
Karnataka,Bengaluru Urban,29,525,2012,1,126082.83119507,40,70000,2.0,6.1006559523551,1
Karnataka,Bengaluru Urban,29,525,2021,3,503611.70046552,46,54360,2.0,6.197103495333,1
Karnataka,Bidar,29,529,1989,1,905209.24002345,780,0,1.0,6.9567489784143,1
Karnataka,Bidar,29,529,1990,1,267344.39912722,430,470000,1.0,6.0291310813779,1
Karnataka,Bidar,29,529,1991,2,1090926.38334009,162,385000,2.0,6.5559874421319,1
Karnataka,Bidar,29,529,1992,1,752428.65689717,90,8000,1.0,7.4675299347014,1
Karnataka,Bidar,29,529,1994,1,1981837.4145729,617,800000,1.0,7.6772792647922,1
Karnataka,Bidar,29,529,1997,2,461359.35063058,150,10000,1.0,6.622673838813,1
Karnataka,Bidar,29,529,2005,1,619197.82147132,126,100000,1.0,7.1897694283678,1
Karnataka,Bidar,29,529,2006,1,394010.73987917,41,0,1.0,6.2944780642496,1
Karnataka,Bidar,29,529,2007,1,450564.3552535,127,200000,1.0,6.7677001834385,1
Karnataka,Bidar,29,529,2009,1,309688.87629397993,303,0,2.0,7.047228106993,1
Karnataka,Bidar,29,529,2014,1,376261.49252047,42,0,1.5,6.9557010155946,1
Karnataka,Bidar,29,529,2020,1,125991.05614617,6,2100,1.5,6.2764309755682,1
Karnataka,Chamarajanagara,29,531,1985,1,254234.59502901,95,25000,1.0,6.1042046512933,1
Karnataka,Chamarajanagara,29,531,1989,1,905209.24002345,780,0,1.0,6.9567489784143,1
Karnataka,Chamarajanagara,29,531,1990,1,13576.30928919,44,0,1.0,4.8317517276541,1
Karnataka,Chamarajanagara,29,531,1991,2,1090926.38334009,162,385000,2.0,6.5559874421319,1
Karnataka,Chamarajanagara,29,531,1992,1,752428.65689717,90,8000,1.0,7.4675299347014,1
Karnataka,Chamarajanagara,29,531,1993,2,81096.56238976399,130,40000,1.0,5.6498673420845,1
Karnataka,Chamarajanagara,29,531,1994,1,1981837.4145729,617,800000,1.0,7.6772792647922,1
Karnataka,Chamarajanagara,29,531,1997,2,617912.7700778099,106,0,1.0,6.622673838813,1
Karnataka,Chamarajanagara,29,531,2005,2,750505.81610725,405,400000,1.0,7.1897694283678,1
Karnataka,Chamarajanagara,29,531,2006,1,42686.917966969,32,10800,2.0,5.8855673045955,1
Karnataka,Chamarajanagara,29,531,2007,1,450564.3552535,127,200000,1.0,6.7677001834385,1
Karnataka,Chamarajanagara,29,531,2008,1,144329.28000305,37,10000,1.0,6.0624444321104,1
Karnataka,Chamarajanagara,29,531,2009,1,35725.305434915,70,0,1.5,5.5072184599361,1
Karnataka,Chamarajanagara,29,531,2011,1,20807.375389913,4,500,1.0,5.4321606547403,1
Karnataka,Chamarajanagara,29,531,2012,1,126082.83119507,40,70000,2.0,6.1006559523551,1
Karnataka,Chamarajanagara,29,531,2015,1,93202.053762891,180,400000,2.0,6.6683954867336,1
Karnataka,Chamarajanagara,29,531,2018,1,153840.06820443,12,34000,1.5,6.4045534079872,1
Karnataka,Chamarajanagara,29,531,2019,1,94518.754764612,0,22000,1.5,5.753669241778,1
Karnataka,Chamarajanagara,29,531,2021,2,392763.0,37,23000,2.0,6.197103495333,1
Karnataka,Chikkaballapura,29,630,1989,1,905209.24002345,780,0,1.0,6.9567489784143,1
Karnataka,Chikkaballapura,29,630,1990,1,267344.39912722,430,470000,1.0,6.0291310813779,1
Karnataka,Chikkaballapura,29,630,1991,1,599564.88825453,90,85000,1.0,6.5559874421319,1
Karnataka,Chikkaballapura,29,630,1992,1,752428.65689717,90,8000,1.0,7.4675299347014,1
Karnataka,Chikkaballapura,29,630,1994,1,1981837.4145729,617,800000,1.0,7.6772792647922,1
Karnataka,Chikkaballapura,29,630,1995,1,262803.20430156,94,12000,1.0,6.0216906475049,1
Karnataka,Chikkaballapura,29,630,1996,1,177527.01853538,326,100000,1.0,5.9482344637432,1
Karnataka,Chikkaballapura,29,630,1997,2,617912.7700778099,106,0,1.0,6.622673838813,1
Karnataka,Chikkaballapura,29,630,1998,1,194230.07599669,230,80000,1.0,6.5893464757574,1
Karnataka,Chikkaballapura,29,630,2001,1,87384.49860174801,143,50000,1.0,5.71958564905,1
Karnataka,Chikkaballapura,29,630,2005,2,750505.81610725,405,400000,1.0,7.1897694283678,1
Karnataka,Chikkaballapura,29,630,2007,1,450564.3552535,127,200000,1.0,6.7677001834385,1
Karnataka,Chikkaballapura,29,630,2009,1,309688.87629397993,303,0,2.0,7.047228106993,1
Karnataka,Chikkaballapura,29,630,2012,1,126082.83119507,40,70000,2.0,6.1006559523551,1
Karnataka,Chikkaballapura,29,630,2021,2,373241.70046552,32,43360,2.0,6.197103495333,1
Karnataka,Chikkamagaluru,29,532,1985,1,254234.59502901,95,25000,1.0,6.1042046512933,1
Karnataka,Chikkamagaluru,29,532,1989,1,905209.24002345,780,0,1.0,6.9567489784143,1
Karnataka,Chikkamagaluru,29,532,1991,2,1090926.38334009,162,385000,2.0,6.5559874421319,1
Karnataka,Chikkamagaluru,29,532,1992,1,752428.65689717,90,8000,1.0,7.4675299347014,1
Karnataka,Chikkamagaluru,29,532,1993,1,40595.197340196,35,40000,1.0,5.6498673420845,1
Karnataka,Chikkamagaluru,29,532,1994,1,1981837.4145729,617,800000,1.0,7.6772792647922,1
Karnataka,Chikkamagaluru,29,532,1997,1,233024.36528434,100,0,1.0,6.622673838813,1
Karnataka,Chikkamagaluru,29,532,2000,1,107052.90137071,140,0,1.0,6.1757264778105,1
Karnataka,Chikkamagaluru,29,532,2005,1,619197.82147132,126,100000,1.0,7.1897694283678,1
Karnataka,Chikkamagaluru,29,532,2007,1,450564.3552535,127,200000,1.0,6.7677001834385,1
Karnataka,Chikkamagaluru,29,532,2009,1,309688.87629397993,303,0,2.0,7.047228106993,1
Karnataka,Chikkamagaluru,29,532,2018,2,270570.47685106,15,34300,1.5,6.4045534079872,1
Karnataka,Chikkamagaluru,29,532,2019,1,94518.754764612,0,22000,1.5,5.753669241778,1
Karnataka,Chikkamagaluru,29,532,2021,3,704422.06894479,55,243360,2.0,6.5992458310632,1
Karnataka,Chitradurga,29,533,1985,1,254234.59502901,95,25000,1.0,6.1042046512933,1
Karnataka,Chitradurga,29,533,1989,1,905209.24002345,780,0,1.0,6.9567489784143,1
Karnataka,Chitradurga,29,533,1990,1,267344.39912722,430,470000,1.0,6.0291310813779,1
Karnataka,Chitradurga,29,533,1991,2,1090926.38334009,162,385000,2.0,6.5559874421319,1
Karnataka,Chitradurga,29,533,1992,1,752428.65689717,90,8000,1.0,7.4675299347014,1
Karnataka,Chitradurga,29,533,1994,1,1981837.4145729,617,800000,1.0,7.6772792647922,1
Karnataka,Chitradurga,29,533,1995,1,262803.20430156,94,12000,1.0,6.0216906475049,1
Karnataka,Chitradurga,29,533,1996,1,177527.01853538,326,100000,1.0,5.9482344637432,1
Karnataka,Chitradurga,29,533,1997,1,233024.36528434,100,0,1.0,6.622673838813,1
Karnataka,Chitradurga,29,533,2001,1,87384.49860174801,143,50000,1.0,5.71958564905,1
Karnataka,Chitradurga,29,533,2005,1,619197.82147132,126,100000,1.0,7.1897694283678,1
Karnataka,Chitradurga,29,533,2007,1,450564.3552535,127,200000,1.0,6.7677001834385,1
Karnataka,Chitradurga,29,533,2009,1,309688.87629397993,303,0,2.0,7.047228106993,1
Karnataka,Chitradurga,29,533,2018,2,270570.47685106,15,34300,1.5,6.4045534079872,1
Karnataka,Chitradurga,29,533,2019,1,94518.754764612,0,22000,1.5,5.753669241778,1
Karnataka,Chitradurga,29,533,2021,2,373241.70046552,32,43360,2.0,6.197103495333,1
Karnataka,Dakshina Kannada,29,534,1985,1,254234.59502901,95,25000,1.0,6.1042046512933,1
Karnataka,Dakshina Kannada,29,534,1989,1,905209.24002345,780,0,1.0,6.9567489784143,1
Karnataka,Dakshina Kannada,29,534,1991,2,1090926.38334009,162,385000,2.0,6.5559874421319,1
Karnataka,Dakshina Kannada,29,534,1992,1,752428.65689717,90,8000,1.0,7.4675299347014,1
Karnataka,Dakshina Kannada,29,534,1993,1,40595.197340196,35,40000,1.0,5.6498673420845,1
Karnataka,Dakshina Kannada,29,534,1994,1,1981837.4145729,617,800000,1.0,7.6772792647922,1
Karnataka,Dakshina Kannada,29,534,1997,1,233024.36528434,100,0,1.0,6.622673838813,1
Karnataka,Dakshina Kannada,29,534,2000,1,107052.90137071,140,0,1.0,6.1757264778105,1
Karnataka,Dakshina Kannada,29,534,2002,1,9745.4074519416,11,0,1.0,4.8338980415418,1
Karnataka,Dakshina Kannada,29,534,2003,1,766.5224476186,4,0,1.0,3.4865848690234,1
Karnataka,Dakshina Kannada,29,534,2004,1,8999.4068773107,45,1000,1.0,4.4313351421146,1
Karnataka,Dakshina Kannada,29,534,2005,1,619197.82147132,126,100000,1.0,7.1897694283678,1
Karnataka,Dakshina Kannada,29,534,2006,1,42686.917966969,32,10800,2.0,5.8855673045955,1
Karnataka,Dakshina Kannada,29,534,2007,1,450564.3552535,127,200000,1.0,6.7677001834385,1
Karnataka,Dakshina Kannada,29,534,2018,2,270570.47685106,15,34300,1.5,6.4045534079872,1
Karnataka,Dakshina Kannada,29,534,2019,1,94518.754764612,0,22000,1.5,5.753669241778,1
Karnataka,Dakshina Kannada,29,534,2021,3,483146.06894479005,55,236583,1.5,6.5992458310632,1
Karnataka,Davangere,29,535,1985,1,254234.59502901,95,25000,1.0,6.1042046512933,1
Karnataka,Davangere,29,535,1989,1,905209.24002345,780,0,1.0,6.9567489784143,1
Karnataka,Davangere,29,535,1991,2,1090926.38334009,162,385000,2.0,6.5559874421319,1
Karnataka,Davangere,29,535,1992,1,752428.65689717,90,8000,1.0,7.4675299347014,1
Karnataka,Davangere,29,535,1993,1,40595.197340196,35,40000,1.0,5.6498673420845,1
Karnataka,Davangere,29,535,1994,1,1981837.4145729,617,800000,1.0,7.6772792647922,1
Karnataka,Davangere,29,535,1997,1,233024.36528434,100,0,1.0,6.622673838813,1
Karnataka,Davangere,29,535,2005,1,619197.82147132,126,100000,1.0,7.1897694283678,1
Karnataka,Davangere,29,535,2007,1,450564.3552535,127,200000,1.0,6.7677001834385,1
Karnataka,Davangere,29,535,2009,2,373305.1065422259,303,0,2.0,7.047228106993,1
Karnataka,Davangere,29,535,2018,2,270570.47685106,15,34300,1.5,6.4045534079872,1
Karnataka,Davangere,29,535,2019,1,94518.754764612,0,22000,1.5,5.753669241778,1
Karnataka,Davangere,29,535,2021,2,442029.06894479005,32,231360,1.5,6.5992458310632,1
Karnataka,Dharwad,29,536,1985,1,254234.59502901,95,25000,1.0,6.1042046512933,1
Karnataka,Dharwad,29,536,1989,1,905209.24002345,780,0,1.0,6.9567489784143,1
Karnataka,Dharwad,29,536,1991,2,1090926.38334009,162,385000,2.0,6.5559874421319,1
Karnataka,Dharwad,29,536,1992,1,752428.65689717,90,8000,1.0,7.4675299347014,1
Karnataka,Dharwad,29,536,1994,1,1981837.4145729,617,800000,1.0,7.6772792647922,1
Karnataka,Dharwad,29,536,1997,1,233024.36528434,100,0,1.0,6.622673838813,1
Karnataka,Dharwad,29,536,2000,1,107052.90137071,140,0,1.0,6.1757264778105,1
Karnataka,Dharwad,29,536,2005,1,619197.82147132,126,100000,1.0,7.1897694283678,1
Karnataka,Dharwad,29,536,2007,1,450564.3552535,127,200000,1.0,6.7677001834385,1
Karnataka,Dharwad,29,536,2009,2,373305.1065422259,303,0,2.0,7.047228106993,1
Karnataka,Dharwad,29,536,2018,2,270570.47685106,15,34300,1.5,6.4045534079872,1
Karnataka,Dharwad,29,536,2021,2,442029.06894479005,32,231360,1.5,6.5992458310632,1
Karnataka,Gadag,29,537,1985,1,254234.59502901,95,25000,1.0,6.1042046512933,1
Karnataka,Gadag,29,537,1989,1,905209.24002345,780,0,1.0,6.9567489784143,1
Karnataka,Gadag,29,537,1991,2,1090926.38334009,162,385000,2.0,6.5559874421319,1
Karnataka,Gadag,29,537,1992,1,752428.65689717,90,8000,1.0,7.4675299347014,1
Karnataka,Gadag,29,537,1994,1,1981837.4145729,617,800000,1.0,7.6772792647922,1
Karnataka,Gadag,29,537,1997,1,233024.36528434,100,0,1.0,6.622673838813,1
Karnataka,Gadag,29,537,2005,1,619197.82147132,126,100000,1.0,7.1897694283678,1
Karnataka,Gadag,29,537,2007,1,450564.3552535,127,200000,1.0,6.7677001834385,1
Karnataka,Gadag,29,537,2009,2,373305.1065422259,303,0,2.0,7.047228106993,1
Karnataka,Gadag,29,537,2018,2,270570.47685106,15,34300,1.5,6.4045534079872,1
Karnataka,Gadag,29,537,2021,2,442029.06894479005,32,231360,1.5,6.5992458310632,1
Karnataka,Hassan,29,539,1985,1,254234.59502901,95,25000,1.0,6.1042046512933,1
Karnataka,Hassan,29,539,1989,1,905209.24002345,780,0,1.0,6.9567489784143,1
Karnataka,Hassan,29,539,1991,2,1090926.38334009,162,385000,2.0,6.5559874421319,1
Karnataka,Hassan,29,539,1992,1,752428.65689717,90,8000,1.0,7.4675299347014,1
Karnataka,Hassan,29,539,1993,1,40595.197340196,35,40000,1.0,5.6498673420845,1
Karnataka,Hassan,29,539,1994,1,1981837.4145729,617,800000,1.0,7.6772792647922,1
Karnataka,Hassan,29,539,1997,1,233024.36528434,100,0,1.0,6.622673838813,1
Karnataka,Hassan,29,539,2000,1,107052.90137071,140,0,1.0,6.1757264778105,1
Karnataka,Hassan,29,539,2005,1,619197.82147132,126,100000,1.0,7.1897694283678,1
Karnataka,Hassan,29,539,2007,1,450564.3552535,127,200000,1.0,6.7677001834385,1
Karnataka,Hassan,29,539,2018,2,270570.47685106,15,34300,1.5,6.4045534079872,1
Karnataka,Hassan,29,539,2019,1,94518.754764612,0,22000,1.5,5.753669241778,1
Karnataka,Hassan,29,539,2021,2,373241.70046552,32,43360,2.0,6.197103495333,1
Karnataka,Haveri,29,540,1985,1,254234.59502901,95,25000,1.0,6.1042046512933,1
Karnataka,Haveri,29,540,1989,1,905209.24002345,780,0,1.0,6.9567489784143,1
Karnataka,Haveri,29,540,1991,2,1090926.38334009,162,385000,2.0,6.5559874421319,1
Karnataka,Haveri,29,540,1992,1,752428.65689717,90,8000,1.0,7.4675299347014,1
Karnataka,Haveri,29,540,1994,1,1981837.4145729,617,800000,1.0,7.6772792647922,1
Karnataka,Haveri,29,540,1997,1,233024.36528434,100,0,1.0,6.622673838813,1
Karnataka,Haveri,29,540,2000,1,107052.90137071,140,0,1.0,6.1757264778105,1
Karnataka,Haveri,29,540,2005,1,619197.82147132,126,100000,1.0,7.1897694283678,1
Karnataka,Haveri,29,540,2007,1,450564.3552535,127,200000,1.0,6.7677001834385,1
Karnataka,Haveri,29,540,2009,2,373305.1065422259,303,0,2.0,7.047228106993,1
Karnataka,Haveri,29,540,2018,2,270570.47685106,15,34300,1.5,6.4045534079872,1
Karnataka,Haveri,29,540,2021,2,442029.06894479005,32,231360,1.5,6.5992458310632,1
Karnataka,Kalaburagi,29,538,1989,1,905209.24002345,780,0,1.0,6.9567489784143,1
Karnataka,Kalaburagi,29,538,1990,1,267344.39912722,430,470000,1.0,6.0291310813779,1
Karnataka,Kalaburagi,29,538,1991,2,1090926.38334009,162,385000,2.0,6.5559874421319,1
Karnataka,Kalaburagi,29,538,1992,1,752428.65689717,90,8000,1.0,7.4675299347014,1
Karnataka,Kalaburagi,29,538,1994,1,1981837.4145729,617,800000,1.0,7.6772792647922,1
Karnataka,Kalaburagi,29,538,1995,1,262803.20430156,94,12000,1.0,6.0216906475049,1
Karnataka,Kalaburagi,29,538,1996,1,177527.01853538,326,100000,1.0,5.9482344637432,1
Karnataka,Kalaburagi,29,538,1997,2,461359.35063058,150,10000,1.0,6.622673838813,1
Karnataka,Kalaburagi,29,538,2000,1,129459.75891805,162,3000000,2.0,6.3674072990361,1
Karnataka,Kalaburagi,29,538,2001,1,44526.51211019099,12,9000,1.0,5.1257399316469,1
Karnataka,Kalaburagi,29,538,2005,1,619197.82147132,126,100000,1.0,7.1897694283678,1
Karnataka,Kalaburagi,29,538,2006,1,394010.73987917,41,0,1.0,6.2944780642496,1
Karnataka,Kalaburagi,29,538,2007,1,450564.3552535,127,200000,1.0,6.7677001834385,1
Karnataka,Kalaburagi,29,538,2009,1,309688.87629397993,303,0,2.0,7.047228106993,1
Karnataka,Kalaburagi,29,538,2014,1,376261.49252047,42,0,1.5,6.9557010155946,1
Karnataka,Kalaburagi,29,538,2020,1,125991.05614617,6,2100,1.5,6.2764309755682,1
Karnataka,Kodagu,29,541,1985,1,254234.59502901,95,25000,1.0,6.1042046512933,1
Karnataka,Kodagu,29,541,1989,1,905209.24002345,780,0,1.0,6.9567489784143,1
Karnataka,Kodagu,29,541,1991,2,1090926.38334009,162,385000,2.0,6.5559874421319,1
Karnataka,Kodagu,29,541,1992,1,752428.65689717,90,8000,1.0,7.4675299347014,1
Karnataka,Kodagu,29,541,1993,1,40595.197340196,35,40000,1.0,5.6498673420845,1
Karnataka,Kodagu,29,541,1994,1,1981837.4145729,617,800000,1.0,7.6772792647922,1
Karnataka,Kodagu,29,541,1997,1,233024.36528434,100,0,1.0,6.622673838813,1
Karnataka,Kodagu,29,541,2000,1,107052.90137071,140,0,1.0,6.1757264778105,1
Karnataka,Kodagu,29,541,2002,1,9745.4074519416,11,0,1.0,4.8338980415418,1
Karnataka,Kodagu,29,541,2004,1,8999.4068773107,45,1000,1.0,4.4313351421146,1
Karnataka,Kodagu,29,541,2005,1,619197.82147132,126,100000,1.0,7.1897694283678,1
Karnataka,Kodagu,29,541,2006,1,42686.917966969,32,10800,2.0,5.8855673045955,1
Karnataka,Kodagu,29,541,2007,1,450564.3552535,127,200000,1.0,6.7677001834385,1
Karnataka,Kodagu,29,541,2018,2,270570.47685106,15,34300,1.5,6.4045534079872,1
Karnataka,Kodagu,29,541,2019,1,94518.754764612,0,22000,1.5,5.753669241778,1
Karnataka,Kodagu,29,541,2021,2,151965.70046552,32,36583,1.5,6.175064374525,1
Karnataka,Kolar,29,542,1989,1,905209.24002345,780,0,1.0,6.9567489784143,1
Karnataka,Kolar,29,542,1990,1,267344.39912722,430,470000,1.0,6.0291310813779,1
Karnataka,Kolar,29,542,1991,1,599564.88825453,90,85000,1.0,6.5559874421319,1
Karnataka,Kolar,29,542,1992,1,752428.65689717,90,8000,1.0,7.4675299347014,1
Karnataka,Kolar,29,542,1994,1,1981837.4145729,617,800000,1.0,7.6772792647922,1
Karnataka,Kolar,29,542,1996,1,177527.01853538,326,100000,1.0,5.9482344637432,1
Karnataka,Kolar,29,542,1997,2,617912.7700778099,106,0,1.0,6.622673838813,1
Karnataka,Kolar,29,542,1998,1,194230.07599669,230,80000,1.0,6.5893464757574,1
Karnataka,Kolar,29,542,2001,1,87384.49860174801,143,50000,1.0,5.71958564905,1
Karnataka,Kolar,29,542,2005,2,750505.81610725,405,400000,1.0,7.1897694283678,1
Karnataka,Kolar,29,542,2007,1,450564.3552535,127,200000,1.0,6.7677001834385,1
Karnataka,Kolar,29,542,2012,1,126082.83119507,40,70000,2.0,6.1006559523551,1
Karnataka,Kolar,29,542,2015,1,93202.053762891,180,400000,2.0,6.6683954867336,1
Karnataka,Kolar,29,542,2021,2,300948.0,47,43827,2.0,6.197103495333,1
Karnataka,Koppal,29,543,1985,1,254234.59502901,95,25000,1.0,6.1042046512933,1
Karnataka,Koppal,29,543,1989,1,905209.24002345,780,0,1.0,6.9567489784143,1
Karnataka,Koppal,29,543,1991,2,1090926.38334009,162,385000,2.0,6.5559874421319,1
Karnataka,Koppal,29,543,1992,1,752428.65689717,90,8000,1.0,7.4675299347014,1
Karnataka,Koppal,29,543,1994,1,1981837.4145729,617,800000,1.0,7.6772792647922,1
Karnataka,Koppal,29,543,1997,1,233024.36528434,100,0,1.0,6.622673838813,1
Karnataka,Koppal,29,543,2005,1,619197.82147132,126,100000,1.0,7.1897694283678,1
Karnataka,Koppal,29,543,2007,1,450564.3552535,127,200000,1.0,6.7677001834385,1
Karnataka,Koppal,29,543,2009,1,309688.87629397993,303,0,2.0,7.047228106993,1
Karnataka,Koppal,29,543,2018,2,270570.47685106,15,34300,1.5,6.4045534079872,1
Karnataka,Koppal,29,543,2021,1,110848.70046552,9,31360,1.5,6.175064374525,1
Karnataka,Mandya,29,544,1985,1,254234.59502901,95,25000,1.0,6.1042046512933,1
Karnataka,Mandya,29,544,1989,1,905209.24002345,780,0,1.0,6.9567489784143,1
Karnataka,Mandya,29,544,1991,2,1090926.38334009,162,385000,2.0,6.5559874421319,1
Karnataka,Mandya,29,544,1992,1,752428.65689717,90,8000,1.0,7.4675299347014,1
Karnataka,Mandya,29,544,1993,1,40595.197340196,35,40000,1.0,5.6498673420845,1
Karnataka,Mandya,29,544,1994,1,1981837.4145729,617,800000,1.0,7.6772792647922,1
Karnataka,Mandya,29,544,1997,1,233024.36528434,100,0,1.0,6.622673838813,1
Karnataka,Mandya,29,544,2005,2,750505.81610725,405,400000,1.0,7.1897694283678,1
Karnataka,Mandya,29,544,2007,1,450564.3552535,127,200000,1.0,6.7677001834385,1
Karnataka,Mandya,29,544,2008,1,144329.28000305,37,10000,1.0,6.0624444321104,1
Karnataka,Mandya,29,544,2009,1,35725.305434915,70,0,1.5,5.5072184599361,1
Karnataka,Mandya,29,544,2018,2,270570.47685106,15,34300,1.5,6.4045534079872,1
Karnataka,Mandya,29,544,2019,1,94518.754764612,0,22000,1.5,5.753669241778,1
Karnataka,Mandya,29,544,2021,2,373241.70046552,32,43360,2.0,6.197103495333,1
Karnataka,Mysuru,29,545,1985,1,254234.59502901,95,25000,1.0,6.1042046512933,1
Karnataka,Mysuru,29,545,1989,1,905209.24002345,780,0,1.0,6.9567489784143,1
Karnataka,Mysuru,29,545,1991,2,1090926.38334009,162,385000,2.0,6.5559874421319,1
Karnataka,Mysuru,29,545,1992,1,752428.65689717,90,8000,1.0,7.4675299347014,1
Karnataka,Mysuru,29,545,1993,1,40595.197340196,35,40000,1.0,5.6498673420845,1
Karnataka,Mysuru,29,545,1994,1,1981837.4145729,617,800000,1.0,7.6772792647922,1
Karnataka,Mysuru,29,545,1997,1,233024.36528434,100,0,1.0,6.622673838813,1
Karnataka,Mysuru,29,545,2000,1,107052.90137071,140,0,1.0,6.1757264778105,1
Karnataka,Mysuru,29,545,2005,1,619197.82147132,126,100000,1.0,7.1897694283678,1
Karnataka,Mysuru,29,545,2006,1,42686.917966969,32,10800,2.0,5.8855673045955,1
Karnataka,Mysuru,29,545,2007,1,450564.3552535,127,200000,1.0,6.7677001834385,1
Karnataka,Mysuru,29,545,2008,1,144329.28000305,37,10000,1.0,6.0624444321104,1
Karnataka,Mysuru,29,545,2011,1,20807.375389913,4,500,1.0,5.4321606547403,1
Karnataka,Mysuru,29,545,2018,2,270570.47685106,15,34300,1.5,6.4045534079872,1
Karnataka,Mysuru,29,545,2019,1,94518.754764612,0,22000,1.5,5.753669241778,1
Karnataka,Mysuru,29,545,2021,3,414358.70046552,55,48583,2.0,6.197103495333,1
Karnataka,Raichur,29,546,1989,1,905209.24002345,780,0,1.0,6.9567489784143,1
Karnataka,Raichur,29,546,1990,1,267344.39912722,430,470000,1.0,6.0291310813779,1
Karnataka,Raichur,29,546,1991,2,1090926.38334009,162,385000,2.0,6.5559874421319,1
Karnataka,Raichur,29,546,1992,1,752428.65689717,90,8000,1.0,7.4675299347014,1
Karnataka,Raichur,29,546,1994,1,1981837.4145729,617,800000,1.0,7.6772792647922,1
Karnataka,Raichur,29,546,1995,1,262803.20430156,94,12000,1.0,6.0216906475049,1
Karnataka,Raichur,29,546,1996,1,177527.01853538,326,100000,1.0,5.9482344637432,1
Karnataka,Raichur,29,546,1997,2,617912.7700778099,106,0,1.0,6.622673838813,1
Karnataka,Raichur,29,546,2000,1,129459.75891805,162,3000000,2.0,6.3674072990361,1
Karnataka,Raichur,29,546,2001,2,131911.01071193902,155,59000,1.0,5.71958564905,1
Karnataka,Raichur,29,546,2005,1,619197.82147132,126,100000,1.0,7.1897694283678,1
Karnataka,Raichur,29,546,2007,1,450564.3552535,127,200000,1.0,6.7677001834385,1
Karnataka,Raichur,29,546,2009,1,309688.87629397993,303,0,2.0,7.047228106993,1
Karnataka,Raichur,29,546,2014,1,376261.49252047,42,0,1.5,6.9557010155946,1
Karnataka,Raichur,29,546,2020,1,125991.05614617,6,2100,1.5,6.2764309755682,1
Karnataka,Raichur,29,546,2021,1,110848.70046552,9,31360,1.5,6.175064374525,1
Karnataka,Ramanagara,29,631,1989,1,905209.24002345,780,0,1.0,6.9567489784143,1
Karnataka,Ramanagara,29,631,1991,1,599564.88825453,90,85000,1.0,6.5559874421319,1
Karnataka,Ramanagara,29,631,1992,1,752428.65689717,90,8000,1.0,7.4675299347014,1
Karnataka,Ramanagara,29,631,1994,1,1981837.4145729,617,800000,1.0,7.6772792647922,1
Karnataka,Ramanagara,29,631,1997,1,233024.36528434,100,0,1.0,6.622673838813,1
Karnataka,Ramanagara,29,631,2005,2,750505.81610725,405,400000,1.0,7.1897694283678,1
Karnataka,Ramanagara,29,631,2007,1,450564.3552535,127,200000,1.0,6.7677001834385,1
Karnataka,Ramanagara,29,631,2008,1,144329.28000305,37,10000,1.0,6.0624444321104,1
Karnataka,Ramanagara,29,631,2009,1,35725.305434915,70,0,1.5,5.5072184599361,1
Karnataka,Ramanagara,29,631,2018,1,153840.06820443,12,34000,1.5,6.4045534079872,1
Karnataka,Ramanagara,29,631,2021,3,503611.70046552,46,54360,2.0,6.197103495333,1
Karnataka,Shivamogga,29,547,1985,1,254234.59502901,95,25000,1.0,6.1042046512933,1
Karnataka,Shivamogga,29,547,1989,1,905209.24002345,780,0,1.0,6.9567489784143,1
Karnataka,Shivamogga,29,547,1991,2,1090926.38334009,162,385000,2.0,6.5559874421319,1
Karnataka,Shivamogga,29,547,1992,1,752428.65689717,90,8000,1.0,7.4675299347014,1
Karnataka,Shivamogga,29,547,1993,1,40595.197340196,35,40000,1.0,5.6498673420845,1
Karnataka,Shivamogga,29,547,1994,1,1981837.4145729,617,800000,1.0,7.6772792647922,1
Karnataka,Shivamogga,29,547,1997,1,233024.36528434,100,0,1.0,6.622673838813,1
Karnataka,Shivamogga,29,547,2000,1,107052.90137071,140,0,1.0,6.1757264778105,1
Karnataka,Shivamogga,29,547,2005,1,619197.82147132,126,100000,1.0,7.1897694283678,1
Karnataka,Shivamogga,29,547,2007,1,450564.3552535,127,200000,1.0,6.7677001834385,1
Karnataka,Shivamogga,29,547,2009,2,373305.1065422259,303,0,2.0,7.047228106993,1
Karnataka,Shivamogga,29,547,2018,2,270570.47685106,15,34300,1.5,6.4045534079872,1
Karnataka,Shivamogga,29,547,2019,1,94518.754764612,0,22000,1.5,5.753669241778,1
Karnataka,Shivamogga,29,547,2021,2,442029.06894479005,32,231360,1.5,6.5992458310632,1
Karnataka,Tumakuru,29,548,1985,1,254234.59502901,95,25000,1.0,6.1042046512933,1
Karnataka,Tumakuru,29,548,1989,1,905209.24002345,780,0,1.0,6.9567489784143,1
Karnataka,Tumakuru,29,548,1990,1,267344.39912722,430,470000,1.0,6.0291310813779,1
Karnataka,Tumakuru,29,548,1991,2,1090926.38334009,162,385000,2.0,6.5559874421319,1
Karnataka,Tumakuru,29,548,1992,1,752428.65689717,90,8000,1.0,7.4675299347014,1
Karnataka,Tumakuru,29,548,1993,1,40595.197340196,35,40000,1.0,5.6498673420845,1
Karnataka,Tumakuru,29,548,1994,1,1981837.4145729,617,800000,1.0,7.6772792647922,1
Karnataka,Tumakuru,29,548,1995,1,262803.20430156,94,12000,1.0,6.0216906475049,1
Karnataka,Tumakuru,29,548,1996,1,177527.01853538,326,100000,1.0,5.9482344637432,1
Karnataka,Tumakuru,29,548,1997,2,617912.7700778099,106,0,1.0,6.622673838813,1
Karnataka,Tumakuru,29,548,2001,1,87384.49860174801,143,50000,1.0,5.71958564905,1
Karnataka,Tumakuru,29,548,2005,1,619197.82147132,126,100000,1.0,7.1897694283678,1
Karnataka,Tumakuru,29,548,2007,1,450564.3552535,127,200000,1.0,6.7677001834385,1
Karnataka,Tumakuru,29,548,2008,1,144329.28000305,37,10000,1.0,6.0624444321104,1
Karnataka,Tumakuru,29,548,2009,1,309688.87629397993,303,0,2.0,7.047228106993,1
Karnataka,Tumakuru,29,548,2018,2,270570.47685106,15,34300,1.5,6.4045534079872,1
Karnataka,Tumakuru,29,548,2019,1,94518.754764612,0,22000,1.5,5.753669241778,1
Karnataka,Tumakuru,29,548,2021,2,373241.70046552,32,43360,2.0,6.197103495333,1
Karnataka,Udupi,29,549,1985,1,254234.59502901,95,25000,1.0,6.1042046512933,1
Karnataka,Udupi,29,549,1989,1,905209.24002345,780,0,1.0,6.9567489784143,1
Karnataka,Udupi,29,549,1991,2,1090926.38334009,162,385000,2.0,6.5559874421319,1
Karnataka,Udupi,29,549,1992,1,752428.65689717,90,8000,1.0,7.4675299347014,1
Karnataka,Udupi,29,549,1993,1,40595.197340196,35,40000,1.0,5.6498673420845,1
Karnataka,Udupi,29,549,1994,1,1981837.4145729,617,800000,1.0,7.6772792647922,1
Karnataka,Udupi,29,549,1997,1,233024.36528434,100,0,1.0,6.622673838813,1
Karnataka,Udupi,29,549,2000,1,107052.90137071,140,0,1.0,6.1757264778105,1
Karnataka,Udupi,29,549,2005,1,619197.82147132,126,100000,1.0,7.1897694283678,1
Karnataka,Udupi,29,549,2007,1,450564.3552535,127,200000,1.0,6.7677001834385,1
Karnataka,Udupi,29,549,2009,2,373305.1065422259,303,0,2.0,7.047228106993,1
Karnataka,Udupi,29,549,2018,2,270570.47685106,15,34300,1.5,6.4045534079872,1
Karnataka,Udupi,29,549,2019,1,94518.754764612,0,22000,1.5,5.753669241778,1
Karnataka,Udupi,29,549,2021,2,442029.06894479005,32,231360,1.5,6.5992458310632,1
Karnataka,Uttara Kannada,29,550,1985,1,254234.59502901,95,25000,1.0,6.1042046512933,1
Karnataka,Uttara Kannada,29,550,1989,1,905209.24002345,780,0,1.0,6.9567489784143,1
Karnataka,Uttara Kannada,29,550,1991,2,1090926.38334009,162,385000,2.0,6.5559874421319,1
Karnataka,Uttara Kannada,29,550,1992,1,752428.65689717,90,8000,1.0,7.4675299347014,1
Karnataka,Uttara Kannada,29,550,1994,1,1981837.4145729,617,800000,1.0,7.6772792647922,1
Karnataka,Uttara Kannada,29,550,1997,1,233024.36528434,100,0,1.0,6.622673838813,1
Karnataka,Uttara Kannada,29,550,2000,1,107052.90137071,140,0,1.0,6.1757264778105,1
Karnataka,Uttara Kannada,29,550,2005,2,654749.3913717,1113,260000,1.0,7.1897694283678,1
Karnataka,Uttara Kannada,29,550,2007,1,450564.3552535,127,200000,1.0,6.7677001834385,1
Karnataka,Uttara Kannada,29,550,2009,2,373305.1065422259,303,0,2.0,7.047228106993,1
Karnataka,Uttara Kannada,29,550,2018,2,270570.47685106,15,34300,1.5,6.4045534079872,1
Karnataka,Uttara Kannada,29,550,2021,2,442029.06894479005,32,231360,1.5,6.5992458310632,1
Karnataka,Vijayapura,29,530,1985,1,254234.59502901,95,25000,1.0,6.1042046512933,1
Karnataka,Vijayapura,29,530,1989,1,905209.24002345,780,0,1.0,6.9567489784143,1
Karnataka,Vijayapura,29,530,1991,2,1090926.38334009,162,385000,2.0,6.5559874421319,1
Karnataka,Vijayapura,29,530,1992,1,752428.65689717,90,8000,1.0,7.4675299347014,1
Karnataka,Vijayapura,29,530,1994,1,1981837.4145729,617,800000,1.0,7.6772792647922,1
Karnataka,Vijayapura,29,530,1997,2,461359.35063058,150,10000,1.0,6.622673838813,1
Karnataka,Vijayapura,29,530,2005,1,619197.82147132,126,100000,1.0,7.1897694283678,1
Karnataka,Vijayapura,29,530,2006,1,394010.73987917,41,0,1.0,6.2944780642496,1
Karnataka,Vijayapura,29,530,2007,1,450564.3552535,127,200000,1.0,6.7677001834385,1
Karnataka,Vijayapura,29,530,2009,2,373305.1065422259,303,0,2.0,7.047228106993,1
Karnataka,Vijayapura,29,530,2018,1,116730.40864663002,3,300,1.5,5.544305260612,1
Karnataka,Vijayapura,29,530,2021,2,442029.06894479005,32,231360,1.5,6.5992458310632,1
Karnataka,Yadgir,29,635,1989,1,905209.24002345,780,0,1.0,6.9567489784143,1
Karnataka,Yadgir,29,635,1991,2,1090926.38334009,162,385000,2.0,6.5559874421319,1
Karnataka,Yadgir,29,635,1992,1,752428.65689717,90,8000,1.0,7.4675299347014,1
Karnataka,Yadgir,29,635,1994,1,1981837.4145729,617,800000,1.0,7.6772792647922,1
Karnataka,Yadgir,29,635,1995,1,262803.20430156,94,12000,1.0,6.0216906475049,1
Karnataka,Yadgir,29,635,1996,1,177527.01853538,326,100000,1.0,5.9482344637432,1
Karnataka,Yadgir,29,635,1997,1,233024.36528434,100,0,1.0,6.622673838813,1
Karnataka,Yadgir,29,635,2000,1,129459.75891805,162,3000000,2.0,6.3674072990361,1
Karnataka,Yadgir,29,635,2001,1,44526.51211019099,12,9000,1.0,5.1257399316469,1
Karnataka,Yadgir,29,635,2005,1,619197.82147132,126,100000,1.0,7.1897694283678,1
Karnataka,Yadgir,29,635,2007,1,450564.3552535,127,200000,1.0,6.7677001834385,1
Karnataka,Yadgir,29,635,2009,1,309688.87629397993,303,0,2.0,7.047228106993,1
Karnataka,Yadgir,29,635,2014,1,376261.49252047,42,0,1.5,6.9557010155946,1
Karnataka,Yadgir,29,635,2020,1,125991.05614617,6,2100,1.5,6.2764309755682,1
Kerala,Alappuzha,32,554,1985,1,254234.59502901,95,25000,1.0,6.1042046512933,1
Kerala,Alappuzha,32,554,1989,1,905209.24002345,780,0,1.0,6.9567489784143,1
Kerala,Alappuzha,32,554,1991,1,491361.49508556,72,300000,2.0,6.4695523709301,1
Kerala,Alappuzha,32,554,1992,1,752428.65689717,90,8000,1.0,7.4675299347014,1
Kerala,Alappuzha,32,554,1994,1,1981837.4145729,617,800000,1.0,7.6772792647922,1
Kerala,Alappuzha,32,554,1997,1,233024.36528434,100,0,1.0,6.622673838813,1
Kerala,Alappuzha,32,554,2001,1,4467.8490627755,86,40000,1.0,4.7640418452395,1
Kerala,Alappuzha,32,554,2006,1,42686.917966969,32,10800,2.0,5.8855673045955,1
Kerala,Alappuzha,32,554,2007,1,24124.301414631,44,35000,1.0,5.0814247503451,1
Kerala,Alappuzha,32,554,2018,2,178280.53688215298,32,35000,1.5,6.4045534079872,1
Kerala,Alappuzha,32,554,2019,1,94518.754764612,0,22000,1.5,5.753669241778,1
Kerala,Alappuzha,32,554,2021,2,95157.62878021199,23,6066,1.5,6.0227550048988,1
Kerala,Ernakulam,32,555,1985,1,254234.59502901,95,25000,1.0,6.1042046512933,1
Kerala,Ernakulam,32,555,1989,1,905209.24002345,780,0,1.0,6.9567489784143,1
Kerala,Ernakulam,32,555,1991,2,1090926.38334009,162,385000,2.0,6.5559874421319,1
Kerala,Ernakulam,32,555,1992,1,752428.65689717,90,8000,1.0,7.4675299347014,1
Kerala,Ernakulam,32,555,1993,1,40501.36504956799,95,0,1.0,5.3064396651681,1
Kerala,Ernakulam,32,555,1994,1,1981837.4145729,617,800000,1.0,7.6772792647922,1
Kerala,Ernakulam,32,555,1997,1,233024.36528434,100,0,1.0,6.622673838813,1
Kerala,Ernakulam,32,555,2000,1,107052.90137071,140,0,1.0,6.1757264778105,1
Kerala,Ernakulam,32,555,2001,1,4467.8490627755,86,40000,1.0,4.7640418452395,1
Kerala,Ernakulam,32,555,2006,1,42686.917966969,32,10800,2.0,5.8855673045955,1
Kerala,Ernakulam,32,555,2007,1,24124.301414631,44,35000,1.0,5.0814247503451,1
Kerala,Ernakulam,32,555,2008,1,144329.28000305,37,10000,1.0,6.0624444321104,1
Kerala,Ernakulam,32,555,2011,1,20807.375389913,4,500,1.0,5.4321606547403,1
Kerala,Ernakulam,32,555,2018,2,178280.53688215298,32,35000,1.5,6.4045534079872,1
Kerala,Ernakulam,32,555,2019,1,94518.754764612,0,22000,1.5,5.753669241778,1
Kerala,Ernakulam,32,555,2021,3,357550.628780212,46,18066,2.0,6.197103495333,1
Kerala,Ernakulam,32,555,2023,1,23760.0,0,7500,1.0,4.9779064276371,1
Kerala,Idukki,32,556,1985,1,254234.59502901,95,25000,1.0,6.1042046512933,1
Kerala,Idukki,32,556,1989,1,905209.24002345,780,0,1.0,6.9567489784143,1
Kerala,Idukki,32,556,1991,2,1090926.38334009,162,385000,2.0,6.5559874421319,1
Kerala,Idukki,32,556,1992,1,752428.65689717,90,8000,1.0,7.4675299347014,1
Kerala,Idukki,32,556,1993,1,40501.36504956799,95,0,1.0,5.3064396651681,1
Kerala,Idukki,32,556,1994,1,1981837.4145729,617,800000,1.0,7.6772792647922,1
Kerala,Idukki,32,556,1997,2,617912.7700778099,106,0,1.0,6.622673838813,1
Kerala,Idukki,32,556,2006,1,42686.917966969,32,10800,2.0,5.8855673045955,1
Kerala,Idukki,32,556,2007,1,24124.301414631,44,35000,1.0,5.0814247503451,1
Kerala,Idukki,32,556,2008,1,144329.28000305,37,10000,1.0,6.0624444321104,1
Kerala,Idukki,32,556,2009,1,35725.305434915,70,0,1.5,5.5072184599361,1
Kerala,Idukki,32,556,2010,1,57474.500439341,170,0,1.5,6.2972943002015,1
Kerala,Idukki,32,556,2011,1,20807.375389913,4,500,1.0,5.4321606547403,1
Kerala,Idukki,32,556,2012,1,126082.83119507,40,70000,2.0,6.1006559523551,1
Kerala,Idukki,32,556,2018,2,178280.53688215298,32,35000,1.5,6.4045534079872,1
Kerala,Idukki,32,556,2019,1,94518.754764612,0,22000,1.5,5.753669241778,1
Kerala,Idukki,32,556,2021,4,487920.628780212,60,29066,2.0,6.197103495333,1
Kerala,Idukki,32,556,2023,1,23760.0,0,7500,1.0,4.9779064276371,1
Kerala,Kannur,32,557,1985,1,254234.59502901,95,25000,1.0,6.1042046512933,1
Kerala,Kannur,32,557,1989,1,905209.24002345,780,0,1.0,6.9567489784143,1
Kerala,Kannur,32,557,1991,2,1090926.38334009,162,385000,2.0,6.5559874421319,1
Kerala,Kannur,32,557,1992,1,752428.65689717,90,8000,1.0,7.4675299347014,1
Kerala,Kannur,32,557,1994,1,1981837.4145729,617,800000,1.0,7.6772792647922,1
Kerala,Kannur,32,557,1997,1,233024.36528434,100,0,1.0,6.622673838813,1
Kerala,Kannur,32,557,2000,1,107052.90137071,140,0,1.0,6.1757264778105,1
Kerala,Kannur,32,557,2002,1,9745.4074519416,11,0,1.0,4.8338980415418,1
Kerala,Kannur,32,557,2004,1,8999.4068773107,45,1000,1.0,4.4313351421146,1
Kerala,Kannur,32,557,2006,1,42686.917966969,32,10800,2.0,5.8855673045955,1
Kerala,Kannur,32,557,2007,2,474688.656668131,171,235000,1.0,6.7677001834385,1
Kerala,Kannur,32,557,2018,2,270570.47685106,15,34300,1.5,6.4045534079872,1
Kerala,Kannur,32,557,2019,1,94518.754764612,0,22000,1.5,5.753669241778,1
Kerala,Kannur,32,557,2021,3,483146.06894479005,55,236583,1.5,6.5992458310632,1
Kerala,Kasaragod,32,558,1985,1,254234.59502901,95,25000,1.0,6.1042046512933,1
Kerala,Kasaragod,32,558,1989,1,905209.24002345,780,0,1.0,6.9567489784143,1
Kerala,Kasaragod,32,558,1991,2,1090926.38334009,162,385000,2.0,6.5559874421319,1
Kerala,Kasaragod,32,558,1992,1,752428.65689717,90,8000,1.0,7.4675299347014,1
Kerala,Kasaragod,32,558,1993,1,40595.197340196,35,40000,1.0,5.6498673420845,1
Kerala,Kasaragod,32,558,1994,1,1981837.4145729,617,800000,1.0,7.6772792647922,1
Kerala,Kasaragod,32,558,1997,1,233024.36528434,100,0,1.0,6.622673838813,1
Kerala,Kasaragod,32,558,2000,1,107052.90137071,140,0,1.0,6.1757264778105,1
Kerala,Kasaragod,32,558,2002,1,9745.4074519416,11,0,1.0,4.8338980415418,1
Kerala,Kasaragod,32,558,2003,1,766.5224476186,4,0,1.0,3.4865848690234,1
Kerala,Kasaragod,32,558,2004,1,8999.4068773107,45,1000,1.0,4.4313351421146,1
Kerala,Kasaragod,32,558,2006,1,42686.917966969,32,10800,2.0,5.8855673045955,1
Kerala,Kasaragod,32,558,2007,1,450564.3552535,127,200000,1.0,6.7677001834385,1
Kerala,Kasaragod,32,558,2018,2,270570.47685106,15,34300,1.5,6.4045534079872,1
Kerala,Kasaragod,32,558,2019,1,94518.754764612,0,22000,1.5,5.753669241778,1
Kerala,Kasaragod,32,558,2021,3,483146.06894479005,55,236583,1.5,6.5992458310632,1
Kerala,Kollam,32,559,1985,1,254234.59502901,95,25000,1.0,6.1042046512933,1
Kerala,Kollam,32,559,1989,1,905209.24002345,780,0,1.0,6.9567489784143,1
Kerala,Kollam,32,559,1991,2,1090926.38334009,162,385000,2.0,6.5559874421319,1
Kerala,Kollam,32,559,1992,1,752428.65689717,90,8000,1.0,7.4675299347014,1
Kerala,Kollam,32,559,1994,1,1981837.4145729,617,800000,1.0,7.6772792647922,1
Kerala,Kollam,32,559,1997,2,617912.7700778099,106,0,1.0,6.622673838813,1
Kerala,Kollam,32,559,2006,1,42686.917966969,32,10800,2.0,5.8855673045955,1
Kerala,Kollam,32,559,2007,1,24124.301414631,44,35000,1.0,5.0814247503451,1
Kerala,Kollam,32,559,2008,1,144329.28000305,37,10000,1.0,6.0624444321104,1
Kerala,Kollam,32,559,2010,1,57474.500439341,170,0,1.5,6.2972943002015,1
Kerala,Kollam,32,559,2018,2,178280.53688215298,32,35000,1.5,6.4045534079872,1
Kerala,Kollam,32,559,2019,1,94518.754764612,0,22000,1.5,5.753669241778,1
Kerala,Kollam,32,559,2021,3,225527.628780212,37,17066,1.5,6.0227550048988,1
Kerala,Kottayam,32,560,1985,1,254234.59502901,95,25000,1.0,6.1042046512933,1
Kerala,Kottayam,32,560,1989,1,905209.24002345,780,0,1.0,6.9567489784143,1
Kerala,Kottayam,32,560,1991,1,491361.49508556,72,300000,2.0,6.4695523709301,1
Kerala,Kottayam,32,560,1992,1,752428.65689717,90,8000,1.0,7.4675299347014,1
Kerala,Kottayam,32,560,1994,1,1981837.4145729,617,800000,1.0,7.6772792647922,1
Kerala,Kottayam,32,560,1997,1,233024.36528434,100,0,1.0,6.622673838813,1
Kerala,Kottayam,32,560,2001,1,4467.8490627755,86,40000,1.0,4.7640418452395,1
Kerala,Kottayam,32,560,2006,1,42686.917966969,32,10800,2.0,5.8855673045955,1
Kerala,Kottayam,32,560,2007,1,24124.301414631,44,35000,1.0,5.0814247503451,1
Kerala,Kottayam,32,560,2008,1,144329.28000305,37,10000,1.0,6.0624444321104,1
Kerala,Kottayam,32,560,2018,2,178280.53688215298,32,35000,1.5,6.4045534079872,1
Kerala,Kottayam,32,560,2019,1,94518.754764612,0,22000,1.5,5.753669241778,1
Kerala,Kottayam,32,560,2021,2,95157.62878021199,23,6066,1.5,6.0227550048988,1
Kerala,Kozhikode,32,561,1985,1,254234.59502901,95,25000,1.0,6.1042046512933,1
Kerala,Kozhikode,32,561,1989,1,905209.24002345,780,0,1.0,6.9567489784143,1
Kerala,Kozhikode,32,561,1991,1,491361.49508556,72,300000,2.0,6.4695523709301,1
Kerala,Kozhikode,32,561,1992,1,752428.65689717,90,8000,1.0,7.4675299347014,1
Kerala,Kozhikode,32,561,1994,1,1981837.4145729,617,800000,1.0,7.6772792647922,1
Kerala,Kozhikode,32,561,1997,1,233024.36528434,100,0,1.0,6.622673838813,1
Kerala,Kozhikode,32,561,2000,1,107052.90137071,140,0,1.0,6.1757264778105,1
Kerala,Kozhikode,32,561,2002,1,9745.4074519416,11,0,1.0,4.8338980415418,1
Kerala,Kozhikode,32,561,2004,1,8999.4068773107,45,1000,1.0,4.4313351421146,1
Kerala,Kozhikode,32,561,2006,1,42686.917966969,32,10800,2.0,5.8855673045955,1
Kerala,Kozhikode,32,561,2007,2,474688.656668131,171,235000,1.0,6.7677001834385,1
Kerala,Kozhikode,32,561,2011,1,20807.375389913,4,500,1.0,5.4321606547403,1
Kerala,Kozhikode,32,561,2018,2,270570.47685106,15,34300,1.5,6.4045534079872,1
Kerala,Kozhikode,32,561,2019,1,94518.754764612,0,22000,1.5,5.753669241778,1
Kerala,Kozhikode,32,561,2021,1,41117.0,23,5223,1.5,5.6352107189926,1
Kerala,Malappuram,32,562,1985,1,254234.59502901,95,25000,1.0,6.1042046512933,1
Kerala,Malappuram,32,562,1989,1,905209.24002345,780,0,1.0,6.9567489784143,1
Kerala,Malappuram,32,562,1990,1,13576.30928919,44,0,1.0,4.8317517276541,1
Kerala,Malappuram,32,562,1991,2,1090926.38334009,162,385000,2.0,6.5559874421319,1
Kerala,Malappuram,32,562,1992,1,752428.65689717,90,8000,1.0,7.4675299347014,1
Kerala,Malappuram,32,562,1993,1,40501.36504956799,95,0,1.0,5.3064396651681,1
Kerala,Malappuram,32,562,1994,1,1981837.4145729,617,800000,1.0,7.6772792647922,1
Kerala,Malappuram,32,562,1997,1,233024.36528434,100,0,1.0,6.622673838813,1
Kerala,Malappuram,32,562,2000,1,107052.90137071,140,0,1.0,6.1757264778105,1
Kerala,Malappuram,32,562,2002,1,9745.4074519416,11,0,1.0,4.8338980415418,1
Kerala,Malappuram,32,562,2004,1,8999.4068773107,45,1000,1.0,4.4313351421146,1
Kerala,Malappuram,32,562,2006,1,42686.917966969,32,10800,2.0,5.8855673045955,1
Kerala,Malappuram,32,562,2007,2,474688.656668131,171,235000,1.0,6.7677001834385,1
Kerala,Malappuram,32,562,2008,1,144329.28000305,37,10000,1.0,6.0624444321104,1
Kerala,Malappuram,32,562,2011,1,20807.375389913,4,500,1.0,5.4321606547403,1
Kerala,Malappuram,32,562,2018,1,153840.06820443,12,34000,1.5,6.4045534079872,1
Kerala,Malappuram,32,562,2019,1,94518.754764612,0,22000,1.5,5.753669241778,1
Kerala,Malappuram,32,562,2021,2,171487.0,37,16223,1.5,5.9902389289179,1
Kerala,Palakkad,32,563,1985,1,254234.59502901,95,25000,1.0,6.1042046512933,1
Kerala,Palakkad,32,563,1989,1,905209.24002345,780,0,1.0,6.9567489784143,1
Kerala,Palakkad,32,563,1990,1,13576.30928919,44,0,1.0,4.8317517276541,1
Kerala,Palakkad,32,563,1991,2,1090926.38334009,162,385000,2.0,6.5559874421319,1
Kerala,Palakkad,32,563,1992,1,752428.65689717,90,8000,1.0,7.4675299347014,1
Kerala,Palakkad,32,563,1993,1,40501.36504956799,95,0,1.0,5.3064396651681,1
Kerala,Palakkad,32,563,1994,1,1981837.4145729,617,800000,1.0,7.6772792647922,1
Kerala,Palakkad,32,563,1997,1,233024.36528434,100,0,1.0,6.622673838813,1
Kerala,Palakkad,32,563,2000,1,107052.90137071,140,0,1.0,6.1757264778105,1
Kerala,Palakkad,32,563,2006,1,42686.917966969,32,10800,2.0,5.8855673045955,1
Kerala,Palakkad,32,563,2007,2,474688.656668131,171,235000,1.0,6.7677001834385,1
Kerala,Palakkad,32,563,2008,1,144329.28000305,37,10000,1.0,6.0624444321104,1
Kerala,Palakkad,32,563,2011,1,20807.375389913,4,500,1.0,5.4321606547403,1
Kerala,Palakkad,32,563,2018,2,178280.53688215298,32,35000,1.5,6.4045534079872,1
Kerala,Palakkad,32,563,2019,1,94518.754764612,0,22000,1.5,5.753669241778,1
Kerala,Palakkad,32,563,2021,4,487920.628780212,60,29066,2.0,6.197103495333,1
Kerala,Palakkad,32,563,2023,1,23760.0,0,7500,1.0,4.9779064276371,1
Kerala,Pathanamthitta,32,564,1985,1,254234.59502901,95,25000,1.0,6.1042046512933,1
Kerala,Pathanamthitta,32,564,1989,1,905209.24002345,780,0,1.0,6.9567489784143,1
Kerala,Pathanamthitta,32,564,1991,2,1090926.38334009,162,385000,2.0,6.5559874421319,1
Kerala,Pathanamthitta,32,564,1992,1,752428.65689717,90,8000,1.0,7.4675299347014,1
Kerala,Pathanamthitta,32,564,1994,1,1981837.4145729,617,800000,1.0,7.6772792647922,1
Kerala,Pathanamthitta,32,564,1997,2,617912.7700778099,106,0,1.0,6.622673838813,1
Kerala,Pathanamthitta,32,564,2001,1,4467.8490627755,86,40000,1.0,4.7640418452395,1
Kerala,Pathanamthitta,32,564,2006,1,42686.917966969,32,10800,2.0,5.8855673045955,1
Kerala,Pathanamthitta,32,564,2007,1,24124.301414631,44,35000,1.0,5.0814247503451,1
Kerala,Pathanamthitta,32,564,2008,1,144329.28000305,37,10000,1.0,6.0624444321104,1
Kerala,Pathanamthitta,32,564,2010,1,57474.500439341,170,0,1.5,6.2972943002015,1
Kerala,Pathanamthitta,32,564,2018,2,178280.53688215298,32,35000,1.5,6.4045534079872,1
Kerala,Pathanamthitta,32,564,2019,1,94518.754764612,0,22000,1.5,5.753669241778,1
Kerala,Pathanamthitta,32,564,2021,4,487920.628780212,60,29066,2.0,6.197103495333,1
Kerala,Thiruvananthapuram,32,565,1985,1,254234.59502901,95,25000,1.0,6.1042046512933,1
Kerala,Thiruvananthapuram,32,565,1989,1,905209.24002345,780,0,1.0,6.9567489784143,1
Kerala,Thiruvananthapuram,32,565,1991,2,1090926.38334009,162,385000,2.0,6.5559874421319,1
Kerala,Thiruvananthapuram,32,565,1992,1,752428.65689717,90,8000,1.0,7.4675299347014,1
Kerala,Thiruvananthapuram,32,565,1994,2,2071067.316363167,657,800000,1.0,7.6772792647922,1
Kerala,Thiruvananthapuram,32,565,1997,2,617912.7700778099,106,0,1.0,6.622673838813,1
Kerala,Thiruvananthapuram,32,565,2006,1,42686.917966969,32,10800,2.0,5.8855673045955,1
Kerala,Thiruvananthapuram,32,565,2008,1,144329.28000305,37,10000,1.0,6.0624444321104,1
Kerala,Thiruvananthapuram,32,565,2010,1,57474.500439341,170,0,1.5,6.2972943002015,1
Kerala,Thiruvananthapuram,32,565,2018,1,24440.468677723,20,1000,1.5,5.1662607801946,1
Kerala,Thiruvananthapuram,32,565,2019,1,94518.754764612,0,22000,1.5,5.753669241778,1
Kerala,Thiruvananthapuram,32,565,2021,3,225527.628780212,37,17066,1.5,6.0227550048988,1
Kerala,Thrissur,32,566,1985,1,254234.59502901,95,25000,1.0,6.1042046512933,1
Kerala,Thrissur,32,566,1989,1,905209.24002345,780,0,1.0,6.9567489784143,1
Kerala,Thrissur,32,566,1991,1,491361.49508556,72,300000,2.0,6.4695523709301,1
Kerala,Thrissur,32,566,1992,1,752428.65689717,90,8000,1.0,7.4675299347014,1
Kerala,Thrissur,32,566,1994,1,1981837.4145729,617,800000,1.0,7.6772792647922,1
Kerala,Thrissur,32,566,1997,1,233024.36528434,100,0,1.0,6.622673838813,1
Kerala,Thrissur,32,566,2000,1,107052.90137071,140,0,1.0,6.1757264778105,1
Kerala,Thrissur,32,566,2001,1,4467.8490627755,86,40000,1.0,4.7640418452395,1
Kerala,Thrissur,32,566,2006,1,42686.917966969,32,10800,2.0,5.8855673045955,1
Kerala,Thrissur,32,566,2007,2,474688.656668131,171,235000,1.0,6.7677001834385,1
Kerala,Thrissur,32,566,2008,1,144329.28000305,37,10000,1.0,6.0624444321104,1
Kerala,Thrissur,32,566,2011,1,20807.375389913,4,500,1.0,5.4321606547403,1
Kerala,Thrissur,32,566,2018,2,178280.53688215298,32,35000,1.5,6.4045534079872,1
Kerala,Thrissur,32,566,2019,1,94518.754764612,0,22000,1.5,5.753669241778,1
Kerala,Thrissur,32,566,2021,3,225527.628780212,37,17066,1.5,6.0227550048988,1
Kerala,Wayanad,32,567,1985,1,254234.59502901,95,25000,1.0,6.1042046512933,1
Kerala,Wayanad,32,567,1989,1,905209.24002345,780,0,1.0,6.9567489784143,1
Kerala,Wayanad,32,567,1991,2,1090926.38334009,162,385000,2.0,6.5559874421319,1
Kerala,Wayanad,32,567,1992,1,752428.65689717,90,8000,1.0,7.4675299347014,1
Kerala,Wayanad,32,567,1993,2,81096.56238976399,130,40000,1.0,5.6498673420845,1
Kerala,Wayanad,32,567,1994,1,1981837.4145729,617,800000,1.0,7.6772792647922,1
Kerala,Wayanad,32,567,1997,1,233024.36528434,100,0,1.0,6.622673838813,1
Kerala,Wayanad,32,567,2000,1,107052.90137071,140,0,1.0,6.1757264778105,1
Kerala,Wayanad,32,567,2002,1,9745.4074519416,11,0,1.0,4.8338980415418,1
Kerala,Wayanad,32,567,2004,1,8999.4068773107,45,1000,1.0,4.4313351421146,1
Kerala,Wayanad,32,567,2006,1,42686.917966969,32,10800,2.0,5.8855673045955,1
Kerala,Wayanad,32,567,2007,2,474688.656668131,171,235000,1.0,6.7677001834385,1
Kerala,Wayanad,32,567,2008,1,144329.28000305,37,10000,1.0,6.0624444321104,1
Kerala,Wayanad,32,567,2011,1,20807.375389913,4,500,1.0,5.4321606547403,1
Kerala,Wayanad,32,567,2018,2,270570.47685106,15,34300,1.5,6.4045534079872,1
Kerala,Wayanad,32,567,2019,1,94518.754764612,0,22000,1.5,5.753669241778,1
Kerala,Wayanad,32,567,2021,2,171487.0,37,16223,1.5,5.9902389289179,1
Ladakh,Kargil,37,006,1985,1,117441.17319879,340,20000,1.0,6.1837637333599,1
Ladakh,Kargil,37,006,1988,2,1116265.80873124,964,1750000,2.0,7.7855937662664,1
Ladakh,Kargil,37,006,1990,2,1191482.28029793,442,63517,1.0,7.3840771654136,1
Ladakh,Kargil,37,006,1991,1,547679.02054319,88,0,1.0,6.9146173641677,1
Ladakh,Kargil,37,006,1994,1,1981837.4145729,617,800000,1.0,7.6772792647922,1
Ladakh,Kargil,37,006,1995,1,762936.8925746998,600,2000000,1.0,7.1835186118101,1
Ladakh,Kargil,37,006,1997,2,97544.694147323,226,0,1.0,5.6049973348387,1
Ladakh,Kargil,37,006,2007,1,191449.94642663,76,15000,1.0,6.0602064995389,1
Ladakh,Kargil,37,006,2010,1,145020.40692538,150,180,1.5,5.814641633193,1
Ladakh,Kargil,37,006,2013,1,131743.41457489,5748,75000,1.5,6.4999401571691,1
Ladakh,Kargil,37,006,2015,1,70287.980582539,44,2907,1.5,6.1021535710482,1
Ladakh,Leh Ladakh,37,009,1985,1,117441.17319879,340,20000,1.0,6.1837637333599,1
Ladakh,Leh Ladakh,37,009,1988,2,1116265.80873124,964,1750000,2.0,7.7855937662664,1
Ladakh,Leh Ladakh,37,009,1990,2,1191482.28029793,442,63517,1.0,7.3840771654136,1
Ladakh,Leh Ladakh,37,009,1991,1,547679.02054319,88,0,1.0,6.9146173641677,1
Ladakh,Leh Ladakh,37,009,1994,2,2034175.938730731,677,800000,1.0,7.6772792647922,1
Ladakh,Leh Ladakh,37,009,1995,1,762936.8925746998,600,2000000,1.0,7.1835186118101,1
Ladakh,Leh Ladakh,37,009,1997,2,97544.694147323,226,0,1.0,5.6049973348387,1
Ladakh,Leh Ladakh,37,009,2007,2,259557.33574223198,88,17000,1.0,6.0602064995389,1
Ladakh,Leh Ladakh,37,009,2010,1,145020.40692538,150,180,1.5,5.814641633193,1
Ladakh,Leh Ladakh,37,009,2013,1,131743.41457489,5748,75000,1.5,6.4999401571691,1
Ladakh,Leh Ladakh,37,009,2015,1,70287.980582539,44,2907,1.5,6.1021535710482,1
Madhya Pradesh,Agar Malwa,23,667,1990,1,1100663.2969222,425,63517,1.0,7.3840771654136,1
Madhya Pradesh,Agar Malwa,23,667,1994,1,1981837.4145729,617,800000,1.0,7.6772792647922,1
Madhya Pradesh,Agar Malwa,23,667,1995,1,762936.8925746998,600,2000000,1.0,7.1835186118101,1
Madhya Pradesh,Agar Malwa,23,667,1996,1,328726.91805633,63,20000,1.0,6.8390545628091,1
Madhya Pradesh,Agar Malwa,23,667,2007,1,398939.17397885,225,63000,1.0,6.7148500364169,1
Madhya Pradesh,Agar Malwa,23,667,2016,1,377732.8783474799,20,0,1.5,6.2303973017891,1
Madhya Pradesh,Agar Malwa,23,667,2019,1,236728.10703236,0,45000,1.5,6.45343107138,1
Madhya Pradesh,Agar Malwa,23,667,2020,1,613621.1193165,13,60,1.5,6.8090895976067,1
Madhya Pradesh,Alirajpur,23,639,1989,1,905209.24002345,780,0,1.0,6.9567489784143,1
Madhya Pradesh,Alirajpur,23,639,1990,2,1286824.89803606,475,63517,1.0,7.3840771654136,1
Madhya Pradesh,Alirajpur,23,639,1991,1,491361.49508556,72,300000,2.0,6.4695523709301,1
Madhya Pradesh,Alirajpur,23,639,1992,1,752428.65689717,90,8000,1.0,7.4675299347014,1
Madhya Pradesh,Alirajpur,23,639,1994,1,1981837.4145729,617,800000,1.0,7.6772792647922,1
Madhya Pradesh,Alirajpur,23,639,1997,1,183142.55210795,273,20000,1.0,7.0823331973675,1
Madhya Pradesh,Alirajpur,23,639,1998,1,214517.3591745,12,50000,1.0,5.808583696642,1
Madhya Pradesh,Alirajpur,23,639,2003,2,50461.951904541,6,14000,1.0,5.4212696596744,1
Madhya Pradesh,Alirajpur,23,639,2005,1,53194.834384822,15,0,1.0,6.0268994567731,1
Madhya Pradesh,Alirajpur,23,639,2006,2,564066.6249895501,65,8400,1.0,6.2944780642496,1
Madhya Pradesh,Alirajpur,23,639,2007,1,398939.17397885,225,63000,1.0,6.7148500364169,1
Madhya Pradesh,Alirajpur,23,639,2011,1,33056.092108546,0,5000,1.5,5.9963727646928,1
Madhya Pradesh,Alirajpur,23,639,2016,1,377732.8783474799,20,0,1.5,6.2303973017891,1
Madhya Pradesh,Alirajpur,23,639,2018,1,57211.118731384,20,0,1.0,5.7988731253923,1
Madhya Pradesh,Alirajpur,23,639,2019,1,113845.84978471,36,0,1.5,5.9313784665602,1
Madhya Pradesh,Alirajpur,23,639,2020,1,613621.1193165,13,60,1.5,6.8090895976067,1
Madhya Pradesh,Alirajpur,23,639,2021,1,331180.36847927,23,200000,1.5,6.5992458310632,1
Madhya Pradesh,Alirajpur,23,639,2022,1,80000.0,7,1500,1.5,5.0791812460476,1
Madhya Pradesh,Alirajpur,23,639,2023,1,184454.0,12,150000,2.0,6.2658880776116,1
Madhya Pradesh,Anuppur,23,390,1986,1,507167.43901015,258,3040000,1.0,7.5312261660442,1
Madhya Pradesh,Anuppur,23,390,1992,1,518125.27779756,40,2000,1.0,7.2459136977876,1
Madhya Pradesh,Anuppur,23,390,1994,1,1981837.4145729,617,800000,1.0,7.6772792647922,1
Madhya Pradesh,Anuppur,23,390,2008,1,464317.9956417001,2400,0,2.0,6.8709354986642,1
Madhya Pradesh,Anuppur,23,390,2013,2,399085.72792748,27,258000,2.0,6.1697659138631,1
Madhya Pradesh,Anuppur,23,390,2016,1,167030.23285049,20,15000,1.5,6.8460443769454,1
Madhya Pradesh,Ashoknagar,23,391,1994,2,2273968.0590573,670,803000,1.0,7.6772792647922,1
Madhya Pradesh,Ashoknagar,23,391,2019,1,236728.10703236,0,45000,1.5,6.45343107138,1
Madhya Pradesh,Ashoknagar,23,391,2020,1,613621.1193165,13,60,1.5,6.8090895976067,1
Madhya Pradesh,Balaghat,23,392,1989,1,905209.24002345,780,0,1.0,6.9567489784143,1
Madhya Pradesh,Balaghat,23,392,1991,1,47249.125324899,500,6000,1.0,5.1515150279864,1
Madhya Pradesh,Balaghat,23,392,1992,1,518125.27779756,40,2000,1.0,7.2459136977876,1
Madhya Pradesh,Balaghat,23,392,1994,2,2025996.664271296,643,800000,1.0,7.6772792647922,1
Madhya Pradesh,Balaghat,23,392,2005,1,374448.84730919,89,550000,1.0,6.8038414193852,1
Madhya Pradesh,Balaghat,23,392,2007,1,248438.85482793,29,50000,1.0,6.5413475543879,1
Madhya Pradesh,Balaghat,23,392,2008,1,464317.9956417001,2400,0,2.0,6.8709354986642,1
Madhya Pradesh,Balaghat,23,392,2013,1,152700.5014673,0,8000,1.0,6.0869304502705,1
Madhya Pradesh,Balaghat,23,392,2014,1,376261.49252047,42,0,1.5,6.9557010155946,1
Madhya Pradesh,Balaghat,23,392,2016,1,167030.23285049,20,15000,1.5,6.8460443769454,1
Madhya Pradesh,Barwani,23,393,1989,1,905209.24002345,780,0,1.0,6.9567489784143,1
Madhya Pradesh,Barwani,23,393,1991,1,491361.49508556,72,300000,2.0,6.4695523709301,1
Madhya Pradesh,Barwani,23,393,1992,1,752428.65689717,90,8000,1.0,7.4675299347014,1
Madhya Pradesh,Barwani,23,393,1994,1,1981837.4145729,617,800000,1.0,7.6772792647922,1
Madhya Pradesh,Barwani,23,393,1997,1,228334.98534624,50,10000,1.0,6.136723709306,1
Madhya Pradesh,Barwani,23,393,1998,1,214517.3591745,12,50000,1.0,5.808583696642,1
Madhya Pradesh,Barwani,23,393,2002,1,78978.699218953,22,5000,1.0,5.499569967947,1
Madhya Pradesh,Barwani,23,393,2003,1,12776.682902993,2,14000,1.0,4.8053881207629,1
Madhya Pradesh,Barwani,23,393,2006,1,394010.73987917,41,0,1.0,6.2944780642496,1
Madhya Pradesh,Barwani,23,393,2007,1,398939.17397885,225,63000,1.0,6.7148500364169,1
Madhya Pradesh,Barwani,23,393,2011,1,33056.092108546,0,5000,1.5,5.9963727646928,1
Madhya Pradesh,Barwani,23,393,2016,1,377732.8783474799,20,0,1.5,6.2303973017891,1
Madhya Pradesh,Barwani,23,393,2018,1,116871.18853738,1,300,1.5,6.0219499701184,1
Madhya Pradesh,Barwani,23,393,2019,1,113845.84978471,36,0,1.5,5.9313784665602,1
Madhya Pradesh,Barwani,23,393,2020,2,813071.9076378101,13,60,1.5,6.8090895976067,1
Madhya Pradesh,Barwani,23,393,2021,1,331180.36847927,23,200000,1.5,6.5992458310632,1
Madhya Pradesh,Barwani,23,393,2022,1,80000.0,7,1500,1.5,5.0791812460476,1
Madhya Pradesh,Betul,23,394,1989,1,905209.24002345,780,0,1.0,6.9567489784143,1
Madhya Pradesh,Betul,23,394,1991,1,47249.125324899,500,6000,1.0,5.1515150279864,1
Madhya Pradesh,Betul,23,394,1992,1,518125.27779756,40,2000,1.0,7.2459136977876,1
Madhya Pradesh,Betul,23,394,1994,1,1981837.4145729,617,800000,1.0,7.6772792647922,1
Madhya Pradesh,Betul,23,394,2007,2,505517.61527077004,287,73000,1.0,6.7148500364169,1
Madhya Pradesh,Betul,23,394,2014,1,376261.49252047,42,0,1.5,6.9557010155946,1
Madhya Pradesh,Betul,23,394,2016,2,544763.1111979699,40,15000,1.5,6.8460443769454,1
Madhya Pradesh,Betul,23,394,2019,1,236728.10703236,0,45000,1.5,6.45343107138,1
Madhya Pradesh,Betul,23,394,2020,2,813071.9076378101,13,60,1.5,6.8090895976067,1
Madhya Pradesh,Bhind,23,395,1986,1,507167.43901015,258,3040000,1.0,7.5312261660442,1
Madhya Pradesh,Bhind,23,395,1988,2,1474609.7146377899,1109,502000,2.0,7.7855937662664,1
Madhya Pradesh,Bhind,23,395,1989,1,204979.38347471,7,0,1.0,6.2148001695432,1
Madhya Pradesh,Bhind,23,395,1990,2,1385589.90363544,442,63517,1.0,7.3840771654136,1
Madhya Pradesh,Bhind,23,395,1991,1,547679.02054319,88,0,1.0,6.9146173641677,1
Madhya Pradesh,Bhind,23,395,1992,1,518125.27779756,40,2000,1.0,7.2459136977876,1
Madhya Pradesh,Bhind,23,395,1994,2,2273968.0590573,670,803000,1.0,7.6772792647922,1
Madhya Pradesh,Bhind,23,395,1995,1,762936.8925746998,600,2000000,1.0,7.1835186118101,1
Madhya Pradesh,Bhind,23,395,2000,1,223178.00999326,578,0,1.0,6.5791003221767,1
Madhya Pradesh,Bhind,23,395,2005,1,308728.71607899,23,0,1.0,6.7906070224724,1
Madhya Pradesh,Bhind,23,395,2007,1,517303.19979819,958,3000000,1.5,7.8036502762015,1
Madhya Pradesh,Bhind,23,395,2014,1,107474.38802987,31,4000,1.5,6.6697942378336,1
Madhya Pradesh,Bhind,23,395,2017,1,421575.24392831,253,422106,2.0,7.1563540170148,1
Madhya Pradesh,Bhind,23,395,2020,2,907430.84583495,15,60,1.5,6.8090895976067,1
Madhya Pradesh,Bhind,23,395,2021,1,239570.75971327,0,0,1.0,6.2245318501,1
Madhya Pradesh,Bhind,23,395,2022,1,224000.0,4,0,1.5,6.1283992687178,1
Madhya Pradesh,Bhopal,23,396,1994,1,1981837.4145729,617,800000,1.0,7.6772792647922,1
Madhya Pradesh,Bhopal,23,396,2007,1,398939.17397885,225,63000,1.0,6.7148500364169,1
Madhya Pradesh,Bhopal,23,396,2019,1,236728.10703236,0,45000,1.5,6.45343107138,1
Madhya Pradesh,Bhopal,23,396,2020,2,813071.9076378101,13,60,1.5,6.8090895976067,1
Madhya Pradesh,Burhanpur,23,397,1989,1,905209.24002345,780,0,1.0,6.9567489784143,1
Madhya Pradesh,Burhanpur,23,397,1992,1,752428.65689717,90,8000,1.0,7.4675299347014,1
Madhya Pradesh,Burhanpur,23,397,1994,1,1981837.4145729,617,800000,1.0,7.6772792647922,1
Madhya Pradesh,Burhanpur,23,397,1997,1,228334.98534624,50,10000,1.0,6.136723709306,1
Madhya Pradesh,Burhanpur,23,397,2002,2,249566.423771403,191,33000,1.0,6.1350377632317,1
Madhya Pradesh,Burhanpur,23,397,2006,1,394010.73987917,41,0,1.0,6.2944780642496,1
Madhya Pradesh,Burhanpur,23,397,2007,2,505517.61527077004,287,73000,1.0,6.7148500364169,1
Madhya Pradesh,Burhanpur,23,397,2016,1,377732.8783474799,20,0,1.5,6.2303973017891,1
Madhya Pradesh,Burhanpur,23,397,2019,1,113845.84978471,36,0,1.5,5.9313784665602,1
Madhya Pradesh,Burhanpur,23,397,2020,2,813071.9076378101,13,60,1.5,6.8090895976067,1
Madhya Pradesh,Chhatarpur,23,398,1986,1,507167.43901015,258,3040000,1.0,7.5312261660442,1
Madhya Pradesh,Chhatarpur,23,398,1988,2,1474609.7146377899,1109,502000,2.0,7.7855937662664,1
Madhya Pradesh,Chhatarpur,23,398,1989,1,204979.38347471,7,0,1.0,6.2148001695432,1
Madhya Pradesh,Chhatarpur,23,398,1990,2,1385589.90363544,442,63517,1.0,7.3840771654136,1
Madhya Pradesh,Chhatarpur,23,398,1991,1,547679.02054319,88,0,1.0,6.9146173641677,1
Madhya Pradesh,Chhatarpur,23,398,1992,1,518125.27779756,40,2000,1.0,7.2459136977876,1
Madhya Pradesh,Chhatarpur,23,398,1994,2,2273968.0590573,670,803000,1.0,7.6772792647922,1
Madhya Pradesh,Chhatarpur,23,398,1995,1,762936.8925746998,600,2000000,1.0,7.1835186118101,1
Madhya Pradesh,Chhatarpur,23,398,2005,1,55740.231510497,62,49000,1.0,5.8922968038503,1
Madhya Pradesh,Chhatarpur,23,398,2007,1,517303.19979819,958,3000000,1.5,7.8036502762015,1
Madhya Pradesh,Chhatarpur,23,398,2016,1,167030.23285049,20,15000,1.5,6.8460443769454,1
Madhya Pradesh,Chhatarpur,23,398,2019,1,236728.10703236,0,45000,1.5,6.45343107138,1
Madhya Pradesh,Chhatarpur,23,398,2020,2,907430.84583495,15,60,1.5,6.8090895976067,1
Madhya Pradesh,Chhatarpur,23,398,2022,1,224000.0,4,0,1.5,6.1283992687178,1
Madhya Pradesh,Chhindwara,23,399,1989,1,905209.24002345,780,0,1.0,6.9567489784143,1
Madhya Pradesh,Chhindwara,23,399,1991,1,47249.125324899,500,6000,1.0,5.1515150279864,1
Madhya Pradesh,Chhindwara,23,399,1992,1,518125.27779756,40,2000,1.0,7.2459136977876,1
Madhya Pradesh,Chhindwara,23,399,1994,2,2025996.664271296,643,800000,1.0,7.6772792647922,1
Madhya Pradesh,Chhindwara,23,399,2007,1,398939.17397885,225,63000,1.0,6.7148500364169,1
Madhya Pradesh,Chhindwara,23,399,2014,1,376261.49252047,42,0,1.5,6.9557010155946,1
Madhya Pradesh,Chhindwara,23,399,2016,1,167030.23285049,20,15000,1.5,6.8460443769454,1
Madhya Pradesh,Chhindwara,23,399,2019,1,236728.10703236,0,45000,1.5,6.45343107138,1
Madhya Pradesh,Chhindwara,23,399,2020,1,613621.1193165,13,60,1.5,6.8090895976067,1
Madhya Pradesh,Damoh,23,400,1986,1,507167.43901015,258,3040000,1.0,7.5312261660442,1
Madhya Pradesh,Damoh,23,400,1992,1,518125.27779756,40,2000,1.0,7.2459136977876,1
Madhya Pradesh,Damoh,23,400,1994,1,1981837.4145729,617,800000,1.0,7.6772792647922,1
Madhya Pradesh,Damoh,23,400,2005,1,55740.231510497,62,49000,1.0,5.8922968038503,1
Madhya Pradesh,Damoh,23,400,2016,1,167030.23285049,20,15000,1.5,6.8460443769454,1
Madhya Pradesh,Damoh,23,400,2019,1,236728.10703236,0,45000,1.5,6.45343107138,1
Madhya Pradesh,Damoh,23,400,2020,1,613621.1193165,13,60,1.5,6.8090895976067,1
Madhya Pradesh,Datia,23,401,1986,1,507167.43901015,258,3040000,1.0,7.5312261660442,1
Madhya Pradesh,Datia,23,401,1988,2,1474609.7146377899,1109,502000,2.0,7.7855937662664,1
Madhya Pradesh,Datia,23,401,1990,2,1385589.90363544,442,63517,1.0,7.3840771654136,1
Madhya Pradesh,Datia,23,401,1992,1,518125.27779756,40,2000,1.0,7.2459136977876,1
Madhya Pradesh,Datia,23,401,1994,2,2273968.0590573,670,803000,1.0,7.6772792647922,1
Madhya Pradesh,Datia,23,401,2000,1,223178.00999326,578,0,1.0,6.5791003221767,1
Madhya Pradesh,Datia,23,401,2007,1,517303.19979819,958,3000000,1.5,7.8036502762015,1
Madhya Pradesh,Datia,23,401,2014,1,107474.38802987,31,4000,1.5,6.6697942378336,1
Madhya Pradesh,Datia,23,401,2017,1,421575.24392831,253,422106,2.0,7.1563540170148,1
Madhya Pradesh,Datia,23,401,2019,1,236728.10703236,0,45000,1.5,6.45343107138,1
Madhya Pradesh,Datia,23,401,2020,2,907430.84583495,15,60,1.5,6.8090895976067,1
Madhya Pradesh,Dewas,23,402,1994,1,1981837.4145729,617,800000,1.0,7.6772792647922,1
Madhya Pradesh,Dewas,23,402,2007,1,398939.17397885,225,63000,1.0,6.7148500364169,1
Madhya Pradesh,Dewas,23,402,2016,1,377732.8783474799,20,0,1.5,6.2303973017891,1
Madhya Pradesh,Dewas,23,402,2019,1,236728.10703236,0,45000,1.5,6.45343107138,1
Madhya Pradesh,Dewas,23,402,2020,2,813071.9076378101,13,60,1.5,6.8090895976067,1
Madhya Pradesh,Dhar,23,403,1992,1,752428.65689717,90,8000,1.0,7.4675299347014,1
Madhya Pradesh,Dhar,23,403,1994,1,1981837.4145729,617,800000,1.0,7.6772792647922,1
Madhya Pradesh,Dhar,23,403,1998,1,214517.3591745,12,50000,1.0,5.808583696642,1
Madhya Pradesh,Dhar,23,403,2003,1,12776.682902993,2,14000,1.0,4.8053881207629,1
Madhya Pradesh,Dhar,23,403,2007,1,398939.17397885,225,63000,1.0,6.7148500364169,1
Madhya Pradesh,Dhar,23,403,2011,1,33056.092108546,0,5000,1.5,5.9963727646928,1
Madhya Pradesh,Dhar,23,403,2016,1,377732.8783474799,20,0,1.5,6.2303973017891,1
Madhya Pradesh,Dhar,23,403,2019,2,350573.95681707,36,45000,1.5,6.45343107138,1
Madhya Pradesh,Dhar,23,403,2020,2,813071.9076378101,13,60,1.5,6.8090895976067,1
Madhya Pradesh,Dhar,23,403,2021,1,331180.36847927,23,200000,1.5,6.5992458310632,1
Madhya Pradesh,Dhar,23,403,2022,1,80000.0,7,1500,1.5,5.0791812460476,1
Madhya Pradesh,Dindori,23,404,1992,1,518125.27779756,40,2000,1.0,7.2459136977876,1
Madhya Pradesh,Dindori,23,404,1994,1,1981837.4145729,617,800000,1.0,7.6772792647922,1
Madhya Pradesh,Dindori,23,404,2007,1,248438.85482793,29,50000,1.0,6.5413475543879,1
Madhya Pradesh,Dindori,23,404,2008,1,464317.9956417001,2400,0,2.0,6.8709354986642,1
Madhya Pradesh,Dindori,23,404,2013,2,399085.72792748,27,258000,2.0,6.1697659138631,1
Madhya Pradesh,Dindori,23,404,2016,1,167030.23285049,20,15000,1.5,6.8460443769454,1
Madhya Pradesh,East Nimar,23,405,1989,1,905209.24002345,780,0,1.0,6.9567489784143,1
Madhya Pradesh,East Nimar,23,405,1992,1,752428.65689717,90,8000,1.0,7.4675299347014,1
Madhya Pradesh,East Nimar,23,405,1994,1,1981837.4145729,617,800000,1.0,7.6772792647922,1
Madhya Pradesh,East Nimar,23,405,2007,1,398939.17397885,225,63000,1.0,6.7148500364169,1
Madhya Pradesh,East Nimar,23,405,2016,1,377732.8783474799,20,0,1.5,6.2303973017891,1
Madhya Pradesh,East Nimar,23,405,2019,1,236728.10703236,0,45000,1.5,6.45343107138,1
Madhya Pradesh,East Nimar,23,405,2020,2,813071.9076378101,13,60,1.5,6.8090895976067,1
Madhya Pradesh,Guna,23,406,1990,1,1100663.2969222,425,63517,1.0,7.3840771654136,1
Madhya Pradesh,Guna,23,406,1994,1,1981837.4145729,617,800000,1.0,7.6772792647922,1
Madhya Pradesh,Guna,23,406,1995,1,762936.8925746998,600,2000000,1.0,7.1835186118101,1
Madhya Pradesh,Guna,23,406,1996,1,328726.91805633,63,20000,1.0,6.8390545628091,1
Madhya Pradesh,Guna,23,406,2007,1,398939.17397885,225,63000,1.0,6.7148500364169,1
Madhya Pradesh,Guna,23,406,2019,1,236728.10703236,0,45000,1.5,6.45343107138,1
Madhya Pradesh,Guna,23,406,2020,1,613621.1193165,13,60,1.5,6.8090895976067,1
Madhya Pradesh,Gwalior,23,407,1986,1,507167.43901015,258,3040000,1.0,7.5312261660442,1
Madhya Pradesh,Gwalior,23,407,1988,2,1474609.7146377899,1109,502000,2.0,7.7855937662664,1
Madhya Pradesh,Gwalior,23,407,1992,1,518125.27779756,40,2000,1.0,7.2459136977876,1
Madhya Pradesh,Gwalior,23,407,1994,1,1981837.4145729,617,800000,1.0,7.6772792647922,1
Madhya Pradesh,Gwalior,23,407,2000,1,223178.00999326,578,0,1.0,6.5791003221767,1
Madhya Pradesh,Gwalior,23,407,2007,1,517303.19979819,958,3000000,1.5,7.8036502762015,1
Madhya Pradesh,Gwalior,23,407,2017,1,421575.24392831,253,422106,2.0,7.1563540170148,1
Madhya Pradesh,Gwalior,23,407,2019,1,236728.10703236,0,45000,1.5,6.45343107138,1
Madhya Pradesh,Gwalior,23,407,2020,2,907430.84583495,15,60,1.5,6.8090895976067,1
Madhya Pradesh,Harda,23,408,1994,1,1981837.4145729,617,800000,1.0,7.6772792647922,1
Madhya Pradesh,Harda,23,408,2007,1,398939.17397885,225,63000,1.0,6.7148500364169,1
Madhya Pradesh,Harda,23,408,2016,1,377732.8783474799,20,0,1.5,6.2303973017891,1
Madhya Pradesh,Harda,23,408,2019,1,236728.10703236,0,45000,1.5,6.45343107138,1
Madhya Pradesh,Harda,23,408,2020,2,813071.9076378101,13,60,1.5,6.8090895976067,1
Madhya Pradesh,Indore,23,410,1994,1,1981837.4145729,617,800000,1.0,7.6772792647922,1
Madhya Pradesh,Indore,23,410,2007,1,398939.17397885,225,63000,1.0,6.7148500364169,1
Madhya Pradesh,Indore,23,410,2016,1,377732.8783474799,20,0,1.5,6.2303973017891,1
Madhya Pradesh,Indore,23,410,2019,2,350573.95681707,36,45000,1.5,6.45343107138,1
Madhya Pradesh,Indore,23,410,2020,2,813071.9076378101,13,60,1.5,6.8090895976067,1
Madhya Pradesh,Jabalpur,23,411,1992,1,518125.27779756,40,2000,1.0,7.2459136977876,1
Madhya Pradesh,Jabalpur,23,411,1994,1,1981837.4145729,617,800000,1.0,7.6772792647922,1
Madhya Pradesh,Jabalpur,23,411,2005,1,55740.231510497,62,49000,1.0,5.8922968038503,1
Madhya Pradesh,Jabalpur,23,411,2016,1,167030.23285049,20,15000,1.5,6.8460443769454,1
Madhya Pradesh,Jabalpur,23,411,2019,1,236728.10703236,0,45000,1.5,6.45343107138,1
Madhya Pradesh,Jabalpur,23,411,2020,1,613621.1193165,13,60,1.5,6.8090895976067,1
Madhya Pradesh,Jhabua,23,412,1990,2,1286824.89803606,475,63517,1.0,7.3840771654136,1
Madhya Pradesh,Jhabua,23,412,1992,1,752428.65689717,90,8000,1.0,7.4675299347014,1
Madhya Pradesh,Jhabua,23,412,1994,1,1981837.4145729,617,800000,1.0,7.6772792647922,1
Madhya Pradesh,Jhabua,23,412,1996,1,328726.91805633,63,20000,1.0,6.8390545628091,1
Madhya Pradesh,Jhabua,23,412,2005,1,53194.834384822,15,0,1.0,6.0268994567731,1
Madhya Pradesh,Jhabua,23,412,2007,1,398939.17397885,225,63000,1.0,6.7148500364169,1
Madhya Pradesh,Jhabua,23,412,2011,1,33056.092108546,0,5000,1.5,5.9963727646928,1
Madhya Pradesh,Jhabua,23,412,2016,1,377732.8783474799,20,0,1.5,6.2303973017891,1
Madhya Pradesh,Jhabua,23,412,2019,1,236728.10703236,0,45000,1.5,6.45343107138,1
Madhya Pradesh,Jhabua,23,412,2020,1,613621.1193165,13,60,1.5,6.8090895976067,1
Madhya Pradesh,Jhabua,23,412,2021,1,331180.36847927,23,200000,1.5,6.5992458310632,1
Madhya Pradesh,Jhabua,23,412,2022,1,80000.0,7,1500,1.5,5.0791812460476,1
Madhya Pradesh,Jhabua,23,412,2023,1,184454.0,12,150000,2.0,6.2658880776116,1
Madhya Pradesh,Katni,23,413,1986,1,507167.43901015,258,3040000,1.0,7.5312261660442,1
Madhya Pradesh,Katni,23,413,1992,1,518125.27779756,40,2000,1.0,7.2459136977876,1
Madhya Pradesh,Katni,23,413,1994,1,1981837.4145729,617,800000,1.0,7.6772792647922,1
Madhya Pradesh,Katni,23,413,2005,1,55740.231510497,62,49000,1.0,5.8922968038503,1
Madhya Pradesh,Katni,23,413,2013,1,152700.5014673,0,8000,1.0,6.0869304502705,1
Madhya Pradesh,Katni,23,413,2016,1,167030.23285049,20,15000,1.5,6.8460443769454,1
Madhya Pradesh,Katni,23,413,2019,1,236728.10703236,0,45000,1.5,6.45343107138,1
Madhya Pradesh,Katni,23,413,2020,1,613621.1193165,13,60,1.5,6.8090895976067,1
Madhya Pradesh,Khargone,23,414,1989,1,905209.24002345,780,0,1.0,6.9567489784143,1
Madhya Pradesh,Khargone,23,414,1992,1,752428.65689717,90,8000,1.0,7.4675299347014,1
Madhya Pradesh,Khargone,23,414,1994,1,1981837.4145729,617,800000,1.0,7.6772792647922,1
Madhya Pradesh,Khargone,23,414,1997,1,228334.98534624,50,10000,1.0,6.136723709306,1
Madhya Pradesh,Khargone,23,414,2006,1,394010.73987917,41,0,1.0,6.2944780642496,1
Madhya Pradesh,Khargone,23,414,2007,1,398939.17397885,225,63000,1.0,6.7148500364169,1
Madhya Pradesh,Khargone,23,414,2016,1,377732.8783474799,20,0,1.5,6.2303973017891,1
Madhya Pradesh,Khargone,23,414,2018,1,116871.18853738,1,300,1.5,6.0219499701184,1
Madhya Pradesh,Khargone,23,414,2019,2,350573.95681707,36,45000,1.5,6.45343107138,1
Madhya Pradesh,Khargone,23,414,2020,2,813071.9076378101,13,60,1.5,6.8090895976067,1
Madhya Pradesh,Khargone,23,414,2022,1,80000.0,7,1500,1.5,5.0791812460476,1
Madhya Pradesh,Mandla,23,415,1992,1,518125.27779756,40,2000,1.0,7.2459136977876,1
Madhya Pradesh,Mandla,23,415,1994,1,1981837.4145729,617,800000,1.0,7.6772792647922,1
Madhya Pradesh,Mandla,23,415,2008,1,464317.9956417001,2400,0,2.0,6.8709354986642,1
Madhya Pradesh,Mandla,23,415,2013,1,152700.5014673,0,8000,1.0,6.0869304502705,1
Madhya Pradesh,Mandla,23,415,2016,1,167030.23285049,20,15000,1.5,6.8460443769454,1
Madhya Pradesh,Mandsaur,23,416,1990,1,1100663.2969222,425,63517,1.0,7.3840771654136,1
Madhya Pradesh,Mandsaur,23,416,1994,1,1981837.4145729,617,800000,1.0,7.6772792647922,1
Madhya Pradesh,Mandsaur,23,416,1995,1,762936.8925746998,600,2000000,1.0,7.1835186118101,1
Madhya Pradesh,Mandsaur,23,416,1996,1,328726.91805633,63,20000,1.0,6.8390545628091,1
Madhya Pradesh,Mandsaur,23,416,2007,1,398939.17397885,225,63000,1.0,6.7148500364169,1
Madhya Pradesh,Mandsaur,23,416,2016,1,377732.8783474799,20,0,1.5,6.2303973017891,1
Madhya Pradesh,Mandsaur,23,416,2019,2,416962.05618951004,0,49500,1.5,6.45343107138,1
Madhya Pradesh,Mandsaur,23,416,2020,1,613621.1193165,13,60,1.5,6.8090895976067,1
Madhya Pradesh,Morena,23,417,1986,1,507167.43901015,258,3040000,1.0,7.5312261660442,1
Madhya Pradesh,Morena,23,417,1988,2,1474609.7146377899,1109,502000,2.0,7.7855937662664,1
Madhya Pradesh,Morena,23,417,1989,1,204979.38347471,7,0,1.0,6.2148001695432,1
Madhya Pradesh,Morena,23,417,1990,1,284926.60671324,17,0,1.0,5.7557630016223,1
Madhya Pradesh,Morena,23,417,1991,1,547679.02054319,88,0,1.0,6.9146173641677,1
Madhya Pradesh,Morena,23,417,1992,1,518125.27779756,40,2000,1.0,7.2459136977876,1
Madhya Pradesh,Morena,23,417,1994,2,2273968.0590573,670,803000,1.0,7.6772792647922,1
Madhya Pradesh,Morena,23,417,1996,1,328726.91805633,63,20000,1.0,6.8390545628091,1
Madhya Pradesh,Morena,23,417,2000,1,223178.00999326,578,0,1.0,6.5791003221767,1
Madhya Pradesh,Morena,23,417,2005,1,308728.71607899,23,0,1.0,6.7906070224724,1
Madhya Pradesh,Morena,23,417,2007,1,517303.19979819,958,3000000,1.5,7.8036502762015,1
Madhya Pradesh,Morena,23,417,2014,1,107474.38802987,31,4000,1.5,6.6697942378336,1
Madhya Pradesh,Morena,23,417,2017,1,421575.24392831,253,422106,2.0,7.1563540170148,1
Madhya Pradesh,Morena,23,417,2019,1,236728.10703236,0,45000,1.5,6.45343107138,1
Madhya Pradesh,Morena,23,417,2020,2,907430.84583495,15,60,1.5,6.8090895976067,1
Madhya Pradesh,Morena,23,417,2021,1,239570.75971327,0,0,1.0,6.2245318501,1
Madhya Pradesh,Narmadapuram,23,409,1992,1,518125.27779756,40,2000,1.0,7.2459136977876,1
Madhya Pradesh,Narmadapuram,23,409,1994,1,1981837.4145729,617,800000,1.0,7.6772792647922,1
Madhya Pradesh,Narmadapuram,23,409,2007,1,398939.17397885,225,63000,1.0,6.7148500364169,1
Madhya Pradesh,Narmadapuram,23,409,2016,1,167030.23285049,20,15000,1.5,6.8460443769454,1
Madhya Pradesh,Narmadapuram,23,409,2019,1,236728.10703236,0,45000,1.5,6.45343107138,1
Madhya Pradesh,Narmadapuram,23,409,2020,2,813071.9076378101,13,60,1.5,6.8090895976067,1
Madhya Pradesh,Narsinghpur,23,418,1992,1,518125.27779756,40,2000,1.0,7.2459136977876,1
Madhya Pradesh,Narsinghpur,23,418,1994,1,1981837.4145729,617,800000,1.0,7.6772792647922,1
Madhya Pradesh,Narsinghpur,23,418,2005,1,55740.231510497,62,49000,1.0,5.8922968038503,1
Madhya Pradesh,Narsinghpur,23,418,2007,1,398939.17397885,225,63000,1.0,6.7148500364169,1
Madhya Pradesh,Narsinghpur,23,418,2016,1,167030.23285049,20,15000,1.5,6.8460443769454,1
Madhya Pradesh,Narsinghpur,23,418,2019,1,236728.10703236,0,45000,1.5,6.45343107138,1
Madhya Pradesh,Narsinghpur,23,418,2020,1,613621.1193165,13,60,1.5,6.8090895976067,1
Madhya Pradesh,Neemuch,23,419,1990,1,1100663.2969222,425,63517,1.0,7.3840771654136,1
Madhya Pradesh,Neemuch,23,419,1994,1,1981837.4145729,617,800000,1.0,7.6772792647922,1
Madhya Pradesh,Neemuch,23,419,1995,1,762936.8925746998,600,2000000,1.0,7.1835186118101,1
Madhya Pradesh,Neemuch,23,419,1996,1,328726.91805633,63,20000,1.0,6.8390545628091,1
Madhya Pradesh,Neemuch,23,419,2007,1,398939.17397885,225,63000,1.0,6.7148500364169,1
Madhya Pradesh,Neemuch,23,419,2016,1,377732.8783474799,20,0,1.5,6.2303973017891,1
Madhya Pradesh,Neemuch,23,419,2019,2,416962.05618951004,0,49500,1.5,6.45343107138,1
Madhya Pradesh,Neemuch,23,419,2020,1,613621.1193165,13,60,1.5,6.8090895976067,1
Madhya Pradesh,Niwari,23,722,1986,1,507167.43901015,258,3040000,1.0,7.5312261660442,1
Madhya Pradesh,Niwari,23,722,1988,2,1474609.7146377899,1109,502000,2.0,7.7855937662664,1
Madhya Pradesh,Niwari,23,722,1990,2,1385589.90363544,442,63517,1.0,7.3840771654136,1
Madhya Pradesh,Niwari,23,722,1992,1,518125.27779756,40,2000,1.0,7.2459136977876,1
Madhya Pradesh,Niwari,23,722,1994,2,2273968.0590573,670,803000,1.0,7.6772792647922,1
Madhya Pradesh,Niwari,23,722,2019,1,236728.10703236,0,45000,1.5,6.45343107138,1
Madhya Pradesh,Niwari,23,722,2020,1,613621.1193165,13,60,1.5,6.8090895976067,1
Madhya Pradesh,Panna,23,420,1986,1,507167.43901015,258,3040000,1.0,7.5312261660442,1
Madhya Pradesh,Panna,23,420,1992,1,518125.27779756,40,2000,1.0,7.2459136977876,1
Madhya Pradesh,Panna,23,420,1994,1,1981837.4145729,617,800000,1.0,7.6772792647922,1
Madhya Pradesh,Panna,23,420,1995,1,762936.8925746998,600,2000000,1.0,7.1835186118101,1
Madhya Pradesh,Panna,23,420,2005,1,55740.231510497,62,49000,1.0,5.8922968038503,1
Madhya Pradesh,Panna,23,420,2007,1,517303.19979819,958,3000000,1.5,7.8036502762015,1
Madhya Pradesh,Panna,23,420,2016,1,167030.23285049,20,15000,1.5,6.8460443769454,1
Madhya Pradesh,Panna,23,420,2020,1,613621.1193165,13,60,1.5,6.8090895976067,1
Madhya Pradesh,Raisen,23,421,1992,1,518125.27779756,40,2000,1.0,7.2459136977876,1
Madhya Pradesh,Raisen,23,421,1994,1,1981837.4145729,617,800000,1.0,7.6772792647922,1
Madhya Pradesh,Raisen,23,421,2005,1,55740.231510497,62,49000,1.0,5.8922968038503,1
Madhya Pradesh,Raisen,23,421,2007,1,398939.17397885,225,63000,1.0,6.7148500364169,1
Madhya Pradesh,Raisen,23,421,2016,1,167030.23285049,20,15000,1.5,6.8460443769454,1
Madhya Pradesh,Raisen,23,421,2019,1,236728.10703236,0,45000,1.5,6.45343107138,1
Madhya Pradesh,Raisen,23,421,2020,1,613621.1193165,13,60,1.5,6.8090895976067,1
Madhya Pradesh,Rajgarh,23,422,1990,1,1100663.2969222,425,63517,1.0,7.3840771654136,1
Madhya Pradesh,Rajgarh,23,422,1994,1,1981837.4145729,617,800000,1.0,7.6772792647922,1
Madhya Pradesh,Rajgarh,23,422,1995,1,762936.8925746998,600,2000000,1.0,7.1835186118101,1
Madhya Pradesh,Rajgarh,23,422,2007,1,398939.17397885,225,63000,1.0,6.7148500364169,1
Madhya Pradesh,Rajgarh,23,422,2019,1,236728.10703236,0,45000,1.5,6.45343107138,1
Madhya Pradesh,Rajgarh,23,422,2020,1,613621.1193165,13,60,1.5,6.8090895976067,1
Madhya Pradesh,Ratlam,23,423,1990,1,1100663.2969222,425,63517,1.0,7.3840771654136,1
Madhya Pradesh,Ratlam,23,423,1994,1,1981837.4145729,617,800000,1.0,7.6772792647922,1
Madhya Pradesh,Ratlam,23,423,1995,1,762936.8925746998,600,2000000,1.0,7.1835186118101,1
Madhya Pradesh,Ratlam,23,423,1996,1,328726.91805633,63,20000,1.0,6.8390545628091,1
Madhya Pradesh,Ratlam,23,423,2007,1,398939.17397885,225,63000,1.0,6.7148500364169,1
Madhya Pradesh,Ratlam,23,423,2016,1,377732.8783474799,20,0,1.5,6.2303973017891,1
Madhya Pradesh,Ratlam,23,423,2019,1,236728.10703236,0,45000,1.5,6.45343107138,1
Madhya Pradesh,Ratlam,23,423,2020,1,613621.1193165,13,60,1.5,6.8090895976067,1
Madhya Pradesh,Rewa,23,424,1986,1,507167.43901015,258,3040000,1.0,7.5312261660442,1
Madhya Pradesh,Rewa,23,424,1988,2,1474609.7146377899,1109,502000,2.0,7.7855937662664,1
Madhya Pradesh,Rewa,23,424,1989,1,204979.38347471,7,0,1.0,6.2148001695432,1
Madhya Pradesh,Rewa,23,424,1990,2,1385589.90363544,442,63517,1.0,7.3840771654136,1
Madhya Pradesh,Rewa,23,424,1991,1,547679.02054319,88,0,1.0,6.9146173641677,1
Madhya Pradesh,Rewa,23,424,1992,1,518125.27779756,40,2000,1.0,7.2459136977876,1
Madhya Pradesh,Rewa,23,424,1994,2,2273968.0590573,670,803000,1.0,7.6772792647922,1
Madhya Pradesh,Rewa,23,424,1995,1,762936.8925746998,600,2000000,1.0,7.1835186118101,1
Madhya Pradesh,Rewa,23,424,2000,1,223178.00999326,578,0,1.0,6.5791003221767,1
Madhya Pradesh,Rewa,23,424,2005,1,55740.231510497,62,49000,1.0,5.8922968038503,1
Madhya Pradesh,Rewa,23,424,2007,1,517303.19979819,958,3000000,1.5,7.8036502762015,1
Madhya Pradesh,Rewa,23,424,2016,1,167030.23285049,20,15000,1.5,6.8460443769454,1
Madhya Pradesh,Rewa,23,424,2017,1,421575.24392831,253,422106,2.0,7.1563540170148,1
Madhya Pradesh,Rewa,23,424,2018,1,70859.958919695,20,1000,1.5,5.8715901952896,1
Madhya Pradesh,Rewa,23,424,2020,2,907430.84583495,15,60,1.5,6.8090895976067,1
Madhya Pradesh,Rewa,23,424,2022,1,224000.0,4,0,1.5,6.1283992687178,1
Madhya Pradesh,Sagar,23,425,1986,1,507167.43901015,258,3040000,1.0,7.5312261660442,1
Madhya Pradesh,Sagar,23,425,1992,1,518125.27779756,40,2000,1.0,7.2459136977876,1
Madhya Pradesh,Sagar,23,425,1994,2,2273968.0590573,670,803000,1.0,7.6772792647922,1
Madhya Pradesh,Sagar,23,425,2005,1,55740.231510497,62,49000,1.0,5.8922968038503,1
Madhya Pradesh,Sagar,23,425,2007,1,398939.17397885,225,63000,1.0,6.7148500364169,1
Madhya Pradesh,Sagar,23,425,2016,1,167030.23285049,20,15000,1.5,6.8460443769454,1
Madhya Pradesh,Sagar,23,425,2019,1,236728.10703236,0,45000,1.5,6.45343107138,1
Madhya Pradesh,Sagar,23,425,2020,1,613621.1193165,13,60,1.5,6.8090895976067,1
Madhya Pradesh,Satna,23,426,1986,1,507167.43901015,258,3040000,1.0,7.5312261660442,1
Madhya Pradesh,Satna,23,426,1988,2,1474609.7146377899,1109,502000,2.0,7.7855937662664,1
Madhya Pradesh,Satna,23,426,1989,1,204979.38347471,7,0,1.0,6.2148001695432,1
Madhya Pradesh,Satna,23,426,1990,2,1385589.90363544,442,63517,1.0,7.3840771654136,1
Madhya Pradesh,Satna,23,426,1992,1,518125.27779756,40,2000,1.0,7.2459136977876,1
Madhya Pradesh,Satna,23,426,1994,2,2273968.0590573,670,803000,1.0,7.6772792647922,1
Madhya Pradesh,Satna,23,426,1995,1,762936.8925746998,600,2000000,1.0,7.1835186118101,1
Madhya Pradesh,Satna,23,426,2005,1,55740.231510497,62,49000,1.0,5.8922968038503,1
Madhya Pradesh,Satna,23,426,2007,1,517303.19979819,958,3000000,1.5,7.8036502762015,1
Madhya Pradesh,Satna,23,426,2013,1,152700.5014673,0,8000,1.0,6.0869304502705,1
Madhya Pradesh,Satna,23,426,2016,1,167030.23285049,20,15000,1.5,6.8460443769454,1
Madhya Pradesh,Satna,23,426,2018,1,70859.958919695,20,1000,1.5,5.8715901952896,1
Madhya Pradesh,Satna,23,426,2020,2,907430.84583495,15,60,1.5,6.8090895976067,1
Madhya Pradesh,Sehore,23,427,1992,1,518125.27779756,40,2000,1.0,7.2459136977876,1
Madhya Pradesh,Sehore,23,427,1994,1,1981837.4145729,617,800000,1.0,7.6772792647922,1
Madhya Pradesh,Sehore,23,427,2007,1,398939.17397885,225,63000,1.0,6.7148500364169,1
Madhya Pradesh,Sehore,23,427,2016,1,377732.8783474799,20,0,1.5,6.2303973017891,1
Madhya Pradesh,Sehore,23,427,2019,1,236728.10703236,0,45000,1.5,6.45343107138,1
Madhya Pradesh,Sehore,23,427,2020,2,813071.9076378101,13,60,1.5,6.8090895976067,1
Madhya Pradesh,Seoni,23,428,1989,1,905209.24002345,780,0,1.0,6.9567489784143,1
Madhya Pradesh,Seoni,23,428,1991,1,47249.125324899,500,6000,1.0,5.1515150279864,1
Madhya Pradesh,Seoni,23,428,1992,1,518125.27779756,40,2000,1.0,7.2459136977876,1
Madhya Pradesh,Seoni,23,428,1994,2,2025996.664271296,643,800000,1.0,7.6772792647922,1
Madhya Pradesh,Seoni,23,428,2014,1,376261.49252047,42,0,1.5,6.9557010155946,1
Madhya Pradesh,Seoni,23,428,2016,1,167030.23285049,20,15000,1.5,6.8460443769454,1
Madhya Pradesh,Seoni,23,428,2019,1,236728.10703236,0,45000,1.5,6.45343107138,1
Madhya Pradesh,Shahdol,23,429,1986,1,507167.43901015,258,3040000,1.0,7.5312261660442,1
Madhya Pradesh,Shahdol,23,429,1992,1,518125.27779756,40,2000,1.0,7.2459136977876,1
Madhya Pradesh,Shahdol,23,429,1994,1,1981837.4145729,617,800000,1.0,7.6772792647922,1
Madhya Pradesh,Shahdol,23,429,2005,1,55740.231510497,62,49000,1.0,5.8922968038503,1
Madhya Pradesh,Shahdol,23,429,2008,1,464317.9956417001,2400,0,2.0,6.8709354986642,1
Madhya Pradesh,Shahdol,23,429,2013,2,399085.72792748,27,258000,2.0,6.1697659138631,1
Madhya Pradesh,Shahdol,23,429,2016,1,167030.23285049,20,15000,1.5,6.8460443769454,1
Madhya Pradesh,Shajapur,23,430,1994,1,1981837.4145729,617,800000,1.0,7.6772792647922,1
Madhya Pradesh,Shajapur,23,430,2007,1,398939.17397885,225,63000,1.0,6.7148500364169,1
Madhya Pradesh,Shajapur,23,430,2016,1,377732.8783474799,20,0,1.5,6.2303973017891,1
Madhya Pradesh,Shajapur,23,430,2019,1,236728.10703236,0,45000,1.5,6.45343107138,1
Madhya Pradesh,Shajapur,23,430,2020,2,813071.9076378101,13,60,1.5,6.8090895976067,1
Madhya Pradesh,Sheopur,23,431,1988,1,847737.2561316,233,500000,2.0,7.7855937662664,1
Madhya Pradesh,Sheopur,23,431,1990,1,1100663.2969222,425,63517,1.0,7.3840771654136,1
Madhya Pradesh,Sheopur,23,431,1994,1,1981837.4145729,617,800000,1.0,7.6772792647922,1
Madhya Pradesh,Sheopur,23,431,1995,1,762936.8925746998,600,2000000,1.0,7.1835186118101,1
Madhya Pradesh,Sheopur,23,431,1996,1,328726.91805633,63,20000,1.0,6.8390545628091,1
Madhya Pradesh,Sheopur,23,431,2019,1,236728.10703236,0,45000,1.5,6.45343107138,1
Madhya Pradesh,Sheopur,23,431,2020,1,613621.1193165,13,60,1.5,6.8090895976067,1
Madhya Pradesh,Shivpuri,23,432,1988,2,1474609.7146377899,1109,502000,2.0,7.7855937662664,1
Madhya Pradesh,Shivpuri,23,432,1994,2,2273968.0590573,670,803000,1.0,7.6772792647922,1
Madhya Pradesh,Shivpuri,23,432,1995,1,762936.8925746998,600,2000000,1.0,7.1835186118101,1
Madhya Pradesh,Shivpuri,23,432,2019,1,236728.10703236,0,45000,1.5,6.45343107138,1
Madhya Pradesh,Shivpuri,23,432,2020,1,613621.1193165,13,60,1.5,6.8090895976067,1
Madhya Pradesh,Sidhi,23,433,1986,1,507167.43901015,258,3040000,1.0,7.5312261660442,1
Madhya Pradesh,Sidhi,23,433,1992,1,518125.27779756,40,2000,1.0,7.2459136977876,1
Madhya Pradesh,Sidhi,23,433,1994,1,1981837.4145729,617,800000,1.0,7.6772792647922,1
Madhya Pradesh,Sidhi,23,433,2005,1,55740.231510497,62,49000,1.0,5.8922968038503,1
Madhya Pradesh,Sidhi,23,433,2007,1,517303.19979819,958,3000000,1.5,7.8036502762015,1
Madhya Pradesh,Sidhi,23,433,2013,2,399085.72792748,27,258000,2.0,6.1697659138631,1
Madhya Pradesh,Sidhi,23,433,2016,1,167030.23285049,20,15000,1.5,6.8460443769454,1
Madhya Pradesh,Sidhi,23,433,2018,1,70859.958919695,20,1000,1.5,5.8715901952896,1
Madhya Pradesh,Singrauli,23,638,1986,1,507167.43901015,258,3040000,1.0,7.5312261660442,1
Madhya Pradesh,Singrauli,23,638,1989,1,204979.38347471,7,0,1.0,6.2148001695432,1
Madhya Pradesh,Singrauli,23,638,1990,2,1385589.90363544,442,63517,1.0,7.3840771654136,1
Madhya Pradesh,Singrauli,23,638,1991,1,547679.02054319,88,0,1.0,6.9146173641677,1
Madhya Pradesh,Singrauli,23,638,1992,1,518125.27779756,40,2000,1.0,7.2459136977876,1
Madhya Pradesh,Singrauli,23,638,1994,2,2273968.0590573,670,803000,1.0,7.6772792647922,1
Madhya Pradesh,Singrauli,23,638,1995,1,762936.8925746998,600,2000000,1.0,7.1835186118101,1
Madhya Pradesh,Singrauli,23,638,2007,1,517303.19979819,958,3000000,1.5,7.8036502762015,1
Madhya Pradesh,Singrauli,23,638,2008,1,464317.9956417001,2400,0,2.0,6.8709354986642,1
Madhya Pradesh,Singrauli,23,638,2013,2,399085.72792748,27,258000,2.0,6.1697659138631,1
Madhya Pradesh,Singrauli,23,638,2016,1,167030.23285049,20,15000,1.5,6.8460443769454,1
Madhya Pradesh,Singrauli,23,638,2018,1,70859.958919695,20,1000,1.5,5.8715901952896,1
Madhya Pradesh,Singrauli,23,638,2020,1,293809.72651845,2,0,1.5,6.4892554680033,1
Madhya Pradesh,Singrauli,23,638,2022,1,224000.0,4,0,1.5,6.1283992687178,1
Madhya Pradesh,Tikamgarh,23,434,1986,1,507167.43901015,258,3040000,1.0,7.5312261660442,1
Madhya Pradesh,Tikamgarh,23,434,1992,1,518125.27779756,40,2000,1.0,7.2459136977876,1
Madhya Pradesh,Tikamgarh,23,434,1994,2,2273968.0590573,670,803000,1.0,7.6772792647922,1
Madhya Pradesh,Tikamgarh,23,434,2005,1,55740.231510497,62,49000,1.0,5.8922968038503,1
Madhya Pradesh,Tikamgarh,23,434,2016,1,167030.23285049,20,15000,1.5,6.8460443769454,1
Madhya Pradesh,Tikamgarh,23,434,2019,1,236728.10703236,0,45000,1.5,6.45343107138,1
Madhya Pradesh,Tikamgarh,23,434,2020,1,613621.1193165,13,60,1.5,6.8090895976067,1
Madhya Pradesh,Ujjain,23,435,1994,1,1981837.4145729,617,800000,1.0,7.6772792647922,1
Madhya Pradesh,Ujjain,23,435,2007,1,398939.17397885,225,63000,1.0,6.7148500364169,1
Madhya Pradesh,Ujjain,23,435,2016,1,377732.8783474799,20,0,1.5,6.2303973017891,1
Madhya Pradesh,Ujjain,23,435,2019,2,350573.95681707,36,45000,1.5,6.45343107138,1
Madhya Pradesh,Ujjain,23,435,2020,1,613621.1193165,13,60,1.5,6.8090895976067,1
Madhya Pradesh,Umaria,23,436,1986,1,507167.43901015,258,3040000,1.0,7.5312261660442,1
Madhya Pradesh,Umaria,23,436,1992,1,518125.27779756,40,2000,1.0,7.2459136977876,1
Madhya Pradesh,Umaria,23,436,1994,1,1981837.4145729,617,800000,1.0,7.6772792647922,1
Madhya Pradesh,Umaria,23,436,2005,1,55740.231510497,62,49000,1.0,5.8922968038503,1
Madhya Pradesh,Umaria,23,436,2013,2,399085.72792748,27,258000,2.0,6.1697659138631,1
Madhya Pradesh,Umaria,23,436,2016,1,167030.23285049,20,15000,1.5,6.8460443769454,1
Madhya Pradesh,Vidisha,23,437,1992,1,518125.27779756,40,2000,1.0,7.2459136977876,1
Madhya Pradesh,Vidisha,23,437,1994,1,1981837.4145729,617,800000,1.0,7.6772792647922,1
Madhya Pradesh,Vidisha,23,437,2005,1,55740.231510497,62,49000,1.0,5.8922968038503,1
Madhya Pradesh,Vidisha,23,437,2007,1,398939.17397885,225,63000,1.0,6.7148500364169,1
Madhya Pradesh,Vidisha,23,437,2016,1,167030.23285049,20,15000,1.5,6.8460443769454,1
Madhya Pradesh,Vidisha,23,437,2019,1,236728.10703236,0,45000,1.5,6.45343107138,1
Madhya Pradesh,Vidisha,23,437,2020,1,613621.1193165,13,60,1.5,6.8090895976067,1
Maharashtra,Ahmednagar,27,466,1985,1,254234.59502901,95,25000,1.0,6.1042046512933,1
Maharashtra,Ahmednagar,27,466,1989,1,905209.24002345,780,0,1.0,6.9567489784143,1
Maharashtra,Ahmednagar,27,466,1991,1,491361.49508556,72,300000,2.0,6.4695523709301,1
Maharashtra,Ahmednagar,27,466,1992,1,752428.65689717,90,8000,1.0,7.4675299347014,1
Maharashtra,Ahmednagar,27,466,1994,1,1981837.4145729,617,800000,1.0,7.6772792647922,1
Maharashtra,Ahmednagar,27,466,1997,1,228334.98534624,50,10000,1.0,6.136723709306,1
Maharashtra,Ahmednagar,27,466,1998,1,214517.3591745,12,50000,1.0,5.808583696642,1
Maharashtra,Ahmednagar,27,466,2000,1,107052.90137071,140,0,1.0,6.1757264778105,1
Maharashtra,Ahmednagar,27,466,2002,2,249566.423771403,191,33000,1.0,6.1350377632317,1
Maharashtra,Ahmednagar,27,466,2005,2,654749.3913717,1113,260000,1.0,7.1897694283678,1
Maharashtra,Ahmednagar,27,466,2006,1,394010.73987917,41,0,1.0,6.2944780642496,1
Maharashtra,Ahmednagar,27,466,2007,1,106578.44129192,62,10000,1.0,5.8058206147848,1
Maharashtra,Ahmednagar,27,466,2016,1,377732.8783474799,20,0,1.5,6.2303973017891,1
Maharashtra,Ahmednagar,27,466,2018,2,174082.307268764,21,300,1.5,6.0219499701184,1
Maharashtra,Ahmednagar,27,466,2019,1,113845.84978471,36,0,1.5,5.9313784665602,1
Maharashtra,Ahmednagar,27,466,2020,1,199450.78832131,0,0,1.5,5.7769570119006,1
Maharashtra,Ahmednagar,27,466,2021,1,331180.36847927,23,200000,1.5,6.5992458310632,1
Maharashtra,Ahmednagar,27,466,2022,1,80000.0,7,1500,1.5,5.0791812460476,1
Maharashtra,Akola,27,467,1989,1,905209.24002345,780,0,1.0,6.9567489784143,1
Maharashtra,Akola,27,467,1991,2,538610.620410459,572,306000,2.0,6.4695523709301,1
Maharashtra,Akola,27,467,1992,1,752428.65689717,90,8000,1.0,7.4675299347014,1
Maharashtra,Akola,27,467,1994,1,1981837.4145729,617,800000,1.0,7.6772792647922,1
Maharashtra,Akola,27,467,1997,1,228334.98534624,50,10000,1.0,6.136723709306,1
Maharashtra,Akola,27,467,2006,1,394010.73987917,41,0,1.0,6.2944780642496,1
Maharashtra,Akola,27,467,2007,1,106578.44129192,62,10000,1.0,5.8058206147848,1
Maharashtra,Akola,27,467,2014,1,376261.49252047,42,0,1.5,6.9557010155946,1
Maharashtra,Akola,27,467,2016,1,377732.8783474799,20,0,1.5,6.2303973017891,1
Maharashtra,Akola,27,467,2020,2,813071.9076378101,13,60,1.5,6.8090895976067,1
Maharashtra,Amravati,27,468,1989,1,905209.24002345,780,0,1.0,6.9567489784143,1
Maharashtra,Amravati,27,468,1991,1,47249.125324899,500,6000,1.0,5.1515150279864,1
Maharashtra,Amravati,27,468,1992,1,518125.27779756,40,2000,1.0,7.2459136977876,1
Maharashtra,Amravati,27,468,1994,2,2025996.664271296,643,800000,1.0,7.6772792647922,1
Maharashtra,Amravati,27,468,2007,2,505517.61527077004,287,73000,1.0,6.7148500364169,1
Maharashtra,Amravati,27,468,2014,1,376261.49252047,42,0,1.5,6.9557010155946,1
Maharashtra,Amravati,27,468,2016,1,377732.8783474799,20,0,1.5,6.2303973017891,1
Maharashtra,Amravati,27,468,2019,1,236728.10703236,0,45000,1.5,6.45343107138,1
Maharashtra,Amravati,27,468,2020,2,813071.9076378101,13,60,1.5,6.8090895976067,1
Maharashtra,Aurangabad,27,469,1985,1,254234.59502901,95,25000,1.0,6.1042046512933,1
Maharashtra,Aurangabad,27,469,1989,1,905209.24002345,780,0,1.0,6.9567489784143,1
Maharashtra,Aurangabad,27,469,1991,1,491361.49508556,72,300000,2.0,6.4695523709301,1
Maharashtra,Aurangabad,27,469,1992,1,752428.65689717,90,8000,1.0,7.4675299347014,1
Maharashtra,Aurangabad,27,469,1994,1,1981837.4145729,617,800000,1.0,7.6772792647922,1
Maharashtra,Aurangabad,27,469,1997,1,228334.98534624,50,10000,1.0,6.136723709306,1
Maharashtra,Aurangabad,27,469,1998,1,214517.3591745,12,50000,1.0,5.808583696642,1
Maharashtra,Aurangabad,27,469,2002,2,249566.423771403,191,33000,1.0,6.1350377632317,1
Maharashtra,Aurangabad,27,469,2005,1,619197.82147132,126,100000,1.0,7.1897694283678,1
Maharashtra,Aurangabad,27,469,2006,1,394010.73987917,41,0,1.0,6.2944780642496,1
Maharashtra,Aurangabad,27,469,2007,1,106578.44129192,62,10000,1.0,5.8058206147848,1
Maharashtra,Aurangabad,27,469,2016,1,377732.8783474799,20,0,1.5,6.2303973017891,1
Maharashtra,Aurangabad,27,469,2018,1,116871.18853738,1,300,1.5,6.0219499701184,1
Maharashtra,Aurangabad,27,469,2019,1,113845.84978471,36,0,1.5,5.9313784665602,1
Maharashtra,Aurangabad,27,469,2020,2,813071.9076378101,13,60,1.5,6.8090895976067,1
Maharashtra,Aurangabad,27,469,2021,1,331180.36847927,23,200000,1.5,6.5992458310632,1
Maharashtra,Beed,27,470,1985,1,254234.59502901,95,25000,1.0,6.1042046512933,1
Maharashtra,Beed,27,470,1989,1,905209.24002345,780,0,1.0,6.9567489784143,1
Maharashtra,Beed,27,470,1991,1,491361.49508556,72,300000,2.0,6.4695523709301,1
Maharashtra,Beed,27,470,1992,1,752428.65689717,90,8000,1.0,7.4675299347014,1
Maharashtra,Beed,27,470,1994,1,1981837.4145729,617,800000,1.0,7.6772792647922,1
Maharashtra,Beed,27,470,1997,1,228334.98534624,50,10000,1.0,6.136723709306,1
Maharashtra,Beed,27,470,1998,1,214517.3591745,12,50000,1.0,5.808583696642,1
Maharashtra,Beed,27,470,2002,1,170587.72455245,169,28000,1.0,6.1350377632317,1
Maharashtra,Beed,27,470,2005,1,619197.82147132,126,100000,1.0,7.1897694283678,1
Maharashtra,Beed,27,470,2006,1,394010.73987917,41,0,1.0,6.2944780642496,1
Maharashtra,Beed,27,470,2007,1,106578.44129192,62,10000,1.0,5.8058206147848,1
Maharashtra,Beed,27,470,2016,1,377732.8783474799,20,0,1.5,6.2303973017891,1
Maharashtra,Beed,27,470,2018,1,116871.18853738,1,300,1.5,6.0219499701184,1
Maharashtra,Beed,27,470,2019,1,113845.84978471,36,0,1.5,5.9313784665602,1
Maharashtra,Beed,27,470,2020,1,199450.78832131,0,0,1.5,5.7769570119006,1
Maharashtra,Beed,27,470,2021,1,331180.36847927,23,200000,1.5,6.5992458310632,1
Maharashtra,Bhandara,27,471,1989,1,905209.24002345,780,0,1.0,6.9567489784143,1
Maharashtra,Bhandara,27,471,1991,1,47249.125324899,500,6000,1.0,5.1515150279864,1
Maharashtra,Bhandara,27,471,1992,1,518125.27779756,40,2000,1.0,7.2459136977876,1
Maharashtra,Bhandara,27,471,1994,2,2025996.664271296,643,800000,1.0,7.6772792647922,1
Maharashtra,Bhandara,27,471,2000,1,36854.10296122,40,5000,1.0,5.0436070995396,1
Maharashtra,Bhandara,27,471,2005,2,993646.6687805101,215,650000,1.0,7.1897694283678,1
Maharashtra,Bhandara,27,471,2008,1,464317.9956417001,2400,0,2.0,6.8709354986642,1
Maharashtra,Bhandara,27,471,2014,1,376261.49252047,42,0,1.5,6.9557010155946,1
Maharashtra,Bhandara,27,471,2016,1,167030.23285049,20,15000,1.5,6.8460443769454,1
Maharashtra,Buldhana,27,472,1989,1,905209.24002345,780,0,1.0,6.9567489784143,1
Maharashtra,Buldhana,27,472,1991,2,538610.620410459,572,306000,2.0,6.4695523709301,1
Maharashtra,Buldhana,27,472,1992,1,752428.65689717,90,8000,1.0,7.4675299347014,1
Maharashtra,Buldhana,27,472,1994,1,1981837.4145729,617,800000,1.0,7.6772792647922,1
Maharashtra,Buldhana,27,472,1997,1,228334.98534624,50,10000,1.0,6.136723709306,1
Maharashtra,Buldhana,27,472,1998,1,214517.3591745,12,50000,1.0,5.808583696642,1
Maharashtra,Buldhana,27,472,2002,2,249566.423771403,191,33000,1.0,6.1350377632317,1
Maharashtra,Buldhana,27,472,2005,1,619197.82147132,126,100000,1.0,7.1897694283678,1
Maharashtra,Buldhana,27,472,2006,1,394010.73987917,41,0,1.0,6.2944780642496,1
Maharashtra,Buldhana,27,472,2007,2,505517.61527077004,287,73000,1.0,6.7148500364169,1
Maharashtra,Buldhana,27,472,2016,1,377732.8783474799,20,0,1.5,6.2303973017891,1
Maharashtra,Buldhana,27,472,2018,1,116871.18853738,1,300,1.5,6.0219499701184,1
Maharashtra,Buldhana,27,472,2019,1,113845.84978471,36,0,1.5,5.9313784665602,1
Maharashtra,Buldhana,27,472,2020,2,813071.9076378101,13,60,1.5,6.8090895976067,1
Maharashtra,Buldhana,27,472,2021,1,331180.36847927,23,200000,1.5,6.5992458310632,1
Maharashtra,Chandrapur,27,473,1988,1,94871.792387788,50,0,1.0,5.4542583603891,1
Maharashtra,Chandrapur,27,473,1989,1,905209.24002345,780,0,1.0,6.9567489784143,1
Maharashtra,Chandrapur,27,473,1990,1,267344.39912722,430,470000,1.0,6.0291310813779,1
Maharashtra,Chandrapur,27,473,1991,2,646814.013579429,590,91000,1.0,6.5559874421319,1
Maharashtra,Chandrapur,27,473,1992,1,518125.27779756,40,2000,1.0,7.2459136977876,1
Maharashtra,Chandrapur,27,473,1994,2,2025996.664271296,643,800000,1.0,7.6772792647922,1
Maharashtra,Chandrapur,27,473,1995,1,262803.20430156,94,12000,1.0,6.0216906475049,1
Maharashtra,Chandrapur,27,473,1997,1,384888.40479346993,6,0,1.0,6.3634860780538,1
Maharashtra,Chandrapur,27,473,2000,1,36854.10296122,40,5000,1.0,5.0436070995396,1
Maharashtra,Chandrapur,27,473,2003,1,21087.654067954,2,14000,1.5,5.2782707780356,1
Maharashtra,Chandrapur,27,473,2005,2,993646.6687805101,215,650000,1.0,7.1897694283678,1
Maharashtra,Chandrapur,27,473,2007,1,450564.3552535,127,200000,1.0,6.7677001834385,1
Maharashtra,Chandrapur,27,473,2014,1,376261.49252047,42,0,1.5,6.9557010155946,1
Maharashtra,Chandrapur,27,473,2019,1,302736.26273672,25,112500,1.5,6.3561257086734,1
Maharashtra,Chandrapur,27,473,2020,1,125991.05614617,6,2100,1.5,6.2764309755682,1
Maharashtra,Dhule,27,474,1989,1,905209.24002345,780,0,1.0,6.9567489784143,1
Maharashtra,Dhule,27,474,1991,1,491361.49508556,72,300000,2.0,6.4695523709301,1
Maharashtra,Dhule,27,474,1992,1,752428.65689717,90,8000,1.0,7.4675299347014,1
Maharashtra,Dhule,27,474,1994,1,1981837.4145729,617,800000,1.0,7.6772792647922,1
Maharashtra,Dhule,27,474,1997,1,228334.98534624,50,10000,1.0,6.136723709306,1
Maharashtra,Dhule,27,474,1998,1,214517.3591745,12,50000,1.0,5.808583696642,1
Maharashtra,Dhule,27,474,2002,2,249566.423771403,191,33000,1.0,6.1350377632317,1
Maharashtra,Dhule,27,474,2003,1,37685.269001548,4,0,1.0,5.4212696596744,1
Maharashtra,Dhule,27,474,2005,1,53194.834384822,15,0,1.0,6.0268994567731,1
Maharashtra,Dhule,27,474,2006,1,394010.73987917,41,0,1.0,6.2944780642496,1
Maharashtra,Dhule,27,474,2007,2,505517.61527077004,287,73000,1.0,6.7148500364169,1
Maharashtra,Dhule,27,474,2016,1,377732.8783474799,20,0,1.5,6.2303973017891,1
Maharashtra,Dhule,27,474,2018,2,174082.307268764,21,300,1.5,6.0219499701184,1
Maharashtra,Dhule,27,474,2019,1,113845.84978471,36,0,1.5,5.9313784665602,1
Maharashtra,Dhule,27,474,2020,2,813071.9076378101,13,60,1.5,6.8090895976067,1
Maharashtra,Dhule,27,474,2021,1,331180.36847927,23,200000,1.5,6.5992458310632,1
Maharashtra,Dhule,27,474,2022,1,80000.0,7,1500,1.5,5.0791812460476,1
Maharashtra,Dhule,27,474,2023,1,184454.0,12,150000,2.0,6.2658880776116,1
Maharashtra,Gadchiroli,27,475,1986,1,107355.33281993,150,3000000,1.0,5.933913609651,1
Maharashtra,Gadchiroli,27,475,1988,1,94871.792387788,50,0,1.0,5.4542583603891,1
Maharashtra,Gadchiroli,27,475,1989,1,905209.24002345,780,0,1.0,6.9567489784143,1
Maharashtra,Gadchiroli,27,475,1990,1,267344.39912722,430,470000,1.0,6.0291310813779,1
Maharashtra,Gadchiroli,27,475,1991,2,646814.013579429,590,91000,1.0,6.5559874421319,1
Maharashtra,Gadchiroli,27,475,1992,1,518125.27779756,40,2000,1.0,7.2459136977876,1
Maharashtra,Gadchiroli,27,475,1994,2,2025996.664271296,643,800000,1.0,7.6772792647922,1
Maharashtra,Gadchiroli,27,475,1995,1,262803.20430156,94,12000,1.0,6.0216906475049,1
Maharashtra,Gadchiroli,27,475,1997,1,384888.40479346993,6,0,1.0,6.3634860780538,1
Maharashtra,Gadchiroli,27,475,2000,1,36854.10296122,40,5000,1.0,5.0436070995396,1
Maharashtra,Gadchiroli,27,475,2003,1,21087.654067954,2,14000,1.5,5.2782707780356,1
Maharashtra,Gadchiroli,27,475,2005,2,993646.6687805101,215,650000,1.0,7.1897694283678,1
Maharashtra,Gadchiroli,27,475,2006,2,493644.12023148005,205,2000000,1.0,7.093902822695,1
Maharashtra,Gadchiroli,27,475,2007,2,699003.2100814299,156,250000,1.0,6.7677001834385,1
Maharashtra,Gadchiroli,27,475,2008,1,464317.9956417001,2400,0,2.0,6.8709354986642,1
Maharashtra,Gadchiroli,27,475,2014,1,376261.49252047,42,0,1.5,6.9557010155946,1
Maharashtra,Gadchiroli,27,475,2016,2,304465.63745374,37,18000,1.5,6.8460443769454,1
Maharashtra,Gadchiroli,27,475,2019,1,302736.26273672,25,112500,1.5,6.3561257086734,1
Maharashtra,Gadchiroli,27,475,2020,1,125991.05614617,6,2100,1.5,6.2764309755682,1
Maharashtra,Gondia,27,476,1989,1,905209.24002345,780,0,1.0,6.9567489784143,1
Maharashtra,Gondia,27,476,1991,1,47249.125324899,500,6000,1.0,5.1515150279864,1
Maharashtra,Gondia,27,476,1992,1,518125.27779756,40,2000,1.0,7.2459136977876,1
Maharashtra,Gondia,27,476,1994,2,2025996.664271296,643,800000,1.0,7.6772792647922,1
Maharashtra,Gondia,27,476,2000,1,36854.10296122,40,5000,1.0,5.0436070995396,1
Maharashtra,Gondia,27,476,2005,2,993646.6687805101,215,650000,1.0,7.1897694283678,1
Maharashtra,Gondia,27,476,2008,1,464317.9956417001,2400,0,2.0,6.8709354986642,1
Maharashtra,Gondia,27,476,2013,1,152700.5014673,0,8000,1.0,6.0869304502705,1
Maharashtra,Gondia,27,476,2014,1,376261.49252047,42,0,1.5,6.9557010155946,1
Maharashtra,Gondia,27,476,2016,1,167030.23285049,20,15000,1.5,6.8460443769454,1
Maharashtra,Hingoli,27,477,1989,1,905209.24002345,780,0,1.0,6.9567489784143,1
Maharashtra,Hingoli,27,477,1991,1,491361.49508556,72,300000,2.0,6.4695523709301,1
Maharashtra,Hingoli,27,477,1992,1,752428.65689717,90,8000,1.0,7.4675299347014,1
Maharashtra,Hingoli,27,477,1994,1,1981837.4145729,617,800000,1.0,7.6772792647922,1
Maharashtra,Hingoli,27,477,1997,1,228334.98534624,50,10000,1.0,6.136723709306,1
Maharashtra,Hingoli,27,477,2002,1,170587.72455245,169,28000,1.0,6.1350377632317,1
Maharashtra,Hingoli,27,477,2005,1,619197.82147132,126,100000,1.0,7.1897694283678,1
Maharashtra,Hingoli,27,477,2006,1,394010.73987917,41,0,1.0,6.2944780642496,1
Maharashtra,Hingoli,27,477,2007,1,106578.44129192,62,10000,1.0,5.8058206147848,1
Maharashtra,Hingoli,27,477,2014,1,376261.49252047,42,0,1.5,6.9557010155946,1
Maharashtra,Hingoli,27,477,2016,1,377732.8783474799,20,0,1.5,6.2303973017891,1
Maharashtra,Hingoli,27,477,2020,1,199450.78832131,0,0,1.5,5.7769570119006,1
Maharashtra,Jalgaon,27,478,1989,1,905209.24002345,780,0,1.0,6.9567489784143,1
Maharashtra,Jalgaon,27,478,1991,1,491361.49508556,72,300000,2.0,6.4695523709301,1
Maharashtra,Jalgaon,27,478,1992,1,752428.65689717,90,8000,1.0,7.4675299347014,1
Maharashtra,Jalgaon,27,478,1994,1,1981837.4145729,617,800000,1.0,7.6772792647922,1
Maharashtra,Jalgaon,27,478,1997,1,228334.98534624,50,10000,1.0,6.136723709306,1
Maharashtra,Jalgaon,27,478,1998,1,214517.3591745,12,50000,1.0,5.808583696642,1
Maharashtra,Jalgaon,27,478,2002,2,249566.423771403,191,33000,1.0,6.1350377632317,1
Maharashtra,Jalgaon,27,478,2006,1,394010.73987917,41,0,1.0,6.2944780642496,1
Maharashtra,Jalgaon,27,478,2007,2,505517.61527077004,287,73000,1.0,6.7148500364169,1
Maharashtra,Jalgaon,27,478,2016,1,377732.8783474799,20,0,1.5,6.2303973017891,1
Maharashtra,Jalgaon,27,478,2018,1,116871.18853738,1,300,1.5,6.0219499701184,1
Maharashtra,Jalgaon,27,478,2019,1,113845.84978471,36,0,1.5,5.9313784665602,1
Maharashtra,Jalgaon,27,478,2020,2,813071.9076378101,13,60,1.5,6.8090895976067,1
Maharashtra,Jalgaon,27,478,2021,1,331180.36847927,23,200000,1.5,6.5992458310632,1
Maharashtra,Jalgaon,27,478,2022,1,80000.0,7,1500,1.5,5.0791812460476,1
Maharashtra,Jalna,27,479,1989,1,905209.24002345,780,0,1.0,6.9567489784143,1
Maharashtra,Jalna,27,479,1991,1,491361.49508556,72,300000,2.0,6.4695523709301,1
Maharashtra,Jalna,27,479,1992,1,752428.65689717,90,8000,1.0,7.4675299347014,1
Maharashtra,Jalna,27,479,1994,1,1981837.4145729,617,800000,1.0,7.6772792647922,1
Maharashtra,Jalna,27,479,1997,1,228334.98534624,50,10000,1.0,6.136723709306,1
Maharashtra,Jalna,27,479,1998,1,214517.3591745,12,50000,1.0,5.808583696642,1
Maharashtra,Jalna,27,479,2002,2,249566.423771403,191,33000,1.0,6.1350377632317,1
Maharashtra,Jalna,27,479,2005,1,619197.82147132,126,100000,1.0,7.1897694283678,1
Maharashtra,Jalna,27,479,2006,1,394010.73987917,41,0,1.0,6.2944780642496,1
Maharashtra,Jalna,27,479,2007,1,106578.44129192,62,10000,1.0,5.8058206147848,1
Maharashtra,Jalna,27,479,2016,1,377732.8783474799,20,0,1.5,6.2303973017891,1
Maharashtra,Jalna,27,479,2018,1,116871.18853738,1,300,1.5,6.0219499701184,1
Maharashtra,Jalna,27,479,2019,1,113845.84978471,36,0,1.5,5.9313784665602,1
Maharashtra,Jalna,27,479,2020,2,813071.9076378101,13,60,1.5,6.8090895976067,1
Maharashtra,Jalna,27,479,2021,1,331180.36847927,23,200000,1.5,6.5992458310632,1
Maharashtra,Kolhapur,27,480,1985,1,254234.59502901,95,25000,1.0,6.1042046512933,1
Maharashtra,Kolhapur,27,480,1989,1,905209.24002345,780,0,1.0,6.9567489784143,1
Maharashtra,Kolhapur,27,480,1991,2,1090926.38334009,162,385000,2.0,6.5559874421319,1
Maharashtra,Kolhapur,27,480,1992,1,752428.65689717,90,8000,1.0,7.4675299347014,1
Maharashtra,Kolhapur,27,480,1994,1,1981837.4145729,617,800000,1.0,7.6772792647922,1
Maharashtra,Kolhapur,27,480,1997,2,461359.35063058,150,10000,1.0,6.622673838813,1
Maharashtra,Kolhapur,27,480,2000,1,107052.90137071,140,0,1.0,6.1757264778105,1
Maharashtra,Kolhapur,27,480,2005,2,654749.3913717,1113,260000,1.0,7.1897694283678,1
Maharashtra,Kolhapur,27,480,2006,1,394010.73987917,41,0,1.0,6.2944780642496,1
Maharashtra,Kolhapur,27,480,2009,2,373305.1065422259,303,0,2.0,7.047228106993,1
Maharashtra,Kolhapur,27,480,2018,2,270570.47685106,15,34300,1.5,6.4045534079872,1
Maharashtra,Kolhapur,27,480,2020,1,199450.78832131,0,0,1.5,5.7769570119006,1
Maharashtra,Kolhapur,27,480,2021,2,442029.06894479005,32,231360,1.5,6.5992458310632,1
Maharashtra,Latur,27,481,1989,1,905209.24002345,780,0,1.0,6.9567489784143,1
Maharashtra,Latur,27,481,1991,2,1090926.38334009,162,385000,2.0,6.5559874421319,1
Maharashtra,Latur,27,481,1992,1,752428.65689717,90,8000,1.0,7.4675299347014,1
Maharashtra,Latur,27,481,1994,1,1981837.4145729,617,800000,1.0,7.6772792647922,1
Maharashtra,Latur,27,481,1997,2,461359.35063058,150,10000,1.0,6.622673838813,1
Maharashtra,Latur,27,481,2005,1,619197.82147132,126,100000,1.0,7.1897694283678,1
Maharashtra,Latur,27,481,2006,1,394010.73987917,41,0,1.0,6.2944780642496,1
Maharashtra,Latur,27,481,2014,1,376261.49252047,42,0,1.5,6.9557010155946,1
Maharashtra,Mumbai,27,482,1988,1,605.21252452873,23,0,1.0,3.0829379025852,1
Maharashtra,Mumbai,27,482,1989,1,905209.24002345,780,0,1.0,6.9567489784143,1
Maharashtra,Mumbai,27,482,1991,1,491361.49508556,72,300000,2.0,6.4695523709301,1
Maharashtra,Mumbai,27,482,1992,1,752428.65689717,90,8000,1.0,7.4675299347014,1
Maharashtra,Mumbai,27,482,1994,1,1981837.4145729,617,800000,1.0,7.6772792647922,1
Maharashtra,Mumbai,27,482,1997,1,228334.98534624,50,10000,1.0,6.136723709306,1
Maharashtra,Mumbai,27,482,2000,1,107052.90137071,140,0,1.0,6.1757264778105,1
Maharashtra,Mumbai,27,482,2005,1,35551.56990038,987,160000,1.0,5.6648021355447,1
Maharashtra,Mumbai,27,482,2006,1,393.77359587843,9,0,1.0,3.1973065828945,1
Maharashtra,Mumbai,27,482,2007,1,106578.44129192,62,10000,1.0,5.8058206147848,1
Maharashtra,Mumbai Suburban,27,483,1985,1,254234.59502901,95,25000,1.0,6.1042046512933,1
Maharashtra,Mumbai Suburban,27,483,1988,1,605.21252452873,23,0,1.0,3.0829379025852,1
Maharashtra,Mumbai Suburban,27,483,1989,1,905209.24002345,780,0,1.0,6.9567489784143,1
Maharashtra,Mumbai Suburban,27,483,1991,1,491361.49508556,72,300000,2.0,6.4695523709301,1
Maharashtra,Mumbai Suburban,27,483,1992,1,752428.65689717,90,8000,1.0,7.4675299347014,1
Maharashtra,Mumbai Suburban,27,483,1994,1,1981837.4145729,617,800000,1.0,7.6772792647922,1
Maharashtra,Mumbai Suburban,27,483,1997,1,228334.98534624,50,10000,1.0,6.136723709306,1
Maharashtra,Mumbai Suburban,27,483,1998,1,214517.3591745,12,50000,1.0,5.808583696642,1
Maharashtra,Mumbai Suburban,27,483,2000,1,107052.90137071,140,0,1.0,6.1757264778105,1
Maharashtra,Mumbai Suburban,27,483,2002,1,170587.72455245,169,28000,1.0,6.1350377632317,1
Maharashtra,Mumbai Suburban,27,483,2005,1,35551.56990038,987,160000,1.0,5.6648021355447,1
Maharashtra,Mumbai Suburban,27,483,2006,2,394404.5134750485,50,0,1.0,6.2944780642496,1
Maharashtra,Mumbai Suburban,27,483,2007,1,106578.44129192,62,10000,1.0,5.8058206147848,1
Maharashtra,Mumbai Suburban,27,483,2020,1,199450.78832131,0,0,1.5,5.7769570119006,1
Maharashtra,Mumbai Suburban,27,483,2021,1,331180.36847927,23,200000,1.5,6.5992458310632,1
Maharashtra,Nagpur,27,484,1989,1,905209.24002345,780,0,1.0,6.9567489784143,1
Maharashtra,Nagpur,27,484,1991,1,47249.125324899,500,6000,1.0,5.1515150279864,1
Maharashtra,Nagpur,27,484,1992,1,518125.27779756,40,2000,1.0,7.2459136977876,1
Maharashtra,Nagpur,27,484,1994,2,2025996.664271296,643,800000,1.0,7.6772792647922,1
Maharashtra,Nagpur,27,484,2000,1,36854.10296122,40,5000,1.0,5.0436070995396,1
Maharashtra,Nagpur,27,484,2005,1,619197.82147132,126,100000,1.0,7.1897694283678,1
Maharashtra,Nagpur,27,484,2014,1,376261.49252047,42,0,1.5,6.9557010155946,1
Maharashtra,Nagpur,27,484,2016,1,167030.23285049,20,15000,1.5,6.8460443769454,1
Maharashtra,Nanded,27,485,1989,1,905209.24002345,780,0,1.0,6.9567489784143,1
Maharashtra,Nanded,27,485,1990,1,267344.39912722,430,470000,1.0,6.0291310813779,1
Maharashtra,Nanded,27,485,1991,2,1090926.38334009,162,385000,2.0,6.5559874421319,1
Maharashtra,Nanded,27,485,1992,1,752428.65689717,90,8000,1.0,7.4675299347014,1
Maharashtra,Nanded,27,485,1994,1,1981837.4145729,617,800000,1.0,7.6772792647922,1
Maharashtra,Nanded,27,485,1995,1,262803.20430156,94,12000,1.0,6.0216906475049,1
Maharashtra,Nanded,27,485,1997,1,228334.98534624,50,10000,1.0,6.136723709306,1
Maharashtra,Nanded,27,485,2003,1,21087.654067954,2,14000,1.5,5.2782707780356,1
Maharashtra,Nanded,27,485,2005,1,619197.82147132,126,100000,1.0,7.1897694283678,1
Maharashtra,Nanded,27,485,2006,1,394010.73987917,41,0,1.0,6.2944780642496,1
Maharashtra,Nanded,27,485,2014,1,376261.49252047,42,0,1.5,6.9557010155946,1
Maharashtra,Nanded,27,485,2020,1,125991.05614617,6,2100,1.5,6.2764309755682,1
Maharashtra,Nandurbar,27,486,1989,1,905209.24002345,780,0,1.0,6.9567489784143,1
Maharashtra,Nandurbar,27,486,1990,2,1286824.89803606,475,63517,1.0,7.3840771654136,1
Maharashtra,Nandurbar,27,486,1991,1,491361.49508556,72,300000,2.0,6.4695523709301,1
Maharashtra,Nandurbar,27,486,1992,1,752428.65689717,90,8000,1.0,7.4675299347014,1
Maharashtra,Nandurbar,27,486,1994,1,1981837.4145729,617,800000,1.0,7.6772792647922,1
Maharashtra,Nandurbar,27,486,1997,2,411477.53745418997,323,30000,1.0,7.0823331973675,1
Maharashtra,Nandurbar,27,486,1998,1,214517.3591745,12,50000,1.0,5.808583696642,1
Maharashtra,Nandurbar,27,486,2002,2,249566.423771403,191,33000,1.0,6.1350377632317,1
Maharashtra,Nandurbar,27,486,2003,2,50461.951904541,6,14000,1.0,5.4212696596744,1
Maharashtra,Nandurbar,27,486,2005,1,53194.834384822,15,0,1.0,6.0268994567731,1
Maharashtra,Nandurbar,27,486,2006,2,564066.6249895501,65,8400,1.0,6.2944780642496,1
Maharashtra,Nandurbar,27,486,2007,1,398939.17397885,225,63000,1.0,6.7148500364169,1
Maharashtra,Nandurbar,27,486,2011,1,33056.092108546,0,5000,1.5,5.9963727646928,1
Maharashtra,Nandurbar,27,486,2016,1,377732.8783474799,20,0,1.5,6.2303973017891,1
Maharashtra,Nandurbar,27,486,2018,2,174082.307268764,21,300,1.5,6.0219499701184,1
Maharashtra,Nandurbar,27,486,2019,1,113845.84978471,36,0,1.5,5.9313784665602,1
Maharashtra,Nandurbar,27,486,2020,2,813071.9076378101,13,60,1.5,6.8090895976067,1
Maharashtra,Nandurbar,27,486,2021,1,331180.36847927,23,200000,1.5,6.5992458310632,1
Maharashtra,Nandurbar,27,486,2022,1,80000.0,7,1500,1.5,5.0791812460476,1
Maharashtra,Nandurbar,27,486,2023,1,184454.0,12,150000,2.0,6.2658880776116,1
Maharashtra,Nashik,27,487,1985,1,254234.59502901,95,25000,1.0,6.1042046512933,1
Maharashtra,Nashik,27,487,1989,1,905209.24002345,780,0,1.0,6.9567489784143,1
Maharashtra,Nashik,27,487,1990,2,1286824.89803606,475,63517,1.0,7.3840771654136,1
Maharashtra,Nashik,27,487,1991,1,491361.49508556,72,300000,2.0,6.4695523709301,1
Maharashtra,Nashik,27,487,1992,1,752428.65689717,90,8000,1.0,7.4675299347014,1
Maharashtra,Nashik,27,487,1994,1,1981837.4145729,617,800000,1.0,7.6772792647922,1
Maharashtra,Nashik,27,487,1997,2,411477.53745418997,323,30000,1.0,7.0823331973675,1
Maharashtra,Nashik,27,487,1998,1,214517.3591745,12,50000,1.0,5.808583696642,1
Maharashtra,Nashik,27,487,2000,1,107052.90137071,140,0,1.0,6.1757264778105,1
Maharashtra,Nashik,27,487,2002,2,249566.423771403,191,33000,1.0,6.1350377632317,1
Maharashtra,Nashik,27,487,2003,1,37685.269001548,4,0,1.0,5.4212696596744,1
Maharashtra,Nashik,27,487,2005,2,88746.404285202,1002,160000,1.0,6.0268994567731,1
Maharashtra,Nashik,27,487,2006,1,394010.73987917,41,0,1.0,6.2944780642496,1
Maharashtra,Nashik,27,487,2007,2,505517.61527077004,287,73000,1.0,6.7148500364169,1
Maharashtra,Nashik,27,487,2016,1,377732.8783474799,20,0,1.5,6.2303973017891,1
Maharashtra,Nashik,27,487,2018,2,174082.307268764,21,300,1.5,6.0219499701184,1
Maharashtra,Nashik,27,487,2019,1,113845.84978471,36,0,1.5,5.9313784665602,1
Maharashtra,Nashik,27,487,2020,1,199450.78832131,0,0,1.5,5.7769570119006,1
Maharashtra,Nashik,27,487,2021,1,331180.36847927,23,200000,1.5,6.5992458310632,1
Maharashtra,Nashik,27,487,2022,1,80000.0,7,1500,1.5,5.0791812460476,1
Maharashtra,Nashik,27,487,2023,1,184454.0,12,150000,2.0,6.2658880776116,1
Maharashtra,Osmanabad,27,488,1989,1,905209.24002345,780,0,1.0,6.9567489784143,1
Maharashtra,Osmanabad,27,488,1991,2,1090926.38334009,162,385000,2.0,6.5559874421319,1
Maharashtra,Osmanabad,27,488,1992,1,752428.65689717,90,8000,1.0,7.4675299347014,1
Maharashtra,Osmanabad,27,488,1994,1,1981837.4145729,617,800000,1.0,7.6772792647922,1
Maharashtra,Osmanabad,27,488,1997,2,461359.35063058,150,10000,1.0,6.622673838813,1
Maharashtra,Osmanabad,27,488,1998,1,214517.3591745,12,50000,1.0,5.808583696642,1
Maharashtra,Osmanabad,27,488,2005,1,619197.82147132,126,100000,1.0,7.1897694283678,1
Maharashtra,Osmanabad,27,488,2006,1,394010.73987917,41,0,1.0,6.2944780642496,1
Maharashtra,Osmanabad,27,488,2021,1,331180.36847927,23,200000,1.5,6.5992458310632,1
Maharashtra,Palghar,27,665,1985,1,254234.59502901,95,25000,1.0,6.1042046512933,1
Maharashtra,Palghar,27,665,1988,1,605.21252452873,23,0,1.0,3.0829379025852,1
Maharashtra,Palghar,27,665,1989,1,905209.24002345,780,0,1.0,6.9567489784143,1
Maharashtra,Palghar,27,665,1991,1,491361.49508556,72,300000,2.0,6.4695523709301,1
Maharashtra,Palghar,27,665,1992,1,752428.65689717,90,8000,1.0,7.4675299347014,1
Maharashtra,Palghar,27,665,1994,1,1981837.4145729,617,800000,1.0,7.6772792647922,1
Maharashtra,Palghar,27,665,1997,1,228334.98534624,50,10000,1.0,6.136723709306,1
Maharashtra,Palghar,27,665,1998,1,214517.3591745,12,50000,1.0,5.808583696642,1
Maharashtra,Palghar,27,665,2000,1,107052.90137071,140,0,1.0,6.1757264778105,1
Maharashtra,Palghar,27,665,2002,1,170587.72455245,169,28000,1.0,6.1350377632317,1
Maharashtra,Palghar,27,665,2003,1,37685.269001548,4,0,1.0,5.4212696596744,1
Maharashtra,Palghar,27,665,2005,3,162527.372718231,1204,660000,2.0,6.4242468521509,1
Maharashtra,Palghar,27,665,2006,1,394010.73987917,41,0,1.0,6.2944780642496,1
Maharashtra,Palghar,27,665,2007,2,505517.61527077004,287,73000,1.0,6.7148500364169,1
Maharashtra,Palghar,27,665,2016,1,377732.8783474799,20,0,1.5,6.2303973017891,1
Maharashtra,Palghar,27,665,2018,2,174082.307268764,21,300,1.5,6.0219499701184,1
Maharashtra,Palghar,27,665,2019,1,113845.84978471,36,0,1.5,5.9313784665602,1
Maharashtra,Palghar,27,665,2020,1,199450.78832131,0,0,1.5,5.7769570119006,1
Maharashtra,Palghar,27,665,2021,1,331180.36847927,23,200000,1.5,6.5992458310632,1
Maharashtra,Palghar,27,665,2022,1,80000.0,7,1500,1.5,5.0791812460476,1
Maharashtra,Palghar,27,665,2023,1,184454.0,12,150000,2.0,6.2658880776116,1
Maharashtra,Parbhani,27,489,1989,1,905209.24002345,780,0,1.0,6.9567489784143,1
Maharashtra,Parbhani,27,489,1991,1,491361.49508556,72,300000,2.0,6.4695523709301,1
Maharashtra,Parbhani,27,489,1992,1,752428.65689717,90,8000,1.0,7.4675299347014,1
Maharashtra,Parbhani,27,489,1994,1,1981837.4145729,617,800000,1.0,7.6772792647922,1
Maharashtra,Parbhani,27,489,1997,1,228334.98534624,50,10000,1.0,6.136723709306,1
Maharashtra,Parbhani,27,489,2002,1,170587.72455245,169,28000,1.0,6.1350377632317,1
Maharashtra,Parbhani,27,489,2005,1,619197.82147132,126,100000,1.0,7.1897694283678,1
Maharashtra,Parbhani,27,489,2006,1,394010.73987917,41,0,1.0,6.2944780642496,1
Maharashtra,Parbhani,27,489,2007,1,106578.44129192,62,10000,1.0,5.8058206147848,1
Maharashtra,Parbhani,27,489,2014,1,376261.49252047,42,0,1.5,6.9557010155946,1
Maharashtra,Parbhani,27,489,2016,1,377732.8783474799,20,0,1.5,6.2303973017891,1
Maharashtra,Parbhani,27,489,2018,1,116871.18853738,1,300,1.5,6.0219499701184,1
Maharashtra,Parbhani,27,489,2020,1,199450.78832131,0,0,1.5,5.7769570119006,1
Maharashtra,Pune,27,490,1985,1,254234.59502901,95,25000,1.0,6.1042046512933,1
Maharashtra,Pune,27,490,1989,1,905209.24002345,780,0,1.0,6.9567489784143,1
Maharashtra,Pune,27,490,1991,1,491361.49508556,72,300000,2.0,6.4695523709301,1
Maharashtra,Pune,27,490,1992,1,752428.65689717,90,8000,1.0,7.4675299347014,1
Maharashtra,Pune,27,490,1994,1,1981837.4145729,617,800000,1.0,7.6772792647922,1
Maharashtra,Pune,27,490,1997,1,228334.98534624,50,10000,1.0,6.136723709306,1
Maharashtra,Pune,27,490,1998,1,214517.3591745,12,50000,1.0,5.808583696642,1
Maharashtra,Pune,27,490,2000,1,107052.90137071,140,0,1.0,6.1757264778105,1
Maharashtra,Pune,27,490,2002,1,170587.72455245,169,28000,1.0,6.1350377632317,1
Maharashtra,Pune,27,490,2005,2,654749.3913717,1113,260000,1.0,7.1897694283678,1
Maharashtra,Pune,27,490,2006,1,394010.73987917,41,0,1.0,6.2944780642496,1
Maharashtra,Pune,27,490,2007,1,106578.44129192,62,10000,1.0,5.8058206147848,1
Maharashtra,Pune,27,490,2016,1,377732.8783474799,20,0,1.5,6.2303973017891,1
Maharashtra,Pune,27,490,2018,2,174082.307268764,21,300,1.5,6.0219499701184,1
Maharashtra,Pune,27,490,2019,1,113845.84978471,36,0,1.5,5.9313784665602,1
Maharashtra,Pune,27,490,2020,1,199450.78832131,0,0,1.5,5.7769570119006,1
Maharashtra,Pune,27,490,2021,1,331180.36847927,23,200000,1.5,6.5992458310632,1
Maharashtra,Raigad,27,491,1985,1,254234.59502901,95,25000,1.0,6.1042046512933,1
Maharashtra,Raigad,27,491,1989,1,905209.24002345,780,0,1.0,6.9567489784143,1
Maharashtra,Raigad,27,491,1991,1,491361.49508556,72,300000,2.0,6.4695523709301,1
Maharashtra,Raigad,27,491,1992,1,752428.65689717,90,8000,1.0,7.4675299347014,1
Maharashtra,Raigad,27,491,1994,1,1981837.4145729,617,800000,1.0,7.6772792647922,1
Maharashtra,Raigad,27,491,1997,1,228334.98534624,50,10000,1.0,6.136723709306,1
Maharashtra,Raigad,27,491,1998,1,214517.3591745,12,50000,1.0,5.808583696642,1
Maharashtra,Raigad,27,491,2000,1,107052.90137071,140,0,1.0,6.1757264778105,1
Maharashtra,Raigad,27,491,2005,2,654749.3913717,1113,260000,1.0,7.1897694283678,1
Maharashtra,Raigad,27,491,2006,1,394010.73987917,41,0,1.0,6.2944780642496,1
Maharashtra,Raigad,27,491,2007,1,106578.44129192,62,10000,1.0,5.8058206147848,1
Maharashtra,Raigad,27,491,2016,1,377732.8783474799,20,0,1.5,6.2303973017891,1
Maharashtra,Raigad,27,491,2018,2,174082.307268764,21,300,1.5,6.0219499701184,1
Maharashtra,Raigad,27,491,2019,1,113845.84978471,36,0,1.5,5.9313784665602,1
Maharashtra,Raigad,27,491,2020,1,199450.78832131,0,0,1.5,5.7769570119006,1
Maharashtra,Raigad,27,491,2021,1,331180.36847927,23,200000,1.5,6.5992458310632,1
Maharashtra,Ratnagiri,27,492,1985,1,254234.59502901,95,25000,1.0,6.1042046512933,1
Maharashtra,Ratnagiri,27,492,1989,1,905209.24002345,780,0,1.0,6.9567489784143,1
Maharashtra,Ratnagiri,27,492,1991,1,491361.49508556,72,300000,2.0,6.4695523709301,1
Maharashtra,Ratnagiri,27,492,1992,1,752428.65689717,90,8000,1.0,7.4675299347014,1
Maharashtra,Ratnagiri,27,492,1994,1,1981837.4145729,617,800000,1.0,7.6772792647922,1
Maharashtra,Ratnagiri,27,492,1997,1,228334.98534624,50,10000,1.0,6.136723709306,1
Maharashtra,Ratnagiri,27,492,1998,1,214517.3591745,12,50000,1.0,5.808583696642,1
Maharashtra,Ratnagiri,27,492,2000,1,107052.90137071,140,0,1.0,6.1757264778105,1
Maharashtra,Ratnagiri,27,492,2005,2,654749.3913717,1113,260000,1.0,7.1897694283678,1
Maharashtra,Ratnagiri,27,492,2006,1,394010.73987917,41,0,1.0,6.2944780642496,1
Maharashtra,Ratnagiri,27,492,2007,1,106578.44129192,62,10000,1.0,5.8058206147848,1
Maharashtra,Ratnagiri,27,492,2018,1,116871.18853738,1,300,1.5,6.0219499701184,1
Maharashtra,Ratnagiri,27,492,2020,1,199450.78832131,0,0,1.5,5.7769570119006,1
Maharashtra,Ratnagiri,27,492,2021,1,331180.36847927,23,200000,1.5,6.5992458310632,1
Maharashtra,Sangli,27,493,1985,1,254234.59502901,95,25000,1.0,6.1042046512933,1
Maharashtra,Sangli,27,493,1989,1,905209.24002345,780,0,1.0,6.9567489784143,1
Maharashtra,Sangli,27,493,1991,2,1090926.38334009,162,385000,2.0,6.5559874421319,1
Maharashtra,Sangli,27,493,1992,1,752428.65689717,90,8000,1.0,7.4675299347014,1
Maharashtra,Sangli,27,493,1994,1,1981837.4145729,617,800000,1.0,7.6772792647922,1
Maharashtra,Sangli,27,493,1997,2,461359.35063058,150,10000,1.0,6.622673838813,1
Maharashtra,Sangli,27,493,2000,1,107052.90137071,140,0,1.0,6.1757264778105,1
Maharashtra,Sangli,27,493,2005,2,654749.3913717,1113,260000,1.0,7.1897694283678,1
Maharashtra,Sangli,27,493,2006,1,394010.73987917,41,0,1.0,6.2944780642496,1
Maharashtra,Sangli,27,493,2009,2,373305.1065422259,303,0,2.0,7.047228106993,1
Maharashtra,Sangli,27,493,2018,1,116730.40864663002,3,300,1.5,5.544305260612,1
Maharashtra,Sangli,27,493,2020,1,199450.78832131,0,0,1.5,5.7769570119006,1
Maharashtra,Sangli,27,493,2021,1,331180.36847927,23,200000,1.5,6.5992458310632,1
Maharashtra,Satara,27,494,1985,1,254234.59502901,95,25000,1.0,6.1042046512933,1
Maharashtra,Satara,27,494,1989,1,905209.24002345,780,0,1.0,6.9567489784143,1
Maharashtra,Satara,27,494,1991,1,491361.49508556,72,300000,2.0,6.4695523709301,1
Maharashtra,Satara,27,494,1992,1,752428.65689717,90,8000,1.0,7.4675299347014,1
Maharashtra,Satara,27,494,1994,1,1981837.4145729,617,800000,1.0,7.6772792647922,1
Maharashtra,Satara,27,494,1997,1,228334.98534624,50,10000,1.0,6.136723709306,1
Maharashtra,Satara,27,494,1998,1,214517.3591745,12,50000,1.0,5.808583696642,1
Maharashtra,Satara,27,494,2000,1,107052.90137071,140,0,1.0,6.1757264778105,1
Maharashtra,Satara,27,494,2005,2,654749.3913717,1113,260000,1.0,7.1897694283678,1
Maharashtra,Satara,27,494,2006,1,394010.73987917,41,0,1.0,6.2944780642496,1
Maharashtra,Satara,27,494,2007,1,106578.44129192,62,10000,1.0,5.8058206147848,1
Maharashtra,Satara,27,494,2009,1,309688.87629397993,303,0,2.0,7.047228106993,1
Maharashtra,Satara,27,494,2016,1,377732.8783474799,20,0,1.5,6.2303973017891,1
Maharashtra,Satara,27,494,2018,1,116871.18853738,1,300,1.5,6.0219499701184,1
Maharashtra,Satara,27,494,2019,1,113845.84978471,36,0,1.5,5.9313784665602,1
Maharashtra,Satara,27,494,2020,1,199450.78832131,0,0,1.5,5.7769570119006,1
Maharashtra,Satara,27,494,2021,1,331180.36847927,23,200000,1.5,6.5992458310632,1
Maharashtra,Sindhudurg,27,495,1985,1,254234.59502901,95,25000,1.0,6.1042046512933,1
Maharashtra,Sindhudurg,27,495,1989,1,905209.24002345,780,0,1.0,6.9567489784143,1
Maharashtra,Sindhudurg,27,495,1991,1,491361.49508556,72,300000,2.0,6.4695523709301,1
Maharashtra,Sindhudurg,27,495,1992,1,752428.65689717,90,8000,1.0,7.4675299347014,1
Maharashtra,Sindhudurg,27,495,1994,1,1981837.4145729,617,800000,1.0,7.6772792647922,1
Maharashtra,Sindhudurg,27,495,1997,1,228334.98534624,50,10000,1.0,6.136723709306,1
Maharashtra,Sindhudurg,27,495,2000,1,107052.90137071,140,0,1.0,6.1757264778105,1
Maharashtra,Sindhudurg,27,495,2005,2,654749.3913717,1113,260000,1.0,7.1897694283678,1
Maharashtra,Sindhudurg,27,495,2006,1,394010.73987917,41,0,1.0,6.2944780642496,1
Maharashtra,Sindhudurg,27,495,2009,1,63616.230248246,0,0,1.0,5.6486659702541,1
Maharashtra,Sindhudurg,27,495,2018,2,270570.47685106,15,34300,1.5,6.4045534079872,1
Maharashtra,Sindhudurg,27,495,2021,1,331180.36847927,23,200000,1.5,6.5992458310632,1
Maharashtra,Solapur,27,496,1985,1,254234.59502901,95,25000,1.0,6.1042046512933,1
Maharashtra,Solapur,27,496,1989,1,905209.24002345,780,0,1.0,6.9567489784143,1
Maharashtra,Solapur,27,496,1991,2,1090926.38334009,162,385000,2.0,6.5559874421319,1
Maharashtra,Solapur,27,496,1992,1,752428.65689717,90,8000,1.0,7.4675299347014,1
Maharashtra,Solapur,27,496,1994,1,1981837.4145729,617,800000,1.0,7.6772792647922,1
Maharashtra,Solapur,27,496,1997,2,461359.35063058,150,10000,1.0,6.622673838813,1
Maharashtra,Solapur,27,496,1998,1,214517.3591745,12,50000,1.0,5.808583696642,1
Maharashtra,Solapur,27,496,2005,1,619197.82147132,126,100000,1.0,7.1897694283678,1
Maharashtra,Solapur,27,496,2006,1,394010.73987917,41,0,1.0,6.2944780642496,1
Maharashtra,Solapur,27,496,2007,1,450564.3552535,127,200000,1.0,6.7677001834385,1
Maharashtra,Solapur,27,496,2009,1,309688.87629397993,303,0,2.0,7.047228106993,1
Maharashtra,Solapur,27,496,2018,1,116871.18853738,1,300,1.5,6.0219499701184,1
Maharashtra,Solapur,27,496,2020,1,199450.78832131,0,0,1.5,5.7769570119006,1
Maharashtra,Solapur,27,496,2021,1,331180.36847927,23,200000,1.5,6.5992458310632,1
Maharashtra,Thane,27,497,1985,1,254234.59502901,95,25000,1.0,6.1042046512933,1
Maharashtra,Thane,27,497,1988,1,605.21252452873,23,0,1.0,3.0829379025852,1
Maharashtra,Thane,27,497,1989,1,905209.24002345,780,0,1.0,6.9567489784143,1
Maharashtra,Thane,27,497,1991,1,491361.49508556,72,300000,2.0,6.4695523709301,1
Maharashtra,Thane,27,497,1992,1,752428.65689717,90,8000,1.0,7.4675299347014,1
Maharashtra,Thane,27,497,1994,1,1981837.4145729,617,800000,1.0,7.6772792647922,1
Maharashtra,Thane,27,497,1997,1,228334.98534624,50,10000,1.0,6.136723709306,1
Maharashtra,Thane,27,497,1998,1,214517.3591745,12,50000,1.0,5.808583696642,1
Maharashtra,Thane,27,497,2000,1,107052.90137071,140,0,1.0,6.1757264778105,1
Maharashtra,Thane,27,497,2002,1,170587.72455245,169,28000,1.0,6.1350377632317,1
Maharashtra,Thane,27,497,2005,2,654749.3913717,1113,260000,1.0,7.1897694283678,1
Maharashtra,Thane,27,497,2006,2,394404.5134750485,50,0,1.0,6.2944780642496,1
Maharashtra,Thane,27,497,2007,1,106578.44129192,62,10000,1.0,5.8058206147848,1
Maharashtra,Thane,27,497,2016,1,377732.8783474799,20,0,1.5,6.2303973017891,1
Maharashtra,Thane,27,497,2018,2,174082.307268764,21,300,1.5,6.0219499701184,1
Maharashtra,Thane,27,497,2019,1,113845.84978471,36,0,1.5,5.9313784665602,1
Maharashtra,Thane,27,497,2020,1,199450.78832131,0,0,1.5,5.7769570119006,1
Maharashtra,Thane,27,497,2021,1,331180.36847927,23,200000,1.5,6.5992458310632,1
Maharashtra,Wardha,27,498,1989,1,905209.24002345,780,0,1.0,6.9567489784143,1
Maharashtra,Wardha,27,498,1991,1,47249.125324899,500,6000,1.0,5.1515150279864,1
Maharashtra,Wardha,27,498,1992,1,518125.27779756,40,2000,1.0,7.2459136977876,1
Maharashtra,Wardha,27,498,1994,2,2025996.664271296,643,800000,1.0,7.6772792647922,1
Maharashtra,Wardha,27,498,2005,1,619197.82147132,126,100000,1.0,7.1897694283678,1
Maharashtra,Wardha,27,498,2007,1,106578.44129192,62,10000,1.0,5.8058206147848,1
Maharashtra,Wardha,27,498,2014,1,376261.49252047,42,0,1.5,6.9557010155946,1
Maharashtra,Wardha,27,498,2019,1,236728.10703236,0,45000,1.5,6.45343107138,1
Maharashtra,Washim,27,499,1989,1,905209.24002345,780,0,1.0,6.9567489784143,1
Maharashtra,Washim,27,499,1991,2,538610.620410459,572,306000,2.0,6.4695523709301,1
Maharashtra,Washim,27,499,1992,1,752428.65689717,90,8000,1.0,7.4675299347014,1
Maharashtra,Washim,27,499,1994,1,1981837.4145729,617,800000,1.0,7.6772792647922,1
Maharashtra,Washim,27,499,1997,1,228334.98534624,50,10000,1.0,6.136723709306,1
Maharashtra,Washim,27,499,2002,1,170587.72455245,169,28000,1.0,6.1350377632317,1
Maharashtra,Washim,27,499,2005,1,619197.82147132,126,100000,1.0,7.1897694283678,1
Maharashtra,Washim,27,499,2006,1,394010.73987917,41,0,1.0,6.2944780642496,1
Maharashtra,Washim,27,499,2007,1,106578.44129192,62,10000,1.0,5.8058206147848,1
Maharashtra,Washim,27,499,2014,1,376261.49252047,42,0,1.5,6.9557010155946,1
Maharashtra,Washim,27,499,2016,1,377732.8783474799,20,0,1.5,6.2303973017891,1
Maharashtra,Washim,27,499,2020,1,199450.78832131,0,0,1.5,5.7769570119006,1
Maharashtra,Yavatmal,27,500,1989,1,905209.24002345,780,0,1.0,6.9567489784143,1
Maharashtra,Yavatmal,27,500,1990,1,267344.39912722,430,470000,1.0,6.0291310813779,1
Maharashtra,Yavatmal,27,500,1991,2,646814.013579429,590,91000,1.0,6.5559874421319,1
Maharashtra,Yavatmal,27,500,1992,2,1270553.93469473,130,10000,1.0,7.4675299347014,1
Maharashtra,Yavatmal,27,500,1994,2,2025996.664271296,643,800000,1.0,7.6772792647922,1
Maharashtra,Yavatmal,27,500,1997,1,228334.98534624,50,10000,1.0,6.136723709306,1
Maharashtra,Yavatmal,27,500,2003,1,21087.654067954,2,14000,1.5,5.2782707780356,1
Maharashtra,Yavatmal,27,500,2005,1,619197.82147132,126,100000,1.0,7.1897694283678,1
Maharashtra,Yavatmal,27,500,2006,1,394010.73987917,41,0,1.0,6.2944780642496,1
Maharashtra,Yavatmal,27,500,2007,1,106578.44129192,62,10000,1.0,5.8058206147848,1
Maharashtra,Yavatmal,27,500,2014,1,376261.49252047,42,0,1.5,6.9557010155946,1
Maharashtra,Yavatmal,27,500,2016,1,377732.8783474799,20,0,1.5,6.2303973017891,1
Manipur,Bishnupur,14,252,1989,1,112816.35454502,31,32000,2.0,6.921603781912,1
Manipur,Bishnupur,14,252,2007,1,10886.108709055,2,30000,1.5,5.1160539129299,1
Manipur,Chandel,14,253,1989,1,112816.35454502,31,32000,2.0,6.921603781912,1
Manipur,Chandel,14,253,2007,1,10886.108709055,2,30000,1.5,5.1160539129299,1
Manipur,Churachandpur,14,254,1989,1,112816.35454502,31,32000,2.0,6.921603781912,1
Manipur,Churachandpur,14,254,2007,1,10886.108709055,2,30000,1.5,5.1160539129299,1
Manipur,Churachandpur,14,254,2022,1,43000.0,3,40000,2.0,5.7126497016272,1
Manipur,Imphal East,14,255,1989,1,112816.35454502,31,32000,2.0,6.921603781912,1
Manipur,Imphal East,14,255,2007,1,10886.108709055,2,30000,1.5,5.1160539129299,1
Manipur,Imphal East,14,255,2008,1,426531.53733638,350,70000,1.5,6.8060424070675,1
Manipur,Imphal West,14,256,1989,1,112816.35454502,31,32000,2.0,6.921603781912,1
Manipur,Imphal West,14,256,2007,1,10886.108709055,2,30000,1.5,5.1160539129299,1
Manipur,Imphal West,14,256,2008,1,426531.53733638,350,70000,1.5,6.8060424070675,1
Manipur,Jiribam,14,713,1989,1,112816.35454502,31,32000,2.0,6.921603781912,1
Manipur,Jiribam,14,713,1991,1,26042.819226227,13,25000,1.0,5.114658000673,1
Manipur,Jiribam,14,713,2007,1,74887.522952892,15,200000,1.0,5.8286519751482,1
Manipur,Jiribam,14,713,2008,2,777095.34939258,526,1670000,2.0,7.0499170611118,1
Manipur,Jiribam,14,713,2022,1,43000.0,3,40000,2.0,5.7126497016272,1
Manipur,Jiribam,14,713,2023,1,119900.0,0,2211,1.5,6.2091529515939,1
Manipur,Kakching,14,711,1989,1,112816.35454502,31,32000,2.0,6.921603781912,1
Manipur,Kakching,14,711,2007,1,10886.108709055,2,30000,1.5,5.1160539129299,1
Manipur,Kamjong,14,717,1989,1,112816.35454502,31,32000,2.0,6.921603781912,1
Manipur,Kamjong,14,717,2007,1,10886.108709055,2,30000,1.5,5.1160539129299,1
Manipur,Kangpokpi,14,712,1989,1,112816.35454502,31,32000,2.0,6.921603781912,1
Manipur,Kangpokpi,14,712,2007,1,10886.108709055,2,30000,1.5,5.1160539129299,1
Manipur,Kangpokpi,14,712,2008,2,488810.84060290497,350,70000,1.5,6.8060424070675,1
Manipur,Noney,14,714,1989,1,112816.35454502,31,32000,2.0,6.921603781912,1
Manipur,Noney,14,714,2007,1,10886.108709055,2,30000,1.5,5.1160539129299,1
Manipur,Noney,14,714,2008,1,350563.8120562,176,1600000,2.0,7.0499170611118,1
Manipur,Noney,14,714,2022,1,43000.0,3,40000,2.0,5.7126497016272,1
Manipur,Pherzawl,14,715,1989,1,112816.35454502,31,32000,2.0,6.921603781912,1
Manipur,Pherzawl,14,715,1995,1,20147.720590389,40,3200,1.0,4.6052559150735,1
Manipur,Pherzawl,14,715,2007,2,85773.631661947,17,230000,1.5,5.8286519751482,1
Manipur,Pherzawl,14,715,2008,1,350563.8120562,176,1600000,2.0,7.0499170611118,1
Manipur,Pherzawl,14,715,2022,1,43000.0,3,40000,2.0,5.7126497016272,1
Manipur,Pherzawl,14,715,2023,1,119900.0,0,2211,1.5,6.2091529515939,1
Manipur,Senapati,14,257,1989,1,112816.35454502,31,32000,2.0,6.921603781912,1
Manipur,Senapati,14,257,2007,2,85773.631661947,17,230000,1.5,5.8286519751482,1
Manipur,Senapati,14,257,2008,3,839374.6526591049,526,1670000,2.0,7.0499170611118,1
Manipur,Senapati,14,257,2019,1,106818.76893004,2,1000,1.0,6.1425909207914,1
Manipur,Tamenglong,14,258,1989,1,112816.35454502,31,32000,2.0,6.921603781912,1
Manipur,Tamenglong,14,258,2007,3,189325.35962430702,113,11330000,1.5,6.9741987426607,1
Manipur,Tamenglong,14,258,2008,3,839374.6526591049,526,1670000,2.0,7.0499170611118,1
Manipur,Tamenglong,14,258,2019,1,106818.76893004,2,1000,1.0,6.1425909207914,1
Manipur,Tamenglong,14,258,2022,1,43000.0,3,40000,2.0,5.7126497016272,1
Manipur,Tamenglong,14,258,2023,1,119900.0,0,2211,1.5,6.2091529515939,1
Manipur,Tengnoupal,14,716,1989,1,112816.35454502,31,32000,2.0,6.921603781912,1
Manipur,Tengnoupal,14,716,2007,1,10886.108709055,2,30000,1.5,5.1160539129299,1
Manipur,Thoubal,14,259,1989,1,112816.35454502,31,32000,2.0,6.921603781912,1
Manipur,Thoubal,14,259,2007,1,10886.108709055,2,30000,1.5,5.1160539129299,1
Manipur,Ukhrul,14,260,1989,1,112816.35454502,31,32000,2.0,6.921603781912,1
Manipur,Ukhrul,14,260,2007,1,10886.108709055,2,30000,1.5,5.1160539129299,1
Manipur,Ukhrul,14,260,2008,1,426531.53733638,350,70000,1.5,6.8060424070675,1
Meghalaya,East Garo Hills,17,273,1986,1,231516.28043233,49,700000,1.0,6.6433351373578,1
Meghalaya,East Garo Hills,17,273,1988,2,697374.2863907029,910,2002000,1.0,7.1773904313439,1
Meghalaya,East Garo Hills,17,273,1990,1,93839.745064202,10,6000,1.0,5.2734168149189,1
Meghalaya,East Garo Hills,17,273,1991,1,55550.828056763,25,400000,1.0,5.589788577059,1
Meghalaya,East Garo Hills,17,273,1995,1,102906.11366142,17,1000000,1.0,5.6145011683309,1
Meghalaya,East Garo Hills,17,273,2008,2,777095.34939258,526,1670000,2.0,7.0499170611118,1
Meghalaya,East Garo Hills,17,273,2014,1,61894.965747948,59,30000,1.5,6.2230190910984,1
Meghalaya,East Garo Hills,17,273,2022,1,124500.0,45,200000,2.0,6.2992893340877,1
Meghalaya,East Garo Hills,17,273,2023,1,119900.0,0,2211,1.5,6.2091529515939,1
Meghalaya,East Jaintia Hills,17,657,1988,2,697374.2863907029,910,2002000,1.0,7.1773904313439,1
Meghalaya,East Jaintia Hills,17,657,1990,1,93839.745064202,10,6000,1.0,5.2734168149189,1
Meghalaya,East Jaintia Hills,17,657,1991,1,26042.819226227,13,25000,1.0,5.114658000673,1
Meghalaya,East Jaintia Hills,17,657,1995,1,102906.11366142,17,1000000,1.0,5.6145011683309,1
Meghalaya,East Jaintia Hills,17,657,1997,1,70603.06302533,97,0,1.0,5.8488235427819,1
Meghalaya,East Jaintia Hills,17,657,2000,1,55286.72822421,30,50000,2.0,5.8887489255588,1
Meghalaya,East Jaintia Hills,17,657,2007,2,178439.25091525202,111,11300000,1.0,6.9741987426607,1
Meghalaya,East Jaintia Hills,17,657,2008,3,839374.6526591049,526,1670000,2.0,7.0499170611118,1
Meghalaya,East Jaintia Hills,17,657,2009,1,72244.801972443,0,300000,1.0,5.8588066049802,1
Meghalaya,East Jaintia Hills,17,657,2018,1,209440.59330118,20,800000,1.5,6.4513946279684,1
Meghalaya,East Jaintia Hills,17,657,2022,2,167500.0,48,240000,2.0,6.2992893340877,1
Meghalaya,East Jaintia Hills,17,657,2023,1,119900.0,0,2211,1.5,6.2091529515939,1
Meghalaya,East Khasi Hills,17,274,1986,1,231516.28043233,49,700000,1.0,6.6433351373578,1
Meghalaya,East Khasi Hills,17,274,1988,2,697374.2863907029,910,2002000,1.0,7.1773904313439,1
Meghalaya,East Khasi Hills,17,274,1990,1,93839.745064202,10,6000,1.0,5.2734168149189,1
Meghalaya,East Khasi Hills,17,274,1991,1,55550.828056763,25,400000,1.0,5.589788577059,1
Meghalaya,East Khasi Hills,17,274,1995,1,102906.11366142,17,1000000,1.0,5.6145011683309,1
Meghalaya,East Khasi Hills,17,274,2007,1,103551.72796236,96,11100000,1.0,6.9741987426607,1
Meghalaya,East Khasi Hills,17,274,2008,2,777095.34939258,526,1670000,2.0,7.0499170611118,1
Meghalaya,East Khasi Hills,17,274,2009,1,128962.30100194,6,0,1.0,5.7125227647307,1
Meghalaya,East Khasi Hills,17,274,2014,1,61894.965747948,59,30000,1.5,6.2230190910984,1
Meghalaya,East Khasi Hills,17,274,2015,2,129627.370217144,8,27000,1.5,6.4045538388057,1
Meghalaya,East Khasi Hills,17,274,2018,1,209440.59330118,20,800000,1.5,6.4513946279684,1
Meghalaya,East Khasi Hills,17,274,2022,2,167500.0,48,240000,2.0,6.2992893340877,1
Meghalaya,East Khasi Hills,17,274,2023,1,119900.0,0,2211,1.5,6.2091529515939,1
Meghalaya,North Garo Hills,17,656,1986,1,231516.28043233,49,700000,1.0,6.6433351373578,1
Meghalaya,North Garo Hills,17,656,1988,2,697374.2863907029,910,2002000,1.0,7.1773904313439,1
Meghalaya,North Garo Hills,17,656,1989,1,112816.35454502,31,32000,2.0,6.921603781912,1
Meghalaya,North Garo Hills,17,656,1990,2,146885.051442815,31,6000,2.0,5.8038282081955,1
Meghalaya,North Garo Hills,17,656,1991,1,55550.828056763,25,400000,1.0,5.589788577059,1
Meghalaya,North Garo Hills,17,656,1995,2,410979.31857337,161,1510000,1.0,6.3337519666177,1
Meghalaya,North Garo Hills,17,656,1996,1,128966.82889056,82,3000000,1.0,6.2865692803449,1
Meghalaya,North Garo Hills,17,656,1997,1,70603.06302533,97,0,1.0,5.8488235427819,1
Meghalaya,North Garo Hills,17,656,2008,2,777095.34939258,526,1670000,2.0,7.0499170611118,1
Meghalaya,North Garo Hills,17,656,2010,1,12555.805812238,1,30000,1.5,5.3888792016554,1
Meghalaya,North Garo Hills,17,656,2011,1,50117.375052093,7,11000,1.5,6.2740195840354,1
Meghalaya,North Garo Hills,17,656,2012,2,71787.728239998,130,2400000,2.0,6.3617785720765,1
Meghalaya,North Garo Hills,17,656,2014,1,61894.965747948,59,30000,1.5,6.2230190910984,1
Meghalaya,North Garo Hills,17,656,2022,1,124500.0,45,200000,2.0,6.2992893340877,1
Meghalaya,North Garo Hills,17,656,2023,1,119900.0,0,2211,1.5,6.2091529515939,1
Meghalaya,Ri Bhoi,17,276,1988,3,739660.2807266699,986,2045000,1.0,7.1773904313439,1
Meghalaya,Ri Bhoi,17,276,1989,1,112816.35454502,31,32000,2.0,6.921603781912,1
Meghalaya,Ri Bhoi,17,276,1990,2,146885.051442815,31,6000,2.0,5.8038282081955,1
Meghalaya,Ri Bhoi,17,276,1991,1,55550.828056763,25,400000,1.0,5.589788577059,1
Meghalaya,Ri Bhoi,17,276,1995,2,410979.31857337,161,1510000,1.0,6.3337519666177,1
Meghalaya,Ri Bhoi,17,276,1996,1,128966.82889056,82,3000000,1.0,6.2865692803449,1
Meghalaya,Ri Bhoi,17,276,1997,1,70603.06302533,97,0,1.0,5.8488235427819,1
Meghalaya,Ri Bhoi,17,276,2000,1,55286.72822421,30,50000,2.0,5.8887489255588,1
Meghalaya,Ri Bhoi,17,276,2007,2,178439.25091525202,111,11300000,1.0,6.9741987426607,1
Meghalaya,Ri Bhoi,17,276,2008,2,777095.34939258,526,1670000,2.0,7.0499170611118,1
Meghalaya,Ri Bhoi,17,276,2009,2,201207.102974383,6,300000,1.0,5.8588066049802,1
Meghalaya,Ri Bhoi,17,276,2010,3,49841.622045153,1,40300,2.0,6.1863802397348,1
Meghalaya,Ri Bhoi,17,276,2012,2,71787.728239998,130,2400000,2.0,6.3617785720765,1
Meghalaya,Ri Bhoi,17,276,2014,1,61894.965747948,59,30000,1.5,6.2230190910984,1
Meghalaya,Ri Bhoi,17,276,2015,2,129627.370217144,8,27000,1.5,6.4045538388057,1
Meghalaya,Ri Bhoi,17,276,2016,1,135742.29754787,30,1800,1.5,7.0796584663999,1
Meghalaya,Ri Bhoi,17,276,2018,2,282769.212901843,20,825000,1.5,6.4513946279684,1
Meghalaya,Ri Bhoi,17,276,2021,1,78068.155820919,1,15000,1.5,5.7675351836779,1
Meghalaya,Ri Bhoi,17,276,2022,2,167500.0,48,240000,2.0,6.2992893340877,1
Meghalaya,Ri Bhoi,17,276,2023,1,119900.0,0,2211,1.5,6.2091529515939,1
Meghalaya,South Garo Hills,17,277,1986,1,231516.28043233,49,700000,1.0,6.6433351373578,1
Meghalaya,South Garo Hills,17,277,1988,1,626872.45850619,876,2000,1.0,7.1773904313439,1
Meghalaya,South Garo Hills,17,277,1990,1,93839.745064202,10,6000,1.0,5.2734168149189,1
Meghalaya,South Garo Hills,17,277,1991,1,55550.828056763,25,400000,1.0,5.589788577059,1
Meghalaya,South Garo Hills,17,277,1995,1,102906.11366142,17,1000000,1.0,5.6145011683309,1
Meghalaya,South Garo Hills,17,277,2008,2,777095.34939258,526,1670000,2.0,7.0499170611118,1
Meghalaya,South Garo Hills,17,277,2014,1,61894.965747948,59,30000,1.5,6.2230190910984,1
Meghalaya,South Garo Hills,17,277,2022,1,124500.0,45,200000,2.0,6.2992893340877,1
Meghalaya,South Garo Hills,17,277,2023,1,119900.0,0,2211,1.5,6.2091529515939,1
Meghalaya,South West Garo Hills,17,663,1986,1,231516.28043233,49,700000,1.0,6.6433351373578,1
Meghalaya,South West Garo Hills,17,663,1990,1,93839.745064202,10,6000,1.0,5.2734168149189,1
Meghalaya,South West Garo Hills,17,663,1995,1,102906.11366142,17,1000000,1.0,5.6145011683309,1
Meghalaya,South West Garo Hills,17,663,2008,2,777095.34939258,526,1670000,2.0,7.0499170611118,1
Meghalaya,South West Garo Hills,17,663,2022,1,124500.0,45,200000,2.0,6.2992893340877,1
Meghalaya,South West Garo Hills,17,663,2023,1,119900.0,0,2211,1.5,6.2091529515939,1
Meghalaya,South West Khasi Hills,17,658,1986,1,231516.28043233,49,700000,1.0,6.6433351373578,1
Meghalaya,South West Khasi Hills,17,658,1988,2,697374.2863907029,910,2002000,1.0,7.1773904313439,1
Meghalaya,South West Khasi Hills,17,658,1990,1,93839.745064202,10,6000,1.0,5.2734168149189,1
Meghalaya,South West Khasi Hills,17,658,1991,1,55550.828056763,25,400000,1.0,5.589788577059,1
Meghalaya,South West Khasi Hills,17,658,1995,1,102906.11366142,17,1000000,1.0,5.6145011683309,1
Meghalaya,South West Khasi Hills,17,658,2008,2,777095.34939258,526,1670000,2.0,7.0499170611118,1
Meghalaya,South West Khasi Hills,17,658,2014,1,61894.965747948,59,30000,1.5,6.2230190910984,1
Meghalaya,South West Khasi Hills,17,658,2022,1,124500.0,45,200000,2.0,6.2992893340877,1
Meghalaya,South West Khasi Hills,17,658,2023,1,119900.0,0,2211,1.5,6.2091529515939,1
Meghalaya,West Garo Hills,17,278,1986,1,231516.28043233,49,700000,1.0,6.6433351373578,1
Meghalaya,West Garo Hills,17,278,1988,1,626872.45850619,876,2000,1.0,7.1773904313439,1
Meghalaya,West Garo Hills,17,278,1989,1,112816.35454502,31,32000,2.0,6.921603781912,1
Meghalaya,West Garo Hills,17,278,1990,2,146885.051442815,31,6000,2.0,5.8038282081955,1
Meghalaya,West Garo Hills,17,278,1991,1,55550.828056763,25,400000,1.0,5.589788577059,1
Meghalaya,West Garo Hills,17,278,1995,2,410979.31857337,161,1510000,1.0,6.3337519666177,1
Meghalaya,West Garo Hills,17,278,2008,3,1060901.49990599,668,1895000,2.0,7.0550817943772,1
Meghalaya,West Garo Hills,17,278,2010,1,12555.805812238,1,30000,1.5,5.3888792016554,1
Meghalaya,West Garo Hills,17,278,2011,1,50117.375052093,7,11000,1.5,6.2740195840354,1
Meghalaya,West Garo Hills,17,278,2012,1,42597.56872424501,21,2000000,2.0,6.3617785720765,1
Meghalaya,West Garo Hills,17,278,2014,1,61894.965747948,59,30000,1.5,6.2230190910984,1
Meghalaya,West Garo Hills,17,278,2022,1,124500.0,45,200000,2.0,6.2992893340877,1
Meghalaya,West Garo Hills,17,278,2023,1,119900.0,0,2211,1.5,6.2091529515939,1
Meghalaya,West Jaintia Hills,17,275,1988,2,697374.2863907029,910,2002000,1.0,7.1773904313439,1
Meghalaya,West Jaintia Hills,17,275,1989,1,112816.35454502,31,32000,2.0,6.921603781912,1
Meghalaya,West Jaintia Hills,17,275,1990,1,93839.745064202,10,6000,1.0,5.2734168149189,1
Meghalaya,West Jaintia Hills,17,275,1991,2,81593.64728299,38,425000,1.0,5.589788577059,1
Meghalaya,West Jaintia Hills,17,275,1995,1,102906.11366142,17,1000000,1.0,5.6145011683309,1
Meghalaya,West Jaintia Hills,17,275,1996,1,128966.82889056,82,3000000,1.0,6.2865692803449,1
Meghalaya,West Jaintia Hills,17,275,1997,1,70603.06302533,97,0,1.0,5.8488235427819,1
Meghalaya,West Jaintia Hills,17,275,2000,1,55286.72822421,30,50000,2.0,5.8887489255588,1
Meghalaya,West Jaintia Hills,17,275,2007,2,178439.25091525202,111,11300000,1.0,6.9741987426607,1
Meghalaya,West Jaintia Hills,17,275,2008,3,839374.6526591049,526,1670000,2.0,7.0499170611118,1
Meghalaya,West Jaintia Hills,17,275,2009,2,201207.102974383,6,300000,1.0,5.8588066049802,1
Meghalaya,West Jaintia Hills,17,275,2015,2,129627.370217144,8,27000,1.5,6.4045538388057,1
Meghalaya,West Jaintia Hills,17,275,2016,1,135742.29754787,30,1800,1.5,7.0796584663999,1
Meghalaya,West Jaintia Hills,17,275,2018,1,209440.59330118,20,800000,1.5,6.4513946279684,1
Meghalaya,West Jaintia Hills,17,275,2022,2,167500.0,48,240000,2.0,6.2992893340877,1
Meghalaya,West Jaintia Hills,17,275,2023,1,119900.0,0,2211,1.5,6.2091529515939,1
Meghalaya,West Khasi Hills,17,279,1986,1,231516.28043233,49,700000,1.0,6.6433351373578,1
Meghalaya,West Khasi Hills,17,279,1988,2,697374.2863907029,910,2002000,1.0,7.1773904313439,1
Meghalaya,West Khasi Hills,17,279,1990,2,146885.051442815,31,6000,2.0,5.8038282081955,1
Meghalaya,West Khasi Hills,17,279,1991,1,55550.828056763,25,400000,1.0,5.589788577059,1
Meghalaya,West Khasi Hills,17,279,1995,2,410979.31857337,161,1510000,1.0,6.3337519666177,1
Meghalaya,West Khasi Hills,17,279,1996,1,128966.82889056,82,3000000,1.0,6.2865692803449,1
Meghalaya,West Khasi Hills,17,279,2008,2,777095.34939258,526,1670000,2.0,7.0499170611118,1
Meghalaya,West Khasi Hills,17,279,2010,1,13472.46458897,0,300,2.0,5.0325370377618,1
Meghalaya,West Khasi Hills,17,279,2014,1,61894.965747948,59,30000,1.5,6.2230190910984,1
Meghalaya,West Khasi Hills,17,279,2015,2,129627.370217144,8,27000,1.5,6.4045538388057,1
Meghalaya,West Khasi Hills,17,279,2018,1,209440.59330118,20,800000,1.5,6.4513946279684,1
Meghalaya,West Khasi Hills,17,279,2022,2,167500.0,48,240000,2.0,6.2992893340877,1
Meghalaya,West Khasi Hills,17,279,2023,1,119900.0,0,2211,1.5,6.2091529515939,1
Mizoram,Aizawl,15,261,1989,1,112816.35454502,31,32000,2.0,6.921603781912,1
Mizoram,Aizawl,15,261,1991,1,26042.819226227,13,25000,1.0,5.114658000673,1
Mizoram,Aizawl,15,261,1995,1,20147.720590389,40,3200,1.0,4.6052559150735,1
Mizoram,Aizawl,15,261,2007,1,74887.522952892,15,200000,1.0,5.8286519751482,1
Mizoram,Aizawl,15,261,2008,1,350563.8120562,176,1600000,2.0,7.0499170611118,1
Mizoram,Aizawl,15,261,2022,1,43000.0,3,40000,2.0,5.7126497016272,1
Mizoram,Aizawl,15,261,2023,1,119900.0,0,2211,1.5,6.2091529515939,1
Mizoram,Champhai,15,262,1989,1,112816.35454502,31,32000,2.0,6.921603781912,1
Mizoram,Champhai,15,262,1995,1,20147.720590389,40,3200,1.0,4.6052559150735,1
Mizoram,Champhai,15,262,2022,1,43000.0,3,40000,2.0,5.7126497016272,1
Mizoram,Kolasib,15,263,1989,1,112816.35454502,31,32000,2.0,6.921603781912,1
Mizoram,Kolasib,15,263,1990,1,93839.745064202,10,6000,1.0,5.2734168149189,1
Mizoram,Kolasib,15,263,1991,1,26042.819226227,13,25000,1.0,5.114658000673,1
Mizoram,Kolasib,15,263,1995,2,123053.83425180899,57,1003200,1.0,5.6145011683309,1
Mizoram,Kolasib,15,263,1997,1,70603.06302533,97,0,1.0,5.8488235427819,1
Mizoram,Kolasib,15,263,2007,1,74887.522952892,15,200000,1.0,5.8286519751482,1
Mizoram,Kolasib,15,263,2008,1,350563.8120562,176,1600000,2.0,7.0499170611118,1
Mizoram,Kolasib,15,263,2022,1,43000.0,3,40000,2.0,5.7126497016272,1
Mizoram,Kolasib,15,263,2023,1,119900.0,0,2211,1.5,6.2091529515939,1
Mizoram,Lawngtlai,15,264,1986,1,231516.28043233,49,700000,1.0,6.6433351373578,1
Mizoram,Lawngtlai,15,264,1989,1,112816.35454502,31,32000,2.0,6.921603781912,1
Mizoram,Lawngtlai,15,264,1995,1,20147.720590389,40,3200,1.0,4.6052559150735,1
Mizoram,Lunglei,15,265,1989,1,112816.35454502,31,32000,2.0,6.921603781912,1
Mizoram,Lunglei,15,265,1995,1,20147.720590389,40,3200,1.0,4.6052559150735,1
Mizoram,Lunglei,15,265,2008,1,350563.8120562,176,1600000,2.0,7.0499170611118,1
Mizoram,Mamit,15,266,1989,1,112816.35454502,31,32000,2.0,6.921603781912,1
Mizoram,Mamit,15,266,1991,1,26042.819226227,13,25000,1.0,5.114658000673,1
Mizoram,Mamit,15,266,1995,2,123053.83425180899,57,1003200,1.0,5.6145011683309,1
Mizoram,Mamit,15,266,2008,1,350563.8120562,176,1600000,2.0,7.0499170611118,1
Mizoram,Mamit,15,266,2022,1,43000.0,3,40000,2.0,5.7126497016272,1
Mizoram,Mamit,15,266,2023,1,119900.0,0,2211,1.5,6.2091529515939,1
Mizoram,Saiha,15,267,1989,1,112816.35454502,31,32000,2.0,6.921603781912,1
Mizoram,Saiha,15,267,1995,1,20147.720590389,40,3200,1.0,4.6052559150735,1
Mizoram,Serchhip,15,268,1989,1,112816.35454502,31,32000,2.0,6.921603781912,1
Mizoram,Serchhip,15,268,1995,1,20147.720590389,40,3200,1.0,4.6052559150735,1
Nagaland,Dimapur,13,244,1988,2,697374.2863907029,910,2002000,1.0,7.1773904313439,1
Nagaland,Dimapur,13,244,1990,1,93839.745064202,10,6000,1.0,5.2734168149189,1
Nagaland,Dimapur,13,244,1991,1,26042.819226227,13,25000,1.0,5.114658000673,1
Nagaland,Dimapur,13,244,1992,1,28221.71540273,0,0,1.0,5.4919760931342,1
Nagaland,Dimapur,13,244,1995,2,410979.31857337,161,1510000,1.0,6.3337519666177,1
Nagaland,Dimapur,13,244,2000,1,55286.72822421,30,50000,2.0,5.8887489255588,1
Nagaland,Dimapur,13,244,2007,2,178439.25091525202,111,11300000,1.0,6.9741987426607,1
Nagaland,Dimapur,13,244,2008,4,919965.0979588489,1426,2670000,2.0,7.0499170611118,1
Nagaland,Dimapur,13,244,2009,1,72244.801972443,0,300000,1.0,5.8588066049802,1
Nagaland,Dimapur,13,244,2016,1,135742.29754787,30,1800,1.5,7.0796584663999,1
Nagaland,Dimapur,13,244,2019,1,106818.76893004,2,1000,1.0,6.1425909207914,1
Nagaland,Dimapur,13,244,2023,1,119900.0,0,2211,1.5,6.2091529515939,1
Nagaland,Kiphire,13,614,2008,1,426531.53733638,350,70000,1.5,6.8060424070675,1
Nagaland,Kohima,13,245,1989,1,112816.35454502,31,32000,2.0,6.921603781912,1
Nagaland,Kohima,13,245,2007,1,74887.522952892,15,200000,1.0,5.8286519751482,1
Nagaland,Kohima,13,245,2008,4,919965.0979588489,1426,2670000,2.0,7.0499170611118,1
Nagaland,Kohima,13,245,2019,1,106818.76893004,2,1000,1.0,6.1425909207914,1
Nagaland,Longleng,13,615,1990,1,93839.745064202,10,6000,1.0,5.2734168149189,1
Nagaland,Longleng,13,615,1995,1,308073.20491195,144,510000,1.0,6.3337519666177,1
Nagaland,Longleng,13,615,2000,1,55286.72822421,30,50000,2.0,5.8887489255588,1
Nagaland,Longleng,13,615,2007,1,74887.522952892,15,200000,1.0,5.8286519751482,1
Nagaland,Longleng,13,615,2008,4,919965.0979588489,1426,2670000,2.0,7.0499170611118,1
Nagaland,Longleng,13,615,2009,2,201207.102974383,6,300000,1.0,5.8588066049802,1
Nagaland,Longleng,13,615,2013,1,38019.262210197,80,2000000,2.0,6.2427615165111,1
Nagaland,Longleng,13,615,2015,2,129627.370217144,8,27000,1.5,6.4045538388057,1
Nagaland,Longleng,13,615,2016,1,135742.29754787,30,1800,1.5,7.0796584663999,1
Nagaland,Longleng,13,615,2017,1,65387.728333458,6,113,1.0,6.3206462279111,1
Nagaland,Longleng,13,615,2018,1,209440.59330118,20,800000,1.5,6.4513946279684,1
Nagaland,Longleng,13,615,2019,2,173841.69215279398,5,51000,1.0,6.1425909207914,1
Nagaland,Longleng,13,615,2020,2,128558.944080924,31,10000,2.0,5.9596142049214,1
Nagaland,Longleng,13,615,2021,1,78068.155820919,1,15000,1.5,5.7675351836779,1
Nagaland,Mokokchung,13,246,1990,1,93839.745064202,10,6000,1.0,5.2734168149189,1
Nagaland,Mokokchung,13,246,1991,1,55550.828056763,25,400000,1.0,5.589788577059,1
Nagaland,Mokokchung,13,246,1995,1,308073.20491195,144,510000,1.0,6.3337519666177,1
Nagaland,Mokokchung,13,246,1996,1,128966.82889056,82,3000000,1.0,6.2865692803449,1
Nagaland,Mokokchung,13,246,2000,1,55286.72822421,30,50000,2.0,5.8887489255588,1
Nagaland,Mokokchung,13,246,2007,2,178439.25091525202,111,11300000,1.0,6.9741987426607,1
Nagaland,Mokokchung,13,246,2008,4,919965.0979588489,1426,2670000,2.0,7.0499170611118,1
Nagaland,Mokokchung,13,246,2009,2,201207.102974383,6,300000,1.0,5.8588066049802,1
Nagaland,Mokokchung,13,246,2010,1,23813.351643945,0,10000,1.5,6.1863802397348,1
Nagaland,Mokokchung,13,246,2012,1,42597.56872424501,21,2000000,2.0,6.3617785720765,1
Nagaland,Mokokchung,13,246,2013,1,38019.262210197,80,2000000,2.0,6.2427615165111,1
Nagaland,Mokokchung,13,246,2015,2,129627.370217144,8,27000,1.5,6.4045538388057,1
Nagaland,Mokokchung,13,246,2016,1,135742.29754787,30,1800,1.5,7.0796584663999,1
Nagaland,Mokokchung,13,246,2017,1,65387.728333458,6,113,1.0,6.3206462279111,1
Nagaland,Mokokchung,13,246,2018,1,209440.59330118,20,800000,1.5,6.4513946279684,1
Nagaland,Mokokchung,13,246,2019,2,173841.69215279398,5,51000,1.0,6.1425909207914,1
Nagaland,Mokokchung,13,246,2020,2,128558.944080924,31,10000,2.0,5.9596142049214,1
Nagaland,Mokokchung,13,246,2021,1,78068.155820919,1,15000,1.5,5.7675351836779,1
Nagaland,Mokokchung,13,246,2022,1,124500.0,45,200000,2.0,6.2992893340877,1
Nagaland,Mon,13,247,1989,1,112816.35454502,31,32000,2.0,6.921603781912,1
Nagaland,Mon,13,247,1990,1,93839.745064202,10,6000,1.0,5.2734168149189,1
Nagaland,Mon,13,247,1991,1,55550.828056763,25,400000,1.0,5.589788577059,1
Nagaland,Mon,13,247,1992,1,28221.71540273,0,0,1.0,5.4919760931342,1
Nagaland,Mon,13,247,1995,2,410979.31857337,161,1510000,1.0,6.3337519666177,1
Nagaland,Mon,13,247,2000,1,55286.72822421,30,50000,2.0,5.8887489255588,1
Nagaland,Mon,13,247,2007,2,178439.25091525202,111,11300000,1.0,6.9741987426607,1
Nagaland,Mon,13,247,2008,4,919965.0979588489,1426,2670000,2.0,7.0499170611118,1
Nagaland,Mon,13,247,2009,2,201207.102974383,6,300000,1.0,5.8588066049802,1
Nagaland,Mon,13,247,2011,1,50117.375052093,7,11000,1.5,6.2740195840354,1
Nagaland,Mon,13,247,2012,1,42597.56872424501,21,2000000,2.0,6.3617785720765,1
Nagaland,Mon,13,247,2013,1,38019.262210197,80,2000000,2.0,6.2427615165111,1
Nagaland,Mon,13,247,2015,2,129627.370217144,8,27000,1.5,6.4045538388057,1
Nagaland,Mon,13,247,2016,1,135742.29754787,30,1800,1.5,7.0796584663999,1
Nagaland,Mon,13,247,2017,1,65387.728333458,6,113,1.0,6.3206462279111,1
Nagaland,Mon,13,247,2018,2,282769.212901843,20,825000,1.5,6.4513946279684,1
Nagaland,Mon,13,247,2019,2,173841.69215279398,5,51000,1.0,6.1425909207914,1
Nagaland,Mon,13,247,2020,3,187986.323667941,31,40000,2.0,6.3867704374577,1
Nagaland,Mon,13,247,2021,1,78068.155820919,1,15000,1.5,5.7675351836779,1
Nagaland,Mon,13,247,2023,1,119900.0,0,2211,1.5,6.2091529515939,1
Nagaland,Peren,13,613,1988,2,697374.2863907029,910,2002000,1.0,7.1773904313439,1
Nagaland,Peren,13,613,1989,1,112816.35454502,31,32000,2.0,6.921603781912,1
Nagaland,Peren,13,613,1991,1,26042.819226227,13,25000,1.0,5.114658000673,1
Nagaland,Peren,13,613,1995,2,410979.31857337,161,1510000,1.0,6.3337519666177,1
Nagaland,Peren,13,613,1996,1,128966.82889056,82,3000000,1.0,6.2865692803449,1
Nagaland,Peren,13,613,1997,1,70603.06302533,97,0,1.0,5.8488235427819,1
Nagaland,Peren,13,613,2007,2,178439.25091525202,111,11300000,1.0,6.9741987426607,1
Nagaland,Peren,13,613,2008,4,919965.0979588489,1426,2670000,2.0,7.0499170611118,1
Nagaland,Peren,13,613,2019,1,106818.76893004,2,1000,1.0,6.1425909207914,1
Nagaland,Peren,13,613,2022,1,43000.0,3,40000,2.0,5.7126497016272,1
Nagaland,Peren,13,613,2023,1,119900.0,0,2211,1.5,6.2091529515939,1
Nagaland,Phek,13,248,1989,1,112816.35454502,31,32000,2.0,6.921603781912,1
Nagaland,Phek,13,248,2008,2,488810.84060290497,350,70000,1.5,6.8060424070675,1
Nagaland,Tuensang,13,249,2007,1,74887.522952892,15,200000,1.0,5.8286519751482,1
Nagaland,Tuensang,13,249,2008,4,919965.0979588489,1426,2670000,2.0,7.0499170611118,1
Nagaland,Tuensang,13,249,2009,1,72244.801972443,0,300000,1.0,5.8588066049802,1
Nagaland,Tuensang,13,249,2013,1,38019.262210197,80,2000000,2.0,6.2427615165111,1
Nagaland,Tuensang,13,249,2019,1,106818.76893004,2,1000,1.0,6.1425909207914,1
Nagaland,Tuensang,13,249,2020,2,128558.944080924,31,10000,2.0,5.9596142049214,1
Nagaland,Wokha,13,250,1988,2,697374.2863907029,910,2002000,1.0,7.1773904313439,1
Nagaland,Wokha,13,250,1989,1,112816.35454502,31,32000,2.0,6.921603781912,1
Nagaland,Wokha,13,250,1990,1,93839.745064202,10,6000,1.0,5.2734168149189,1
Nagaland,Wokha,13,250,1991,1,55550.828056763,25,400000,1.0,5.589788577059,1
Nagaland,Wokha,13,250,1992,1,28221.71540273,0,0,1.0,5.4919760931342,1
Nagaland,Wokha,13,250,1995,2,410979.31857337,161,1510000,1.0,6.3337519666177,1
Nagaland,Wokha,13,250,1996,1,128966.82889056,82,3000000,1.0,6.2865692803449,1
Nagaland,Wokha,13,250,2000,1,55286.72822421,30,50000,2.0,5.8887489255588,1
Nagaland,Wokha,13,250,2007,2,178439.25091525202,111,11300000,1.0,6.9741987426607,1
Nagaland,Wokha,13,250,2008,4,919965.0979588489,1426,2670000,2.0,7.0499170611118,1
Nagaland,Wokha,13,250,2009,2,201207.102974383,6,300000,1.0,5.8588066049802,1
Nagaland,Wokha,13,250,2010,2,40698.976717513,0,10000,1.5,6.1863802397348,1
Nagaland,Wokha,13,250,2012,1,42597.56872424501,21,2000000,2.0,6.3617785720765,1
Nagaland,Wokha,13,250,2013,1,38019.262210197,80,2000000,2.0,6.2427615165111,1
Nagaland,Wokha,13,250,2014,1,61894.965747948,59,30000,1.5,6.2230190910984,1
Nagaland,Wokha,13,250,2015,2,129627.370217144,8,27000,1.5,6.4045538388057,1
Nagaland,Wokha,13,250,2016,1,135742.29754787,30,1800,1.5,7.0796584663999,1
Nagaland,Wokha,13,250,2017,1,65387.728333458,6,113,1.0,6.3206462279111,1
Nagaland,Wokha,13,250,2018,1,209440.59330118,20,800000,1.5,6.4513946279684,1
Nagaland,Wokha,13,250,2019,2,173841.69215279398,5,51000,1.0,6.1425909207914,1
Nagaland,Wokha,13,250,2020,1,37966.709839825,30,10000,2.0,5.9596142049214,1
Nagaland,Wokha,13,250,2021,1,78068.155820919,1,15000,1.5,5.7675351836779,1
Nagaland,Wokha,13,250,2023,1,119900.0,0,2211,1.5,6.2091529515939,1
Nagaland,Zunheboto,13,251,2007,1,74887.522952892,15,200000,1.0,5.8286519751482,1
Nagaland,Zunheboto,13,251,2008,4,919965.0979588489,1426,2670000,2.0,7.0499170611118,1
Nagaland,Zunheboto,13,251,2009,1,72244.801972443,0,300000,1.0,5.8588066049802,1
Nagaland,Zunheboto,13,251,2013,1,38019.262210197,80,2000000,2.0,6.2427615165111,1
Nagaland,Zunheboto,13,251,2019,1,106818.76893004,2,1000,1.0,6.1425909207914,1
Nagaland,Zunheboto,13,251,2020,1,37966.709839825,30,10000,2.0,5.9596142049214,1
Odisha,Anugul,21,344,1985,1,46758.643699762,49,150000,2.0,5.4480131557338,1
Odisha,Anugul,21,344,1989,1,905209.24002345,780,0,1.0,6.9567489784143,1
Odisha,Anugul,21,344,1991,1,151947.05798534,15,0,1.0,5.8806622999787,1
Odisha,Anugul,21,344,1992,1,44021.22729254701,16,0,1.0,5.757605498633,1
Odisha,Anugul,21,344,1994,1,154649.2017804,0,0,1.0,5.967498933124,1
Odisha,Anugul,21,344,1995,1,308073.20491195,144,510000,1.0,6.3337519666177,1
Odisha,Anugul,21,344,1999,1,191940.24191857,9803,10000000,2.0,6.7602872925659,1
Odisha,Anugul,21,344,2001,1,105057.29490064,100,2000000,2.0,6.8539351267552,1
Odisha,Anugul,21,344,2003,1,117883.61598646,67,3000000,1.0,6.8118161385154,1
Odisha,Anugul,21,344,2005,1,374448.84730919,89,550000,1.0,6.8038414193852,1
Odisha,Anugul,21,344,2006,1,302774.27018969005,185,2000000,1.0,7.093902822695,1
Odisha,Anugul,21,344,2007,1,248438.85482793,29,50000,1.0,6.5413475543879,1
Odisha,Anugul,21,344,2008,1,464317.9956417001,2400,0,2.0,6.8709354986642,1
Odisha,Anugul,21,344,2009,1,99876.583990745,0,500000,1.0,5.7776149304452,1
Odisha,Anugul,21,344,2011,2,68991.48013954899,45,15000,1.5,6.0665386634085,1
Odisha,Anugul,21,344,2013,1,246385.22646018,27,250000,2.0,6.1697659138631,1
Odisha,Anugul,21,344,2014,1,189576.05025298,6,15000,1.0,6.2777834706605,1
Odisha,Anugul,21,344,2015,1,629961.6057566,206,300000,2.0,7.656646577764,1
Odisha,Anugul,21,344,2019,1,302736.26273672,25,112500,1.5,6.3561257086734,1
Odisha,Anugul,21,344,2021,2,417503.40525646,16,1524127,1.5,6.3167786712784,1
Odisha,Anugul,21,344,2022,1,155000.0,0,60000,1.5,6.1445742076096,1
Odisha,Balangir,21,345,1989,1,905209.24002345,780,0,1.0,6.9567489784143,1
Odisha,Balangir,21,345,1991,1,151947.05798534,15,0,1.0,5.8806622999787,1
Odisha,Balangir,21,345,1994,1,154649.2017804,0,0,1.0,5.967498933124,1
Odisha,Balangir,21,345,1995,1,308073.20491195,144,510000,1.0,6.3337519666177,1
Odisha,Balangir,21,345,1999,1,191940.24191857,9803,10000000,2.0,6.7602872925659,1
Odisha,Balangir,21,345,2001,1,105057.29490064,100,2000000,2.0,6.8539351267552,1
Odisha,Balangir,21,345,2003,1,117883.61598646,67,3000000,1.0,6.8118161385154,1
Odisha,Balangir,21,345,2005,1,374448.84730919,89,550000,1.0,6.8038414193852,1
Odisha,Balangir,21,345,2006,1,302774.27018969005,185,2000000,1.0,7.093902822695,1
Odisha,Balangir,21,345,2007,1,248438.85482793,29,50000,1.0,6.5413475543879,1
Odisha,Balangir,21,345,2008,1,464317.9956417001,2400,0,2.0,6.8709354986642,1
Odisha,Balangir,21,345,2009,1,99876.583990745,0,500000,1.0,5.7776149304452,1
Odisha,Balangir,21,345,2012,2,65379.517001822,1,2210,1.0,5.1715798621868,1
Odisha,Balangir,21,345,2013,2,399085.72792748,27,258000,2.0,6.1697659138631,1
Odisha,Balangir,21,345,2014,1,189576.05025298,6,15000,1.0,6.2777834706605,1
Odisha,Balangir,21,345,2019,1,302736.26273672,25,112500,1.5,6.3561257086734,1
Odisha,Balangir,21,345,2021,2,417503.40525646,16,1524127,1.5,6.3167786712784,1
Odisha,Balangir,21,345,2022,1,155000.0,0,60000,1.5,6.1445742076096,1
Odisha,Baleshwar,21,346,1985,1,46758.643699762,49,150000,2.0,5.4480131557338,1
Odisha,Baleshwar,21,346,1986,1,231516.28043233,49,700000,1.0,6.6433351373578,1
Odisha,Baleshwar,21,346,1990,1,1100663.2969222,425,63517,1.0,7.3840771654136,1
Odisha,Baleshwar,21,346,1991,2,243907.70454706298,36,0,1.0,5.8806622999787,1
Odisha,Baleshwar,21,346,1992,1,44021.22729254701,16,0,1.0,5.757605498633,1
Odisha,Baleshwar,21,346,1994,1,154649.2017804,0,0,1.0,5.967498933124,1
Odisha,Baleshwar,21,346,1995,1,308073.20491195,144,510000,1.0,6.3337519666177,1
Odisha,Baleshwar,21,346,1997,1,201818.75469288,24,100000,1.0,6.3463542072234,1
Odisha,Baleshwar,21,346,1999,1,191940.24191857,9803,10000000,2.0,6.7602872925659,1
Odisha,Baleshwar,21,346,2001,1,105057.29490064,100,2000000,2.0,6.8539351267552,1
Odisha,Baleshwar,21,346,2003,1,117883.61598646,67,3000000,1.0,6.8118161385154,1
Odisha,Baleshwar,21,346,2005,4,422084.26474771823,111,4034857,1.0,6.8038414193852,1
Odisha,Baleshwar,21,346,2006,1,302774.27018969005,185,2000000,1.0,7.093902822695,1
Odisha,Baleshwar,21,346,2007,4,853113.785327354,1082,3470000,1.5,7.8036502762015,1
Odisha,Baleshwar,21,346,2008,2,814881.8076979001,2576,1600000,2.0,7.0499170611118,1
Odisha,Baleshwar,21,346,2009,2,125380.637991864,0,537000,2.0,5.7776149304452,1
Odisha,Baleshwar,21,346,2011,2,68991.48013954899,45,15000,1.5,6.0665386634085,1
Odisha,Baleshwar,21,346,2013,1,246385.22646018,27,250000,2.0,6.1697659138631,1
Odisha,Baleshwar,21,346,2014,1,189576.05025298,6,15000,1.0,6.2777834706605,1
Odisha,Baleshwar,21,346,2015,1,629961.6057566,206,300000,2.0,7.656646577764,1
Odisha,Baleshwar,21,346,2019,1,302736.26273672,25,112500,1.5,6.3561257086734,1
Odisha,Baleshwar,21,346,2021,2,390800.768272223,11,1501300,1.5,6.3167786712784,1
Odisha,Baleshwar,21,346,2022,1,155000.0,0,60000,1.5,6.1445742076096,1
Odisha,Bargarh,21,347,1989,1,905209.24002345,780,0,1.0,6.9567489784143,1
Odisha,Bargarh,21,347,1991,1,151947.05798534,15,0,1.0,5.8806622999787,1
Odisha,Bargarh,21,347,1994,2,2136486.6163533,617,800000,1.0,7.6772792647922,1
Odisha,Bargarh,21,347,1995,1,308073.20491195,144,510000,1.0,6.3337519666177,1
Odisha,Bargarh,21,347,1999,1,191940.24191857,9803,10000000,2.0,6.7602872925659,1
Odisha,Bargarh,21,347,2001,1,105057.29490064,100,2000000,2.0,6.8539351267552,1
Odisha,Bargarh,21,347,2003,1,117883.61598646,67,3000000,1.0,6.8118161385154,1
Odisha,Bargarh,21,347,2005,1,374448.84730919,89,550000,1.0,6.8038414193852,1
Odisha,Bargarh,21,347,2006,1,302774.27018969005,185,2000000,1.0,7.093902822695,1
Odisha,Bargarh,21,347,2007,1,248438.85482793,29,50000,1.0,6.5413475543879,1
Odisha,Bargarh,21,347,2008,1,464317.9956417001,2400,0,2.0,6.8709354986642,1
Odisha,Bargarh,21,347,2009,1,99876.583990745,0,500000,1.0,5.7776149304452,1
Odisha,Bargarh,21,347,2012,1,29689.976773748,1,210,1.0,5.1715798621868,1
Odisha,Bargarh,21,347,2013,2,399085.72792748,27,258000,2.0,6.1697659138631,1
Odisha,Bargarh,21,347,2014,1,189576.05025298,6,15000,1.0,6.2777834706605,1
Odisha,Bargarh,21,347,2019,1,302736.26273672,25,112500,1.5,6.3561257086734,1
Odisha,Bargarh,21,347,2021,1,345642.72539767,1,1500000,1.5,6.3167786712784,1
Odisha,Bargarh,21,347,2022,1,155000.0,0,60000,1.5,6.1445742076096,1
Odisha,Bhadrak,21,348,1985,1,46758.643699762,49,150000,2.0,5.4480131557338,1
Odisha,Bhadrak,21,348,1991,1,151947.05798534,15,0,1.0,5.8806622999787,1
Odisha,Bhadrak,21,348,1992,1,44021.22729254701,16,0,1.0,5.757605498633,1
Odisha,Bhadrak,21,348,1994,1,154649.2017804,0,0,1.0,5.967498933124,1
Odisha,Bhadrak,21,348,1995,1,308073.20491195,144,510000,1.0,6.3337519666177,1
Odisha,Bhadrak,21,348,1999,1,191940.24191857,9803,10000000,2.0,6.7602872925659,1
Odisha,Bhadrak,21,348,2001,1,105057.29490064,100,2000000,2.0,6.8539351267552,1
Odisha,Bhadrak,21,348,2003,1,117883.61598646,67,3000000,1.0,6.8118161385154,1
Odisha,Bhadrak,21,348,2005,4,422084.26474771823,111,4034857,1.0,6.8038414193852,1
Odisha,Bhadrak,21,348,2006,1,302774.27018969005,185,2000000,1.0,7.093902822695,1
Odisha,Bhadrak,21,348,2007,3,335810.585529164,124,470000,1.0,6.5413475543879,1
Odisha,Bhadrak,21,348,2008,1,464317.9956417001,2400,0,2.0,6.8709354986642,1
Odisha,Bhadrak,21,348,2009,1,99876.583990745,0,500000,1.0,5.7776149304452,1
Odisha,Bhadrak,21,348,2011,2,68991.48013954899,45,15000,1.5,6.0665386634085,1
Odisha,Bhadrak,21,348,2013,1,246385.22646018,27,250000,2.0,6.1697659138631,1
Odisha,Bhadrak,21,348,2014,1,189576.05025298,6,15000,1.0,6.2777834706605,1
Odisha,Bhadrak,21,348,2015,1,629961.6057566,206,300000,2.0,7.656646577764,1
Odisha,Bhadrak,21,348,2019,1,302736.26273672,25,112500,1.5,6.3561257086734,1
Odisha,Bhadrak,21,348,2021,2,390800.768272223,11,1501300,1.5,6.3167786712784,1
Odisha,Bhadrak,21,348,2022,1,155000.0,0,60000,1.5,6.1445742076096,1
Odisha,Boudh,21,349,1989,1,905209.24002345,780,0,1.0,6.9567489784143,1
Odisha,Boudh,21,349,1991,1,151947.05798534,15,0,1.0,5.8806622999787,1
Odisha,Boudh,21,349,1992,1,44021.22729254701,16,0,1.0,5.757605498633,1
Odisha,Boudh,21,349,1994,1,154649.2017804,0,0,1.0,5.967498933124,1
Odisha,Boudh,21,349,1995,1,308073.20491195,144,510000,1.0,6.3337519666177,1
Odisha,Boudh,21,349,1999,1,191940.24191857,9803,10000000,2.0,6.7602872925659,1
Odisha,Boudh,21,349,2001,1,105057.29490064,100,2000000,2.0,6.8539351267552,1
Odisha,Boudh,21,349,2003,1,117883.61598646,67,3000000,1.0,6.8118161385154,1
Odisha,Boudh,21,349,2005,1,374448.84730919,89,550000,1.0,6.8038414193852,1
Odisha,Boudh,21,349,2006,1,302774.27018969005,185,2000000,1.0,7.093902822695,1
Odisha,Boudh,21,349,2007,1,248438.85482793,29,50000,1.0,6.5413475543879,1
Odisha,Boudh,21,349,2008,1,464317.9956417001,2400,0,2.0,6.8709354986642,1
Odisha,Boudh,21,349,2009,1,99876.583990745,0,500000,1.0,5.7776149304452,1
Odisha,Boudh,21,349,2011,1,41239.794137679,5,0,1.0,5.2173764800177,1
Odisha,Boudh,21,349,2013,2,399085.72792748,27,258000,2.0,6.1697659138631,1
Odisha,Boudh,21,349,2014,1,189576.05025298,6,15000,1.0,6.2777834706605,1
Odisha,Boudh,21,349,2015,1,629961.6057566,206,300000,2.0,7.656646577764,1
Odisha,Boudh,21,349,2019,1,302736.26273672,25,112500,1.5,6.3561257086734,1
Odisha,Boudh,21,349,2021,2,417503.40525646,16,1524127,1.5,6.3167786712784,1
Odisha,Boudh,21,349,2022,1,155000.0,0,60000,1.5,6.1445742076096,1
Odisha,Cuttack,21,350,1985,1,46758.643699762,49,150000,2.0,5.4480131557338,1
Odisha,Cuttack,21,350,1989,1,905209.24002345,780,0,1.0,6.9567489784143,1
Odisha,Cuttack,21,350,1991,1,151947.05798534,15,0,1.0,5.8806622999787,1
Odisha,Cuttack,21,350,1992,1,44021.22729254701,16,0,1.0,5.757605498633,1
Odisha,Cuttack,21,350,1994,1,154649.2017804,0,0,1.0,5.967498933124,1
Odisha,Cuttack,21,350,1995,1,308073.20491195,144,510000,1.0,6.3337519666177,1
Odisha,Cuttack,21,350,1999,1,191940.24191857,9803,10000000,2.0,6.7602872925659,1
Odisha,Cuttack,21,350,2001,1,105057.29490064,100,2000000,2.0,6.8539351267552,1
Odisha,Cuttack,21,350,2003,1,117883.61598646,67,3000000,1.0,6.8118161385154,1
Odisha,Cuttack,21,350,2005,3,392972.8810319512,98,1034857,1.0,6.8038414193852,1
Odisha,Cuttack,21,350,2006,2,334135.20630621904,218,2000000,1.0,7.093902822695,1
Odisha,Cuttack,21,350,2007,3,335810.585529164,124,470000,1.0,6.5413475543879,1
Odisha,Cuttack,21,350,2008,1,464317.9956417001,2400,0,2.0,6.8709354986642,1
Odisha,Cuttack,21,350,2009,1,99876.583990745,0,500000,1.0,5.7776149304452,1
Odisha,Cuttack,21,350,2011,2,68991.48013954899,45,15000,1.5,6.0665386634085,1
Odisha,Cuttack,21,350,2013,1,246385.22646018,27,250000,2.0,6.1697659138631,1
Odisha,Cuttack,21,350,2014,1,189576.05025298,6,15000,1.0,6.2777834706605,1
Odisha,Cuttack,21,350,2015,1,629961.6057566,206,300000,2.0,7.656646577764,1
Odisha,Cuttack,21,350,2019,1,302736.26273672,25,112500,1.5,6.3561257086734,1
Odisha,Cuttack,21,350,2021,2,417503.40525646,16,1524127,1.5,6.3167786712784,1
Odisha,Cuttack,21,350,2022,1,155000.0,0,60000,1.5,6.1445742076096,1
Odisha,Deogarh,21,351,1991,1,151947.05798534,15,0,1.0,5.8806622999787,1
Odisha,Deogarh,21,351,1994,1,154649.2017804,0,0,1.0,5.967498933124,1
Odisha,Deogarh,21,351,1995,1,308073.20491195,144,510000,1.0,6.3337519666177,1
Odisha,Deogarh,21,351,1999,1,191940.24191857,9803,10000000,2.0,6.7602872925659,1
Odisha,Deogarh,21,351,2001,1,105057.29490064,100,2000000,2.0,6.8539351267552,1
Odisha,Deogarh,21,351,2003,1,117883.61598646,67,3000000,1.0,6.8118161385154,1
Odisha,Deogarh,21,351,2005,1,374448.84730919,89,550000,1.0,6.8038414193852,1
Odisha,Deogarh,21,351,2006,1,302774.27018969005,185,2000000,1.0,7.093902822695,1
Odisha,Deogarh,21,351,2007,1,248438.85482793,29,50000,1.0,6.5413475543879,1
Odisha,Deogarh,21,351,2008,1,464317.9956417001,2400,0,2.0,6.8709354986642,1
Odisha,Deogarh,21,351,2009,1,99876.583990745,0,500000,1.0,5.7776149304452,1
Odisha,Deogarh,21,351,2011,1,41239.794137679,5,0,1.0,5.2173764800177,1
Odisha,Deogarh,21,351,2013,1,246385.22646018,27,250000,2.0,6.1697659138631,1
Odisha,Deogarh,21,351,2014,1,189576.05025298,6,15000,1.0,6.2777834706605,1
Odisha,Deogarh,21,351,2015,1,629961.6057566,206,300000,2.0,7.656646577764,1
Odisha,Deogarh,21,351,2019,1,302736.26273672,25,112500,1.5,6.3561257086734,1
Odisha,Deogarh,21,351,2021,1,345642.72539767,1,1500000,1.5,6.3167786712784,1
Odisha,Deogarh,21,351,2022,1,155000.0,0,60000,1.5,6.1445742076096,1
Odisha,Dhenkanal,21,352,1985,1,46758.643699762,49,150000,2.0,5.4480131557338,1
Odisha,Dhenkanal,21,352,1989,1,905209.24002345,780,0,1.0,6.9567489784143,1
Odisha,Dhenkanal,21,352,1991,1,151947.05798534,15,0,1.0,5.8806622999787,1
Odisha,Dhenkanal,21,352,1992,1,44021.22729254701,16,0,1.0,5.757605498633,1
Odisha,Dhenkanal,21,352,1994,1,154649.2017804,0,0,1.0,5.967498933124,1
Odisha,Dhenkanal,21,352,1995,1,308073.20491195,144,510000,1.0,6.3337519666177,1
Odisha,Dhenkanal,21,352,1999,1,191940.24191857,9803,10000000,2.0,6.7602872925659,1
Odisha,Dhenkanal,21,352,2001,1,105057.29490064,100,2000000,2.0,6.8539351267552,1
Odisha,Dhenkanal,21,352,2003,1,117883.61598646,67,3000000,1.0,6.8118161385154,1
Odisha,Dhenkanal,21,352,2005,3,392972.8810319512,98,1034857,1.0,6.8038414193852,1
Odisha,Dhenkanal,21,352,2006,1,302774.27018969005,185,2000000,1.0,7.093902822695,1
Odisha,Dhenkanal,21,352,2007,3,335810.585529164,124,470000,1.0,6.5413475543879,1
Odisha,Dhenkanal,21,352,2008,1,464317.9956417001,2400,0,2.0,6.8709354986642,1
Odisha,Dhenkanal,21,352,2009,1,99876.583990745,0,500000,1.0,5.7776149304452,1
Odisha,Dhenkanal,21,352,2011,2,68991.48013954899,45,15000,1.5,6.0665386634085,1
Odisha,Dhenkanal,21,352,2013,1,246385.22646018,27,250000,2.0,6.1697659138631,1
Odisha,Dhenkanal,21,352,2014,1,189576.05025298,6,15000,1.0,6.2777834706605,1
Odisha,Dhenkanal,21,352,2015,1,629961.6057566,206,300000,2.0,7.656646577764,1
Odisha,Dhenkanal,21,352,2019,1,302736.26273672,25,112500,1.5,6.3561257086734,1
Odisha,Dhenkanal,21,352,2021,2,417503.40525646,16,1524127,1.5,6.3167786712784,1
Odisha,Dhenkanal,21,352,2022,1,155000.0,0,60000,1.5,6.1445742076096,1
Odisha,Gajapati,21,353,1989,1,905209.24002345,780,0,1.0,6.9567489784143,1
Odisha,Gajapati,21,353,1990,1,267344.39912722,430,470000,1.0,6.0291310813779,1
Odisha,Gajapati,21,353,1991,2,751511.94623987,105,85000,1.0,6.5559874421319,1
Odisha,Gajapati,21,353,1994,3,2247144.19401963,847,816000,1.0,7.6772792647922,1
Odisha,Gajapati,21,353,1995,1,308073.20491195,144,510000,1.0,6.3337519666177,1
Odisha,Gajapati,21,353,1997,2,465533.04904697894,38,20000,1.0,6.3634860780538,1
Odisha,Gajapati,21,353,1998,1,194230.07599669,230,80000,1.0,6.5893464757574,1
Odisha,Gajapati,21,353,1999,1,191940.24191857,9803,10000000,2.0,6.7602872925659,1
Odisha,Gajapati,21,353,2003,1,117883.61598646,67,3000000,1.0,6.8118161385154,1
Odisha,Gajapati,21,353,2005,1,374448.84730919,89,550000,1.0,6.8038414193852,1
Odisha,Gajapati,21,353,2006,3,525005.056348009,238,2000000,1.0,7.093902822695,1
Odisha,Gajapati,21,353,2007,1,248438.85482793,29,50000,1.0,6.5413475543879,1
Odisha,Gajapati,21,353,2008,1,464317.9956417001,2400,0,2.0,6.8709354986642,1
Odisha,Gajapati,21,353,2009,1,99876.583990745,0,500000,1.0,5.7776149304452,1
Odisha,Gajapati,21,353,2013,1,246385.22646018,27,250000,2.0,6.1697659138631,1
Odisha,Gajapati,21,353,2014,1,189576.05025298,6,15000,1.0,6.2777834706605,1
Odisha,Gajapati,21,353,2018,1,87682.569387647,7,300000,1.5,5.420034522303,1
Odisha,Gajapati,21,353,2019,1,302736.26273672,25,112500,1.5,6.3561257086734,1
Odisha,Gajapati,21,353,2021,2,417503.40525646,16,1524127,1.5,6.3167786712784,1
Odisha,Gajapati,21,353,2022,1,155000.0,0,60000,1.5,6.1445742076096,1
Odisha,Ganjam,21,354,1989,1,905209.24002345,780,0,1.0,6.9567489784143,1
Odisha,Ganjam,21,354,1991,1,151947.05798534,15,0,1.0,5.8806622999787,1
Odisha,Ganjam,21,354,1992,1,44021.22729254701,16,0,1.0,5.757605498633,1
Odisha,Ganjam,21,354,1994,1,154649.2017804,0,0,1.0,5.967498933124,1
Odisha,Ganjam,21,354,1995,1,308073.20491195,144,510000,1.0,6.3337519666177,1
Odisha,Ganjam,21,354,1997,1,384888.40479346993,6,0,1.0,6.3634860780538,1
Odisha,Ganjam,21,354,1999,1,191940.24191857,9803,10000000,2.0,6.7602872925659,1
Odisha,Ganjam,21,354,2001,1,105057.29490064,100,2000000,2.0,6.8539351267552,1
Odisha,Ganjam,21,354,2003,1,117883.61598646,67,3000000,1.0,6.8118161385154,1
Odisha,Ganjam,21,354,2005,1,374448.84730919,89,550000,1.0,6.8038414193852,1
Odisha,Ganjam,21,354,2006,2,334135.20630621904,218,2000000,1.0,7.093902822695,1
Odisha,Ganjam,21,354,2007,1,248438.85482793,29,50000,1.0,6.5413475543879,1
Odisha,Ganjam,21,354,2008,1,464317.9956417001,2400,0,2.0,6.8709354986642,1
Odisha,Ganjam,21,354,2009,1,99876.583990745,0,500000,1.0,5.7776149304452,1
Odisha,Ganjam,21,354,2011,1,41239.794137679,5,0,1.0,5.2173764800177,1
Odisha,Ganjam,21,354,2013,1,246385.22646018,27,250000,2.0,6.1697659138631,1
Odisha,Ganjam,21,354,2014,1,189576.05025298,6,15000,1.0,6.2777834706605,1
Odisha,Ganjam,21,354,2015,1,629961.6057566,206,300000,2.0,7.656646577764,1
Odisha,Ganjam,21,354,2018,1,87682.569387647,7,300000,1.5,5.420034522303,1
Odisha,Ganjam,21,354,2019,1,302736.26273672,25,112500,1.5,6.3561257086734,1
Odisha,Ganjam,21,354,2021,2,417503.40525646,16,1524127,1.5,6.3167786712784,1
Odisha,Ganjam,21,354,2022,1,155000.0,0,60000,1.5,6.1445742076096,1
Odisha,Jagatsinghapur,21,355,1985,1,46758.643699762,49,150000,2.0,5.4480131557338,1
Odisha,Jagatsinghapur,21,355,1989,1,905209.24002345,780,0,1.0,6.9567489784143,1
Odisha,Jagatsinghapur,21,355,1991,1,151947.05798534,15,0,1.0,5.8806622999787,1
Odisha,Jagatsinghapur,21,355,1992,1,44021.22729254701,16,0,1.0,5.757605498633,1
Odisha,Jagatsinghapur,21,355,1994,1,154649.2017804,0,0,1.0,5.967498933124,1
Odisha,Jagatsinghapur,21,355,1995,1,308073.20491195,144,510000,1.0,6.3337519666177,1
Odisha,Jagatsinghapur,21,355,1999,1,191940.24191857,9803,10000000,2.0,6.7602872925659,1
Odisha,Jagatsinghapur,21,355,2001,1,105057.29490064,100,2000000,2.0,6.8539351267552,1
Odisha,Jagatsinghapur,21,355,2003,1,117883.61598646,67,3000000,1.0,6.8118161385154,1
Odisha,Jagatsinghapur,21,355,2006,1,302774.27018969005,185,2000000,1.0,7.093902822695,1
Odisha,Jagatsinghapur,21,355,2007,3,335810.585529164,124,470000,1.0,6.5413475543879,1
Odisha,Jagatsinghapur,21,355,2008,1,464317.9956417001,2400,0,2.0,6.8709354986642,1
Odisha,Jagatsinghapur,21,355,2009,1,99876.583990745,0,500000,1.0,5.7776149304452,1
Odisha,Jagatsinghapur,21,355,2011,2,68991.48013954899,45,15000,1.5,6.0665386634085,1
Odisha,Jagatsinghapur,21,355,2013,1,246385.22646018,27,250000,2.0,6.1697659138631,1
Odisha,Jagatsinghapur,21,355,2014,1,189576.05025298,6,15000,1.0,6.2777834706605,1
Odisha,Jagatsinghapur,21,355,2019,1,302736.26273672,25,112500,1.5,6.3561257086734,1
Odisha,Jagatsinghapur,21,355,2021,1,345642.72539767,1,1500000,1.5,6.3167786712784,1
Odisha,Jagatsinghapur,21,355,2022,1,155000.0,0,60000,1.5,6.1445742076096,1
Odisha,Jajapur,21,356,1985,1,46758.643699762,49,150000,2.0,5.4480131557338,1
Odisha,Jajapur,21,356,1991,1,151947.05798534,15,0,1.0,5.8806622999787,1
Odisha,Jajapur,21,356,1992,1,44021.22729254701,16,0,1.0,5.757605498633,1
Odisha,Jajapur,21,356,1994,1,154649.2017804,0,0,1.0,5.967498933124,1
Odisha,Jajapur,21,356,1995,1,308073.20491195,144,510000,1.0,6.3337519666177,1
Odisha,Jajapur,21,356,1999,1,191940.24191857,9803,10000000,2.0,6.7602872925659,1
Odisha,Jajapur,21,356,2001,1,105057.29490064,100,2000000,2.0,6.8539351267552,1
Odisha,Jajapur,21,356,2003,1,117883.61598646,67,3000000,1.0,6.8118161385154,1
Odisha,Jajapur,21,356,2005,3,392972.8810319512,98,1034857,1.0,6.8038414193852,1
Odisha,Jajapur,21,356,2006,1,302774.27018969005,185,2000000,1.0,7.093902822695,1
Odisha,Jajapur,21,356,2007,3,335810.585529164,124,470000,1.0,6.5413475543879,1
Odisha,Jajapur,21,356,2008,1,464317.9956417001,2400,0,2.0,6.8709354986642,1
Odisha,Jajapur,21,356,2009,1,99876.583990745,0,500000,1.0,5.7776149304452,1
Odisha,Jajapur,21,356,2011,2,68991.48013954899,45,15000,1.5,6.0665386634085,1
Odisha,Jajapur,21,356,2013,1,246385.22646018,27,250000,2.0,6.1697659138631,1
Odisha,Jajapur,21,356,2014,1,189576.05025298,6,15000,1.0,6.2777834706605,1
Odisha,Jajapur,21,356,2015,1,629961.6057566,206,300000,2.0,7.656646577764,1
Odisha,Jajapur,21,356,2019,1,302736.26273672,25,112500,1.5,6.3561257086734,1
Odisha,Jajapur,21,356,2021,1,345642.72539767,1,1500000,1.5,6.3167786712784,1
Odisha,Jajapur,21,356,2022,1,155000.0,0,60000,1.5,6.1445742076096,1
Odisha,Jharsuguda,21,357,1991,1,151947.05798534,15,0,1.0,5.8806622999787,1
Odisha,Jharsuguda,21,357,1994,1,154649.2017804,0,0,1.0,5.967498933124,1
Odisha,Jharsuguda,21,357,1995,1,308073.20491195,144,510000,1.0,6.3337519666177,1
Odisha,Jharsuguda,21,357,1999,1,191940.24191857,9803,10000000,2.0,6.7602872925659,1
Odisha,Jharsuguda,21,357,2001,1,105057.29490064,100,2000000,2.0,6.8539351267552,1
Odisha,Jharsuguda,21,357,2003,1,117883.61598646,67,3000000,1.0,6.8118161385154,1
Odisha,Jharsuguda,21,357,2005,1,374448.84730919,89,550000,1.0,6.8038414193852,1
Odisha,Jharsuguda,21,357,2006,1,302774.27018969005,185,2000000,1.0,7.093902822695,1
Odisha,Jharsuguda,21,357,2007,1,248438.85482793,29,50000,1.0,6.5413475543879,1
Odisha,Jharsuguda,21,357,2008,1,464317.9956417001,2400,0,2.0,6.8709354986642,1
Odisha,Jharsuguda,21,357,2009,1,99876.583990745,0,500000,1.0,5.7776149304452,1
Odisha,Jharsuguda,21,357,2012,1,29689.976773748,1,210,1.0,5.1715798621868,1
Odisha,Jharsuguda,21,357,2013,2,399085.72792748,27,258000,2.0,6.1697659138631,1
Odisha,Jharsuguda,21,357,2014,1,189576.05025298,6,15000,1.0,6.2777834706605,1
Odisha,Jharsuguda,21,357,2019,1,302736.26273672,25,112500,1.5,6.3561257086734,1
Odisha,Jharsuguda,21,357,2021,1,345642.72539767,1,1500000,1.5,6.3167786712784,1
Odisha,Jharsuguda,21,357,2022,1,155000.0,0,60000,1.5,6.1445742076096,1
Odisha,Kalahandi,21,358,1989,1,905209.24002345,780,0,1.0,6.9567489784143,1
Odisha,Kalahandi,21,358,1991,1,151947.05798534,15,0,1.0,5.8806622999787,1
Odisha,Kalahandi,21,358,1994,2,2136486.6163533,617,800000,1.0,7.6772792647922,1
Odisha,Kalahandi,21,358,1995,1,308073.20491195,144,510000,1.0,6.3337519666177,1
Odisha,Kalahandi,21,358,1999,1,191940.24191857,9803,10000000,2.0,6.7602872925659,1
Odisha,Kalahandi,21,358,2001,1,105057.29490064,100,2000000,2.0,6.8539351267552,1
Odisha,Kalahandi,21,358,2003,1,117883.61598646,67,3000000,1.0,6.8118161385154,1
Odisha,Kalahandi,21,358,2005,1,374448.84730919,89,550000,1.0,6.8038414193852,1
Odisha,Kalahandi,21,358,2006,2,334135.20630621904,218,2000000,1.0,7.093902822695,1
Odisha,Kalahandi,21,358,2007,1,248438.85482793,29,50000,1.0,6.5413475543879,1
Odisha,Kalahandi,21,358,2008,1,464317.9956417001,2400,0,2.0,6.8709354986642,1
Odisha,Kalahandi,21,358,2009,1,99876.583990745,0,500000,1.0,5.7776149304452,1
Odisha,Kalahandi,21,358,2012,1,35689.540228074,0,2000,1.0,5.1546009445037,1
Odisha,Kalahandi,21,358,2013,2,399085.72792748,27,258000,2.0,6.1697659138631,1
Odisha,Kalahandi,21,358,2014,1,189576.05025298,6,15000,1.0,6.2777834706605,1
Odisha,Kalahandi,21,358,2018,1,87682.569387647,7,300000,1.5,5.420034522303,1
Odisha,Kalahandi,21,358,2019,1,302736.26273672,25,112500,1.5,6.3561257086734,1
Odisha,Kalahandi,21,358,2021,2,417503.40525646,16,1524127,1.5,6.3167786712784,1
Odisha,Kalahandi,21,358,2022,1,155000.0,0,60000,1.5,6.1445742076096,1
Odisha,Kandhamal,21,359,1989,1,905209.24002345,780,0,1.0,6.9567489784143,1
Odisha,Kandhamal,21,359,1991,1,151947.05798534,15,0,1.0,5.8806622999787,1
Odisha,Kandhamal,21,359,1994,1,154649.2017804,0,0,1.0,5.967498933124,1
Odisha,Kandhamal,21,359,1995,1,308073.20491195,144,510000,1.0,6.3337519666177,1
Odisha,Kandhamal,21,359,1999,1,191940.24191857,9803,10000000,2.0,6.7602872925659,1
Odisha,Kandhamal,21,359,2001,1,105057.29490064,100,2000000,2.0,6.8539351267552,1
Odisha,Kandhamal,21,359,2003,1,117883.61598646,67,3000000,1.0,6.8118161385154,1
Odisha,Kandhamal,21,359,2005,1,374448.84730919,89,550000,1.0,6.8038414193852,1
Odisha,Kandhamal,21,359,2006,2,334135.20630621904,218,2000000,1.0,7.093902822695,1
Odisha,Kandhamal,21,359,2007,1,248438.85482793,29,50000,1.0,6.5413475543879,1
Odisha,Kandhamal,21,359,2008,1,464317.9956417001,2400,0,2.0,6.8709354986642,1
Odisha,Kandhamal,21,359,2009,1,99876.583990745,0,500000,1.0,5.7776149304452,1
Odisha,Kandhamal,21,359,2011,1,41239.794137679,5,0,1.0,5.2173764800177,1
Odisha,Kandhamal,21,359,2013,1,246385.22646018,27,250000,2.0,6.1697659138631,1
Odisha,Kandhamal,21,359,2014,1,189576.05025298,6,15000,1.0,6.2777834706605,1
Odisha,Kandhamal,21,359,2019,1,302736.26273672,25,112500,1.5,6.3561257086734,1
Odisha,Kandhamal,21,359,2021,2,417503.40525646,16,1524127,1.5,6.3167786712784,1
Odisha,Kandhamal,21,359,2022,1,155000.0,0,60000,1.5,6.1445742076096,1
Odisha,Kendrapara,21,360,1985,1,46758.643699762,49,150000,2.0,5.4480131557338,1
Odisha,Kendrapara,21,360,1991,1,151947.05798534,15,0,1.0,5.8806622999787,1
Odisha,Kendrapara,21,360,1992,1,44021.22729254701,16,0,1.0,5.757605498633,1
Odisha,Kendrapara,21,360,1994,1,154649.2017804,0,0,1.0,5.967498933124,1
Odisha,Kendrapara,21,360,1995,1,308073.20491195,144,510000,1.0,6.3337519666177,1
Odisha,Kendrapara,21,360,1999,1,191940.24191857,9803,10000000,2.0,6.7602872925659,1
Odisha,Kendrapara,21,360,2001,1,105057.29490064,100,2000000,2.0,6.8539351267552,1
Odisha,Kendrapara,21,360,2003,1,117883.61598646,67,3000000,1.0,6.8118161385154,1
Odisha,Kendrapara,21,360,2005,3,392972.8810319512,98,1034857,1.0,6.8038414193852,1
Odisha,Kendrapara,21,360,2006,1,302774.27018969005,185,2000000,1.0,7.093902822695,1
Odisha,Kendrapara,21,360,2007,3,335810.585529164,124,470000,1.0,6.5413475543879,1
Odisha,Kendrapara,21,360,2008,1,464317.9956417001,2400,0,2.0,6.8709354986642,1
Odisha,Kendrapara,21,360,2009,1,99876.583990745,0,500000,1.0,5.7776149304452,1
Odisha,Kendrapara,21,360,2011,2,68991.48013954899,45,15000,1.5,6.0665386634085,1
Odisha,Kendrapara,21,360,2013,1,246385.22646018,27,250000,2.0,6.1697659138631,1
Odisha,Kendrapara,21,360,2014,1,189576.05025298,6,15000,1.0,6.2777834706605,1
Odisha,Kendrapara,21,360,2015,1,629961.6057566,206,300000,2.0,7.656646577764,1
Odisha,Kendrapara,21,360,2019,1,302736.26273672,25,112500,1.5,6.3561257086734,1
Odisha,Kendrapara,21,360,2021,1,345642.72539767,1,1500000,1.5,6.3167786712784,1
Odisha,Kendrapara,21,360,2022,1,155000.0,0,60000,1.5,6.1445742076096,1
Odisha,Kendujhar,21,361,1985,1,46758.643699762,49,150000,2.0,5.4480131557338,1
Odisha,Kendujhar,21,361,1990,1,1100663.2969222,425,63517,1.0,7.3840771654136,1
Odisha,Kendujhar,21,361,1991,2,322820.6976945901,15,87500,1.0,6.3788031059367,1
Odisha,Kendujhar,21,361,1992,1,44021.22729254701,16,0,1.0,5.757605498633,1
Odisha,Kendujhar,21,361,1994,1,154649.2017804,0,0,1.0,5.967498933124,1
Odisha,Kendujhar,21,361,1995,1,308073.20491195,144,510000,1.0,6.3337519666177,1
Odisha,Kendujhar,21,361,1996,1,171939.46006971,74,4000000,1.0,6.6333155672897,1
Odisha,Kendujhar,21,361,1999,1,191940.24191857,9803,10000000,2.0,6.7602872925659,1
Odisha,Kendujhar,21,361,2001,1,105057.29490064,100,2000000,2.0,6.8539351267552,1
Odisha,Kendujhar,21,361,2003,1,117883.61598646,67,3000000,1.0,6.8118161385154,1
Odisha,Kendujhar,21,361,2005,3,392972.8810319512,98,1034857,1.0,6.8038414193852,1
Odisha,Kendujhar,21,361,2006,1,302774.27018969005,185,2000000,1.0,7.093902822695,1
Odisha,Kendujhar,21,361,2007,3,335810.585529164,124,470000,1.0,6.5413475543879,1
Odisha,Kendujhar,21,361,2008,1,464317.9956417001,2400,0,2.0,6.8709354986642,1
Odisha,Kendujhar,21,361,2009,1,99876.583990745,0,500000,1.0,5.7776149304452,1
Odisha,Kendujhar,21,361,2011,2,68991.48013954899,45,15000,1.5,6.0665386634085,1
Odisha,Kendujhar,21,361,2013,1,246385.22646018,27,250000,2.0,6.1697659138631,1
Odisha,Kendujhar,21,361,2014,1,189576.05025298,6,15000,1.0,6.2777834706605,1
Odisha,Kendujhar,21,361,2015,1,629961.6057566,206,300000,2.0,7.656646577764,1
Odisha,Kendujhar,21,361,2019,1,302736.26273672,25,112500,1.5,6.3561257086734,1
Odisha,Kendujhar,21,361,2021,2,390800.768272223,11,1501300,1.5,6.3167786712784,1
Odisha,Kendujhar,21,361,2022,1,155000.0,0,60000,1.5,6.1445742076096,1
Odisha,Khordha,21,362,1985,1,46758.643699762,49,150000,2.0,5.4480131557338,1
Odisha,Khordha,21,362,1989,1,905209.24002345,780,0,1.0,6.9567489784143,1
Odisha,Khordha,21,362,1991,1,151947.05798534,15,0,1.0,5.8806622999787,1
Odisha,Khordha,21,362,1992,1,44021.22729254701,16,0,1.0,5.757605498633,1
Odisha,Khordha,21,362,1994,1,154649.2017804,0,0,1.0,5.967498933124,1
Odisha,Khordha,21,362,1995,1,308073.20491195,144,510000,1.0,6.3337519666177,1
Odisha,Khordha,21,362,1999,1,191940.24191857,9803,10000000,2.0,6.7602872925659,1
Odisha,Khordha,21,362,2001,1,105057.29490064,100,2000000,2.0,6.8539351267552,1
Odisha,Khordha,21,362,2003,1,117883.61598646,67,3000000,1.0,6.8118161385154,1
Odisha,Khordha,21,362,2005,1,374448.84730919,89,550000,1.0,6.8038414193852,1
Odisha,Khordha,21,362,2006,2,334135.20630621904,218,2000000,1.0,7.093902822695,1
Odisha,Khordha,21,362,2007,3,335810.585529164,124,470000,1.0,6.5413475543879,1
Odisha,Khordha,21,362,2008,1,464317.9956417001,2400,0,2.0,6.8709354986642,1
Odisha,Khordha,21,362,2009,1,99876.583990745,0,500000,1.0,5.7776149304452,1
Odisha,Khordha,21,362,2011,2,68991.48013954899,45,15000,1.5,6.0665386634085,1
Odisha,Khordha,21,362,2013,1,246385.22646018,27,250000,2.0,6.1697659138631,1
Odisha,Khordha,21,362,2014,1,189576.05025298,6,15000,1.0,6.2777834706605,1
Odisha,Khordha,21,362,2015,1,629961.6057566,206,300000,2.0,7.656646577764,1
Odisha,Khordha,21,362,2019,1,302736.26273672,25,112500,1.5,6.3561257086734,1
Odisha,Khordha,21,362,2021,2,417503.40525646,16,1524127,1.5,6.3167786712784,1
Odisha,Khordha,21,362,2022,1,155000.0,0,60000,1.5,6.1445742076096,1
Odisha,Koraput,21,363,1989,1,905209.24002345,780,0,1.0,6.9567489784143,1
Odisha,Koraput,21,363,1990,1,267344.39912722,430,470000,1.0,6.0291310813779,1
Odisha,Koraput,21,363,1991,2,751511.94623987,105,85000,1.0,6.5559874421319,1
Odisha,Koraput,21,363,1994,3,2247144.19401963,847,816000,1.0,7.6772792647922,1
Odisha,Koraput,21,363,1995,2,570876.40921351,238,522000,1.0,6.3337519666177,1
Odisha,Koraput,21,363,1997,2,465533.04904697894,38,20000,1.0,6.3634860780538,1
Odisha,Koraput,21,363,1998,1,194230.07599669,230,80000,1.0,6.5893464757574,1
Odisha,Koraput,21,363,1999,1,191940.24191857,9803,10000000,2.0,6.7602872925659,1
Odisha,Koraput,21,363,2005,1,374448.84730919,89,550000,1.0,6.8038414193852,1
Odisha,Koraput,21,363,2006,3,525005.056348009,238,2000000,1.0,7.093902822695,1
Odisha,Koraput,21,363,2007,1,248438.85482793,29,50000,1.0,6.5413475543879,1
Odisha,Koraput,21,363,2008,1,464317.9956417001,2400,0,2.0,6.8709354986642,1
Odisha,Koraput,21,363,2009,1,99876.583990745,0,500000,1.0,5.7776149304452,1
Odisha,Koraput,21,363,2012,1,35689.540228074,0,2000,1.0,5.1546009445037,1
Odisha,Koraput,21,363,2013,1,246385.22646018,27,250000,2.0,6.1697659138631,1
Odisha,Koraput,21,363,2014,2,565837.54277345,48,15000,1.5,6.9557010155946,1
Odisha,Koraput,21,363,2018,1,87682.569387647,7,300000,1.5,5.420034522303,1
Odisha,Koraput,21,363,2019,1,302736.26273672,25,112500,1.5,6.3561257086734,1
Odisha,Koraput,21,363,2021,2,417503.40525646,16,1524127,1.5,6.3167786712784,1
Odisha,Koraput,21,363,2022,1,155000.0,0,60000,1.5,6.1445742076096,1
Odisha,Malkangiri,21,364,1988,1,94871.792387788,50,0,1.0,5.4542583603891,1
Odisha,Malkangiri,21,364,1989,1,905209.24002345,780,0,1.0,6.9567489784143,1
Odisha,Malkangiri,21,364,1990,1,267344.39912722,430,470000,1.0,6.0291310813779,1
Odisha,Malkangiri,21,364,1991,2,751511.94623987,105,85000,1.0,6.5559874421319,1
Odisha,Malkangiri,21,364,1994,3,2247144.19401963,847,816000,1.0,7.6772792647922,1
Odisha,Malkangiri,21,364,1995,2,570876.40921351,238,522000,1.0,6.3337519666177,1
Odisha,Malkangiri,21,364,1997,2,465533.04904697894,38,20000,1.0,6.3634860780538,1
Odisha,Malkangiri,21,364,1998,1,194230.07599669,230,80000,1.0,6.5893464757574,1
Odisha,Malkangiri,21,364,2005,2,993646.6687805101,215,650000,1.0,7.1897694283678,1
Odisha,Malkangiri,21,364,2006,2,493644.12023148005,205,2000000,1.0,7.093902822695,1
Odisha,Malkangiri,21,364,2007,2,699003.2100814299,156,250000,1.0,6.7677001834385,1
Odisha,Malkangiri,21,364,2008,2,539805.9208224291,2474,0,2.0,6.8709354986642,1
Odisha,Malkangiri,21,364,2012,1,35689.540228074,0,2000,1.0,5.1546009445037,1
Odisha,Malkangiri,21,364,2014,1,376261.49252047,42,0,1.5,6.9557010155946,1
Odisha,Malkangiri,21,364,2016,1,137435.40460325,17,3000,1.5,6.7291632323494,1
Odisha,Malkangiri,21,364,2018,1,87682.569387647,7,300000,1.5,5.420034522303,1
Odisha,Malkangiri,21,364,2019,1,302736.26273672,25,112500,1.5,6.3561257086734,1
Odisha,Malkangiri,21,364,2021,1,71860.67985879,15,24127,1.5,5.9356725677045,1
Odisha,Malkangiri,21,364,2022,1,155000.0,0,60000,1.5,6.1445742076096,1
Odisha,Mayurbhanj,21,365,1985,1,46758.643699762,49,150000,2.0,5.4480131557338,1
Odisha,Mayurbhanj,21,365,1986,1,231516.28043233,49,700000,1.0,6.6433351373578,1
Odisha,Mayurbhanj,21,365,1988,2,1474609.7146377899,1109,502000,2.0,7.7855937662664,1
Odisha,Mayurbhanj,21,365,1990,1,1100663.2969222,425,63517,1.0,7.3840771654136,1
Odisha,Mayurbhanj,21,365,1991,4,962460.364799503,124,87500,1.0,6.9146173641677,1
Odisha,Mayurbhanj,21,365,1992,1,44021.22729254701,16,0,1.0,5.757605498633,1
Odisha,Mayurbhanj,21,365,1994,1,154649.2017804,0,0,1.0,5.967498933124,1
Odisha,Mayurbhanj,21,365,1995,1,308073.20491195,144,510000,1.0,6.3337519666177,1
Odisha,Mayurbhanj,21,365,1996,1,171939.46006971,74,4000000,1.0,6.6333155672897,1
Odisha,Mayurbhanj,21,365,1997,1,201818.75469288,24,100000,1.0,6.3463542072234,1
Odisha,Mayurbhanj,21,365,1999,1,191940.24191857,9803,10000000,2.0,6.7602872925659,1
Odisha,Mayurbhanj,21,365,2001,1,105057.29490064,100,2000000,2.0,6.8539351267552,1
Odisha,Mayurbhanj,21,365,2003,1,117883.61598646,67,3000000,1.0,6.8118161385154,1
Odisha,Mayurbhanj,21,365,2005,4,422084.26474771823,111,4034857,1.0,6.8038414193852,1
Odisha,Mayurbhanj,21,365,2006,1,302774.27018969005,185,2000000,1.0,7.093902822695,1
Odisha,Mayurbhanj,21,365,2007,3,837749.790561095,1067,3450000,1.5,7.8036502762015,1
Odisha,Mayurbhanj,21,365,2008,3,1241413.34503428,2926,1670000,2.0,7.0499170611118,1
Odisha,Mayurbhanj,21,365,2009,1,99876.583990745,0,500000,1.0,5.7776149304452,1
Odisha,Mayurbhanj,21,365,2011,2,68991.48013954899,45,15000,1.5,6.0665386634085,1
Odisha,Mayurbhanj,21,365,2013,1,246385.22646018,27,250000,2.0,6.1697659138631,1
Odisha,Mayurbhanj,21,365,2014,1,189576.05025298,6,15000,1.0,6.2777834706605,1
Odisha,Mayurbhanj,21,365,2015,1,629961.6057566,206,300000,2.0,7.656646577764,1
Odisha,Mayurbhanj,21,365,2019,1,302736.26273672,25,112500,1.5,6.3561257086734,1
Odisha,Mayurbhanj,21,365,2021,2,390800.768272223,11,1501300,1.5,6.3167786712784,1
Odisha,Mayurbhanj,21,365,2022,1,155000.0,0,60000,1.5,6.1445742076096,1
Odisha,Nabarangpur,21,366,1988,1,94871.792387788,50,0,1.0,5.4542583603891,1
Odisha,Nabarangpur,21,366,1989,1,905209.24002345,780,0,1.0,6.9567489784143,1
Odisha,Nabarangpur,21,366,1991,1,151947.05798534,15,0,1.0,5.8806622999787,1
Odisha,Nabarangpur,21,366,1994,2,2136486.6163533,617,800000,1.0,7.6772792647922,1
Odisha,Nabarangpur,21,366,1995,1,308073.20491195,144,510000,1.0,6.3337519666177,1
Odisha,Nabarangpur,21,366,1999,1,191940.24191857,9803,10000000,2.0,6.7602872925659,1
Odisha,Nabarangpur,21,366,2005,1,374448.84730919,89,550000,1.0,6.8038414193852,1
Odisha,Nabarangpur,21,366,2006,1,302774.27018969005,185,2000000,1.0,7.093902822695,1
Odisha,Nabarangpur,21,366,2007,1,248438.85482793,29,50000,1.0,6.5413475543879,1
Odisha,Nabarangpur,21,366,2008,1,464317.9956417001,2400,0,2.0,6.8709354986642,1
Odisha,Nabarangpur,21,366,2012,1,35689.540228074,0,2000,1.0,5.1546009445037,1
Odisha,Nabarangpur,21,366,2013,1,246385.22646018,27,250000,2.0,6.1697659138631,1
Odisha,Nabarangpur,21,366,2014,2,565837.54277345,48,15000,1.5,6.9557010155946,1
Odisha,Nabarangpur,21,366,2018,1,87682.569387647,7,300000,1.5,5.420034522303,1
Odisha,Nabarangpur,21,366,2019,1,302736.26273672,25,112500,1.5,6.3561257086734,1
Odisha,Nabarangpur,21,366,2021,2,417503.40525646,16,1524127,1.5,6.3167786712784,1
Odisha,Nabarangpur,21,366,2022,1,155000.0,0,60000,1.5,6.1445742076096,1
Odisha,Nayagarh,21,367,1989,1,905209.24002345,780,0,1.0,6.9567489784143,1
Odisha,Nayagarh,21,367,1991,1,151947.05798534,15,0,1.0,5.8806622999787,1
Odisha,Nayagarh,21,367,1992,1,44021.22729254701,16,0,1.0,5.757605498633,1
Odisha,Nayagarh,21,367,1994,1,154649.2017804,0,0,1.0,5.967498933124,1
Odisha,Nayagarh,21,367,1995,1,308073.20491195,144,510000,1.0,6.3337519666177,1
Odisha,Nayagarh,21,367,1999,1,191940.24191857,9803,10000000,2.0,6.7602872925659,1
Odisha,Nayagarh,21,367,2001,1,105057.29490064,100,2000000,2.0,6.8539351267552,1
Odisha,Nayagarh,21,367,2003,1,117883.61598646,67,3000000,1.0,6.8118161385154,1
Odisha,Nayagarh,21,367,2005,1,374448.84730919,89,550000,1.0,6.8038414193852,1
Odisha,Nayagarh,21,367,2006,2,334135.20630621904,218,2000000,1.0,7.093902822695,1
Odisha,Nayagarh,21,367,2007,3,335810.585529164,124,470000,1.0,6.5413475543879,1
Odisha,Nayagarh,21,367,2008,1,464317.9956417001,2400,0,2.0,6.8709354986642,1
Odisha,Nayagarh,21,367,2009,1,99876.583990745,0,500000,1.0,5.7776149304452,1
Odisha,Nayagarh,21,367,2011,2,68991.48013954899,45,15000,1.5,6.0665386634085,1
Odisha,Nayagarh,21,367,2013,1,246385.22646018,27,250000,2.0,6.1697659138631,1
Odisha,Nayagarh,21,367,2014,1,189576.05025298,6,15000,1.0,6.2777834706605,1
Odisha,Nayagarh,21,367,2015,1,629961.6057566,206,300000,2.0,7.656646577764,1
Odisha,Nayagarh,21,367,2019,1,302736.26273672,25,112500,1.5,6.3561257086734,1
Odisha,Nayagarh,21,367,2021,2,417503.40525646,16,1524127,1.5,6.3167786712784,1
Odisha,Nayagarh,21,367,2022,1,155000.0,0,60000,1.5,6.1445742076096,1
Odisha,Nuapada,21,368,1989,1,905209.24002345,780,0,1.0,6.9567489784143,1
Odisha,Nuapada,21,368,1991,1,151947.05798534,15,0,1.0,5.8806622999787,1
Odisha,Nuapada,21,368,1994,2,2136486.6163533,617,800000,1.0,7.6772792647922,1
Odisha,Nuapada,21,368,1995,1,308073.20491195,144,510000,1.0,6.3337519666177,1
Odisha,Nuapada,21,368,1999,1,191940.24191857,9803,10000000,2.0,6.7602872925659,1
Odisha,Nuapada,21,368,2005,1,374448.84730919,89,550000,1.0,6.8038414193852,1
Odisha,Nuapada,21,368,2006,1,302774.27018969005,185,2000000,1.0,7.093902822695,1
Odisha,Nuapada,21,368,2007,1,248438.85482793,29,50000,1.0,6.5413475543879,1
Odisha,Nuapada,21,368,2008,1,464317.9956417001,2400,0,2.0,6.8709354986642,1
Odisha,Nuapada,21,368,2012,2,65379.517001822,1,2210,1.0,5.1715798621868,1
Odisha,Nuapada,21,368,2013,2,399085.72792748,27,258000,2.0,6.1697659138631,1
Odisha,Nuapada,21,368,2014,2,565837.54277345,48,15000,1.5,6.9557010155946,1
Odisha,Nuapada,21,368,2019,1,302736.26273672,25,112500,1.5,6.3561257086734,1
Odisha,Nuapada,21,368,2021,1,345642.72539767,1,1500000,1.5,6.3167786712784,1
Odisha,Nuapada,21,368,2022,1,155000.0,0,60000,1.5,6.1445742076096,1
Odisha,Puri,21,369,1985,1,46758.643699762,49,150000,2.0,5.4480131557338,1
Odisha,Puri,21,369,1989,1,905209.24002345,780,0,1.0,6.9567489784143,1
Odisha,Puri,21,369,1991,1,151947.05798534,15,0,1.0,5.8806622999787,1
Odisha,Puri,21,369,1992,1,44021.22729254701,16,0,1.0,5.757605498633,1
Odisha,Puri,21,369,1994,1,154649.2017804,0,0,1.0,5.967498933124,1
Odisha,Puri,21,369,1995,1,308073.20491195,144,510000,1.0,6.3337519666177,1
Odisha,Puri,21,369,1999,1,191940.24191857,9803,10000000,2.0,6.7602872925659,1
Odisha,Puri,21,369,2001,1,105057.29490064,100,2000000,2.0,6.8539351267552,1
Odisha,Puri,21,369,2003,1,117883.61598646,67,3000000,1.0,6.8118161385154,1
Odisha,Puri,21,369,2005,1,374448.84730919,89,550000,1.0,6.8038414193852,1
Odisha,Puri,21,369,2006,2,334135.20630621904,218,2000000,1.0,7.093902822695,1
Odisha,Puri,21,369,2007,3,335810.585529164,124,470000,1.0,6.5413475543879,1
Odisha,Puri,21,369,2008,1,464317.9956417001,2400,0,2.0,6.8709354986642,1
Odisha,Puri,21,369,2009,1,99876.583990745,0,500000,1.0,5.7776149304452,1
Odisha,Puri,21,369,2011,2,68991.48013954899,45,15000,1.5,6.0665386634085,1
Odisha,Puri,21,369,2013,1,246385.22646018,27,250000,2.0,6.1697659138631,1
Odisha,Puri,21,369,2014,1,189576.05025298,6,15000,1.0,6.2777834706605,1
Odisha,Puri,21,369,2018,1,87682.569387647,7,300000,1.5,5.420034522303,1
Odisha,Puri,21,369,2019,1,302736.26273672,25,112500,1.5,6.3561257086734,1
Odisha,Puri,21,369,2021,2,417503.40525646,16,1524127,1.5,6.3167786712784,1
Odisha,Puri,21,369,2022,1,155000.0,0,60000,1.5,6.1445742076096,1
Odisha,Rayagada,21,370,1989,1,905209.24002345,780,0,1.0,6.9567489784143,1
Odisha,Rayagada,21,370,1991,1,151947.05798534,15,0,1.0,5.8806622999787,1
Odisha,Rayagada,21,370,1994,3,2247144.19401963,847,816000,1.0,7.6772792647922,1
Odisha,Rayagada,21,370,1995,1,308073.20491195,144,510000,1.0,6.3337519666177,1
Odisha,Rayagada,21,370,1997,1,384888.40479346993,6,0,1.0,6.3634860780538,1
Odisha,Rayagada,21,370,1998,1,194230.07599669,230,80000,1.0,6.5893464757574,1
Odisha,Rayagada,21,370,1999,1,191940.24191857,9803,10000000,2.0,6.7602872925659,1
Odisha,Rayagada,21,370,2003,1,117883.61598646,67,3000000,1.0,6.8118161385154,1
Odisha,Rayagada,21,370,2005,1,374448.84730919,89,550000,1.0,6.8038414193852,1
Odisha,Rayagada,21,370,2006,3,525005.056348009,238,2000000,1.0,7.093902822695,1
Odisha,Rayagada,21,370,2007,1,248438.85482793,29,50000,1.0,6.5413475543879,1
Odisha,Rayagada,21,370,2008,1,464317.9956417001,2400,0,2.0,6.8709354986642,1
Odisha,Rayagada,21,370,2009,1,99876.583990745,0,500000,1.0,5.7776149304452,1
Odisha,Rayagada,21,370,2012,1,35689.540228074,0,2000,1.0,5.1546009445037,1
Odisha,Rayagada,21,370,2013,1,246385.22646018,27,250000,2.0,6.1697659138631,1
Odisha,Rayagada,21,370,2014,1,189576.05025298,6,15000,1.0,6.2777834706605,1
Odisha,Rayagada,21,370,2018,1,87682.569387647,7,300000,1.5,5.420034522303,1
Odisha,Rayagada,21,370,2019,1,302736.26273672,25,112500,1.5,6.3561257086734,1
Odisha,Rayagada,21,370,2021,2,417503.40525646,16,1524127,1.5,6.3167786712784,1
Odisha,Rayagada,21,370,2022,1,155000.0,0,60000,1.5,6.1445742076096,1
Odisha,Sambalpur,21,371,1991,1,151947.05798534,15,0,1.0,5.8806622999787,1
Odisha,Sambalpur,21,371,1994,1,154649.2017804,0,0,1.0,5.967498933124,1
Odisha,Sambalpur,21,371,1995,1,308073.20491195,144,510000,1.0,6.3337519666177,1
Odisha,Sambalpur,21,371,1999,1,191940.24191857,9803,10000000,2.0,6.7602872925659,1
Odisha,Sambalpur,21,371,2001,1,105057.29490064,100,2000000,2.0,6.8539351267552,1
Odisha,Sambalpur,21,371,2003,1,117883.61598646,67,3000000,1.0,6.8118161385154,1
Odisha,Sambalpur,21,371,2005,1,374448.84730919,89,550000,1.0,6.8038414193852,1
Odisha,Sambalpur,21,371,2006,1,302774.27018969005,185,2000000,1.0,7.093902822695,1
Odisha,Sambalpur,21,371,2007,1,248438.85482793,29,50000,1.0,6.5413475543879,1
Odisha,Sambalpur,21,371,2008,1,464317.9956417001,2400,0,2.0,6.8709354986642,1
Odisha,Sambalpur,21,371,2009,1,99876.583990745,0,500000,1.0,5.7776149304452,1
Odisha,Sambalpur,21,371,2012,1,29689.976773748,1,210,1.0,5.1715798621868,1
Odisha,Sambalpur,21,371,2013,2,399085.72792748,27,258000,2.0,6.1697659138631,1
Odisha,Sambalpur,21,371,2014,1,189576.05025298,6,15000,1.0,6.2777834706605,1
Odisha,Sambalpur,21,371,2015,1,629961.6057566,206,300000,2.0,7.656646577764,1
Odisha,Sambalpur,21,371,2019,1,302736.26273672,25,112500,1.5,6.3561257086734,1
Odisha,Sambalpur,21,371,2021,2,417503.40525646,16,1524127,1.5,6.3167786712784,1
Odisha,Sambalpur,21,371,2022,1,155000.0,0,60000,1.5,6.1445742076096,1
Odisha,Sonepur,21,372,1989,1,905209.24002345,780,0,1.0,6.9567489784143,1
Odisha,Sonepur,21,372,1991,1,151947.05798534,15,0,1.0,5.8806622999787,1
Odisha,Sonepur,21,372,1994,1,154649.2017804,0,0,1.0,5.967498933124,1
Odisha,Sonepur,21,372,1995,1,308073.20491195,144,510000,1.0,6.3337519666177,1
Odisha,Sonepur,21,372,1999,1,191940.24191857,9803,10000000,2.0,6.7602872925659,1
Odisha,Sonepur,21,372,2001,1,105057.29490064,100,2000000,2.0,6.8539351267552,1
Odisha,Sonepur,21,372,2003,1,117883.61598646,67,3000000,1.0,6.8118161385154,1
Odisha,Sonepur,21,372,2005,1,374448.84730919,89,550000,1.0,6.8038414193852,1
Odisha,Sonepur,21,372,2006,1,302774.27018969005,185,2000000,1.0,7.093902822695,1
Odisha,Sonepur,21,372,2007,1,248438.85482793,29,50000,1.0,6.5413475543879,1
Odisha,Sonepur,21,372,2008,1,464317.9956417001,2400,0,2.0,6.8709354986642,1
Odisha,Sonepur,21,372,2009,1,99876.583990745,0,500000,1.0,5.7776149304452,1
Odisha,Sonepur,21,372,2013,2,399085.72792748,27,258000,2.0,6.1697659138631,1
Odisha,Sonepur,21,372,2014,1,189576.05025298,6,15000,1.0,6.2777834706605,1
Odisha,Sonepur,21,372,2019,1,302736.26273672,25,112500,1.5,6.3561257086734,1
Odisha,Sonepur,21,372,2021,2,417503.40525646,16,1524127,1.5,6.3167786712784,1
Odisha,Sonepur,21,372,2022,1,155000.0,0,60000,1.5,6.1445742076096,1
Odisha,Sundargarh,21,373,1988,2,1474609.7146377899,1109,502000,2.0,7.7855937662664,1
Odisha,Sundargarh,21,373,1990,1,1100663.2969222,425,63517,1.0,7.3840771654136,1
Odisha,Sundargarh,21,373,1991,3,870499.71823778,103,87500,1.0,6.9146173641677,1
Odisha,Sundargarh,21,373,1994,2,2136486.6163533,617,800000,1.0,7.6772792647922,1
Odisha,Sundargarh,21,373,1995,1,308073.20491195,144,510000,1.0,6.3337519666177,1
Odisha,Sundargarh,21,373,1996,1,171939.46006971,74,4000000,1.0,6.6333155672897,1
Odisha,Sundargarh,21,373,1999,1,191940.24191857,9803,10000000,2.0,6.7602872925659,1
Odisha,Sundargarh,21,373,2001,1,105057.29490064,100,2000000,2.0,6.8539351267552,1
Odisha,Sundargarh,21,373,2003,1,117883.61598646,67,3000000,1.0,6.8118161385154,1
Odisha,Sundargarh,21,373,2005,1,374448.84730919,89,550000,1.0,6.8038414193852,1
Odisha,Sundargarh,21,373,2006,1,302774.27018969005,185,2000000,1.0,7.093902822695,1
Odisha,Sundargarh,21,373,2007,1,248438.85482793,29,50000,1.0,6.5413475543879,1
Odisha,Sundargarh,21,373,2008,1,464317.9956417001,2400,0,2.0,6.8709354986642,1
Odisha,Sundargarh,21,373,2009,1,99876.583990745,0,500000,1.0,5.7776149304452,1
Odisha,Sundargarh,21,373,2012,1,29689.976773748,1,210,1.0,5.1715798621868,1
Odisha,Sundargarh,21,373,2013,2,399085.72792748,27,258000,2.0,6.1697659138631,1
Odisha,Sundargarh,21,373,2014,1,189576.05025298,6,15000,1.0,6.2777834706605,1
Odisha,Sundargarh,21,373,2015,1,629961.6057566,206,300000,2.0,7.656646577764,1
Odisha,Sundargarh,21,373,2019,1,302736.26273672,25,112500,1.5,6.3561257086734,1
Odisha,Sundargarh,21,373,2021,1,345642.72539767,1,1500000,1.5,6.3167786712784,1
Odisha,Sundargarh,21,373,2022,1,155000.0,0,60000,1.5,6.1445742076096,1
Puducherry,Karaikal,34,598,1991,1,599564.88825453,90,85000,1.0,6.5559874421319,1
Puducherry,Karaikal,34,598,1994,1,89229.901790267,40,0,1.0,5.6494804193217,1
Puducherry,Karaikal,34,598,1997,1,384888.40479346993,6,0,1.0,6.3634860780538,1
Puducherry,Karaikal,34,598,2002,2,58299.883511135,31,300,1.0,5.1533498810304,1
Puducherry,Karaikal,34,598,2005,1,131307.99463593,279,300000,1.0,6.7995324061198,1
Puducherry,Karaikal,34,598,2007,1,76740.363072558,29,50000,1.0,5.6631750999767,1
Puducherry,Karaikal,34,598,2008,1,144329.28000305,37,10000,1.0,6.0624444321104,1
Puducherry,Karaikal,34,598,2015,2,107381.466387511,188,400200,2.0,6.6683954867336,1
Puducherry,Karaikal,34,598,2017,1,50536.263538772,4,4000,1.5,5.8796943877262,1
Puducherry,Karaikal,34,598,2021,2,392763.0,37,23000,2.0,6.197103495333,1
Puducherry,Mahe,34,599,1985,1,254234.59502901,95,25000,1.0,6.1042046512933,1
Puducherry,Mahe,34,599,1989,1,905209.24002345,780,0,1.0,6.9567489784143,1
Puducherry,Mahe,34,599,1991,1,491361.49508556,72,300000,2.0,6.4695523709301,1
Puducherry,Mahe,34,599,1994,1,1981837.4145729,617,800000,1.0,7.6772792647922,1
Puducherry,Mahe,34,599,1997,1,233024.36528434,100,0,1.0,6.622673838813,1
Puducherry,Mahe,34,599,2002,1,9745.4074519416,11,0,1.0,4.8338980415418,1
Puducherry,Mahe,34,599,2004,1,8999.4068773107,45,1000,1.0,4.4313351421146,1
Puducherry,Mahe,34,599,2006,1,42686.917966969,32,10800,2.0,5.8855673045955,1
Puducherry,Mahe,34,599,2007,2,474688.656668131,171,235000,1.0,6.7677001834385,1
Puducherry,Mahe,34,599,2018,1,153840.06820443,12,34000,1.5,6.4045534079872,1
Puducherry,Mahe,34,599,2019,1,94518.754764612,0,22000,1.5,5.753669241778,1
Puducherry,Mahe,34,599,2021,1,41117.0,23,5223,1.5,5.6352107189926,1
Puducherry,Pondicherry,34,600,1991,1,599564.88825453,90,85000,1.0,6.5559874421319,1
Puducherry,Pondicherry,34,600,1993,1,7968.640175747,70,45000,1.0,4.9805654627316,1
Puducherry,Pondicherry,34,600,1994,1,89229.901790267,40,0,1.0,5.6494804193217,1
Puducherry,Pondicherry,34,600,1997,1,384888.40479346993,6,0,1.0,6.3634860780538,1
Puducherry,Pondicherry,34,600,2002,2,58299.883511135,31,300,1.0,5.1533498810304,1
Puducherry,Pondicherry,34,600,2005,1,131307.99463593,279,300000,1.0,6.7995324061198,1
Puducherry,Pondicherry,34,600,2006,1,40094.927072728,47,225000,1.0,5.6030894278898,1
Puducherry,Pondicherry,34,600,2007,1,76740.363072558,29,50000,1.0,5.6631750999767,1
Puducherry,Pondicherry,34,600,2008,1,144329.28000305,37,10000,1.0,6.0624444321104,1
Puducherry,Pondicherry,34,600,2012,1,126082.83119507,40,70000,2.0,6.1006559523551,1
Puducherry,Pondicherry,34,600,2015,1,93202.053762891,180,400000,2.0,6.6683954867336,1
Puducherry,Pondicherry,34,600,2017,1,50536.263538772,4,4000,1.5,5.8796943877262,1
Puducherry,Pondicherry,34,600,2021,2,392763.0,37,23000,2.0,6.197103495333,1
Puducherry,Yanam,34,601,1986,1,107355.33281993,150,3000000,1.0,5.933913609651,1
Puducherry,Yanam,34,601,1988,1,94871.792387788,50,0,1.0,5.4542583603891,1
Puducherry,Yanam,34,601,1989,1,905209.24002345,780,0,1.0,6.9567489784143,1
Puducherry,Yanam,34,601,1990,1,267344.39912722,430,470000,1.0,6.0291310813779,1
Puducherry,Yanam,34,601,1991,1,599564.88825453,90,85000,1.0,6.5559874421319,1
Puducherry,Yanam,34,601,1994,2,2092494.9922392298,847,816000,1.0,7.6772792647922,1
Puducherry,Yanam,34,601,1995,1,262803.20430156,94,12000,1.0,6.0216906475049,1
Puducherry,Yanam,34,601,1996,1,21445.456055093,2500,140000,2.0,5.3313352862992,1
Puducherry,Yanam,34,601,1997,2,465533.04904697894,38,20000,1.0,6.3634860780538,1
Puducherry,Yanam,34,601,1998,1,194230.07599669,230,80000,1.0,6.5893464757574,1
Puducherry,Yanam,34,601,2005,2,993646.6687805101,215,650000,1.0,7.1897694283678,1
Puducherry,Yanam,34,601,2006,2,493644.12023148005,205,2000000,1.0,7.093902822695,1
Puducherry,Yanam,34,601,2007,1,450564.3552535,127,200000,1.0,6.7677001834385,1
Puducherry,Yanam,34,601,2008,2,539805.9208224291,2474,0,2.0,6.8709354986642,1
Puducherry,Yanam,34,601,2016,1,137435.40460325,17,3000,1.5,6.7291632323494,1
Puducherry,Yanam,34,601,2018,1,87682.569387647,7,300000,1.5,5.420034522303,1
Punjab,Amritsar,03,027,1985,1,117441.17319879,340,20000,1.0,6.1837637333599,1
Punjab,Amritsar,03,027,1988,2,1116265.80873124,964,1750000,2.0,7.7855937662664,1
Punjab,Amritsar,03,027,1994,1,1981837.4145729,617,800000,1.0,7.6772792647922,1
Punjab,Amritsar,03,027,1995,1,762936.8925746998,600,2000000,1.0,7.1835186118101,1
Punjab,Amritsar,03,027,2007,2,259557.33574223198,88,17000,1.0,6.0602064995389,1
Punjab,Amritsar,03,027,2010,2,292457.63603888,248,523180,1.5,6.2099998454591,1
Punjab,Amritsar,03,027,2013,1,131743.41457489,5748,75000,1.5,6.4999401571691,1
Punjab,Amritsar,03,027,2018,1,114348.33023553,28,935,1.0,6.0582298272306,1
Punjab,Barnala,03,605,1988,2,1116265.80873124,964,1750000,2.0,7.7855937662664,1
Punjab,Barnala,03,605,1994,1,1981837.4145729,617,800000,1.0,7.6772792647922,1
Punjab,Barnala,03,605,1995,1,762936.8925746998,600,2000000,1.0,7.1835186118101,1
Punjab,Barnala,03,605,2007,1,191449.94642663,76,15000,1.0,6.0602064995389,1
Punjab,Barnala,03,605,2010,1,147437.2291135,98,523000,1.0,6.2099998454591,1
Punjab,Barnala,03,605,2018,1,114348.33023553,28,935,1.0,6.0582298272306,1
Punjab,Bathinda,03,028,1988,2,1116265.80873124,964,1750000,2.0,7.7855937662664,1
Punjab,Bathinda,03,028,1991,1,547679.02054319,88,0,1.0,6.9146173641677,1
Punjab,Bathinda,03,028,1994,1,1981837.4145729,617,800000,1.0,7.6772792647922,1
Punjab,Bathinda,03,028,1995,1,762936.8925746998,600,2000000,1.0,7.1835186118101,1
Punjab,Bathinda,03,028,2007,1,191449.94642663,76,15000,1.0,6.0602064995389,1
Punjab,Bathinda,03,028,2010,1,147437.2291135,98,523000,1.0,6.2099998454591,1
Punjab,Faridkot,03,029,1988,2,1116265.80873124,964,1750000,2.0,7.7855937662664,1
Punjab,Faridkot,03,029,1994,1,1981837.4145729,617,800000,1.0,7.6772792647922,1
Punjab,Faridkot,03,029,1995,1,762936.8925746998,600,2000000,1.0,7.1835186118101,1
Punjab,Faridkot,03,029,2007,1,191449.94642663,76,15000,1.0,6.0602064995389,1
Punjab,Faridkot,03,029,2010,1,147437.2291135,98,523000,1.0,6.2099998454591,1
Punjab,Fatehgarh Sahib,03,030,1985,1,117441.17319879,340,20000,1.0,6.1837637333599,1
Punjab,Fatehgarh Sahib,03,030,1988,2,1116265.80873124,964,1750000,2.0,7.7855937662664,1
Punjab,Fatehgarh Sahib,03,030,1994,1,1981837.4145729,617,800000,1.0,7.6772792647922,1
Punjab,Fatehgarh Sahib,03,030,1995,1,762936.8925746998,600,2000000,1.0,7.1835186118101,1
Punjab,Fatehgarh Sahib,03,030,2005,1,308728.71607899,23,0,1.0,6.7906070224724,1
Punjab,Fatehgarh Sahib,03,030,2007,1,191449.94642663,76,15000,1.0,6.0602064995389,1
Punjab,Fatehgarh Sahib,03,030,2010,1,147437.2291135,98,523000,1.0,6.2099998454591,1
Punjab,Fatehgarh Sahib,03,030,2012,1,37710.761445125,45,200,2.0,5.3546165520302,1
Punjab,Fatehgarh Sahib,03,030,2013,1,131743.41457489,5748,75000,1.5,6.4999401571691,1
Punjab,Fatehgarh Sahib,03,030,2018,1,114348.33023553,28,935,1.0,6.0582298272306,1
Punjab,Fazilka,03,651,1988,2,1116265.80873124,964,1750000,2.0,7.7855937662664,1
Punjab,Fazilka,03,651,1994,1,1981837.4145729,617,800000,1.0,7.6772792647922,1
Punjab,Fazilka,03,651,1995,1,762936.8925746998,600,2000000,1.0,7.1835186118101,1
Punjab,Fazilka,03,651,1996,1,328726.91805633,63,20000,1.0,6.8390545628091,1
Punjab,Fazilka,03,651,2007,1,191449.94642663,76,15000,1.0,6.0602064995389,1
Punjab,Fazilka,03,651,2010,1,147437.2291135,98,523000,1.0,6.2099998454591,1
Punjab,Ferozepur,03,031,1985,1,117441.17319879,340,20000,1.0,6.1837637333599,1
Punjab,Ferozepur,03,031,1988,2,1116265.80873124,964,1750000,2.0,7.7855937662664,1
Punjab,Ferozepur,03,031,1994,1,1981837.4145729,617,800000,1.0,7.6772792647922,1
Punjab,Ferozepur,03,031,1995,1,762936.8925746998,600,2000000,1.0,7.1835186118101,1
Punjab,Ferozepur,03,031,2007,1,191449.94642663,76,15000,1.0,6.0602064995389,1
Punjab,Ferozepur,03,031,2010,1,147437.2291135,98,523000,1.0,6.2099998454591,1
Punjab,Ferozepur,03,031,2018,1,114348.33023553,28,935,1.0,6.0582298272306,1
Punjab,Gurdaspur,03,032,1985,1,117441.17319879,340,20000,1.0,6.1837637333599,1
Punjab,Gurdaspur,03,032,1988,2,1116265.80873124,964,1750000,2.0,7.7855937662664,1
Punjab,Gurdaspur,03,032,1994,1,1981837.4145729,617,800000,1.0,7.6772792647922,1
Punjab,Gurdaspur,03,032,1995,1,762936.8925746998,600,2000000,1.0,7.1835186118101,1
Punjab,Gurdaspur,03,032,2007,2,259557.33574223198,88,17000,1.0,6.0602064995389,1
Punjab,Gurdaspur,03,032,2010,2,292457.63603888,248,523180,1.5,6.2099998454591,1
Punjab,Gurdaspur,03,032,2012,1,37710.761445125,45,200,2.0,5.3546165520302,1
Punjab,Gurdaspur,03,032,2013,1,131743.41457489,5748,75000,1.5,6.4999401571691,1
Punjab,Gurdaspur,03,032,2018,1,114348.33023553,28,935,1.0,6.0582298272306,1
Punjab,Gurdaspur,03,032,2022,1,6300.0,22,135,1.0,4.2764618041732,1
Punjab,Hoshiarpur,03,033,1985,1,117441.17319879,340,20000,1.0,6.1837637333599,1
Punjab,Hoshiarpur,03,033,1988,2,1116265.80873124,964,1750000,2.0,7.7855937662664,1
Punjab,Hoshiarpur,03,033,1990,1,1100663.2969222,425,63517,1.0,7.3840771654136,1
Punjab,Hoshiarpur,03,033,1991,1,547679.02054319,88,0,1.0,6.9146173641677,1
Punjab,Hoshiarpur,03,033,1994,3,2050971.642304051,688,800000,1.0,7.6772792647922,1
Punjab,Hoshiarpur,03,033,1995,1,762936.8925746998,600,2000000,1.0,7.1835186118101,1
Punjab,Hoshiarpur,03,033,1997,1,57530.651850708,200,0,1.0,5.6049973348387,1
Punjab,Hoshiarpur,03,033,2005,1,308728.71607899,23,0,1.0,6.7906070224724,1
Punjab,Hoshiarpur,03,033,2007,1,191449.94642663,76,15000,1.0,6.0602064995389,1
Punjab,Hoshiarpur,03,033,2010,2,292457.63603888,248,523180,1.5,6.2099998454591,1
Punjab,Hoshiarpur,03,033,2012,1,37710.761445125,45,200,2.0,5.3546165520302,1
Punjab,Hoshiarpur,03,033,2013,1,131743.41457489,5748,75000,1.5,6.4999401571691,1
Punjab,Hoshiarpur,03,033,2015,1,629961.6057566,206,300000,2.0,7.656646577764,1
Punjab,Hoshiarpur,03,033,2018,1,114348.33023553,28,935,1.0,6.0582298272306,1
Punjab,Hoshiarpur,03,033,2022,1,6300.0,22,135,1.0,4.2764618041732,1
Punjab,Jalandhar,03,034,1985,1,117441.17319879,340,20000,1.0,6.1837637333599,1
Punjab,Jalandhar,03,034,1988,2,1116265.80873124,964,1750000,2.0,7.7855937662664,1
Punjab,Jalandhar,03,034,1994,1,1981837.4145729,617,800000,1.0,7.6772792647922,1
Punjab,Jalandhar,03,034,1995,1,762936.8925746998,600,2000000,1.0,7.1835186118101,1
Punjab,Jalandhar,03,034,2005,1,308728.71607899,23,0,1.0,6.7906070224724,1
Punjab,Jalandhar,03,034,2007,1,191449.94642663,76,15000,1.0,6.0602064995389,1
Punjab,Jalandhar,03,034,2010,2,292457.63603888,248,523180,1.5,6.2099998454591,1
Punjab,Jalandhar,03,034,2012,1,37710.761445125,45,200,2.0,5.3546165520302,1
Punjab,Jalandhar,03,034,2013,1,131743.41457489,5748,75000,1.5,6.4999401571691,1
Punjab,Jalandhar,03,034,2018,1,114348.33023553,28,935,1.0,6.0582298272306,1
Punjab,Kapurthala,03,035,1985,1,117441.17319879,340,20000,1.0,6.1837637333599,1
Punjab,Kapurthala,03,035,1988,2,1116265.80873124,964,1750000,2.0,7.7855937662664,1
Punjab,Kapurthala,03,035,1994,1,1981837.4145729,617,800000,1.0,7.6772792647922,1
Punjab,Kapurthala,03,035,1995,1,762936.8925746998,600,2000000,1.0,7.1835186118101,1
Punjab,Kapurthala,03,035,2007,1,191449.94642663,76,15000,1.0,6.0602064995389,1
Punjab,Kapurthala,03,035,2010,1,147437.2291135,98,523000,1.0,6.2099998454591,1
Punjab,Kapurthala,03,035,2012,1,37710.761445125,45,200,2.0,5.3546165520302,1
Punjab,Kapurthala,03,035,2013,1,131743.41457489,5748,75000,1.5,6.4999401571691,1
Punjab,Kapurthala,03,035,2018,1,114348.33023553,28,935,1.0,6.0582298272306,1
Punjab,Ludhiana,03,036,1985,1,117441.17319879,340,20000,1.0,6.1837637333599,1
Punjab,Ludhiana,03,036,1988,2,1116265.80873124,964,1750000,2.0,7.7855937662664,1
Punjab,Ludhiana,03,036,1994,1,1981837.4145729,617,800000,1.0,7.6772792647922,1
Punjab,Ludhiana,03,036,1995,1,762936.8925746998,600,2000000,1.0,7.1835186118101,1
Punjab,Ludhiana,03,036,2005,1,308728.71607899,23,0,1.0,6.7906070224724,1
Punjab,Ludhiana,03,036,2007,1,191449.94642663,76,15000,1.0,6.0602064995389,1
Punjab,Ludhiana,03,036,2010,1,147437.2291135,98,523000,1.0,6.2099998454591,1
Punjab,Ludhiana,03,036,2012,1,37710.761445125,45,200,2.0,5.3546165520302,1
Punjab,Ludhiana,03,036,2013,1,131743.41457489,5748,75000,1.5,6.4999401571691,1
Punjab,Ludhiana,03,036,2018,1,114348.33023553,28,935,1.0,6.0582298272306,1
Punjab,Mansa,03,037,1988,2,1116265.80873124,964,1750000,2.0,7.7855937662664,1
Punjab,Mansa,03,037,1991,1,547679.02054319,88,0,1.0,6.9146173641677,1
Punjab,Mansa,03,037,1994,1,1981837.4145729,617,800000,1.0,7.6772792647922,1
Punjab,Mansa,03,037,1995,1,762936.8925746998,600,2000000,1.0,7.1835186118101,1
Punjab,Mansa,03,037,2007,1,191449.94642663,76,15000,1.0,6.0602064995389,1
Punjab,Mansa,03,037,2010,1,147437.2291135,98,523000,1.0,6.2099998454591,1
Punjab,Moga,03,038,1985,1,117441.17319879,340,20000,1.0,6.1837637333599,1
Punjab,Moga,03,038,1988,2,1116265.80873124,964,1750000,2.0,7.7855937662664,1
Punjab,Moga,03,038,1994,1,1981837.4145729,617,800000,1.0,7.6772792647922,1
Punjab,Moga,03,038,1995,1,762936.8925746998,600,2000000,1.0,7.1835186118101,1
Punjab,Moga,03,038,2007,1,191449.94642663,76,15000,1.0,6.0602064995389,1
Punjab,Moga,03,038,2010,1,147437.2291135,98,523000,1.0,6.2099998454591,1
Punjab,Moga,03,038,2018,1,114348.33023553,28,935,1.0,6.0582298272306,1
Punjab,Pathankot,03,662,1985,1,117441.17319879,340,20000,1.0,6.1837637333599,1
Punjab,Pathankot,03,662,1988,2,1116265.80873124,964,1750000,2.0,7.7855937662664,1
Punjab,Pathankot,03,662,1990,2,1191482.28029793,442,63517,1.0,7.3840771654136,1
Punjab,Pathankot,03,662,1991,1,547679.02054319,88,0,1.0,6.9146173641677,1
Punjab,Pathankot,03,662,1994,2,2034175.938730731,677,800000,1.0,7.6772792647922,1
Punjab,Pathankot,03,662,1995,1,762936.8925746998,600,2000000,1.0,7.1835186118101,1
Punjab,Pathankot,03,662,1997,2,97544.694147323,226,0,1.0,5.6049973348387,1
Punjab,Pathankot,03,662,2001,1,3009.1108598111,16,0,1.0,3.7794681837089,1
Punjab,Pathankot,03,662,2007,2,259557.33574223198,88,17000,1.0,6.0602064995389,1
Punjab,Pathankot,03,662,2010,1,145020.40692538,150,180,1.5,5.814641633193,1
Punjab,Pathankot,03,662,2013,1,131743.41457489,5748,75000,1.5,6.4999401571691,1
Punjab,Pathankot,03,662,2015,2,700249.586339139,250,302907,2.0,7.656646577764,1
Punjab,Pathankot,03,662,2018,1,114348.33023553,28,935,1.0,6.0582298272306,1
Punjab,Pathankot,03,662,2022,1,6300.0,22,135,1.0,4.2764618041732,1
Punjab,Patiala,03,041,1988,2,1116265.80873124,964,1750000,2.0,7.7855937662664,1
Punjab,Patiala,03,041,1991,1,547679.02054319,88,0,1.0,6.9146173641677,1
Punjab,Patiala,03,041,1994,1,1981837.4145729,617,800000,1.0,7.6772792647922,1
Punjab,Patiala,03,041,1995,1,762936.8925746998,600,2000000,1.0,7.1835186118101,1
Punjab,Patiala,03,041,2005,1,308728.71607899,23,0,1.0,6.7906070224724,1
Punjab,Patiala,03,041,2007,1,191449.94642663,76,15000,1.0,6.0602064995389,1
Punjab,Patiala,03,041,2010,1,147437.2291135,98,523000,1.0,6.2099998454591,1
Punjab,Patiala,03,041,2012,1,37710.761445125,45,200,2.0,5.3546165520302,1
Punjab,Patiala,03,041,2013,1,131743.41457489,5748,75000,1.5,6.4999401571691,1
Punjab,Patiala,03,041,2018,1,114348.33023553,28,935,1.0,6.0582298272306,1
Punjab,Rupnagar,03,042,1985,1,117441.17319879,340,20000,1.0,6.1837637333599,1
Punjab,Rupnagar,03,042,1988,2,1116265.80873124,964,1750000,2.0,7.7855937662664,1
Punjab,Rupnagar,03,042,1990,1,1100663.2969222,425,63517,1.0,7.3840771654136,1
Punjab,Rupnagar,03,042,1991,1,547679.02054319,88,0,1.0,6.9146173641677,1
Punjab,Rupnagar,03,042,1994,3,2050971.642304051,688,800000,1.0,7.6772792647922,1
Punjab,Rupnagar,03,042,1995,1,762936.8925746998,600,2000000,1.0,7.1835186118101,1
Punjab,Rupnagar,03,042,1997,1,57530.651850708,200,0,1.0,5.6049973348387,1
Punjab,Rupnagar,03,042,2005,1,308728.71607899,23,0,1.0,6.7906070224724,1
Punjab,Rupnagar,03,042,2007,1,191449.94642663,76,15000,1.0,6.0602064995389,1
Punjab,Rupnagar,03,042,2010,1,147437.2291135,98,523000,1.0,6.2099998454591,1
Punjab,Rupnagar,03,042,2012,1,37710.761445125,45,200,2.0,5.3546165520302,1
Punjab,Rupnagar,03,042,2013,1,131743.41457489,5748,75000,1.5,6.4999401571691,1
Punjab,Rupnagar,03,042,2015,1,629961.6057566,206,300000,2.0,7.656646577764,1
Punjab,Rupnagar,03,042,2018,1,114348.33023553,28,935,1.0,6.0582298272306,1
Punjab,S.A.S Nagar,03,608,1988,2,1116265.80873124,964,1750000,2.0,7.7855937662664,1
Punjab,S.A.S Nagar,03,608,1991,1,547679.02054319,88,0,1.0,6.9146173641677,1
Punjab,S.A.S Nagar,03,608,1994,1,1981837.4145729,617,800000,1.0,7.6772792647922,1
Punjab,S.A.S Nagar,03,608,1995,1,762936.8925746998,600,2000000,1.0,7.1835186118101,1
Punjab,S.A.S Nagar,03,608,2005,1,308728.71607899,23,0,1.0,6.7906070224724,1
Punjab,S.A.S Nagar,03,608,2007,1,191449.94642663,76,15000,1.0,6.0602064995389,1
Punjab,S.A.S Nagar,03,608,2010,1,147437.2291135,98,523000,1.0,6.2099998454591,1
Punjab,S.A.S Nagar,03,608,2012,1,37710.761445125,45,200,2.0,5.3546165520302,1
Punjab,S.A.S Nagar,03,608,2013,1,131743.41457489,5748,75000,1.5,6.4999401571691,1
Punjab,S.A.S Nagar,03,608,2015,1,629961.6057566,206,300000,2.0,7.656646577764,1
Punjab,S.A.S Nagar,03,608,2017,1,421575.24392831,253,422106,2.0,7.1563540170148,1
Punjab,S.A.S Nagar,03,608,2018,1,114348.33023553,28,935,1.0,6.0582298272306,1
Punjab,Sangrur,03,043,1988,2,1116265.80873124,964,1750000,2.0,7.7855937662664,1
Punjab,Sangrur,03,043,1991,1,547679.02054319,88,0,1.0,6.9146173641677,1
Punjab,Sangrur,03,043,1994,1,1981837.4145729,617,800000,1.0,7.6772792647922,1
Punjab,Sangrur,03,043,1995,1,762936.8925746998,600,2000000,1.0,7.1835186118101,1
Punjab,Sangrur,03,043,2005,1,308728.71607899,23,0,1.0,6.7906070224724,1
Punjab,Sangrur,03,043,2007,1,191449.94642663,76,15000,1.0,6.0602064995389,1
Punjab,Sangrur,03,043,2010,1,147437.2291135,98,523000,1.0,6.2099998454591,1
Punjab,Sangrur,03,043,2018,1,114348.33023553,28,935,1.0,6.0582298272306,1
Punjab,Shahid Bhagat Singh Nagar,03,040,1985,1,117441.17319879,340,20000,1.0,6.1837637333599,1
Punjab,Shahid Bhagat Singh Nagar,03,040,1988,2,1116265.80873124,964,1750000,2.0,7.7855937662664,1
Punjab,Shahid Bhagat Singh Nagar,03,040,1994,1,1981837.4145729,617,800000,1.0,7.6772792647922,1
Punjab,Shahid Bhagat Singh Nagar,03,040,1995,1,762936.8925746998,600,2000000,1.0,7.1835186118101,1
Punjab,Shahid Bhagat Singh Nagar,03,040,2005,1,308728.71607899,23,0,1.0,6.7906070224724,1
Punjab,Shahid Bhagat Singh Nagar,03,040,2007,1,191449.94642663,76,15000,1.0,6.0602064995389,1
Punjab,Shahid Bhagat Singh Nagar,03,040,2010,1,147437.2291135,98,523000,1.0,6.2099998454591,1
Punjab,Shahid Bhagat Singh Nagar,03,040,2012,1,37710.761445125,45,200,2.0,5.3546165520302,1
Punjab,Shahid Bhagat Singh Nagar,03,040,2013,1,131743.41457489,5748,75000,1.5,6.4999401571691,1
Punjab,Shahid Bhagat Singh Nagar,03,040,2015,1,629961.6057566,206,300000,2.0,7.656646577764,1
Punjab,Shahid Bhagat Singh Nagar,03,040,2018,1,114348.33023553,28,935,1.0,6.0582298272306,1
Punjab,Sri Muktsar Sahib,03,039,1988,2,1116265.80873124,964,1750000,2.0,7.7855937662664,1
Punjab,Sri Muktsar Sahib,03,039,1994,1,1981837.4145729,617,800000,1.0,7.6772792647922,1
Punjab,Sri Muktsar Sahib,03,039,1995,1,762936.8925746998,600,2000000,1.0,7.1835186118101,1
Punjab,Sri Muktsar Sahib,03,039,1996,1,328726.91805633,63,20000,1.0,6.8390545628091,1
Punjab,Sri Muktsar Sahib,03,039,2007,1,191449.94642663,76,15000,1.0,6.0602064995389,1
Punjab,Sri Muktsar Sahib,03,039,2010,1,147437.2291135,98,523000,1.0,6.2099998454591,1
Punjab,Tarn Taran,03,609,1985,1,117441.17319879,340,20000,1.0,6.1837637333599,1
Punjab,Tarn Taran,03,609,1988,2,1116265.80873124,964,1750000,2.0,7.7855937662664,1
Punjab,Tarn Taran,03,609,1994,1,1981837.4145729,617,800000,1.0,7.6772792647922,1
Punjab,Tarn Taran,03,609,1995,1,762936.8925746998,600,2000000,1.0,7.1835186118101,1
Punjab,Tarn Taran,03,609,2007,1,191449.94642663,76,15000,1.0,6.0602064995389,1
Punjab,Tarn Taran,03,609,2010,1,147437.2291135,98,523000,1.0,6.2099998454591,1
Punjab,Tarn Taran,03,609,2018,1,114348.33023553,28,935,1.0,6.0582298272306,1
Rajasthan,Ajmer,08,086,1990,1,1100663.2969222,425,63517,1.0,7.3840771654136,1
Rajasthan,Ajmer,08,086,1994,1,1981837.4145729,617,800000,1.0,7.6772792647922,1
Rajasthan,Ajmer,08,086,1995,1,762936.8925746998,600,2000000,1.0,7.1835186118101,1
Rajasthan,Ajmer,08,086,1996,1,328726.91805633,63,20000,1.0,6.8390545628091,1
Rajasthan,Ajmer,08,086,2007,1,398939.17397885,225,63000,1.0,6.7148500364169,1
Rajasthan,Ajmer,08,086,2019,2,416962.05618951004,0,49500,1.5,6.45343107138,1
Rajasthan,Ajmer,08,086,2020,1,613621.1193165,13,60,1.5,6.8090895976067,1
Rajasthan,Alwar,08,087,1988,3,1743138.26723743,1840,1752000,2.0,7.7855937662664,1
Rajasthan,Alwar,08,087,1990,1,1100663.2969222,425,63517,1.0,7.3840771654136,1
Rajasthan,Alwar,08,087,1991,1,547679.02054319,88,0,1.0,6.9146173641677,1
Rajasthan,Alwar,08,087,1994,1,1981837.4145729,617,800000,1.0,7.6772792647922,1
Rajasthan,Alwar,08,087,1995,1,762936.8925746998,600,2000000,1.0,7.1835186118101,1
Rajasthan,Alwar,08,087,1996,1,328726.91805633,63,20000,1.0,6.8390545628091,1
Rajasthan,Alwar,08,087,2005,1,308728.71607899,23,0,1.0,6.7906070224724,1
Rajasthan,Alwar,08,087,2007,1,191449.94642663,76,15000,1.0,6.0602064995389,1
Rajasthan,Alwar,08,087,2017,1,421575.24392831,253,422106,2.0,7.1563540170148,1
Rajasthan,Alwar,08,087,2020,1,613621.1193165,13,60,1.5,6.8090895976067,1
Rajasthan,Banswara,08,088,1990,2,1286824.89803606,475,63517,1.0,7.3840771654136,1
Rajasthan,Banswara,08,088,1992,1,752428.65689717,90,8000,1.0,7.4675299347014,1
Rajasthan,Banswara,08,088,1994,1,1981837.4145729,617,800000,1.0,7.6772792647922,1
Rajasthan,Banswara,08,088,1995,1,762936.8925746998,600,2000000,1.0,7.1835186118101,1
Rajasthan,Banswara,08,088,1996,1,328726.91805633,63,20000,1.0,6.8390545628091,1
Rajasthan,Banswara,08,088,2005,1,53194.834384822,15,0,1.0,6.0268994567731,1
Rajasthan,Banswara,08,088,2006,1,170055.88511038,24,8400,1.0,5.8326516574511,1
Rajasthan,Banswara,08,088,2007,1,398939.17397885,225,63000,1.0,6.7148500364169,1
Rajasthan,Banswara,08,088,2011,1,33056.092108546,0,5000,1.5,5.9963727646928,1
Rajasthan,Banswara,08,088,2016,1,377732.8783474799,20,0,1.5,6.2303973017891,1
Rajasthan,Banswara,08,088,2019,2,416962.05618951004,0,49500,1.5,6.45343107138,1
Rajasthan,Banswara,08,088,2020,1,613621.1193165,13,60,1.5,6.8090895976067,1
Rajasthan,Banswara,08,088,2021,1,331180.36847927,23,200000,1.5,6.5992458310632,1
Rajasthan,Banswara,08,088,2022,1,80000.0,7,1500,1.5,5.0791812460476,1
Rajasthan,Banswara,08,088,2023,1,184454.0,12,150000,2.0,6.2658880776116,1
Rajasthan,Baran,08,089,1990,1,1100663.2969222,425,63517,1.0,7.3840771654136,1
Rajasthan,Baran,08,089,1994,1,1981837.4145729,617,800000,1.0,7.6772792647922,1
Rajasthan,Baran,08,089,1995,1,762936.8925746998,600,2000000,1.0,7.1835186118101,1
Rajasthan,Baran,08,089,1996,1,328726.91805633,63,20000,1.0,6.8390545628091,1
Rajasthan,Baran,08,089,2007,1,398939.17397885,225,63000,1.0,6.7148500364169,1
Rajasthan,Baran,08,089,2019,2,416962.05618951004,0,49500,1.5,6.45343107138,1
Rajasthan,Baran,08,089,2020,1,613621.1193165,13,60,1.5,6.8090895976067,1
Rajasthan,Barmer,08,090,1990,1,1100663.2969222,425,63517,1.0,7.3840771654136,1
Rajasthan,Barmer,08,090,1992,1,752428.65689717,90,8000,1.0,7.4675299347014,1
Rajasthan,Barmer,08,090,1994,1,1981837.4145729,617,800000,1.0,7.6772792647922,1
Rajasthan,Barmer,08,090,1995,1,762936.8925746998,600,2000000,1.0,7.1835186118101,1
Rajasthan,Barmer,08,090,1996,1,328726.91805633,63,20000,1.0,6.8390545628091,1
Rajasthan,Barmer,08,090,1997,1,183142.55210795,273,20000,1.0,7.0823331973675,1
Rajasthan,Barmer,08,090,2005,1,73780.968433029,202,500000,2.0,6.4242468521509,1
Rajasthan,Barmer,08,090,2006,1,170055.88511038,24,8400,1.0,5.8326516574511,1
Rajasthan,Barmer,08,090,2007,1,398939.17397885,225,63000,1.0,6.7148500364169,1
Rajasthan,Barmer,08,090,2019,1,180233.94915715,0,4500,1.5,6.4319278578127,1
Rajasthan,Barmer,08,090,2023,1,184454.0,12,150000,2.0,6.2658880776116,1
Rajasthan,Bharatpur,08,091,1988,2,1474609.7146377899,1109,502000,2.0,7.7855937662664,1
Rajasthan,Bharatpur,08,091,1989,1,204979.38347471,7,0,1.0,6.2148001695432,1
Rajasthan,Bharatpur,08,091,1990,2,1385589.90363544,442,63517,1.0,7.3840771654136,1
Rajasthan,Bharatpur,08,091,1991,1,547679.02054319,88,0,1.0,6.9146173641677,1
Rajasthan,Bharatpur,08,091,1992,1,518125.27779756,40,2000,1.0,7.2459136977876,1
Rajasthan,Bharatpur,08,091,1994,2,2273968.0590573,670,803000,1.0,7.6772792647922,1
Rajasthan,Bharatpur,08,091,1995,1,762936.8925746998,600,2000000,1.0,7.1835186118101,1
Rajasthan,Bharatpur,08,091,1996,1,328726.91805633,63,20000,1.0,6.8390545628091,1
Rajasthan,Bharatpur,08,091,2000,1,223178.00999326,578,0,1.0,6.5791003221767,1
Rajasthan,Bharatpur,08,091,2005,1,308728.71607899,23,0,1.0,6.7906070224724,1
Rajasthan,Bharatpur,08,091,2007,2,708753.1462248199,1034,3015000,1.5,7.8036502762015,1
Rajasthan,Bharatpur,08,091,2014,1,107474.38802987,31,4000,1.5,6.6697942378336,1
Rajasthan,Bharatpur,08,091,2017,1,421575.24392831,253,422106,2.0,7.1563540170148,1
Rajasthan,Bharatpur,08,091,2020,2,907430.84583495,15,60,1.5,6.8090895976067,1
Rajasthan,Bhilwara,08,092,1990,1,1100663.2969222,425,63517,1.0,7.3840771654136,1
Rajasthan,Bhilwara,08,092,1994,1,1981837.4145729,617,800000,1.0,7.6772792647922,1
Rajasthan,Bhilwara,08,092,1995,1,762936.8925746998,600,2000000,1.0,7.1835186118101,1
Rajasthan,Bhilwara,08,092,1996,1,328726.91805633,63,20000,1.0,6.8390545628091,1
Rajasthan,Bhilwara,08,092,2007,1,398939.17397885,225,63000,1.0,6.7148500364169,1
Rajasthan,Bhilwara,08,092,2016,1,377732.8783474799,20,0,1.5,6.2303973017891,1
Rajasthan,Bhilwara,08,092,2019,2,416962.05618951004,0,49500,1.5,6.45343107138,1
Rajasthan,Bhilwara,08,092,2020,1,613621.1193165,13,60,1.5,6.8090895976067,1
Rajasthan,Bikaner,08,093,1988,1,268528.55259964,731,1250000,2.0,6.9852929717235,1
Rajasthan,Bikaner,08,093,1990,1,1100663.2969222,425,63517,1.0,7.3840771654136,1
Rajasthan,Bikaner,08,093,1994,1,1981837.4145729,617,800000,1.0,7.6772792647922,1
Rajasthan,Bikaner,08,093,1995,1,762936.8925746998,600,2000000,1.0,7.1835186118101,1
Rajasthan,Bikaner,08,093,1996,1,328726.91805633,63,20000,1.0,6.8390545628091,1
Rajasthan,Bikaner,08,093,2010,1,147437.2291135,98,523000,1.0,6.2099998454591,1
Rajasthan,Bikaner,08,093,2019,1,180233.94915715,0,4500,1.5,6.4319278578127,1
Rajasthan,Bundi,08,094,1990,1,1100663.2969222,425,63517,1.0,7.3840771654136,1
Rajasthan,Bundi,08,094,1994,1,1981837.4145729,617,800000,1.0,7.6772792647922,1
Rajasthan,Bundi,08,094,1995,1,762936.8925746998,600,2000000,1.0,7.1835186118101,1
Rajasthan,Bundi,08,094,1996,1,328726.91805633,63,20000,1.0,6.8390545628091,1
Rajasthan,Bundi,08,094,2007,1,398939.17397885,225,63000,1.0,6.7148500364169,1
Rajasthan,Bundi,08,094,2019,2,416962.05618951004,0,49500,1.5,6.45343107138,1
Rajasthan,Bundi,08,094,2020,1,613621.1193165,13,60,1.5,6.8090895976067,1
Rajasthan,Chittorgarh,08,095,1990,1,1100663.2969222,425,63517,1.0,7.3840771654136,1
Rajasthan,Chittorgarh,08,095,1994,1,1981837.4145729,617,800000,1.0,7.6772792647922,1
Rajasthan,Chittorgarh,08,095,1995,1,762936.8925746998,600,2000000,1.0,7.1835186118101,1
Rajasthan,Chittorgarh,08,095,1996,1,328726.91805633,63,20000,1.0,6.8390545628091,1
Rajasthan,Chittorgarh,08,095,2007,1,398939.17397885,225,63000,1.0,6.7148500364169,1
Rajasthan,Chittorgarh,08,095,2016,1,377732.8783474799,20,0,1.5,6.2303973017891,1
Rajasthan,Chittorgarh,08,095,2019,2,416962.05618951004,0,49500,1.5,6.45343107138,1
Rajasthan,Chittorgarh,08,095,2020,1,613621.1193165,13,60,1.5,6.8090895976067,1
Rajasthan,Churu,08,096,1988,1,268528.55259964,731,1250000,2.0,6.9852929717235,1
Rajasthan,Churu,08,096,1990,1,1100663.2969222,425,63517,1.0,7.3840771654136,1
Rajasthan,Churu,08,096,1994,1,1981837.4145729,617,800000,1.0,7.6772792647922,1
Rajasthan,Churu,08,096,1995,1,762936.8925746998,600,2000000,1.0,7.1835186118101,1
Rajasthan,Churu,08,096,1996,1,328726.91805633,63,20000,1.0,6.8390545628091,1
Rajasthan,Churu,08,096,2010,1,147437.2291135,98,523000,1.0,6.2099998454591,1
Rajasthan,Churu,08,096,2020,1,613621.1193165,13,60,1.5,6.8090895976067,1
Rajasthan,Dausa,08,097,1988,2,1474609.7146377899,1109,502000,2.0,7.7855937662664,1
Rajasthan,Dausa,08,097,1990,1,1100663.2969222,425,63517,1.0,7.3840771654136,1
Rajasthan,Dausa,08,097,1994,1,1981837.4145729,617,800000,1.0,7.6772792647922,1
Rajasthan,Dausa,08,097,1995,1,762936.8925746998,600,2000000,1.0,7.1835186118101,1
Rajasthan,Dausa,08,097,1996,1,328726.91805633,63,20000,1.0,6.8390545628091,1
Rajasthan,Dausa,08,097,2017,1,421575.24392831,253,422106,2.0,7.1563540170148,1
Rajasthan,Dausa,08,097,2019,1,236728.10703236,0,45000,1.5,6.45343107138,1
Rajasthan,Dausa,08,097,2020,1,613621.1193165,13,60,1.5,6.8090895976067,1
Rajasthan,Dholpur,08,098,1988,2,1474609.7146377899,1109,502000,2.0,7.7855937662664,1
Rajasthan,Dholpur,08,098,1989,1,204979.38347471,7,0,1.0,6.2148001695432,1
Rajasthan,Dholpur,08,098,1990,2,1385589.90363544,442,63517,1.0,7.3840771654136,1
Rajasthan,Dholpur,08,098,1991,1,547679.02054319,88,0,1.0,6.9146173641677,1
Rajasthan,Dholpur,08,098,1992,1,518125.27779756,40,2000,1.0,7.2459136977876,1
Rajasthan,Dholpur,08,098,1994,2,2273968.0590573,670,803000,1.0,7.6772792647922,1
Rajasthan,Dholpur,08,098,1995,1,762936.8925746998,600,2000000,1.0,7.1835186118101,1
Rajasthan,Dholpur,08,098,1996,1,328726.91805633,63,20000,1.0,6.8390545628091,1
Rajasthan,Dholpur,08,098,2000,1,223178.00999326,578,0,1.0,6.5791003221767,1
Rajasthan,Dholpur,08,098,2005,1,308728.71607899,23,0,1.0,6.7906070224724,1
Rajasthan,Dholpur,08,098,2007,1,517303.19979819,958,3000000,1.5,7.8036502762015,1
Rajasthan,Dholpur,08,098,2014,1,107474.38802987,31,4000,1.5,6.6697942378336,1
Rajasthan,Dholpur,08,098,2017,1,421575.24392831,253,422106,2.0,7.1563540170148,1
Rajasthan,Dholpur,08,098,2019,1,236728.10703236,0,45000,1.5,6.45343107138,1
Rajasthan,Dholpur,08,098,2020,2,907430.84583495,15,60,1.5,6.8090895976067,1
Rajasthan,Dungarpur,08,099,1990,2,1286824.89803606,475,63517,1.0,7.3840771654136,1
Rajasthan,Dungarpur,08,099,1992,1,752428.65689717,90,8000,1.0,7.4675299347014,1
Rajasthan,Dungarpur,08,099,1994,1,1981837.4145729,617,800000,1.0,7.6772792647922,1
Rajasthan,Dungarpur,08,099,1995,1,762936.8925746998,600,2000000,1.0,7.1835186118101,1
Rajasthan,Dungarpur,08,099,1996,1,328726.91805633,63,20000,1.0,6.8390545628091,1
Rajasthan,Dungarpur,08,099,1997,1,183142.55210795,273,20000,1.0,7.0823331973675,1
Rajasthan,Dungarpur,08,099,2006,2,564066.6249895501,65,8400,1.0,6.2944780642496,1
Rajasthan,Dungarpur,08,099,2007,1,398939.17397885,225,63000,1.0,6.7148500364169,1
Rajasthan,Dungarpur,08,099,2016,1,377732.8783474799,20,0,1.5,6.2303973017891,1
Rajasthan,Dungarpur,08,099,2019,1,180233.94915715,0,4500,1.5,6.4319278578127,1
Rajasthan,Dungarpur,08,099,2020,1,613621.1193165,13,60,1.5,6.8090895976067,1
Rajasthan,Dungarpur,08,099,2021,1,331180.36847927,23,200000,1.5,6.5992458310632,1
Rajasthan,Dungarpur,08,099,2023,1,184454.0,12,150000,2.0,6.2658880776116,1
Rajasthan,Ganganagar,08,100,1988,2,1116265.80873124,964,1750000,2.0,7.7855937662664,1
Rajasthan,Ganganagar,08,100,1990,1,1100663.2969222,425,63517,1.0,7.3840771654136,1
Rajasthan,Ganganagar,08,100,1994,1,1981837.4145729,617,800000,1.0,7.6772792647922,1
Rajasthan,Ganganagar,08,100,1995,1,762936.8925746998,600,2000000,1.0,7.1835186118101,1
Rajasthan,Ganganagar,08,100,1996,1,328726.91805633,63,20000,1.0,6.8390545628091,1
Rajasthan,Ganganagar,08,100,2007,1,191449.94642663,76,15000,1.0,6.0602064995389,1
Rajasthan,Ganganagar,08,100,2010,1,147437.2291135,98,523000,1.0,6.2099998454591,1
Rajasthan,Hanumangarh,08,101,1988,2,1116265.80873124,964,1750000,2.0,7.7855937662664,1
Rajasthan,Hanumangarh,08,101,1990,1,1100663.2969222,425,63517,1.0,7.3840771654136,1
Rajasthan,Hanumangarh,08,101,1991,1,547679.02054319,88,0,1.0,6.9146173641677,1
Rajasthan,Hanumangarh,08,101,1994,1,1981837.4145729,617,800000,1.0,7.6772792647922,1
Rajasthan,Hanumangarh,08,101,1995,1,762936.8925746998,600,2000000,1.0,7.1835186118101,1
Rajasthan,Hanumangarh,08,101,1996,1,328726.91805633,63,20000,1.0,6.8390545628091,1
Rajasthan,Hanumangarh,08,101,2007,1,191449.94642663,76,15000,1.0,6.0602064995389,1
Rajasthan,Hanumangarh,08,101,2010,1,147437.2291135,98,523000,1.0,6.2099998454591,1
Rajasthan,Jaipur,08,102,1990,1,1100663.2969222,425,63517,1.0,7.3840771654136,1
Rajasthan,Jaipur,08,102,1994,1,1981837.4145729,617,800000,1.0,7.6772792647922,1
Rajasthan,Jaipur,08,102,1995,1,762936.8925746998,600,2000000,1.0,7.1835186118101,1
Rajasthan,Jaipur,08,102,1996,1,328726.91805633,63,20000,1.0,6.8390545628091,1
Rajasthan,Jaipur,08,102,2017,1,421575.24392831,253,422106,2.0,7.1563540170148,1
Rajasthan,Jaipur,08,102,2019,2,416962.05618951004,0,49500,1.5,6.45343107138,1
Rajasthan,Jaipur,08,102,2020,1,613621.1193165,13,60,1.5,6.8090895976067,1
Rajasthan,Jaisalmer,08,103,1990,1,1100663.2969222,425,63517,1.0,7.3840771654136,1
Rajasthan,Jaisalmer,08,103,1994,1,1981837.4145729,617,800000,1.0,7.6772792647922,1
Rajasthan,Jaisalmer,08,103,1995,1,762936.8925746998,600,2000000,1.0,7.1835186118101,1
Rajasthan,Jaisalmer,08,103,1996,1,328726.91805633,63,20000,1.0,6.8390545628091,1
Rajasthan,Jaisalmer,08,103,2007,1,398939.17397885,225,63000,1.0,6.7148500364169,1
Rajasthan,Jaisalmer,08,103,2019,1,180233.94915715,0,4500,1.5,6.4319278578127,1
Rajasthan,Jalore,08,104,1990,2,1286824.89803606,475,63517,1.0,7.3840771654136,1
Rajasthan,Jalore,08,104,1992,1,752428.65689717,90,8000,1.0,7.4675299347014,1
Rajasthan,Jalore,08,104,1994,1,1981837.4145729,617,800000,1.0,7.6772792647922,1
Rajasthan,Jalore,08,104,1995,1,762936.8925746998,600,2000000,1.0,7.1835186118101,1
Rajasthan,Jalore,08,104,1996,1,328726.91805633,63,20000,1.0,6.8390545628091,1
Rajasthan,Jalore,08,104,1997,1,183142.55210795,273,20000,1.0,7.0823331973675,1
Rajasthan,Jalore,08,104,2005,1,73780.968433029,202,500000,2.0,6.4242468521509,1
Rajasthan,Jalore,08,104,2006,2,564066.6249895501,65,8400,1.0,6.2944780642496,1
Rajasthan,Jalore,08,104,2007,1,398939.17397885,225,63000,1.0,6.7148500364169,1
Rajasthan,Jalore,08,104,2016,1,377732.8783474799,20,0,1.5,6.2303973017891,1
Rajasthan,Jalore,08,104,2019,1,180233.94915715,0,4500,1.5,6.4319278578127,1
Rajasthan,Jalore,08,104,2020,1,613621.1193165,13,60,1.5,6.8090895976067,1
Rajasthan,Jalore,08,104,2023,1,184454.0,12,150000,2.0,6.2658880776116,1
Rajasthan,Jhalawar,08,105,1990,1,1100663.2969222,425,63517,1.0,7.3840771654136,1
Rajasthan,Jhalawar,08,105,1994,1,1981837.4145729,617,800000,1.0,7.6772792647922,1
Rajasthan,Jhalawar,08,105,1995,1,762936.8925746998,600,2000000,1.0,7.1835186118101,1
Rajasthan,Jhalawar,08,105,1996,1,328726.91805633,63,20000,1.0,6.8390545628091,1
Rajasthan,Jhalawar,08,105,2007,1,398939.17397885,225,63000,1.0,6.7148500364169,1
Rajasthan,Jhalawar,08,105,2016,1,377732.8783474799,20,0,1.5,6.2303973017891,1
Rajasthan,Jhalawar,08,105,2019,2,416962.05618951004,0,49500,1.5,6.45343107138,1
Rajasthan,Jhalawar,08,105,2020,1,613621.1193165,13,60,1.5,6.8090895976067,1
Rajasthan,Jhunjhunu,08,106,1990,1,1100663.2969222,425,63517,1.0,7.3840771654136,1
Rajasthan,Jhunjhunu,08,106,1994,1,1981837.4145729,617,800000,1.0,7.6772792647922,1
Rajasthan,Jhunjhunu,08,106,1995,1,762936.8925746998,600,2000000,1.0,7.1835186118101,1
Rajasthan,Jhunjhunu,08,106,1996,1,328726.91805633,63,20000,1.0,6.8390545628091,1
Rajasthan,Jhunjhunu,08,106,2010,1,147437.2291135,98,523000,1.0,6.2099998454591,1
Rajasthan,Jhunjhunu,08,106,2020,1,613621.1193165,13,60,1.5,6.8090895976067,1
Rajasthan,Jodhpur,08,107,1990,1,1100663.2969222,425,63517,1.0,7.3840771654136,1
Rajasthan,Jodhpur,08,107,1994,1,1981837.4145729,617,800000,1.0,7.6772792647922,1
Rajasthan,Jodhpur,08,107,1995,1,762936.8925746998,600,2000000,1.0,7.1835186118101,1
Rajasthan,Jodhpur,08,107,1996,1,328726.91805633,63,20000,1.0,6.8390545628091,1
Rajasthan,Jodhpur,08,107,2007,1,398939.17397885,225,63000,1.0,6.7148500364169,1
Rajasthan,Jodhpur,08,107,2019,1,180233.94915715,0,4500,1.5,6.4319278578127,1
Rajasthan,Jodhpur,08,107,2020,1,613621.1193165,13,60,1.5,6.8090895976067,1
Rajasthan,Karauli,08,108,1988,2,1474609.7146377899,1109,502000,2.0,7.7855937662664,1
Rajasthan,Karauli,08,108,1990,1,1100663.2969222,425,63517,1.0,7.3840771654136,1
Rajasthan,Karauli,08,108,1994,1,1981837.4145729,617,800000,1.0,7.6772792647922,1
Rajasthan,Karauli,08,108,1995,1,762936.8925746998,600,2000000,1.0,7.1835186118101,1
Rajasthan,Karauli,08,108,1996,1,328726.91805633,63,20000,1.0,6.8390545628091,1
Rajasthan,Karauli,08,108,2007,1,517303.19979819,958,3000000,1.5,7.8036502762015,1
Rajasthan,Karauli,08,108,2017,1,421575.24392831,253,422106,2.0,7.1563540170148,1
Rajasthan,Karauli,08,108,2019,1,236728.10703236,0,45000,1.5,6.45343107138,1
Rajasthan,Karauli,08,108,2020,1,613621.1193165,13,60,1.5,6.8090895976067,1
Rajasthan,Kota,08,109,1990,1,1100663.2969222,425,63517,1.0,7.3840771654136,1
Rajasthan,Kota,08,109,1994,1,1981837.4145729,617,800000,1.0,7.6772792647922,1
Rajasthan,Kota,08,109,1995,1,762936.8925746998,600,2000000,1.0,7.1835186118101,1
Rajasthan,Kota,08,109,1996,1,328726.91805633,63,20000,1.0,6.8390545628091,1
Rajasthan,Kota,08,109,2007,1,398939.17397885,225,63000,1.0,6.7148500364169,1
Rajasthan,Kota,08,109,2019,2,416962.05618951004,0,49500,1.5,6.45343107138,1
Rajasthan,Kota,08,109,2020,1,613621.1193165,13,60,1.5,6.8090895976067,1
Rajasthan,Nagaur,08,110,1990,1,1100663.2969222,425,63517,1.0,7.3840771654136,1
Rajasthan,Nagaur,08,110,1994,1,1981837.4145729,617,800000,1.0,7.6772792647922,1
Rajasthan,Nagaur,08,110,1995,1,762936.8925746998,600,2000000,1.0,7.1835186118101,1
Rajasthan,Nagaur,08,110,1996,1,328726.91805633,63,20000,1.0,6.8390545628091,1
Rajasthan,Nagaur,08,110,2019,1,180233.94915715,0,4500,1.5,6.4319278578127,1
Rajasthan,Nagaur,08,110,2020,1,613621.1193165,13,60,1.5,6.8090895976067,1
Rajasthan,Pali,08,111,1990,1,1100663.2969222,425,63517,1.0,7.3840771654136,1
Rajasthan,Pali,08,111,1994,1,1981837.4145729,617,800000,1.0,7.6772792647922,1
Rajasthan,Pali,08,111,1995,1,762936.8925746998,600,2000000,1.0,7.1835186118101,1
Rajasthan,Pali,08,111,1996,1,328726.91805633,63,20000,1.0,6.8390545628091,1
Rajasthan,Pali,08,111,2007,1,398939.17397885,225,63000,1.0,6.7148500364169,1
Rajasthan,Pali,08,111,2016,1,377732.8783474799,20,0,1.5,6.2303973017891,1
Rajasthan,Pali,08,111,2019,1,180233.94915715,0,4500,1.5,6.4319278578127,1
Rajasthan,Pali,08,111,2020,1,613621.1193165,13,60,1.5,6.8090895976067,1
Rajasthan,Pratapgarh,08,629,1990,1,1100663.2969222,425,63517,1.0,7.3840771654136,1
Rajasthan,Pratapgarh,08,629,1994,1,1981837.4145729,617,800000,1.0,7.6772792647922,1
Rajasthan,Pratapgarh,08,629,1995,1,762936.8925746998,600,2000000,1.0,7.1835186118101,1
Rajasthan,Pratapgarh,08,629,1996,1,328726.91805633,63,20000,1.0,6.8390545628091,1
Rajasthan,Pratapgarh,08,629,2007,1,398939.17397885,225,63000,1.0,6.7148500364169,1
Rajasthan,Pratapgarh,08,629,2016,1,377732.8783474799,20,0,1.5,6.2303973017891,1
Rajasthan,Pratapgarh,08,629,2019,2,416962.05618951004,0,49500,1.5,6.45343107138,1
Rajasthan,Pratapgarh,08,629,2020,1,613621.1193165,13,60,1.5,6.8090895976067,1
Rajasthan,Rajsamand,08,112,1990,1,1100663.2969222,425,63517,1.0,7.3840771654136,1
Rajasthan,Rajsamand,08,112,1994,1,1981837.4145729,617,800000,1.0,7.6772792647922,1
Rajasthan,Rajsamand,08,112,1995,1,762936.8925746998,600,2000000,1.0,7.1835186118101,1
Rajasthan,Rajsamand,08,112,1996,1,328726.91805633,63,20000,1.0,6.8390545628091,1
Rajasthan,Rajsamand,08,112,2007,1,398939.17397885,225,63000,1.0,6.7148500364169,1
Rajasthan,Rajsamand,08,112,2016,1,377732.8783474799,20,0,1.5,6.2303973017891,1
Rajasthan,Rajsamand,08,112,2019,1,180233.94915715,0,4500,1.5,6.4319278578127,1
Rajasthan,Rajsamand,08,112,2020,1,613621.1193165,13,60,1.5,6.8090895976067,1
Rajasthan,Sawai Madhopur,08,113,1990,1,1100663.2969222,425,63517,1.0,7.3840771654136,1
Rajasthan,Sawai Madhopur,08,113,1994,1,1981837.4145729,617,800000,1.0,7.6772792647922,1
Rajasthan,Sawai Madhopur,08,113,1995,1,762936.8925746998,600,2000000,1.0,7.1835186118101,1
Rajasthan,Sawai Madhopur,08,113,1996,1,328726.91805633,63,20000,1.0,6.8390545628091,1
Rajasthan,Sawai Madhopur,08,113,2019,2,416962.05618951004,0,49500,1.5,6.45343107138,1
Rajasthan,Sawai Madhopur,08,113,2020,1,613621.1193165,13,60,1.5,6.8090895976067,1
Rajasthan,Sikar,08,114,1990,1,1100663.2969222,425,63517,1.0,7.3840771654136,1
Rajasthan,Sikar,08,114,1994,1,1981837.4145729,617,800000,1.0,7.6772792647922,1
Rajasthan,Sikar,08,114,1995,1,762936.8925746998,600,2000000,1.0,7.1835186118101,1
Rajasthan,Sikar,08,114,1996,1,328726.91805633,63,20000,1.0,6.8390545628091,1
Rajasthan,Sikar,08,114,2010,1,147437.2291135,98,523000,1.0,6.2099998454591,1
Rajasthan,Sikar,08,114,2020,1,613621.1193165,13,60,1.5,6.8090895976067,1
Rajasthan,Sirohi,08,115,1990,2,1286824.89803606,475,63517,1.0,7.3840771654136,1
Rajasthan,Sirohi,08,115,1992,1,752428.65689717,90,8000,1.0,7.4675299347014,1
Rajasthan,Sirohi,08,115,1994,1,1981837.4145729,617,800000,1.0,7.6772792647922,1
Rajasthan,Sirohi,08,115,1995,1,762936.8925746998,600,2000000,1.0,7.1835186118101,1
Rajasthan,Sirohi,08,115,1996,1,328726.91805633,63,20000,1.0,6.8390545628091,1
Rajasthan,Sirohi,08,115,1997,1,183142.55210795,273,20000,1.0,7.0823331973675,1
Rajasthan,Sirohi,08,115,2006,2,564066.6249895501,65,8400,1.0,6.2944780642496,1
Rajasthan,Sirohi,08,115,2007,2,532744.87165059,237,63000,1.0,6.7148500364169,1
Rajasthan,Sirohi,08,115,2016,1,377732.8783474799,20,0,1.5,6.2303973017891,1
Rajasthan,Sirohi,08,115,2019,1,180233.94915715,0,4500,1.5,6.4319278578127,1
Rajasthan,Sirohi,08,115,2020,1,613621.1193165,13,60,1.5,6.8090895976067,1
Rajasthan,Sirohi,08,115,2023,1,184454.0,12,150000,2.0,6.2658880776116,1
Rajasthan,Tonk,08,116,1990,1,1100663.2969222,425,63517,1.0,7.3840771654136,1
Rajasthan,Tonk,08,116,1994,1,1981837.4145729,617,800000,1.0,7.6772792647922,1
Rajasthan,Tonk,08,116,1995,1,762936.8925746998,600,2000000,1.0,7.1835186118101,1
Rajasthan,Tonk,08,116,1996,1,328726.91805633,63,20000,1.0,6.8390545628091,1
Rajasthan,Tonk,08,116,2019,2,416962.05618951004,0,49500,1.5,6.45343107138,1
Rajasthan,Tonk,08,116,2020,1,613621.1193165,13,60,1.5,6.8090895976067,1
Rajasthan,Udaipur,08,117,1990,2,1286824.89803606,475,63517,1.0,7.3840771654136,1
Rajasthan,Udaipur,08,117,1992,1,752428.65689717,90,8000,1.0,7.4675299347014,1
Rajasthan,Udaipur,08,117,1994,1,1981837.4145729,617,800000,1.0,7.6772792647922,1
Rajasthan,Udaipur,08,117,1995,1,762936.8925746998,600,2000000,1.0,7.1835186118101,1
Rajasthan,Udaipur,08,117,1996,1,328726.91805633,63,20000,1.0,6.8390545628091,1
Rajasthan,Udaipur,08,117,1997,1,183142.55210795,273,20000,1.0,7.0823331973675,1
Rajasthan,Udaipur,08,117,2006,2,564066.6249895501,65,8400,1.0,6.2944780642496,1
Rajasthan,Udaipur,08,117,2007,1,398939.17397885,225,63000,1.0,6.7148500364169,1
Rajasthan,Udaipur,08,117,2016,1,377732.8783474799,20,0,1.5,6.2303973017891,1
Rajasthan,Udaipur,08,117,2019,1,180233.94915715,0,4500,1.5,6.4319278578127,1
Rajasthan,Udaipur,08,117,2020,1,613621.1193165,13,60,1.5,6.8090895976067,1
Rajasthan,Udaipur,08,117,2021,1,331180.36847927,23,200000,1.5,6.5992458310632,1
Rajasthan,Udaipur,08,117,2023,1,184454.0,12,150000,2.0,6.2658880776116,1
Sikkim,Gangtok,11,225,1995,1,6520.5689063739,35,0,1.0,4.4163454800231,1
Sikkim,Gangtok,11,225,1996,1,128966.82889056,82,3000000,1.0,6.2865692803449,1
Sikkim,Gangtok,11,225,2008,2,710337.68784979,492,295000,2.0,7.0550817943772,1
Sikkim,Gangtok,11,225,2022,1,124500.0,45,200000,2.0,6.2992893340877,1
Sikkim,Gangtok,11,225,2023,2,141038.0,92,14611,1.5,6.2091529515939,1
Sikkim,Gyalshing,11,228,1988,1,847737.2561316,233,500000,2.0,7.7855937662664,1
Sikkim,Gyalshing,11,228,1995,1,6520.5689063739,35,0,1.0,4.4163454800231,1
Sikkim,Gyalshing,11,228,1996,1,128966.82889056,82,3000000,1.0,6.2865692803449,1
Sikkim,Gyalshing,11,228,2008,2,710337.68784979,492,295000,2.0,7.0550817943772,1
Sikkim,Gyalshing,11,228,2010,1,192748.71204485,0,5000,1.0,5.762112739478,1
Sikkim,Gyalshing,11,228,2022,1,124500.0,45,200000,2.0,6.2992893340877,1
Sikkim,Gyalshing,11,228,2023,2,141038.0,92,14611,1.5,6.2091529515939,1
Sikkim,Mangan,11,226,1995,1,6520.5689063739,35,0,1.0,4.4163454800231,1
Sikkim,Mangan,11,226,2008,2,710337.68784979,492,295000,2.0,7.0550817943772,1
Sikkim,Mangan,11,226,2022,1,124500.0,45,200000,2.0,6.2992893340877,1
Sikkim,Mangan,11,226,2023,2,141038.0,92,14611,1.5,6.2091529515939,1
Sikkim,Namchi,11,227,1991,1,91960.64656172298,21,0,1.0,5.2646320117323,1
Sikkim,Namchi,11,227,1995,1,6520.5689063739,35,0,1.0,4.4163454800231,1
Sikkim,Namchi,11,227,1996,1,128966.82889056,82,3000000,1.0,6.2865692803449,1
Sikkim,Namchi,11,227,2008,2,710337.68784979,492,295000,2.0,7.0550817943772,1
Sikkim,Namchi,11,227,2022,1,124500.0,45,200000,2.0,6.2992893340877,1
Sikkim,Namchi,11,227,2023,2,141038.0,92,14611,1.5,6.2091529515939,1
Tamil Nadu,Ariyalur,33,610,1991,1,599564.88825453,90,85000,1.0,6.5559874421319,1
Tamil Nadu,Ariyalur,33,610,1994,1,89229.901790267,40,0,1.0,5.6494804193217,1
Tamil Nadu,Ariyalur,33,610,1997,1,384888.40479346993,6,0,1.0,6.3634860780538,1
Tamil Nadu,Ariyalur,33,610,2002,2,58299.883511135,31,300,1.0,5.1533498810304,1
Tamil Nadu,Ariyalur,33,610,2005,1,131307.99463593,279,300000,1.0,6.7995324061198,1
Tamil Nadu,Ariyalur,33,610,2007,1,76740.363072558,29,50000,1.0,5.6631750999767,1
Tamil Nadu,Ariyalur,33,610,2008,1,144329.28000305,37,10000,1.0,6.0624444321104,1
Tamil Nadu,Ariyalur,33,610,2010,1,57474.500439341,170,0,1.5,6.2972943002015,1
Tamil Nadu,Ariyalur,33,610,2012,1,126082.83119507,40,70000,2.0,6.1006559523551,1
Tamil Nadu,Ariyalur,33,610,2015,2,107381.466387511,188,400200,2.0,6.6683954867336,1
Tamil Nadu,Ariyalur,33,610,2017,1,50536.263538772,4,4000,1.5,5.8796943877262,1
Tamil Nadu,Ariyalur,33,610,2021,2,392763.0,37,23000,2.0,6.197103495333,1
Tamil Nadu,Chengalpattu,33,730,1991,1,599564.88825453,90,85000,1.0,6.5559874421319,1
Tamil Nadu,Chengalpattu,33,730,1993,1,7968.640175747,70,45000,1.0,4.9805654627316,1
Tamil Nadu,Chengalpattu,33,730,1994,1,89229.901790267,40,0,1.0,5.6494804193217,1
Tamil Nadu,Chengalpattu,33,730,1996,1,177527.01853538,326,100000,1.0,5.9482344637432,1
Tamil Nadu,Chengalpattu,33,730,1997,1,384888.40479346993,6,0,1.0,6.3634860780538,1
Tamil Nadu,Chengalpattu,33,730,2005,1,131307.99463593,279,300000,1.0,6.7995324061198,1
Tamil Nadu,Chengalpattu,33,730,2006,1,40094.927072728,47,225000,1.0,5.6030894278898,1
Tamil Nadu,Chengalpattu,33,730,2007,1,76740.363072558,29,50000,1.0,5.6631750999767,1
Tamil Nadu,Chengalpattu,33,730,2008,1,144329.28000305,37,10000,1.0,6.0624444321104,1
Tamil Nadu,Chengalpattu,33,730,2012,1,126082.83119507,40,70000,2.0,6.1006559523551,1
Tamil Nadu,Chengalpattu,33,730,2015,1,93202.053762891,180,400000,2.0,6.6683954867336,1
Tamil Nadu,Chengalpattu,33,730,2017,1,50536.263538772,4,4000,1.5,5.8796943877262,1
Tamil Nadu,Chengalpattu,33,730,2021,4,432318.0,65,54827,2.0,6.197103495333,1
Tamil Nadu,Chennai,33,568,1991,1,599564.88825453,90,85000,1.0,6.5559874421319,1
Tamil Nadu,Chennai,33,568,1993,1,7968.640175747,70,45000,1.0,4.9805654627316,1
Tamil Nadu,Chennai,33,568,1994,1,89229.901790267,40,0,1.0,5.6494804193217,1
Tamil Nadu,Chennai,33,568,1996,1,177527.01853538,326,100000,1.0,5.9482344637432,1
Tamil Nadu,Chennai,33,568,1997,1,384888.40479346993,6,0,1.0,6.3634860780538,1
Tamil Nadu,Chennai,33,568,2005,2,750505.81610725,405,400000,1.0,7.1897694283678,1
Tamil Nadu,Chennai,33,568,2006,1,40094.927072728,47,225000,1.0,5.6030894278898,1
Tamil Nadu,Chennai,33,568,2007,1,76740.363072558,29,50000,1.0,5.6631750999767,1
Tamil Nadu,Chennai,33,568,2012,1,126082.83119507,40,70000,2.0,6.1006559523551,1
Tamil Nadu,Chennai,33,568,2021,4,432318.0,65,54827,2.0,6.197103495333,1
Tamil Nadu,Coimbatore,33,569,1985,1,254234.59502901,95,25000,1.0,6.1042046512933,1
Tamil Nadu,Coimbatore,33,569,1989,1,905209.24002345,780,0,1.0,6.9567489784143,1
Tamil Nadu,Coimbatore,33,569,1990,1,13576.30928919,44,0,1.0,4.8317517276541,1
Tamil Nadu,Coimbatore,33,569,1991,2,1090926.38334009,162,385000,2.0,6.5559874421319,1
Tamil Nadu,Coimbatore,33,569,1992,1,752428.65689717,90,8000,1.0,7.4675299347014,1
Tamil Nadu,Coimbatore,33,569,1993,1,40501.36504956799,95,0,1.0,5.3064396651681,1
Tamil Nadu,Coimbatore,33,569,1994,1,1981837.4145729,617,800000,1.0,7.6772792647922,1
Tamil Nadu,Coimbatore,33,569,1997,2,617912.7700778099,106,0,1.0,6.622673838813,1
Tamil Nadu,Coimbatore,33,569,2005,1,131307.99463593,279,300000,1.0,6.7995324061198,1
Tamil Nadu,Coimbatore,33,569,2006,1,42686.917966969,32,10800,2.0,5.8855673045955,1
Tamil Nadu,Coimbatore,33,569,2007,2,474688.656668131,171,235000,1.0,6.7677001834385,1
Tamil Nadu,Coimbatore,33,569,2008,1,144329.28000305,37,10000,1.0,6.0624444321104,1
Tamil Nadu,Coimbatore,33,569,2009,1,35725.305434915,70,0,1.5,5.5072184599361,1
Tamil Nadu,Coimbatore,33,569,2011,1,20807.375389913,4,500,1.0,5.4321606547403,1
Tamil Nadu,Coimbatore,33,569,2018,1,153840.06820443,12,34000,1.5,6.4045534079872,1
Tamil Nadu,Coimbatore,33,569,2019,1,94518.754764612,0,22000,1.5,5.753669241778,1
Tamil Nadu,Coimbatore,33,569,2021,4,487920.628780212,60,29066,2.0,6.197103495333,1
Tamil Nadu,Coimbatore,33,569,2023,1,23760.0,0,7500,1.0,4.9779064276371,1
Tamil Nadu,Cuddalore,33,570,1991,1,599564.88825453,90,85000,1.0,6.5559874421319,1
Tamil Nadu,Cuddalore,33,570,1993,1,7968.640175747,70,45000,1.0,4.9805654627316,1
Tamil Nadu,Cuddalore,33,570,1994,1,89229.901790267,40,0,1.0,5.6494804193217,1
Tamil Nadu,Cuddalore,33,570,1997,1,384888.40479346993,6,0,1.0,6.3634860780538,1
Tamil Nadu,Cuddalore,33,570,2002,2,58299.883511135,31,300,1.0,5.1533498810304,1
Tamil Nadu,Cuddalore,33,570,2005,1,131307.99463593,279,300000,1.0,6.7995324061198,1
Tamil Nadu,Cuddalore,33,570,2006,1,40094.927072728,47,225000,1.0,5.6030894278898,1
Tamil Nadu,Cuddalore,33,570,2007,1,76740.363072558,29,50000,1.0,5.6631750999767,1
Tamil Nadu,Cuddalore,33,570,2008,1,144329.28000305,37,10000,1.0,6.0624444321104,1
Tamil Nadu,Cuddalore,33,570,2010,1,57474.500439341,170,0,1.5,6.2972943002015,1
Tamil Nadu,Cuddalore,33,570,2012,1,126082.83119507,40,70000,2.0,6.1006559523551,1
Tamil Nadu,Cuddalore,33,570,2015,2,107381.466387511,188,400200,2.0,6.6683954867336,1
Tamil Nadu,Cuddalore,33,570,2017,1,50536.263538772,4,4000,1.5,5.8796943877262,1
Tamil Nadu,Cuddalore,33,570,2021,2,392763.0,37,23000,2.0,6.197103495333,1
Tamil Nadu,Dharmapuri,33,571,1989,1,905209.24002345,780,0,1.0,6.9567489784143,1
Tamil Nadu,Dharmapuri,33,571,1991,1,599564.88825453,90,85000,1.0,6.5559874421319,1
Tamil Nadu,Dharmapuri,33,571,1992,1,752428.65689717,90,8000,1.0,7.4675299347014,1
Tamil Nadu,Dharmapuri,33,571,1993,1,40501.36504956799,95,0,1.0,5.3064396651681,1
Tamil Nadu,Dharmapuri,33,571,1994,1,89229.901790267,40,0,1.0,5.6494804193217,1
Tamil Nadu,Dharmapuri,33,571,1997,2,617912.7700778099,106,0,1.0,6.622673838813,1
Tamil Nadu,Dharmapuri,33,571,2005,2,750505.81610725,405,400000,1.0,7.1897694283678,1
Tamil Nadu,Dharmapuri,33,571,2007,1,450564.3552535,127,200000,1.0,6.7677001834385,1
Tamil Nadu,Dharmapuri,33,571,2008,1,144329.28000305,37,10000,1.0,6.0624444321104,1
Tamil Nadu,Dharmapuri,33,571,2009,1,35725.305434915,70,0,1.5,5.5072184599361,1
Tamil Nadu,Dharmapuri,33,571,2012,1,126082.83119507,40,70000,2.0,6.1006559523551,1
Tamil Nadu,Dharmapuri,33,571,2015,1,93202.053762891,180,400000,2.0,6.6683954867336,1
Tamil Nadu,Dharmapuri,33,571,2021,2,392763.0,37,23000,2.0,6.197103495333,1
Tamil Nadu,Dindigul,33,572,1985,1,254234.59502901,95,25000,1.0,6.1042046512933,1
Tamil Nadu,Dindigul,33,572,1991,1,599564.88825453,90,85000,1.0,6.5559874421319,1
Tamil Nadu,Dindigul,33,572,1992,1,752428.65689717,90,8000,1.0,7.4675299347014,1
Tamil Nadu,Dindigul,33,572,1993,1,40501.36504956799,95,0,1.0,5.3064396651681,1
Tamil Nadu,Dindigul,33,572,1994,1,89229.901790267,40,0,1.0,5.6494804193217,1
Tamil Nadu,Dindigul,33,572,1997,1,384888.40479346993,6,0,1.0,6.3634860780538,1
Tamil Nadu,Dindigul,33,572,2002,2,58299.883511135,31,300,1.0,5.1533498810304,1
Tamil Nadu,Dindigul,33,572,2005,1,131307.99463593,279,300000,1.0,6.7995324061198,1
Tamil Nadu,Dindigul,33,572,2008,1,144329.28000305,37,10000,1.0,6.0624444321104,1
Tamil Nadu,Dindigul,33,572,2009,1,35725.305434915,70,0,1.5,5.5072184599361,1
Tamil Nadu,Dindigul,33,572,2010,1,57474.500439341,170,0,1.5,6.2972943002015,1
Tamil Nadu,Dindigul,33,572,2012,1,126082.83119507,40,70000,2.0,6.1006559523551,1
Tamil Nadu,Dindigul,33,572,2015,1,93202.053762891,180,400000,2.0,6.6683954867336,1
Tamil Nadu,Dindigul,33,572,2017,1,50536.263538772,4,4000,1.5,5.8796943877262,1
Tamil Nadu,Dindigul,33,572,2019,1,94518.754764612,0,22000,1.5,5.753669241778,1
Tamil Nadu,Dindigul,33,572,2021,4,487920.628780212,60,29066,2.0,6.197103495333,1
Tamil Nadu,Dindigul,33,572,2023,1,23760.0,0,7500,1.0,4.9779064276371,1
Tamil Nadu,Erode,33,573,1989,1,905209.24002345,780,0,1.0,6.9567489784143,1
Tamil Nadu,Erode,33,573,1990,1,13576.30928919,44,0,1.0,4.8317517276541,1
Tamil Nadu,Erode,33,573,1991,1,599564.88825453,90,85000,1.0,6.5559874421319,1
Tamil Nadu,Erode,33,573,1992,1,752428.65689717,90,8000,1.0,7.4675299347014,1
Tamil Nadu,Erode,33,573,1993,1,40501.36504956799,95,0,1.0,5.3064396651681,1
Tamil Nadu,Erode,33,573,1994,1,89229.901790267,40,0,1.0,5.6494804193217,1
Tamil Nadu,Erode,33,573,1997,2,617912.7700778099,106,0,1.0,6.622673838813,1
Tamil Nadu,Erode,33,573,2005,2,750505.81610725,405,400000,1.0,7.1897694283678,1
Tamil Nadu,Erode,33,573,2007,1,450564.3552535,127,200000,1.0,6.7677001834385,1
Tamil Nadu,Erode,33,573,2008,1,144329.28000305,37,10000,1.0,6.0624444321104,1
Tamil Nadu,Erode,33,573,2009,1,35725.305434915,70,0,1.5,5.5072184599361,1
Tamil Nadu,Erode,33,573,2011,1,20807.375389913,4,500,1.0,5.4321606547403,1
Tamil Nadu,Erode,33,573,2012,1,126082.83119507,40,70000,2.0,6.1006559523551,1
Tamil Nadu,Erode,33,573,2018,1,153840.06820443,12,34000,1.5,6.4045534079872,1
Tamil Nadu,Erode,33,573,2019,1,94518.754764612,0,22000,1.5,5.753669241778,1
Tamil Nadu,Erode,33,573,2021,2,392763.0,37,23000,2.0,6.197103495333,1
Tamil Nadu,Kallakurichi,33,729,1991,1,599564.88825453,90,85000,1.0,6.5559874421319,1
Tamil Nadu,Kallakurichi,33,729,1994,1,89229.901790267,40,0,1.0,5.6494804193217,1
Tamil Nadu,Kallakurichi,33,729,1997,1,384888.40479346993,6,0,1.0,6.3634860780538,1
Tamil Nadu,Kallakurichi,33,729,2005,1,131307.99463593,279,300000,1.0,6.7995324061198,1
Tamil Nadu,Kallakurichi,33,729,2007,1,76740.363072558,29,50000,1.0,5.6631750999767,1
Tamil Nadu,Kallakurichi,33,729,2008,1,144329.28000305,37,10000,1.0,6.0624444321104,1
Tamil Nadu,Kallakurichi,33,729,2009,1,35725.305434915,70,0,1.5,5.5072184599361,1
Tamil Nadu,Kallakurichi,33,729,2012,1,126082.83119507,40,70000,2.0,6.1006559523551,1
Tamil Nadu,Kallakurichi,33,729,2015,1,93202.053762891,180,400000,2.0,6.6683954867336,1
Tamil Nadu,Kallakurichi,33,729,2017,1,50536.263538772,4,4000,1.5,5.8796943877262,1
Tamil Nadu,Kallakurichi,33,729,2021,2,392763.0,37,23000,2.0,6.197103495333,1
Tamil Nadu,Kanchipuram,33,574,1991,1,599564.88825453,90,85000,1.0,6.5559874421319,1
Tamil Nadu,Kanchipuram,33,574,1993,1,7968.640175747,70,45000,1.0,4.9805654627316,1
Tamil Nadu,Kanchipuram,33,574,1994,1,89229.901790267,40,0,1.0,5.6494804193217,1
Tamil Nadu,Kanchipuram,33,574,1996,1,177527.01853538,326,100000,1.0,5.9482344637432,1
Tamil Nadu,Kanchipuram,33,574,1997,1,384888.40479346993,6,0,1.0,6.3634860780538,1
Tamil Nadu,Kanchipuram,33,574,2005,1,131307.99463593,279,300000,1.0,6.7995324061198,1
Tamil Nadu,Kanchipuram,33,574,2006,1,40094.927072728,47,225000,1.0,5.6030894278898,1
Tamil Nadu,Kanchipuram,33,574,2007,1,76740.363072558,29,50000,1.0,5.6631750999767,1
Tamil Nadu,Kanchipuram,33,574,2008,1,144329.28000305,37,10000,1.0,6.0624444321104,1
Tamil Nadu,Kanchipuram,33,574,2012,1,126082.83119507,40,70000,2.0,6.1006559523551,1
Tamil Nadu,Kanchipuram,33,574,2015,1,93202.053762891,180,400000,2.0,6.6683954867336,1
Tamil Nadu,Kanchipuram,33,574,2021,4,432318.0,65,54827,2.0,6.197103495333,1
Tamil Nadu,Kanniyakumari,33,575,1985,1,254234.59502901,95,25000,1.0,6.1042046512933,1
Tamil Nadu,Kanniyakumari,33,575,1991,1,599564.88825453,90,85000,1.0,6.5559874421319,1
Tamil Nadu,Kanniyakumari,33,575,1992,1,752428.65689717,90,8000,1.0,7.4675299347014,1
Tamil Nadu,Kanniyakumari,33,575,1994,2,2071067.316363167,657,800000,1.0,7.6772792647922,1
Tamil Nadu,Kanniyakumari,33,575,1997,2,617912.7700778099,106,0,1.0,6.622673838813,1
Tamil Nadu,Kanniyakumari,33,575,2008,1,144329.28000305,37,10000,1.0,6.0624444321104,1
Tamil Nadu,Kanniyakumari,33,575,2010,1,57474.500439341,170,0,1.5,6.2972943002015,1
Tamil Nadu,Kanniyakumari,33,575,2018,1,24440.468677723,20,1000,1.5,5.1662607801946,1
Tamil Nadu,Kanniyakumari,33,575,2021,4,487920.628780212,60,29066,2.0,6.197103495333,1
Tamil Nadu,Karur,33,576,1991,1,599564.88825453,90,85000,1.0,6.5559874421319,1
Tamil Nadu,Karur,33,576,1992,1,752428.65689717,90,8000,1.0,7.4675299347014,1
Tamil Nadu,Karur,33,576,1993,1,40501.36504956799,95,0,1.0,5.3064396651681,1
Tamil Nadu,Karur,33,576,1994,1,89229.901790267,40,0,1.0,5.6494804193217,1
Tamil Nadu,Karur,33,576,1997,1,384888.40479346993,6,0,1.0,6.3634860780538,1
Tamil Nadu,Karur,33,576,2002,2,58299.883511135,31,300,1.0,5.1533498810304,1
Tamil Nadu,Karur,33,576,2005,1,131307.99463593,279,300000,1.0,6.7995324061198,1
Tamil Nadu,Karur,33,576,2008,1,144329.28000305,37,10000,1.0,6.0624444321104,1
Tamil Nadu,Karur,33,576,2009,1,35725.305434915,70,0,1.5,5.5072184599361,1
Tamil Nadu,Karur,33,576,2010,1,57474.500439341,170,0,1.5,6.2972943002015,1
Tamil Nadu,Karur,33,576,2012,1,126082.83119507,40,70000,2.0,6.1006559523551,1
Tamil Nadu,Karur,33,576,2015,1,93202.053762891,180,400000,2.0,6.6683954867336,1
Tamil Nadu,Karur,33,576,2017,1,50536.263538772,4,4000,1.5,5.8796943877262,1
Tamil Nadu,Karur,33,576,2021,2,392763.0,37,23000,2.0,6.197103495333,1
Tamil Nadu,Karur,33,576,2023,1,23760.0,0,7500,1.0,4.9779064276371,1
Tamil Nadu,Krishnagiri,33,577,1989,1,905209.24002345,780,0,1.0,6.9567489784143,1
Tamil Nadu,Krishnagiri,33,577,1991,1,599564.88825453,90,85000,1.0,6.5559874421319,1
Tamil Nadu,Krishnagiri,33,577,1992,1,752428.65689717,90,8000,1.0,7.4675299347014,1
Tamil Nadu,Krishnagiri,33,577,1994,2,2071067.316363167,657,800000,1.0,7.6772792647922,1
Tamil Nadu,Krishnagiri,33,577,1997,2,617912.7700778099,106,0,1.0,6.622673838813,1
Tamil Nadu,Krishnagiri,33,577,2005,2,750505.81610725,405,400000,1.0,7.1897694283678,1
Tamil Nadu,Krishnagiri,33,577,2007,1,450564.3552535,127,200000,1.0,6.7677001834385,1
Tamil Nadu,Krishnagiri,33,577,2008,1,144329.28000305,37,10000,1.0,6.0624444321104,1
Tamil Nadu,Krishnagiri,33,577,2009,1,35725.305434915,70,0,1.5,5.5072184599361,1
Tamil Nadu,Krishnagiri,33,577,2012,1,126082.83119507,40,70000,2.0,6.1006559523551,1
Tamil Nadu,Krishnagiri,33,577,2015,1,93202.053762891,180,400000,2.0,6.6683954867336,1
Tamil Nadu,Krishnagiri,33,577,2021,3,503611.70046552,46,54360,2.0,6.197103495333,1
Tamil Nadu,Madurai,33,578,1991,1,599564.88825453,90,85000,1.0,6.5559874421319,1
Tamil Nadu,Madurai,33,578,1992,1,752428.65689717,90,8000,1.0,7.4675299347014,1
Tamil Nadu,Madurai,33,578,1994,1,89229.901790267,40,0,1.0,5.6494804193217,1
Tamil Nadu,Madurai,33,578,1997,1,384888.40479346993,6,0,1.0,6.3634860780538,1
Tamil Nadu,Madurai,33,578,2002,2,58299.883511135,31,300,1.0,5.1533498810304,1
Tamil Nadu,Madurai,33,578,2005,1,131307.99463593,279,300000,1.0,6.7995324061198,1
Tamil Nadu,Madurai,33,578,2008,1,144329.28000305,37,10000,1.0,6.0624444321104,1
Tamil Nadu,Madurai,33,578,2010,1,57474.500439341,170,0,1.5,6.2972943002015,1
Tamil Nadu,Madurai,33,578,2012,1,126082.83119507,40,70000,2.0,6.1006559523551,1
Tamil Nadu,Madurai,33,578,2015,1,93202.053762891,180,400000,2.0,6.6683954867336,1
Tamil Nadu,Madurai,33,578,2017,1,50536.263538772,4,4000,1.5,5.8796943877262,1
Tamil Nadu,Madurai,33,578,2021,3,446803.628780212,37,23843,2.0,6.197103495333,1
Tamil Nadu,Madurai,33,578,2023,1,23760.0,0,7500,1.0,4.9779064276371,1
Tamil Nadu,Nagapattinam,33,579,1991,1,599564.88825453,90,85000,1.0,6.5559874421319,1
Tamil Nadu,Nagapattinam,33,579,1994,1,89229.901790267,40,0,1.0,5.6494804193217,1
Tamil Nadu,Nagapattinam,33,579,1997,1,384888.40479346993,6,0,1.0,6.3634860780538,1
Tamil Nadu,Nagapattinam,33,579,2002,2,58299.883511135,31,300,1.0,5.1533498810304,1
Tamil Nadu,Nagapattinam,33,579,2005,1,131307.99463593,279,300000,1.0,6.7995324061198,1
Tamil Nadu,Nagapattinam,33,579,2007,1,76740.363072558,29,50000,1.0,5.6631750999767,1
Tamil Nadu,Nagapattinam,33,579,2008,1,144329.28000305,37,10000,1.0,6.0624444321104,1
Tamil Nadu,Nagapattinam,33,579,2010,1,57474.500439341,170,0,1.5,6.2972943002015,1
Tamil Nadu,Nagapattinam,33,579,2012,1,126082.83119507,40,70000,2.0,6.1006559523551,1
Tamil Nadu,Nagapattinam,33,579,2015,2,107381.466387511,188,400200,2.0,6.6683954867336,1
Tamil Nadu,Nagapattinam,33,579,2017,1,50536.263538772,4,4000,1.5,5.8796943877262,1
Tamil Nadu,Nagapattinam,33,579,2021,2,392763.0,37,23000,2.0,6.197103495333,1
Tamil Nadu,Namakkal,33,580,1990,1,13576.30928919,44,0,1.0,4.8317517276541,1
Tamil Nadu,Namakkal,33,580,1991,1,599564.88825453,90,85000,1.0,6.5559874421319,1
Tamil Nadu,Namakkal,33,580,1992,1,752428.65689717,90,8000,1.0,7.4675299347014,1
Tamil Nadu,Namakkal,33,580,1993,1,40501.36504956799,95,0,1.0,5.3064396651681,1
Tamil Nadu,Namakkal,33,580,1994,1,89229.901790267,40,0,1.0,5.6494804193217,1
Tamil Nadu,Namakkal,33,580,1997,1,384888.40479346993,6,0,1.0,6.3634860780538,1
Tamil Nadu,Namakkal,33,580,2005,1,131307.99463593,279,300000,1.0,6.7995324061198,1
Tamil Nadu,Namakkal,33,580,2008,1,144329.28000305,37,10000,1.0,6.0624444321104,1
Tamil Nadu,Namakkal,33,580,2009,1,35725.305434915,70,0,1.5,5.5072184599361,1
Tamil Nadu,Namakkal,33,580,2010,1,57474.500439341,170,0,1.5,6.2972943002015,1
Tamil Nadu,Namakkal,33,580,2012,1,126082.83119507,40,70000,2.0,6.1006559523551,1
Tamil Nadu,Namakkal,33,580,2015,1,93202.053762891,180,400000,2.0,6.6683954867336,1
Tamil Nadu,Namakkal,33,580,2021,2,392763.0,37,23000,2.0,6.197103495333,1
Tamil Nadu,Perambalur,33,581,1991,1,599564.88825453,90,85000,1.0,6.5559874421319,1
Tamil Nadu,Perambalur,33,581,1993,1,40501.36504956799,95,0,1.0,5.3064396651681,1
Tamil Nadu,Perambalur,33,581,1994,1,89229.901790267,40,0,1.0,5.6494804193217,1
Tamil Nadu,Perambalur,33,581,1997,1,384888.40479346993,6,0,1.0,6.3634860780538,1
Tamil Nadu,Perambalur,33,581,2002,2,58299.883511135,31,300,1.0,5.1533498810304,1
Tamil Nadu,Perambalur,33,581,2005,1,131307.99463593,279,300000,1.0,6.7995324061198,1
Tamil Nadu,Perambalur,33,581,2008,1,144329.28000305,37,10000,1.0,6.0624444321104,1
Tamil Nadu,Perambalur,33,581,2010,1,57474.500439341,170,0,1.5,6.2972943002015,1
Tamil Nadu,Perambalur,33,581,2012,1,126082.83119507,40,70000,2.0,6.1006559523551,1
Tamil Nadu,Perambalur,33,581,2015,2,107381.466387511,188,400200,2.0,6.6683954867336,1
Tamil Nadu,Perambalur,33,581,2017,1,50536.263538772,4,4000,1.5,5.8796943877262,1
Tamil Nadu,Perambalur,33,581,2021,2,392763.0,37,23000,2.0,6.197103495333,1
Tamil Nadu,Pudukkottai,33,582,1991,1,599564.88825453,90,85000,1.0,6.5559874421319,1
Tamil Nadu,Pudukkottai,33,582,1993,1,40501.36504956799,95,0,1.0,5.3064396651681,1
Tamil Nadu,Pudukkottai,33,582,1994,1,89229.901790267,40,0,1.0,5.6494804193217,1
Tamil Nadu,Pudukkottai,33,582,1997,1,384888.40479346993,6,0,1.0,6.3634860780538,1
Tamil Nadu,Pudukkottai,33,582,2002,2,58299.883511135,31,300,1.0,5.1533498810304,1
Tamil Nadu,Pudukkottai,33,582,2005,1,131307.99463593,279,300000,1.0,6.7995324061198,1
Tamil Nadu,Pudukkottai,33,582,2007,1,76740.363072558,29,50000,1.0,5.6631750999767,1
Tamil Nadu,Pudukkottai,33,582,2008,1,144329.28000305,37,10000,1.0,6.0624444321104,1
Tamil Nadu,Pudukkottai,33,582,2010,1,57474.500439341,170,0,1.5,6.2972943002015,1
Tamil Nadu,Pudukkottai,33,582,2012,1,126082.83119507,40,70000,2.0,6.1006559523551,1
Tamil Nadu,Pudukkottai,33,582,2015,2,107381.466387511,188,400200,2.0,6.6683954867336,1
Tamil Nadu,Pudukkottai,33,582,2017,1,50536.263538772,4,4000,1.5,5.8796943877262,1
Tamil Nadu,Pudukkottai,33,582,2021,2,392763.0,37,23000,2.0,6.197103495333,1
Tamil Nadu,Ramanathapuram,33,583,1991,1,599564.88825453,90,85000,1.0,6.5559874421319,1
Tamil Nadu,Ramanathapuram,33,583,1994,1,89229.901790267,40,0,1.0,5.6494804193217,1
Tamil Nadu,Ramanathapuram,33,583,1997,1,384888.40479346993,6,0,1.0,6.3634860780538,1
Tamil Nadu,Ramanathapuram,33,583,2002,1,35586.878019106,11,0,1.0,5.1533498810304,1
Tamil Nadu,Ramanathapuram,33,583,2005,1,131307.99463593,279,300000,1.0,6.7995324061198,1
Tamil Nadu,Ramanathapuram,33,583,2008,1,144329.28000305,37,10000,1.0,6.0624444321104,1
Tamil Nadu,Ramanathapuram,33,583,2010,1,57474.500439341,170,0,1.5,6.2972943002015,1
Tamil Nadu,Ramanathapuram,33,583,2012,1,126082.83119507,40,70000,2.0,6.1006559523551,1
Tamil Nadu,Ramanathapuram,33,583,2015,1,93202.053762891,180,400000,2.0,6.6683954867336,1
Tamil Nadu,Ramanathapuram,33,583,2017,1,50536.263538772,4,4000,1.5,5.8796943877262,1
Tamil Nadu,Ramanathapuram,33,583,2021,3,446803.628780212,37,23843,2.0,6.197103495333,1
Tamil Nadu,Ranipet,33,731,1989,1,905209.24002345,780,0,1.0,6.9567489784143,1
Tamil Nadu,Ranipet,33,731,1990,1,267344.39912722,430,470000,1.0,6.0291310813779,1
Tamil Nadu,Ranipet,33,731,1991,1,599564.88825453,90,85000,1.0,6.5559874421319,1
Tamil Nadu,Ranipet,33,731,1994,2,2071067.316363167,657,800000,1.0,7.6772792647922,1
Tamil Nadu,Ranipet,33,731,1996,1,177527.01853538,326,100000,1.0,5.9482344637432,1
Tamil Nadu,Ranipet,33,731,1997,1,384888.40479346993,6,0,1.0,6.3634860780538,1
Tamil Nadu,Ranipet,33,731,2005,2,750505.81610725,405,400000,1.0,7.1897694283678,1
Tamil Nadu,Ranipet,33,731,2006,1,40094.927072728,47,225000,1.0,5.6030894278898,1
Tamil Nadu,Ranipet,33,731,2007,2,527304.718326058,156,250000,1.0,6.7677001834385,1
Tamil Nadu,Ranipet,33,731,2008,1,144329.28000305,37,10000,1.0,6.0624444321104,1
Tamil Nadu,Ranipet,33,731,2012,1,126082.83119507,40,70000,2.0,6.1006559523551,1
Tamil Nadu,Ranipet,33,731,2015,1,93202.053762891,180,400000,2.0,6.6683954867336,1
Tamil Nadu,Ranipet,33,731,2021,3,431318.0,61,54827,2.0,6.197103495333,1
Tamil Nadu,Salem,33,584,1990,1,13576.30928919,44,0,1.0,4.8317517276541,1
Tamil Nadu,Salem,33,584,1991,1,599564.88825453,90,85000,1.0,6.5559874421319,1
Tamil Nadu,Salem,33,584,1992,1,752428.65689717,90,8000,1.0,7.4675299347014,1
Tamil Nadu,Salem,33,584,1993,1,40501.36504956799,95,0,1.0,5.3064396651681,1
Tamil Nadu,Salem,33,584,1994,1,89229.901790267,40,0,1.0,5.6494804193217,1
Tamil Nadu,Salem,33,584,1997,2,617912.7700778099,106,0,1.0,6.622673838813,1
Tamil Nadu,Salem,33,584,2005,2,750505.81610725,405,400000,1.0,7.1897694283678,1
Tamil Nadu,Salem,33,584,2007,1,450564.3552535,127,200000,1.0,6.7677001834385,1
Tamil Nadu,Salem,33,584,2008,1,144329.28000305,37,10000,1.0,6.0624444321104,1
Tamil Nadu,Salem,33,584,2009,1,35725.305434915,70,0,1.5,5.5072184599361,1
Tamil Nadu,Salem,33,584,2010,1,57474.500439341,170,0,1.5,6.2972943002015,1
Tamil Nadu,Salem,33,584,2012,1,126082.83119507,40,70000,2.0,6.1006559523551,1
Tamil Nadu,Salem,33,584,2015,1,93202.053762891,180,400000,2.0,6.6683954867336,1
Tamil Nadu,Salem,33,584,2021,2,392763.0,37,23000,2.0,6.197103495333,1
Tamil Nadu,Sivaganga,33,585,1991,1,599564.88825453,90,85000,1.0,6.5559874421319,1
Tamil Nadu,Sivaganga,33,585,1994,1,89229.901790267,40,0,1.0,5.6494804193217,1
Tamil Nadu,Sivaganga,33,585,1997,1,384888.40479346993,6,0,1.0,6.3634860780538,1
Tamil Nadu,Sivaganga,33,585,2002,2,58299.883511135,31,300,1.0,5.1533498810304,1
Tamil Nadu,Sivaganga,33,585,2005,1,131307.99463593,279,300000,1.0,6.7995324061198,1
Tamil Nadu,Sivaganga,33,585,2008,1,144329.28000305,37,10000,1.0,6.0624444321104,1
Tamil Nadu,Sivaganga,33,585,2010,1,57474.500439341,170,0,1.5,6.2972943002015,1
Tamil Nadu,Sivaganga,33,585,2012,1,126082.83119507,40,70000,2.0,6.1006559523551,1
Tamil Nadu,Sivaganga,33,585,2015,2,107381.466387511,188,400200,2.0,6.6683954867336,1
Tamil Nadu,Sivaganga,33,585,2017,1,50536.263538772,4,4000,1.5,5.8796943877262,1
Tamil Nadu,Sivaganga,33,585,2021,3,446803.628780212,37,23843,2.0,6.197103495333,1
Tamil Nadu,Sivaganga,33,585,2023,1,23760.0,0,7500,1.0,4.9779064276371,1
Tamil Nadu,Tenkasi,33,733,1985,1,254234.59502901,95,25000,1.0,6.1042046512933,1
Tamil Nadu,Tenkasi,33,733,1989,1,905209.24002345,780,0,1.0,6.9567489784143,1
Tamil Nadu,Tenkasi,33,733,1991,2,1090926.38334009,162,385000,2.0,6.5559874421319,1
Tamil Nadu,Tenkasi,33,733,1992,1,752428.65689717,90,8000,1.0,7.4675299347014,1
Tamil Nadu,Tenkasi,33,733,1994,2,2071067.316363167,657,800000,1.0,7.6772792647922,1
Tamil Nadu,Tenkasi,33,733,1997,2,617912.7700778099,106,0,1.0,6.622673838813,1
Tamil Nadu,Tenkasi,33,733,2006,1,42686.917966969,32,10800,2.0,5.8855673045955,1
Tamil Nadu,Tenkasi,33,733,2008,1,144329.28000305,37,10000,1.0,6.0624444321104,1
Tamil Nadu,Tenkasi,33,733,2010,1,57474.500439341,170,0,1.5,6.2972943002015,1
Tamil Nadu,Tenkasi,33,733,2012,1,126082.83119507,40,70000,2.0,6.1006559523551,1
Tamil Nadu,Tenkasi,33,733,2018,1,24440.468677723,20,1000,1.5,5.1662607801946,1
Tamil Nadu,Tenkasi,33,733,2019,1,94518.754764612,0,22000,1.5,5.753669241778,1
Tamil Nadu,Tenkasi,33,733,2021,4,487920.628780212,60,29066,2.0,6.197103495333,1
Tamil Nadu,Tenkasi,33,733,2023,1,23760.0,0,7500,1.0,4.9779064276371,1
Tamil Nadu,Thanjavur,33,586,1991,1,599564.88825453,90,85000,1.0,6.5559874421319,1
Tamil Nadu,Thanjavur,33,586,1994,1,89229.901790267,40,0,1.0,5.6494804193217,1
Tamil Nadu,Thanjavur,33,586,1997,1,384888.40479346993,6,0,1.0,6.3634860780538,1
Tamil Nadu,Thanjavur,33,586,2002,2,58299.883511135,31,300,1.0,5.1533498810304,1
Tamil Nadu,Thanjavur,33,586,2005,1,131307.99463593,279,300000,1.0,6.7995324061198,1
Tamil Nadu,Thanjavur,33,586,2007,1,76740.363072558,29,50000,1.0,5.6631750999767,1
Tamil Nadu,Thanjavur,33,586,2008,1,144329.28000305,37,10000,1.0,6.0624444321104,1
Tamil Nadu,Thanjavur,33,586,2010,1,57474.500439341,170,0,1.5,6.2972943002015,1
Tamil Nadu,Thanjavur,33,586,2012,1,126082.83119507,40,70000,2.0,6.1006559523551,1
Tamil Nadu,Thanjavur,33,586,2015,2,107381.466387511,188,400200,2.0,6.6683954867336,1
Tamil Nadu,Thanjavur,33,586,2017,1,50536.263538772,4,4000,1.5,5.8796943877262,1
Tamil Nadu,Thanjavur,33,586,2021,2,392763.0,37,23000,2.0,6.197103495333,1
Tamil Nadu,The Nilgiris,33,587,1985,1,254234.59502901,95,25000,1.0,6.1042046512933,1
Tamil Nadu,The Nilgiris,33,587,1989,1,905209.24002345,780,0,1.0,6.9567489784143,1
Tamil Nadu,The Nilgiris,33,587,1990,1,13576.30928919,44,0,1.0,4.8317517276541,1
Tamil Nadu,The Nilgiris,33,587,1991,2,1090926.38334009,162,385000,2.0,6.5559874421319,1
Tamil Nadu,The Nilgiris,33,587,1992,1,752428.65689717,90,8000,1.0,7.4675299347014,1
Tamil Nadu,The Nilgiris,33,587,1993,1,40501.36504956799,95,0,1.0,5.3064396651681,1
Tamil Nadu,The Nilgiris,33,587,1994,1,1981837.4145729,617,800000,1.0,7.6772792647922,1
Tamil Nadu,The Nilgiris,33,587,1997,2,617912.7700778099,106,0,1.0,6.622673838813,1
Tamil Nadu,The Nilgiris,33,587,2000,1,107052.90137071,140,0,1.0,6.1757264778105,1
Tamil Nadu,The Nilgiris,33,587,2006,1,42686.917966969,32,10800,2.0,5.8855673045955,1
Tamil Nadu,The Nilgiris,33,587,2007,2,474688.656668131,171,235000,1.0,6.7677001834385,1
Tamil Nadu,The Nilgiris,33,587,2008,1,144329.28000305,37,10000,1.0,6.0624444321104,1
Tamil Nadu,The Nilgiris,33,587,2009,1,35725.305434915,70,0,1.5,5.5072184599361,1
Tamil Nadu,The Nilgiris,33,587,2011,1,20807.375389913,4,500,1.0,5.4321606547403,1
Tamil Nadu,The Nilgiris,33,587,2018,1,153840.06820443,12,34000,1.5,6.4045534079872,1
Tamil Nadu,The Nilgiris,33,587,2019,1,94518.754764612,0,22000,1.5,5.753669241778,1
Tamil Nadu,The Nilgiris,33,587,2021,3,433880.0,60,28223,2.0,6.197103495333,1
Tamil Nadu,Theni,33,588,1985,1,254234.59502901,95,25000,1.0,6.1042046512933,1
Tamil Nadu,Theni,33,588,1989,1,905209.24002345,780,0,1.0,6.9567489784143,1
Tamil Nadu,Theni,33,588,1991,1,599564.88825453,90,85000,1.0,6.5559874421319,1
Tamil Nadu,Theni,33,588,1992,1,752428.65689717,90,8000,1.0,7.4675299347014,1
Tamil Nadu,Theni,33,588,1993,1,40501.36504956799,95,0,1.0,5.3064396651681,1
Tamil Nadu,Theni,33,588,1994,2,2071067.316363167,657,800000,1.0,7.6772792647922,1
Tamil Nadu,Theni,33,588,1997,2,617912.7700778099,106,0,1.0,6.622673838813,1
Tamil Nadu,Theni,33,588,2005,1,131307.99463593,279,300000,1.0,6.7995324061198,1
Tamil Nadu,Theni,33,588,2006,1,42686.917966969,32,10800,2.0,5.8855673045955,1
Tamil Nadu,Theni,33,588,2008,1,144329.28000305,37,10000,1.0,6.0624444321104,1
Tamil Nadu,Theni,33,588,2009,1,35725.305434915,70,0,1.5,5.5072184599361,1
Tamil Nadu,Theni,33,588,2010,1,57474.500439341,170,0,1.5,6.2972943002015,1
Tamil Nadu,Theni,33,588,2012,1,126082.83119507,40,70000,2.0,6.1006559523551,1
Tamil Nadu,Theni,33,588,2018,2,178280.53688215298,32,35000,1.5,6.4045534079872,1
Tamil Nadu,Theni,33,588,2019,1,94518.754764612,0,22000,1.5,5.753669241778,1
Tamil Nadu,Theni,33,588,2021,4,487920.628780212,60,29066,2.0,6.197103495333,1
Tamil Nadu,Theni,33,588,2023,1,23760.0,0,7500,1.0,4.9779064276371,1
Tamil Nadu,Thiruvallur,33,589,1989,1,905209.24002345,780,0,1.0,6.9567489784143,1
Tamil Nadu,Thiruvallur,33,589,1990,1,267344.39912722,430,470000,1.0,6.0291310813779,1
Tamil Nadu,Thiruvallur,33,589,1991,1,599564.88825453,90,85000,1.0,6.5559874421319,1
Tamil Nadu,Thiruvallur,33,589,1993,1,7968.640175747,70,45000,1.0,4.9805654627316,1
Tamil Nadu,Thiruvallur,33,589,1994,3,2181724.894029497,887,816000,1.0,7.6772792647922,1
Tamil Nadu,Thiruvallur,33,589,1995,1,262803.20430156,94,12000,1.0,6.0216906475049,1
Tamil Nadu,Thiruvallur,33,589,1996,1,177527.01853538,326,100000,1.0,5.9482344637432,1
Tamil Nadu,Thiruvallur,33,589,1997,1,384888.40479346993,6,0,1.0,6.3634860780538,1
Tamil Nadu,Thiruvallur,33,589,1998,1,194230.07599669,230,80000,1.0,6.5893464757574,1
Tamil Nadu,Thiruvallur,33,589,2001,1,87384.49860174801,143,50000,1.0,5.71958564905,1
Tamil Nadu,Thiruvallur,33,589,2005,2,750505.81610725,405,400000,1.0,7.1897694283678,1
Tamil Nadu,Thiruvallur,33,589,2006,2,230964.777114518,67,225000,1.0,5.8827973236263,1
Tamil Nadu,Thiruvallur,33,589,2007,2,527304.718326058,156,250000,1.0,6.7677001834385,1
Tamil Nadu,Thiruvallur,33,589,2010,1,63171.41172685,27,50000,1.0,5.6456186224386,1
Tamil Nadu,Thiruvallur,33,589,2012,1,126082.83119507,40,70000,2.0,6.1006559523551,1
Tamil Nadu,Thiruvallur,33,589,2015,1,93202.053762891,180,400000,2.0,6.6683954867336,1
Tamil Nadu,Thiruvallur,33,589,2021,4,432318.0,65,54827,2.0,6.197103495333,1
Tamil Nadu,Thiruvarur,33,590,1991,1,599564.88825453,90,85000,1.0,6.5559874421319,1
Tamil Nadu,Thiruvarur,33,590,1994,1,89229.901790267,40,0,1.0,5.6494804193217,1
Tamil Nadu,Thiruvarur,33,590,1997,1,384888.40479346993,6,0,1.0,6.3634860780538,1
Tamil Nadu,Thiruvarur,33,590,2002,2,58299.883511135,31,300,1.0,5.1533498810304,1
Tamil Nadu,Thiruvarur,33,590,2005,1,131307.99463593,279,300000,1.0,6.7995324061198,1
Tamil Nadu,Thiruvarur,33,590,2007,1,76740.363072558,29,50000,1.0,5.6631750999767,1
Tamil Nadu,Thiruvarur,33,590,2008,1,144329.28000305,37,10000,1.0,6.0624444321104,1
Tamil Nadu,Thiruvarur,33,590,2010,1,57474.500439341,170,0,1.5,6.2972943002015,1
Tamil Nadu,Thiruvarur,33,590,2012,1,126082.83119507,40,70000,2.0,6.1006559523551,1
Tamil Nadu,Thiruvarur,33,590,2015,2,107381.466387511,188,400200,2.0,6.6683954867336,1
Tamil Nadu,Thiruvarur,33,590,2017,1,50536.263538772,4,4000,1.5,5.8796943877262,1
Tamil Nadu,Thiruvarur,33,590,2021,2,392763.0,37,23000,2.0,6.197103495333,1
Tamil Nadu,Tiruchirappalli,33,591,1991,1,599564.88825453,90,85000,1.0,6.5559874421319,1
Tamil Nadu,Tiruchirappalli,33,591,1993,1,40501.36504956799,95,0,1.0,5.3064396651681,1
Tamil Nadu,Tiruchirappalli,33,591,1994,1,89229.901790267,40,0,1.0,5.6494804193217,1
Tamil Nadu,Tiruchirappalli,33,591,1997,1,384888.40479346993,6,0,1.0,6.3634860780538,1
Tamil Nadu,Tiruchirappalli,33,591,2002,2,58299.883511135,31,300,1.0,5.1533498810304,1
Tamil Nadu,Tiruchirappalli,33,591,2005,1,131307.99463593,279,300000,1.0,6.7995324061198,1
Tamil Nadu,Tiruchirappalli,33,591,2008,1,144329.28000305,37,10000,1.0,6.0624444321104,1
Tamil Nadu,Tiruchirappalli,33,591,2009,1,35725.305434915,70,0,1.5,5.5072184599361,1
Tamil Nadu,Tiruchirappalli,33,591,2010,1,57474.500439341,170,0,1.5,6.2972943002015,1
Tamil Nadu,Tiruchirappalli,33,591,2012,1,126082.83119507,40,70000,2.0,6.1006559523551,1
Tamil Nadu,Tiruchirappalli,33,591,2015,2,107381.466387511,188,400200,2.0,6.6683954867336,1
Tamil Nadu,Tiruchirappalli,33,591,2017,1,50536.263538772,4,4000,1.5,5.8796943877262,1
Tamil Nadu,Tiruchirappalli,33,591,2021,2,392763.0,37,23000,2.0,6.197103495333,1
Tamil Nadu,Tiruchirappalli,33,591,2023,1,23760.0,0,7500,1.0,4.9779064276371,1
Tamil Nadu,Tirunelveli,33,592,1985,1,254234.59502901,95,25000,1.0,6.1042046512933,1
Tamil Nadu,Tirunelveli,33,592,1989,1,905209.24002345,780,0,1.0,6.9567489784143,1
Tamil Nadu,Tirunelveli,33,592,1991,1,599564.88825453,90,85000,1.0,6.5559874421319,1
Tamil Nadu,Tirunelveli,33,592,1992,1,752428.65689717,90,8000,1.0,7.4675299347014,1
Tamil Nadu,Tirunelveli,33,592,1994,2,2071067.316363167,657,800000,1.0,7.6772792647922,1
Tamil Nadu,Tirunelveli,33,592,1997,2,617912.7700778099,106,0,1.0,6.622673838813,1
Tamil Nadu,Tirunelveli,33,592,2008,1,144329.28000305,37,10000,1.0,6.0624444321104,1
Tamil Nadu,Tirunelveli,33,592,2010,1,57474.500439341,170,0,1.5,6.2972943002015,1
Tamil Nadu,Tirunelveli,33,592,2018,1,24440.468677723,20,1000,1.5,5.1662607801946,1
Tamil Nadu,Tirunelveli,33,592,2021,4,487920.628780212,60,29066,2.0,6.197103495333,1
Tamil Nadu,Tirupathur,33,732,1989,1,905209.24002345,780,0,1.0,6.9567489784143,1
Tamil Nadu,Tirupathur,33,732,1991,1,599564.88825453,90,85000,1.0,6.5559874421319,1
Tamil Nadu,Tirupathur,33,732,1997,1,384888.40479346993,6,0,1.0,6.3634860780538,1
Tamil Nadu,Tirupathur,33,732,2005,2,750505.81610725,405,400000,1.0,7.1897694283678,1
Tamil Nadu,Tirupathur,33,732,2007,1,450564.3552535,127,200000,1.0,6.7677001834385,1
Tamil Nadu,Tirupathur,33,732,2008,1,144329.28000305,37,10000,1.0,6.0624444321104,1
Tamil Nadu,Tirupathur,33,732,2012,1,126082.83119507,40,70000,2.0,6.1006559523551,1
Tamil Nadu,Tirupathur,33,732,2015,1,93202.053762891,180,400000,2.0,6.6683954867336,1
Tamil Nadu,Tirupathur,33,732,2021,2,392763.0,37,23000,2.0,6.197103495333,1
Tamil Nadu,Tiruppur,33,634,1985,1,254234.59502901,95,25000,1.0,6.1042046512933,1
Tamil Nadu,Tiruppur,33,634,1990,1,13576.30928919,44,0,1.0,4.8317517276541,1
Tamil Nadu,Tiruppur,33,634,1991,1,599564.88825453,90,85000,1.0,6.5559874421319,1
Tamil Nadu,Tiruppur,33,634,1992,1,752428.65689717,90,8000,1.0,7.4675299347014,1
Tamil Nadu,Tiruppur,33,634,1993,1,40501.36504956799,95,0,1.0,5.3064396651681,1
Tamil Nadu,Tiruppur,33,634,1994,1,89229.901790267,40,0,1.0,5.6494804193217,1
Tamil Nadu,Tiruppur,33,634,1997,1,384888.40479346993,6,0,1.0,6.3634860780538,1
Tamil Nadu,Tiruppur,33,634,2005,1,131307.99463593,279,300000,1.0,6.7995324061198,1
Tamil Nadu,Tiruppur,33,634,2007,1,450564.3552535,127,200000,1.0,6.7677001834385,1
Tamil Nadu,Tiruppur,33,634,2008,1,144329.28000305,37,10000,1.0,6.0624444321104,1
Tamil Nadu,Tiruppur,33,634,2009,1,35725.305434915,70,0,1.5,5.5072184599361,1
Tamil Nadu,Tiruppur,33,634,2010,1,57474.500439341,170,0,1.5,6.2972943002015,1
Tamil Nadu,Tiruppur,33,634,2011,1,20807.375389913,4,500,1.0,5.4321606547403,1
Tamil Nadu,Tiruppur,33,634,2012,1,126082.83119507,40,70000,2.0,6.1006559523551,1
Tamil Nadu,Tiruppur,33,634,2018,1,153840.06820443,12,34000,1.5,6.4045534079872,1
Tamil Nadu,Tiruppur,33,634,2019,1,94518.754764612,0,22000,1.5,5.753669241778,1
Tamil Nadu,Tiruppur,33,634,2021,4,487920.628780212,60,29066,2.0,6.197103495333,1
Tamil Nadu,Tiruppur,33,634,2023,1,23760.0,0,7500,1.0,4.9779064276371,1
Tamil Nadu,Tiruvannamalai,33,593,1991,1,599564.88825453,90,85000,1.0,6.5559874421319,1
Tamil Nadu,Tiruvannamalai,33,593,1993,1,7968.640175747,70,45000,1.0,4.9805654627316,1
Tamil Nadu,Tiruvannamalai,33,593,1994,1,89229.901790267,40,0,1.0,5.6494804193217,1
Tamil Nadu,Tiruvannamalai,33,593,1997,1,384888.40479346993,6,0,1.0,6.3634860780538,1
Tamil Nadu,Tiruvannamalai,33,593,2005,1,131307.99463593,279,300000,1.0,6.7995324061198,1
Tamil Nadu,Tiruvannamalai,33,593,2006,1,40094.927072728,47,225000,1.0,5.6030894278898,1
Tamil Nadu,Tiruvannamalai,33,593,2007,2,527304.718326058,156,250000,1.0,6.7677001834385,1
Tamil Nadu,Tiruvannamalai,33,593,2008,1,144329.28000305,37,10000,1.0,6.0624444321104,1
Tamil Nadu,Tiruvannamalai,33,593,2012,1,126082.83119507,40,70000,2.0,6.1006559523551,1
Tamil Nadu,Tiruvannamalai,33,593,2015,1,93202.053762891,180,400000,2.0,6.6683954867336,1
Tamil Nadu,Tiruvannamalai,33,593,2021,2,392763.0,37,23000,2.0,6.197103495333,1
Tamil Nadu,Tuticorin,33,594,1991,1,599564.88825453,90,85000,1.0,6.5559874421319,1
Tamil Nadu,Tuticorin,33,594,1994,1,89229.901790267,40,0,1.0,5.6494804193217,1
Tamil Nadu,Tuticorin,33,594,1997,1,384888.40479346993,6,0,1.0,6.3634860780538,1
Tamil Nadu,Tuticorin,33,594,2002,1,35586.878019106,11,0,1.0,5.1533498810304,1
Tamil Nadu,Tuticorin,33,594,2005,1,131307.99463593,279,300000,1.0,6.7995324061198,1
Tamil Nadu,Tuticorin,33,594,2008,1,144329.28000305,37,10000,1.0,6.0624444321104,1
Tamil Nadu,Tuticorin,33,594,2010,1,57474.500439341,170,0,1.5,6.2972943002015,1
Tamil Nadu,Tuticorin,33,594,2012,1,126082.83119507,40,70000,2.0,6.1006559523551,1
Tamil Nadu,Tuticorin,33,594,2017,1,50536.263538772,4,4000,1.5,5.8796943877262,1
Tamil Nadu,Tuticorin,33,594,2021,3,446803.628780212,37,23843,2.0,6.197103495333,1
Tamil Nadu,Vellore,33,595,1989,1,905209.24002345,780,0,1.0,6.9567489784143,1
Tamil Nadu,Vellore,33,595,1990,1,267344.39912722,430,470000,1.0,6.0291310813779,1
Tamil Nadu,Vellore,33,595,1991,1,599564.88825453,90,85000,1.0,6.5559874421319,1
Tamil Nadu,Vellore,33,595,1994,2,2071067.316363167,657,800000,1.0,7.6772792647922,1
Tamil Nadu,Vellore,33,595,1996,1,177527.01853538,326,100000,1.0,5.9482344637432,1
Tamil Nadu,Vellore,33,595,1997,1,384888.40479346993,6,0,1.0,6.3634860780538,1
Tamil Nadu,Vellore,33,595,2001,1,87384.49860174801,143,50000,1.0,5.71958564905,1
Tamil Nadu,Vellore,33,595,2005,2,750505.81610725,405,400000,1.0,7.1897694283678,1
Tamil Nadu,Vellore,33,595,2006,1,190869.85004179,20,0,1.0,5.8827973236263,1
Tamil Nadu,Vellore,33,595,2007,2,527304.718326058,156,250000,1.0,6.7677001834385,1
Tamil Nadu,Vellore,33,595,2008,1,144329.28000305,37,10000,1.0,6.0624444321104,1
Tamil Nadu,Vellore,33,595,2012,1,126082.83119507,40,70000,2.0,6.1006559523551,1
Tamil Nadu,Vellore,33,595,2015,1,93202.053762891,180,400000,2.0,6.6683954867336,1
Tamil Nadu,Vellore,33,595,2021,3,431318.0,61,54827,2.0,6.197103495333,1
Tamil Nadu,Villupuram,33,596,1991,1,599564.88825453,90,85000,1.0,6.5559874421319,1
Tamil Nadu,Villupuram,33,596,1993,1,7968.640175747,70,45000,1.0,4.9805654627316,1
Tamil Nadu,Villupuram,33,596,1994,1,89229.901790267,40,0,1.0,5.6494804193217,1
Tamil Nadu,Villupuram,33,596,1997,1,384888.40479346993,6,0,1.0,6.3634860780538,1
Tamil Nadu,Villupuram,33,596,2005,1,131307.99463593,279,300000,1.0,6.7995324061198,1
Tamil Nadu,Villupuram,33,596,2006,1,40094.927072728,47,225000,1.0,5.6030894278898,1
Tamil Nadu,Villupuram,33,596,2007,1,76740.363072558,29,50000,1.0,5.6631750999767,1
Tamil Nadu,Villupuram,33,596,2008,1,144329.28000305,37,10000,1.0,6.0624444321104,1
Tamil Nadu,Villupuram,33,596,2012,1,126082.83119507,40,70000,2.0,6.1006559523551,1
Tamil Nadu,Villupuram,33,596,2015,1,93202.053762891,180,400000,2.0,6.6683954867336,1
Tamil Nadu,Villupuram,33,596,2017,1,50536.263538772,4,4000,1.5,5.8796943877262,1
Tamil Nadu,Villupuram,33,596,2021,2,392763.0,37,23000,2.0,6.197103495333,1
Tamil Nadu,Virudhunagar,33,597,1985,1,254234.59502901,95,25000,1.0,6.1042046512933,1
Tamil Nadu,Virudhunagar,33,597,1991,1,599564.88825453,90,85000,1.0,6.5559874421319,1
Tamil Nadu,Virudhunagar,33,597,1992,1,752428.65689717,90,8000,1.0,7.4675299347014,1
Tamil Nadu,Virudhunagar,33,597,1994,2,2071067.316363167,657,800000,1.0,7.6772792647922,1
Tamil Nadu,Virudhunagar,33,597,1997,1,384888.40479346993,6,0,1.0,6.3634860780538,1
Tamil Nadu,Virudhunagar,33,597,2002,1,35586.878019106,11,0,1.0,5.1533498810304,1
Tamil Nadu,Virudhunagar,33,597,2005,1,131307.99463593,279,300000,1.0,6.7995324061198,1
Tamil Nadu,Virudhunagar,33,597,2008,1,144329.28000305,37,10000,1.0,6.0624444321104,1
Tamil Nadu,Virudhunagar,33,597,2010,1,57474.500439341,170,0,1.5,6.2972943002015,1
Tamil Nadu,Virudhunagar,33,597,2012,1,126082.83119507,40,70000,2.0,6.1006559523551,1
Tamil Nadu,Virudhunagar,33,597,2015,1,93202.053762891,180,400000,2.0,6.6683954867336,1
Tamil Nadu,Virudhunagar,33,597,2017,1,50536.263538772,4,4000,1.5,5.8796943877262,1
Tamil Nadu,Virudhunagar,33,597,2019,1,94518.754764612,0,22000,1.5,5.753669241778,1
Tamil Nadu,Virudhunagar,33,597,2021,4,487920.628780212,60,29066,2.0,6.197103495333,1
Tamil Nadu,Virudhunagar,33,597,2023,1,23760.0,0,7500,1.0,4.9779064276371,1
Telangana,Adilabad,36,501,1989,1,905209.24002345,780,0,1.0,6.9567489784143,1
Telangana,Adilabad,36,501,1990,1,267344.39912722,430,470000,1.0,6.0291310813779,1
Telangana,Adilabad,36,501,1991,1,599564.88825453,90,85000,1.0,6.5559874421319,1
Telangana,Adilabad,36,501,1992,1,518125.27779756,40,2000,1.0,7.2459136977876,1
Telangana,Adilabad,36,501,1994,1,1981837.4145729,617,800000,1.0,7.6772792647922,1
Telangana,Adilabad,36,501,1995,1,262803.20430156,94,12000,1.0,6.0216906475049,1
Telangana,Adilabad,36,501,1997,1,384888.40479346993,6,0,1.0,6.3634860780538,1
Telangana,Adilabad,36,501,2003,1,21087.654067954,2,14000,1.5,5.2782707780356,1
Telangana,Adilabad,36,501,2005,1,619197.82147132,126,100000,1.0,7.1897694283678,1
Telangana,Adilabad,36,501,2014,1,376261.49252047,42,0,1.5,6.9557010155946,1
Telangana,Adilabad,36,501,2020,1,125991.05614617,6,2100,1.5,6.2764309755682,1
Telangana,Bhadradri Kothagudem,36,690,1986,1,107355.33281993,150,3000000,1.0,5.933913609651,1
Telangana,Bhadradri Kothagudem,36,690,1988,1,94871.792387788,50,0,1.0,5.4542583603891,1
Telangana,Bhadradri Kothagudem,36,690,1989,1,905209.24002345,780,0,1.0,6.9567489784143,1
Telangana,Bhadradri Kothagudem,36,690,1990,1,267344.39912722,430,470000,1.0,6.0291310813779,1
Telangana,Bhadradri Kothagudem,36,690,1991,1,599564.88825453,90,85000,1.0,6.5559874421319,1
Telangana,Bhadradri Kothagudem,36,690,1994,2,2092494.9922392298,847,816000,1.0,7.6772792647922,1
Telangana,Bhadradri Kothagudem,36,690,1995,1,262803.20430156,94,12000,1.0,6.0216906475049,1
Telangana,Bhadradri Kothagudem,36,690,1996,2,198972.474590473,2826,240000,2.0,5.9482344637432,1
Telangana,Bhadradri Kothagudem,36,690,1997,2,465533.04904697894,38,20000,1.0,6.3634860780538,1
Telangana,Bhadradri Kothagudem,36,690,1998,1,194230.07599669,230,80000,1.0,6.5893464757574,1
Telangana,Bhadradri Kothagudem,36,690,2000,1,129459.75891805,162,3000000,2.0,6.3674072990361,1
Telangana,Bhadradri Kothagudem,36,690,2005,2,993646.6687805101,215,650000,1.0,7.1897694283678,1
Telangana,Bhadradri Kothagudem,36,690,2006,2,493644.12023148005,205,2000000,1.0,7.093902822695,1
Telangana,Bhadradri Kothagudem,36,690,2007,2,540844.064056827,221,220000,1.0,6.7677001834385,1
Telangana,Bhadradri Kothagudem,36,690,2008,1,75487.925180729,74,0,1.5,5.899066787828,1
Telangana,Bhadradri Kothagudem,36,690,2009,1,309688.87629397993,303,0,2.0,7.047228106993,1
Telangana,Bhadradri Kothagudem,36,690,2014,1,376261.49252047,42,0,1.5,6.9557010155946,1
Telangana,Bhadradri Kothagudem,36,690,2016,1,137435.40460325,17,3000,1.5,6.7291632323494,1
Telangana,Bhadradri Kothagudem,36,690,2019,1,302736.26273672,25,112500,1.5,6.3561257086734,1
Telangana,Bhadradri Kothagudem,36,690,2020,1,125991.05614617,6,2100,1.5,6.2764309755682,1
Telangana,Hanumakonda,36,686,1986,1,107355.33281993,150,3000000,1.0,5.933913609651,1
Telangana,Hanumakonda,36,686,1989,1,905209.24002345,780,0,1.0,6.9567489784143,1
Telangana,Hanumakonda,36,686,1990,1,267344.39912722,430,470000,1.0,6.0291310813779,1
Telangana,Hanumakonda,36,686,1991,1,599564.88825453,90,85000,1.0,6.5559874421319,1
Telangana,Hanumakonda,36,686,1994,1,1981837.4145729,617,800000,1.0,7.6772792647922,1
Telangana,Hanumakonda,36,686,1995,1,262803.20430156,94,12000,1.0,6.0216906475049,1
Telangana,Hanumakonda,36,686,1996,1,177527.01853538,326,100000,1.0,5.9482344637432,1
Telangana,Hanumakonda,36,686,1997,1,384888.40479346993,6,0,1.0,6.3634860780538,1
Telangana,Hanumakonda,36,686,1998,1,194230.07599669,230,80000,1.0,6.5893464757574,1
Telangana,Hanumakonda,36,686,2000,1,129459.75891805,162,3000000,2.0,6.3674072990361,1
Telangana,Hanumakonda,36,686,2005,2,993646.6687805101,215,650000,1.0,7.1897694283678,1
Telangana,Hanumakonda,36,686,2006,2,493644.12023148005,205,2000000,1.0,7.093902822695,1
Telangana,Hanumakonda,36,686,2007,1,450564.3552535,127,200000,1.0,6.7677001834385,1
Telangana,Hanumakonda,36,686,2009,1,309688.87629397993,303,0,2.0,7.047228106993,1
Telangana,Hanumakonda,36,686,2014,1,376261.49252047,42,0,1.5,6.9557010155946,1
Telangana,Hanumakonda,36,686,2016,1,137435.40460325,17,3000,1.5,6.7291632323494,1
Telangana,Hanumakonda,36,686,2019,1,302736.26273672,25,112500,1.5,6.3561257086734,1
Telangana,Hanumakonda,36,686,2020,1,125991.05614617,6,2100,1.5,6.2764309755682,1
Telangana,Hyderabad,36,507,1986,1,107355.33281993,150,3000000,1.0,5.933913609651,1
Telangana,Hyderabad,36,507,1989,1,905209.24002345,780,0,1.0,6.9567489784143,1
Telangana,Hyderabad,36,507,1990,1,267344.39912722,430,470000,1.0,6.0291310813779,1
Telangana,Hyderabad,36,507,1991,1,599564.88825453,90,85000,1.0,6.5559874421319,1
Telangana,Hyderabad,36,507,1994,1,1981837.4145729,617,800000,1.0,7.6772792647922,1
Telangana,Hyderabad,36,507,1995,1,262803.20430156,94,12000,1.0,6.0216906475049,1
Telangana,Hyderabad,36,507,1996,1,177527.01853538,326,100000,1.0,5.9482344637432,1
Telangana,Hyderabad,36,507,1997,1,384888.40479346993,6,0,1.0,6.3634860780538,1
Telangana,Hyderabad,36,507,1998,1,194230.07599669,230,80000,1.0,6.5893464757574,1
Telangana,Hyderabad,36,507,2000,1,129459.75891805,162,3000000,2.0,6.3674072990361,1
Telangana,Hyderabad,36,507,2005,2,993646.6687805101,215,650000,1.0,7.1897694283678,1
Telangana,Hyderabad,36,507,2006,2,493644.12023148005,205,2000000,1.0,7.093902822695,1
Telangana,Hyderabad,36,507,2007,1,450564.3552535,127,200000,1.0,6.7677001834385,1
Telangana,Hyderabad,36,507,2009,1,309688.87629397993,303,0,2.0,7.047228106993,1
Telangana,Hyderabad,36,507,2014,1,376261.49252047,42,0,1.5,6.9557010155946,1
Telangana,Hyderabad,36,507,2016,1,137435.40460325,17,3000,1.5,6.7291632323494,1
Telangana,Hyderabad,36,507,2020,1,125991.05614617,6,2100,1.5,6.2764309755682,1
Telangana,Jagitial,36,681,1986,1,107355.33281993,150,3000000,1.0,5.933913609651,1
Telangana,Jagitial,36,681,1989,1,905209.24002345,780,0,1.0,6.9567489784143,1
Telangana,Jagitial,36,681,1990,1,267344.39912722,430,470000,1.0,6.0291310813779,1
Telangana,Jagitial,36,681,1991,1,599564.88825453,90,85000,1.0,6.5559874421319,1
Telangana,Jagitial,36,681,1994,1,1981837.4145729,617,800000,1.0,7.6772792647922,1
Telangana,Jagitial,36,681,1995,1,262803.20430156,94,12000,1.0,6.0216906475049,1
Telangana,Jagitial,36,681,1997,1,384888.40479346993,6,0,1.0,6.3634860780538,1
Telangana,Jagitial,36,681,2000,1,129459.75891805,162,3000000,2.0,6.3674072990361,1
Telangana,Jagitial,36,681,2003,1,21087.654067954,2,14000,1.5,5.2782707780356,1
Telangana,Jagitial,36,681,2005,2,993646.6687805101,215,650000,1.0,7.1897694283678,1
Telangana,Jagitial,36,681,2007,1,450564.3552535,127,200000,1.0,6.7677001834385,1
Telangana,Jagitial,36,681,2014,1,376261.49252047,42,0,1.5,6.9557010155946,1
Telangana,Jagitial,36,681,2016,1,137435.40460325,17,3000,1.5,6.7291632323494,1
Telangana,Jagitial,36,681,2019,1,302736.26273672,25,112500,1.5,6.3561257086734,1
Telangana,Jagitial,36,681,2020,1,125991.05614617,6,2100,1.5,6.2764309755682,1
Telangana,Jangoan,36,689,1986,1,107355.33281993,150,3000000,1.0,5.933913609651,1
Telangana,Jangoan,36,689,1989,1,905209.24002345,780,0,1.0,6.9567489784143,1
Telangana,Jangoan,36,689,1990,1,267344.39912722,430,470000,1.0,6.0291310813779,1
Telangana,Jangoan,36,689,1991,1,599564.88825453,90,85000,1.0,6.5559874421319,1
Telangana,Jangoan,36,689,1994,1,1981837.4145729,617,800000,1.0,7.6772792647922,1
Telangana,Jangoan,36,689,1995,1,262803.20430156,94,12000,1.0,6.0216906475049,1
Telangana,Jangoan,36,689,1996,1,177527.01853538,326,100000,1.0,5.9482344637432,1
Telangana,Jangoan,36,689,1997,1,384888.40479346993,6,0,1.0,6.3634860780538,1
Telangana,Jangoan,36,689,1998,1,194230.07599669,230,80000,1.0,6.5893464757574,1
Telangana,Jangoan,36,689,2000,1,129459.75891805,162,3000000,2.0,6.3674072990361,1
Telangana,Jangoan,36,689,2001,1,44526.51211019099,12,9000,1.0,5.1257399316469,1
Telangana,Jangoan,36,689,2005,2,993646.6687805101,215,650000,1.0,7.1897694283678,1
Telangana,Jangoan,36,689,2006,2,493644.12023148005,205,2000000,1.0,7.093902822695,1
Telangana,Jangoan,36,689,2007,2,540844.064056827,221,220000,1.0,6.7677001834385,1
Telangana,Jangoan,36,689,2008,1,75487.925180729,74,0,1.5,5.899066787828,1
Telangana,Jangoan,36,689,2009,1,309688.87629397993,303,0,2.0,7.047228106993,1
Telangana,Jangoan,36,689,2014,1,376261.49252047,42,0,1.5,6.9557010155946,1
Telangana,Jangoan,36,689,2016,1,137435.40460325,17,3000,1.5,6.7291632323494,1
Telangana,Jangoan,36,689,2019,1,302736.26273672,25,112500,1.5,6.3561257086734,1
Telangana,Jangoan,36,689,2020,1,125991.05614617,6,2100,1.5,6.2764309755682,1
Telangana,Jayashankar Bhupalapally,36,687,1986,1,107355.33281993,150,3000000,1.0,5.933913609651,1
Telangana,Jayashankar Bhupalapally,36,687,1988,1,94871.792387788,50,0,1.0,5.4542583603891,1
Telangana,Jayashankar Bhupalapally,36,687,1989,1,905209.24002345,780,0,1.0,6.9567489784143,1
Telangana,Jayashankar Bhupalapally,36,687,1990,1,267344.39912722,430,470000,1.0,6.0291310813779,1
Telangana,Jayashankar Bhupalapally,36,687,1991,1,599564.88825453,90,85000,1.0,6.5559874421319,1
Telangana,Jayashankar Bhupalapally,36,687,1994,1,1981837.4145729,617,800000,1.0,7.6772792647922,1
Telangana,Jayashankar Bhupalapally,36,687,1995,1,262803.20430156,94,12000,1.0,6.0216906475049,1
Telangana,Jayashankar Bhupalapally,36,687,1997,1,384888.40479346993,6,0,1.0,6.3634860780538,1
Telangana,Jayashankar Bhupalapally,36,687,2000,2,166313.86187927,202,3005000,2.0,6.3674072990361,1
Telangana,Jayashankar Bhupalapally,36,687,2003,1,21087.654067954,2,14000,1.5,5.2782707780356,1
Telangana,Jayashankar Bhupalapally,36,687,2005,2,993646.6687805101,215,650000,1.0,7.1897694283678,1
Telangana,Jayashankar Bhupalapally,36,687,2006,2,493644.12023148005,205,2000000,1.0,7.093902822695,1
Telangana,Jayashankar Bhupalapally,36,687,2007,1,450564.3552535,127,200000,1.0,6.7677001834385,1
Telangana,Jayashankar Bhupalapally,36,687,2014,1,376261.49252047,42,0,1.5,6.9557010155946,1
Telangana,Jayashankar Bhupalapally,36,687,2016,1,137435.40460325,17,3000,1.5,6.7291632323494,1
Telangana,Jayashankar Bhupalapally,36,687,2019,1,302736.26273672,25,112500,1.5,6.3561257086734,1
Telangana,Jayashankar Bhupalapally,36,687,2020,1,125991.05614617,6,2100,1.5,6.2764309755682,1
Telangana,Jogulamba Gadwal,36,695,1989,1,905209.24002345,780,0,1.0,6.9567489784143,1
Telangana,Jogulamba Gadwal,36,695,1990,1,267344.39912722,430,470000,1.0,6.0291310813779,1
Telangana,Jogulamba Gadwal,36,695,1991,1,599564.88825453,90,85000,1.0,6.5559874421319,1
Telangana,Jogulamba Gadwal,36,695,1992,1,752428.65689717,90,8000,1.0,7.4675299347014,1
Telangana,Jogulamba Gadwal,36,695,1994,1,1981837.4145729,617,800000,1.0,7.6772792647922,1
Telangana,Jogulamba Gadwal,36,695,1995,1,262803.20430156,94,12000,1.0,6.0216906475049,1
Telangana,Jogulamba Gadwal,36,695,1996,1,177527.01853538,326,100000,1.0,5.9482344637432,1
Telangana,Jogulamba Gadwal,36,695,1997,2,617912.7700778099,106,0,1.0,6.622673838813,1
Telangana,Jogulamba Gadwal,36,695,1998,1,194230.07599669,230,80000,1.0,6.5893464757574,1
Telangana,Jogulamba Gadwal,36,695,2000,1,129459.75891805,162,3000000,2.0,6.3674072990361,1
Telangana,Jogulamba Gadwal,36,695,2001,2,131911.01071193902,155,59000,1.0,5.71958564905,1
Telangana,Jogulamba Gadwal,36,695,2005,1,619197.82147132,126,100000,1.0,7.1897694283678,1
Telangana,Jogulamba Gadwal,36,695,2006,1,190869.85004179,20,0,1.0,5.8827973236263,1
Telangana,Jogulamba Gadwal,36,695,2007,1,450564.3552535,127,200000,1.0,6.7677001834385,1
Telangana,Jogulamba Gadwal,36,695,2009,1,309688.87629397993,303,0,2.0,7.047228106993,1
Telangana,Jogulamba Gadwal,36,695,2014,1,376261.49252047,42,0,1.5,6.9557010155946,1
Telangana,Jogulamba Gadwal,36,695,2016,1,137435.40460325,17,3000,1.5,6.7291632323494,1
Telangana,Jogulamba Gadwal,36,695,2020,1,125991.05614617,6,2100,1.5,6.2764309755682,1
Telangana,Jogulamba Gadwal,36,695,2021,1,262393.0,23,12000,2.0,6.197103495333,1
Telangana,Kamareddy,36,685,1986,1,107355.33281993,150,3000000,1.0,5.933913609651,1
Telangana,Kamareddy,36,685,1989,1,905209.24002345,780,0,1.0,6.9567489784143,1
Telangana,Kamareddy,36,685,1990,1,267344.39912722,430,470000,1.0,6.0291310813779,1
Telangana,Kamareddy,36,685,1991,1,599564.88825453,90,85000,1.0,6.5559874421319,1
Telangana,Kamareddy,36,685,1992,1,752428.65689717,90,8000,1.0,7.4675299347014,1
Telangana,Kamareddy,36,685,1994,1,1981837.4145729,617,800000,1.0,7.6772792647922,1
Telangana,Kamareddy,36,685,1995,1,262803.20430156,94,12000,1.0,6.0216906475049,1
Telangana,Kamareddy,36,685,1997,2,613223.3901397099,56,10000,1.0,6.3634860780538,1
Telangana,Kamareddy,36,685,2000,1,129459.75891805,162,3000000,2.0,6.3674072990361,1
Telangana,Kamareddy,36,685,2005,1,619197.82147132,126,100000,1.0,7.1897694283678,1
Telangana,Kamareddy,36,685,2007,1,450564.3552535,127,200000,1.0,6.7677001834385,1
Telangana,Kamareddy,36,685,2014,1,376261.49252047,42,0,1.5,6.9557010155946,1
Telangana,Kamareddy,36,685,2016,1,137435.40460325,17,3000,1.5,6.7291632323494,1
Telangana,Kamareddy,36,685,2020,1,125991.05614617,6,2100,1.5,6.2764309755682,1
Telangana,Karimnagar,36,508,1986,1,107355.33281993,150,3000000,1.0,5.933913609651,1
Telangana,Karimnagar,36,508,1989,1,905209.24002345,780,0,1.0,6.9567489784143,1
Telangana,Karimnagar,36,508,1990,1,267344.39912722,430,470000,1.0,6.0291310813779,1
Telangana,Karimnagar,36,508,1991,1,599564.88825453,90,85000,1.0,6.5559874421319,1
Telangana,Karimnagar,36,508,1994,1,1981837.4145729,617,800000,1.0,7.6772792647922,1
Telangana,Karimnagar,36,508,1995,1,262803.20430156,94,12000,1.0,6.0216906475049,1
Telangana,Karimnagar,36,508,1997,1,384888.40479346993,6,0,1.0,6.3634860780538,1
Telangana,Karimnagar,36,508,2000,1,129459.75891805,162,3000000,2.0,6.3674072990361,1
Telangana,Karimnagar,36,508,2005,2,993646.6687805101,215,650000,1.0,7.1897694283678,1
Telangana,Karimnagar,36,508,2006,2,493644.12023148005,205,2000000,1.0,7.093902822695,1
Telangana,Karimnagar,36,508,2007,1,450564.3552535,127,200000,1.0,6.7677001834385,1
Telangana,Karimnagar,36,508,2014,1,376261.49252047,42,0,1.5,6.9557010155946,1
Telangana,Karimnagar,36,508,2016,1,137435.40460325,17,3000,1.5,6.7291632323494,1
Telangana,Karimnagar,36,508,2019,1,302736.26273672,25,112500,1.5,6.3561257086734,1
Telangana,Karimnagar,36,508,2020,1,125991.05614617,6,2100,1.5,6.2764309755682,1
Telangana,Khammam,36,509,1986,1,107355.33281993,150,3000000,1.0,5.933913609651,1
Telangana,Khammam,36,509,1988,1,94871.792387788,50,0,1.0,5.4542583603891,1
Telangana,Khammam,36,509,1989,1,905209.24002345,780,0,1.0,6.9567489784143,1
Telangana,Khammam,36,509,1990,1,267344.39912722,430,470000,1.0,6.0291310813779,1
Telangana,Khammam,36,509,1991,1,599564.88825453,90,85000,1.0,6.5559874421319,1
Telangana,Khammam,36,509,1994,2,2092494.9922392298,847,816000,1.0,7.6772792647922,1
Telangana,Khammam,36,509,1995,1,262803.20430156,94,12000,1.0,6.0216906475049,1
Telangana,Khammam,36,509,1996,2,198972.474590473,2826,240000,2.0,5.9482344637432,1
Telangana,Khammam,36,509,1997,2,465533.04904697894,38,20000,1.0,6.3634860780538,1
Telangana,Khammam,36,509,1998,1,194230.07599669,230,80000,1.0,6.5893464757574,1
Telangana,Khammam,36,509,2000,1,129459.75891805,162,3000000,2.0,6.3674072990361,1
Telangana,Khammam,36,509,2001,1,44526.51211019099,12,9000,1.0,5.1257399316469,1
Telangana,Khammam,36,509,2005,2,993646.6687805101,215,650000,1.0,7.1897694283678,1
Telangana,Khammam,36,509,2006,2,493644.12023148005,205,2000000,1.0,7.093902822695,1
Telangana,Khammam,36,509,2007,2,540844.064056827,221,220000,1.0,6.7677001834385,1
Telangana,Khammam,36,509,2008,1,75487.925180729,74,0,1.5,5.899066787828,1
Telangana,Khammam,36,509,2009,1,309688.87629397993,303,0,2.0,7.047228106993,1
Telangana,Khammam,36,509,2010,1,63171.41172685,27,50000,1.0,5.6456186224386,1
Telangana,Khammam,36,509,2014,1,376261.49252047,42,0,1.5,6.9557010155946,1
Telangana,Khammam,36,509,2016,1,137435.40460325,17,3000,1.5,6.7291632323494,1
Telangana,Khammam,36,509,2019,1,302736.26273672,25,112500,1.5,6.3561257086734,1
Telangana,Khammam,36,509,2020,1,125991.05614617,6,2100,1.5,6.2764309755682,1
Telangana,Kumuram Bheem Asifabad,36,699,1986,1,107355.33281993,150,3000000,1.0,5.933913609651,1
Telangana,Kumuram Bheem Asifabad,36,699,1988,1,94871.792387788,50,0,1.0,5.4542583603891,1
Telangana,Kumuram Bheem Asifabad,36,699,1989,1,905209.24002345,780,0,1.0,6.9567489784143,1
Telangana,Kumuram Bheem Asifabad,36,699,1990,1,267344.39912722,430,470000,1.0,6.0291310813779,1
Telangana,Kumuram Bheem Asifabad,36,699,1991,1,599564.88825453,90,85000,1.0,6.5559874421319,1
Telangana,Kumuram Bheem Asifabad,36,699,1992,1,518125.27779756,40,2000,1.0,7.2459136977876,1
Telangana,Kumuram Bheem Asifabad,36,699,1994,1,1981837.4145729,617,800000,1.0,7.6772792647922,1
Telangana,Kumuram Bheem Asifabad,36,699,1995,1,262803.20430156,94,12000,1.0,6.0216906475049,1
Telangana,Kumuram Bheem Asifabad,36,699,1997,1,384888.40479346993,6,0,1.0,6.3634860780538,1
Telangana,Kumuram Bheem Asifabad,36,699,2000,1,36854.10296122,40,5000,1.0,5.0436070995396,1
Telangana,Kumuram Bheem Asifabad,36,699,2003,1,21087.654067954,2,14000,1.5,5.2782707780356,1
Telangana,Kumuram Bheem Asifabad,36,699,2005,2,993646.6687805101,215,650000,1.0,7.1897694283678,1
Telangana,Kumuram Bheem Asifabad,36,699,2007,1,450564.3552535,127,200000,1.0,6.7677001834385,1
Telangana,Kumuram Bheem Asifabad,36,699,2014,1,376261.49252047,42,0,1.5,6.9557010155946,1
Telangana,Kumuram Bheem Asifabad,36,699,2016,1,137435.40460325,17,3000,1.5,6.7291632323494,1
Telangana,Kumuram Bheem Asifabad,36,699,2019,1,302736.26273672,25,112500,1.5,6.3561257086734,1
Telangana,Kumuram Bheem Asifabad,36,699,2020,1,125991.05614617,6,2100,1.5,6.2764309755682,1
Telangana,Mahabubabad,36,688,1986,1,107355.33281993,150,3000000,1.0,5.933913609651,1
Telangana,Mahabubabad,36,688,1988,1,94871.792387788,50,0,1.0,5.4542583603891,1
Telangana,Mahabubabad,36,688,1989,1,905209.24002345,780,0,1.0,6.9567489784143,1
Telangana,Mahabubabad,36,688,1990,1,267344.39912722,430,470000,1.0,6.0291310813779,1
Telangana,Mahabubabad,36,688,1991,1,599564.88825453,90,85000,1.0,6.5559874421319,1
Telangana,Mahabubabad,36,688,1994,1,1981837.4145729,617,800000,1.0,7.6772792647922,1
Telangana,Mahabubabad,36,688,1995,1,262803.20430156,94,12000,1.0,6.0216906475049,1
Telangana,Mahabubabad,36,688,1996,1,177527.01853538,326,100000,1.0,5.9482344637432,1
Telangana,Mahabubabad,36,688,1997,1,384888.40479346993,6,0,1.0,6.3634860780538,1
Telangana,Mahabubabad,36,688,1998,1,194230.07599669,230,80000,1.0,6.5893464757574,1
Telangana,Mahabubabad,36,688,2000,1,129459.75891805,162,3000000,2.0,6.3674072990361,1
Telangana,Mahabubabad,36,688,2001,1,44526.51211019099,12,9000,1.0,5.1257399316469,1
Telangana,Mahabubabad,36,688,2005,2,993646.6687805101,215,650000,1.0,7.1897694283678,1
Telangana,Mahabubabad,36,688,2006,2,493644.12023148005,205,2000000,1.0,7.093902822695,1
Telangana,Mahabubabad,36,688,2007,2,540844.064056827,221,220000,1.0,6.7677001834385,1
Telangana,Mahabubabad,36,688,2008,1,75487.925180729,74,0,1.5,5.899066787828,1
Telangana,Mahabubabad,36,688,2009,1,309688.87629397993,303,0,2.0,7.047228106993,1
Telangana,Mahabubabad,36,688,2014,1,376261.49252047,42,0,1.5,6.9557010155946,1
Telangana,Mahabubabad,36,688,2016,1,137435.40460325,17,3000,1.5,6.7291632323494,1
Telangana,Mahabubabad,36,688,2019,1,302736.26273672,25,112500,1.5,6.3561257086734,1
Telangana,Mahabubabad,36,688,2020,1,125991.05614617,6,2100,1.5,6.2764309755682,1
Telangana,Mahabubnagar,36,512,1986,1,107355.33281993,150,3000000,1.0,5.933913609651,1
Telangana,Mahabubnagar,36,512,1989,1,905209.24002345,780,0,1.0,6.9567489784143,1
Telangana,Mahabubnagar,36,512,1990,1,267344.39912722,430,470000,1.0,6.0291310813779,1
Telangana,Mahabubnagar,36,512,1991,1,599564.88825453,90,85000,1.0,6.5559874421319,1
Telangana,Mahabubnagar,36,512,1992,1,752428.65689717,90,8000,1.0,7.4675299347014,1
Telangana,Mahabubnagar,36,512,1994,1,1981837.4145729,617,800000,1.0,7.6772792647922,1
Telangana,Mahabubnagar,36,512,1995,1,262803.20430156,94,12000,1.0,6.0216906475049,1
Telangana,Mahabubnagar,36,512,1996,1,177527.01853538,326,100000,1.0,5.9482344637432,1
Telangana,Mahabubnagar,36,512,1997,1,384888.40479346993,6,0,1.0,6.3634860780538,1
Telangana,Mahabubnagar,36,512,1998,1,194230.07599669,230,80000,1.0,6.5893464757574,1
Telangana,Mahabubnagar,36,512,2000,1,129459.75891805,162,3000000,2.0,6.3674072990361,1
Telangana,Mahabubnagar,36,512,2001,1,44526.51211019099,12,9000,1.0,5.1257399316469,1
Telangana,Mahabubnagar,36,512,2005,2,993646.6687805101,215,650000,1.0,7.1897694283678,1
Telangana,Mahabubnagar,36,512,2006,1,190869.85004179,20,0,1.0,5.8827973236263,1
Telangana,Mahabubnagar,36,512,2007,1,450564.3552535,127,200000,1.0,6.7677001834385,1
Telangana,Mahabubnagar,36,512,2009,1,309688.87629397993,303,0,2.0,7.047228106993,1
Telangana,Mahabubnagar,36,512,2014,1,376261.49252047,42,0,1.5,6.9557010155946,1
Telangana,Mahabubnagar,36,512,2016,1,137435.40460325,17,3000,1.5,6.7291632323494,1
Telangana,Mahabubnagar,36,512,2020,1,125991.05614617,6,2100,1.5,6.2764309755682,1
Telangana,Mancherial,36,684,1986,1,107355.33281993,150,3000000,1.0,5.933913609651,1
Telangana,Mancherial,36,684,1988,1,94871.792387788,50,0,1.0,5.4542583603891,1
Telangana,Mancherial,36,684,1989,1,905209.24002345,780,0,1.0,6.9567489784143,1
Telangana,Mancherial,36,684,1990,1,267344.39912722,430,470000,1.0,6.0291310813779,1
Telangana,Mancherial,36,684,1991,1,599564.88825453,90,85000,1.0,6.5559874421319,1
Telangana,Mancherial,36,684,1994,1,1981837.4145729,617,800000,1.0,7.6772792647922,1
Telangana,Mancherial,36,684,1995,1,262803.20430156,94,12000,1.0,6.0216906475049,1
Telangana,Mancherial,36,684,1997,1,384888.40479346993,6,0,1.0,6.3634860780538,1
Telangana,Mancherial,36,684,2000,2,166313.86187927,202,3005000,2.0,6.3674072990361,1
Telangana,Mancherial,36,684,2003,1,21087.654067954,2,14000,1.5,5.2782707780356,1
Telangana,Mancherial,36,684,2005,2,993646.6687805101,215,650000,1.0,7.1897694283678,1
Telangana,Mancherial,36,684,2006,2,493644.12023148005,205,2000000,1.0,7.093902822695,1
Telangana,Mancherial,36,684,2007,1,450564.3552535,127,200000,1.0,6.7677001834385,1
Telangana,Mancherial,36,684,2014,1,376261.49252047,42,0,1.5,6.9557010155946,1
Telangana,Mancherial,36,684,2016,1,137435.40460325,17,3000,1.5,6.7291632323494,1
Telangana,Mancherial,36,684,2019,1,302736.26273672,25,112500,1.5,6.3561257086734,1
Telangana,Mancherial,36,684,2020,1,125991.05614617,6,2100,1.5,6.2764309755682,1
Telangana,Medak,36,513,1986,1,107355.33281993,150,3000000,1.0,5.933913609651,1
Telangana,Medak,36,513,1989,1,905209.24002345,780,0,1.0,6.9567489784143,1
Telangana,Medak,36,513,1990,1,267344.39912722,430,470000,1.0,6.0291310813779,1
Telangana,Medak,36,513,1991,1,599564.88825453,90,85000,1.0,6.5559874421319,1
Telangana,Medak,36,513,1992,1,752428.65689717,90,8000,1.0,7.4675299347014,1
Telangana,Medak,36,513,1994,1,1981837.4145729,617,800000,1.0,7.6772792647922,1
Telangana,Medak,36,513,1995,1,262803.20430156,94,12000,1.0,6.0216906475049,1
Telangana,Medak,36,513,1996,1,177527.01853538,326,100000,1.0,5.9482344637432,1
Telangana,Medak,36,513,1997,1,384888.40479346993,6,0,1.0,6.3634860780538,1
Telangana,Medak,36,513,2000,1,129459.75891805,162,3000000,2.0,6.3674072990361,1
Telangana,Medak,36,513,2005,1,619197.82147132,126,100000,1.0,7.1897694283678,1
Telangana,Medak,36,513,2007,1,450564.3552535,127,200000,1.0,6.7677001834385,1
Telangana,Medak,36,513,2009,1,309688.87629397993,303,0,2.0,7.047228106993,1
Telangana,Medak,36,513,2014,1,376261.49252047,42,0,1.5,6.9557010155946,1
Telangana,Medak,36,513,2016,1,137435.40460325,17,3000,1.5,6.7291632323494,1
Telangana,Medak,36,513,2020,1,125991.05614617,6,2100,1.5,6.2764309755682,1
Telangana,Medchal Malkajgiri,36,700,1986,1,107355.33281993,150,3000000,1.0,5.933913609651,1
Telangana,Medchal Malkajgiri,36,700,1989,1,905209.24002345,780,0,1.0,6.9567489784143,1
Telangana,Medchal Malkajgiri,36,700,1990,1,267344.39912722,430,470000,1.0,6.0291310813779,1
Telangana,Medchal Malkajgiri,36,700,1991,1,599564.88825453,90,85000,1.0,6.5559874421319,1
Telangana,Medchal Malkajgiri,36,700,1994,1,1981837.4145729,617,800000,1.0,7.6772792647922,1
Telangana,Medchal Malkajgiri,36,700,1995,1,262803.20430156,94,12000,1.0,6.0216906475049,1
Telangana,Medchal Malkajgiri,36,700,1996,1,177527.01853538,326,100000,1.0,5.9482344637432,1
Telangana,Medchal Malkajgiri,36,700,1997,1,384888.40479346993,6,0,1.0,6.3634860780538,1
Telangana,Medchal Malkajgiri,36,700,1998,1,194230.07599669,230,80000,1.0,6.5893464757574,1
Telangana,Medchal Malkajgiri,36,700,2000,1,129459.75891805,162,3000000,2.0,6.3674072990361,1
Telangana,Medchal Malkajgiri,36,700,2005,2,993646.6687805101,215,650000,1.0,7.1897694283678,1
Telangana,Medchal Malkajgiri,36,700,2006,2,493644.12023148005,205,2000000,1.0,7.093902822695,1
Telangana,Medchal Malkajgiri,36,700,2007,1,450564.3552535,127,200000,1.0,6.7677001834385,1
Telangana,Medchal Malkajgiri,36,700,2009,1,309688.87629397993,303,0,2.0,7.047228106993,1
Telangana,Medchal Malkajgiri,36,700,2014,1,376261.49252047,42,0,1.5,6.9557010155946,1
Telangana,Medchal Malkajgiri,36,700,2016,1,137435.40460325,17,3000,1.5,6.7291632323494,1
Telangana,Medchal Malkajgiri,36,700,2020,1,125991.05614617,6,2100,1.5,6.2764309755682,1
Telangana,Mulugu,36,720,1986,1,107355.33281993,150,3000000,1.0,5.933913609651,1
Telangana,Mulugu,36,720,1988,1,94871.792387788,50,0,1.0,5.4542583603891,1
Telangana,Mulugu,36,720,1989,1,905209.24002345,780,0,1.0,6.9567489784143,1
Telangana,Mulugu,36,720,1990,1,267344.39912722,430,470000,1.0,6.0291310813779,1
Telangana,Mulugu,36,720,1991,1,599564.88825453,90,85000,1.0,6.5559874421319,1
Telangana,Mulugu,36,720,1994,1,1981837.4145729,617,800000,1.0,7.6772792647922,1
Telangana,Mulugu,36,720,1995,1,262803.20430156,94,12000,1.0,6.0216906475049,1
Telangana,Mulugu,36,720,1997,1,384888.40479346993,6,0,1.0,6.3634860780538,1
Telangana,Mulugu,36,720,1998,1,194230.07599669,230,80000,1.0,6.5893464757574,1
Telangana,Mulugu,36,720,2000,1,129459.75891805,162,3000000,2.0,6.3674072990361,1
Telangana,Mulugu,36,720,2005,2,993646.6687805101,215,650000,1.0,7.1897694283678,1
Telangana,Mulugu,36,720,2006,2,493644.12023148005,205,2000000,1.0,7.093902822695,1
Telangana,Mulugu,36,720,2007,1,450564.3552535,127,200000,1.0,6.7677001834385,1
Telangana,Mulugu,36,720,2008,1,75487.925180729,74,0,1.5,5.899066787828,1
Telangana,Mulugu,36,720,2014,1,376261.49252047,42,0,1.5,6.9557010155946,1
Telangana,Mulugu,36,720,2016,1,137435.40460325,17,3000,1.5,6.7291632323494,1
Telangana,Mulugu,36,720,2019,1,302736.26273672,25,112500,1.5,6.3561257086734,1
Telangana,Mulugu,36,720,2020,1,125991.05614617,6,2100,1.5,6.2764309755682,1
Telangana,Nagarkurnool,36,694,1986,1,107355.33281993,150,3000000,1.0,5.933913609651,1
Telangana,Nagarkurnool,36,694,1989,1,905209.24002345,780,0,1.0,6.9567489784143,1
Telangana,Nagarkurnool,36,694,1990,1,267344.39912722,430,470000,1.0,6.0291310813779,1
Telangana,Nagarkurnool,36,694,1991,1,599564.88825453,90,85000,1.0,6.5559874421319,1
Telangana,Nagarkurnool,36,694,1992,1,752428.65689717,90,8000,1.0,7.4675299347014,1
Telangana,Nagarkurnool,36,694,1994,2,2092494.9922392298,847,816000,1.0,7.6772792647922,1
Telangana,Nagarkurnool,36,694,1995,1,262803.20430156,94,12000,1.0,6.0216906475049,1
Telangana,Nagarkurnool,36,694,1996,1,177527.01853538,326,100000,1.0,5.9482344637432,1
Telangana,Nagarkurnool,36,694,1997,1,384888.40479346993,6,0,1.0,6.3634860780538,1
Telangana,Nagarkurnool,36,694,1998,1,194230.07599669,230,80000,1.0,6.5893464757574,1
Telangana,Nagarkurnool,36,694,2000,1,129459.75891805,162,3000000,2.0,6.3674072990361,1
Telangana,Nagarkurnool,36,694,2001,2,131911.01071193902,155,59000,1.0,5.71958564905,1
Telangana,Nagarkurnool,36,694,2005,2,993646.6687805101,215,650000,1.0,7.1897694283678,1
Telangana,Nagarkurnool,36,694,2006,1,190869.85004179,20,0,1.0,5.8827973236263,1
Telangana,Nagarkurnool,36,694,2007,2,540844.064056827,221,220000,1.0,6.7677001834385,1
Telangana,Nagarkurnool,36,694,2009,1,309688.87629397993,303,0,2.0,7.047228106993,1
Telangana,Nagarkurnool,36,694,2014,1,376261.49252047,42,0,1.5,6.9557010155946,1
Telangana,Nagarkurnool,36,694,2016,1,137435.40460325,17,3000,1.5,6.7291632323494,1
Telangana,Nagarkurnool,36,694,2020,1,125991.05614617,6,2100,1.5,6.2764309755682,1
Telangana,Nagarkurnool,36,694,2021,1,262393.0,23,12000,2.0,6.197103495333,1
Telangana,Nalgonda,36,514,1986,1,107355.33281993,150,3000000,1.0,5.933913609651,1
Telangana,Nalgonda,36,514,1989,1,905209.24002345,780,0,1.0,6.9567489784143,1
Telangana,Nalgonda,36,514,1990,1,267344.39912722,430,470000,1.0,6.0291310813779,1
Telangana,Nalgonda,36,514,1991,1,599564.88825453,90,85000,1.0,6.5559874421319,1
Telangana,Nalgonda,36,514,1994,2,2092494.9922392298,847,816000,1.0,7.6772792647922,1
Telangana,Nalgonda,36,514,1995,1,262803.20430156,94,12000,1.0,6.0216906475049,1
Telangana,Nalgonda,36,514,1996,1,177527.01853538,326,100000,1.0,5.9482344637432,1
Telangana,Nalgonda,36,514,1997,2,465533.04904697894,38,20000,1.0,6.3634860780538,1
Telangana,Nalgonda,36,514,1998,1,194230.07599669,230,80000,1.0,6.5893464757574,1
Telangana,Nalgonda,36,514,2000,1,129459.75891805,162,3000000,2.0,6.3674072990361,1
Telangana,Nalgonda,36,514,2001,2,131911.01071193902,155,59000,1.0,5.71958564905,1
Telangana,Nalgonda,36,514,2005,2,993646.6687805101,215,650000,1.0,7.1897694283678,1
Telangana,Nalgonda,36,514,2006,2,493644.12023148005,205,2000000,1.0,7.093902822695,1
Telangana,Nalgonda,36,514,2007,2,540844.064056827,221,220000,1.0,6.7677001834385,1
Telangana,Nalgonda,36,514,2008,1,75487.925180729,74,0,1.5,5.899066787828,1
Telangana,Nalgonda,36,514,2009,1,309688.87629397993,303,0,2.0,7.047228106993,1
Telangana,Nalgonda,36,514,2010,1,63171.41172685,27,50000,1.0,5.6456186224386,1
Telangana,Nalgonda,36,514,2014,1,376261.49252047,42,0,1.5,6.9557010155946,1
Telangana,Nalgonda,36,514,2016,1,137435.40460325,17,3000,1.5,6.7291632323494,1
Telangana,Nalgonda,36,514,2019,1,302736.26273672,25,112500,1.5,6.3561257086734,1
Telangana,Nalgonda,36,514,2020,1,125991.05614617,6,2100,1.5,6.2764309755682,1
Telangana,Narayanpet,36,721,1989,1,905209.24002345,780,0,1.0,6.9567489784143,1
Telangana,Narayanpet,36,721,1990,1,267344.39912722,430,470000,1.0,6.0291310813779,1
Telangana,Narayanpet,36,721,1991,2,1090926.38334009,162,385000,2.0,6.5559874421319,1
Telangana,Narayanpet,36,721,1992,1,752428.65689717,90,8000,1.0,7.4675299347014,1
Telangana,Narayanpet,36,721,1994,1,1981837.4145729,617,800000,1.0,7.6772792647922,1
Telangana,Narayanpet,36,721,1995,1,262803.20430156,94,12000,1.0,6.0216906475049,1
Telangana,Narayanpet,36,721,1996,1,177527.01853538,326,100000,1.0,5.9482344637432,1
Telangana,Narayanpet,36,721,1997,2,617912.7700778099,106,0,1.0,6.622673838813,1
Telangana,Narayanpet,36,721,2000,1,129459.75891805,162,3000000,2.0,6.3674072990361,1
Telangana,Narayanpet,36,721,2001,1,44526.51211019099,12,9000,1.0,5.1257399316469,1
Telangana,Narayanpet,36,721,2005,1,619197.82147132,126,100000,1.0,7.1897694283678,1
Telangana,Narayanpet,36,721,2007,1,450564.3552535,127,200000,1.0,6.7677001834385,1
Telangana,Narayanpet,36,721,2009,1,309688.87629397993,303,0,2.0,7.047228106993,1
Telangana,Narayanpet,36,721,2014,1,376261.49252047,42,0,1.5,6.9557010155946,1
Telangana,Narayanpet,36,721,2020,1,125991.05614617,6,2100,1.5,6.2764309755682,1
Telangana,Nirmal,36,680,1989,1,905209.24002345,780,0,1.0,6.9567489784143,1
Telangana,Nirmal,36,680,1990,1,267344.39912722,430,470000,1.0,6.0291310813779,1
Telangana,Nirmal,36,680,1991,1,599564.88825453,90,85000,1.0,6.5559874421319,1
Telangana,Nirmal,36,680,1992,1,752428.65689717,90,8000,1.0,7.4675299347014,1
Telangana,Nirmal,36,680,1994,1,1981837.4145729,617,800000,1.0,7.6772792647922,1
Telangana,Nirmal,36,680,1995,1,262803.20430156,94,12000,1.0,6.0216906475049,1
Telangana,Nirmal,36,680,1997,2,613223.3901397099,56,10000,1.0,6.3634860780538,1
Telangana,Nirmal,36,680,2000,1,129459.75891805,162,3000000,2.0,6.3674072990361,1
Telangana,Nirmal,36,680,2003,1,21087.654067954,2,14000,1.5,5.2782707780356,1
Telangana,Nirmal,36,680,2005,2,993646.6687805101,215,650000,1.0,7.1897694283678,1
Telangana,Nirmal,36,680,2007,1,450564.3552535,127,200000,1.0,6.7677001834385,1
Telangana,Nirmal,36,680,2014,1,376261.49252047,42,0,1.5,6.9557010155946,1
Telangana,Nirmal,36,680,2019,1,302736.26273672,25,112500,1.5,6.3561257086734,1
Telangana,Nirmal,36,680,2020,1,125991.05614617,6,2100,1.5,6.2764309755682,1
Telangana,Nizamabad,36,516,1989,1,905209.24002345,780,0,1.0,6.9567489784143,1
Telangana,Nizamabad,36,516,1990,1,267344.39912722,430,470000,1.0,6.0291310813779,1
Telangana,Nizamabad,36,516,1991,1,599564.88825453,90,85000,1.0,6.5559874421319,1
Telangana,Nizamabad,36,516,1992,1,752428.65689717,90,8000,1.0,7.4675299347014,1
Telangana,Nizamabad,36,516,1994,1,1981837.4145729,617,800000,1.0,7.6772792647922,1
Telangana,Nizamabad,36,516,1995,1,262803.20430156,94,12000,1.0,6.0216906475049,1
Telangana,Nizamabad,36,516,1997,2,613223.3901397099,56,10000,1.0,6.3634860780538,1
Telangana,Nizamabad,36,516,2000,1,129459.75891805,162,3000000,2.0,6.3674072990361,1
Telangana,Nizamabad,36,516,2005,1,619197.82147132,126,100000,1.0,7.1897694283678,1
Telangana,Nizamabad,36,516,2007,1,450564.3552535,127,200000,1.0,6.7677001834385,1
Telangana,Nizamabad,36,516,2014,1,376261.49252047,42,0,1.5,6.9557010155946,1
Telangana,Nizamabad,36,516,2020,1,125991.05614617,6,2100,1.5,6.2764309755682,1
Telangana,Peddapalli,36,682,1986,1,107355.33281993,150,3000000,1.0,5.933913609651,1
Telangana,Peddapalli,36,682,1988,1,94871.792387788,50,0,1.0,5.4542583603891,1
Telangana,Peddapalli,36,682,1989,1,905209.24002345,780,0,1.0,6.9567489784143,1
Telangana,Peddapalli,36,682,1990,1,267344.39912722,430,470000,1.0,6.0291310813779,1
Telangana,Peddapalli,36,682,1991,1,599564.88825453,90,85000,1.0,6.5559874421319,1
Telangana,Peddapalli,36,682,1994,1,1981837.4145729,617,800000,1.0,7.6772792647922,1
Telangana,Peddapalli,36,682,1995,1,262803.20430156,94,12000,1.0,6.0216906475049,1
Telangana,Peddapalli,36,682,1997,1,384888.40479346993,6,0,1.0,6.3634860780538,1
Telangana,Peddapalli,36,682,2000,1,129459.75891805,162,3000000,2.0,6.3674072990361,1
Telangana,Peddapalli,36,682,2003,1,21087.654067954,2,14000,1.5,5.2782707780356,1
Telangana,Peddapalli,36,682,2005,2,993646.6687805101,215,650000,1.0,7.1897694283678,1
Telangana,Peddapalli,36,682,2006,2,493644.12023148005,205,2000000,1.0,7.093902822695,1
Telangana,Peddapalli,36,682,2007,1,450564.3552535,127,200000,1.0,6.7677001834385,1
Telangana,Peddapalli,36,682,2014,1,376261.49252047,42,0,1.5,6.9557010155946,1
Telangana,Peddapalli,36,682,2016,1,137435.40460325,17,3000,1.5,6.7291632323494,1
Telangana,Peddapalli,36,682,2019,1,302736.26273672,25,112500,1.5,6.3561257086734,1
Telangana,Peddapalli,36,682,2020,1,125991.05614617,6,2100,1.5,6.2764309755682,1
Telangana,Rajanna Sircilla,36,683,1986,1,107355.33281993,150,3000000,1.0,5.933913609651,1
Telangana,Rajanna Sircilla,36,683,1989,1,905209.24002345,780,0,1.0,6.9567489784143,1
Telangana,Rajanna Sircilla,36,683,1990,1,267344.39912722,430,470000,1.0,6.0291310813779,1
Telangana,Rajanna Sircilla,36,683,1991,1,599564.88825453,90,85000,1.0,6.5559874421319,1
Telangana,Rajanna Sircilla,36,683,1994,1,1981837.4145729,617,800000,1.0,7.6772792647922,1
Telangana,Rajanna Sircilla,36,683,1995,1,262803.20430156,94,12000,1.0,6.0216906475049,1
Telangana,Rajanna Sircilla,36,683,1997,1,384888.40479346993,6,0,1.0,6.3634860780538,1
Telangana,Rajanna Sircilla,36,683,2000,1,129459.75891805,162,3000000,2.0,6.3674072990361,1
Telangana,Rajanna Sircilla,36,683,2005,2,993646.6687805101,215,650000,1.0,7.1897694283678,1
Telangana,Rajanna Sircilla,36,683,2006,2,493644.12023148005,205,2000000,1.0,7.093902822695,1
Telangana,Rajanna Sircilla,36,683,2007,1,450564.3552535,127,200000,1.0,6.7677001834385,1
Telangana,Rajanna Sircilla,36,683,2014,1,376261.49252047,42,0,1.5,6.9557010155946,1
Telangana,Rajanna Sircilla,36,683,2016,1,137435.40460325,17,3000,1.5,6.7291632323494,1
Telangana,Rajanna Sircilla,36,683,2019,1,302736.26273672,25,112500,1.5,6.3561257086734,1
Telangana,Rajanna Sircilla,36,683,2020,1,125991.05614617,6,2100,1.5,6.2764309755682,1
Telangana,Ranga Reddy,36,518,1986,1,107355.33281993,150,3000000,1.0,5.933913609651,1
Telangana,Ranga Reddy,36,518,1989,1,905209.24002345,780,0,1.0,6.9567489784143,1
Telangana,Ranga Reddy,36,518,1990,1,267344.39912722,430,470000,1.0,6.0291310813779,1
Telangana,Ranga Reddy,36,518,1991,1,599564.88825453,90,85000,1.0,6.5559874421319,1
Telangana,Ranga Reddy,36,518,1992,1,752428.65689717,90,8000,1.0,7.4675299347014,1
Telangana,Ranga Reddy,36,518,1994,1,1981837.4145729,617,800000,1.0,7.6772792647922,1
Telangana,Ranga Reddy,36,518,1995,1,262803.20430156,94,12000,1.0,6.0216906475049,1
Telangana,Ranga Reddy,36,518,1996,1,177527.01853538,326,100000,1.0,5.9482344637432,1
Telangana,Ranga Reddy,36,518,1997,1,384888.40479346993,6,0,1.0,6.3634860780538,1
Telangana,Ranga Reddy,36,518,1998,1,194230.07599669,230,80000,1.0,6.5893464757574,1
Telangana,Ranga Reddy,36,518,2000,1,129459.75891805,162,3000000,2.0,6.3674072990361,1
Telangana,Ranga Reddy,36,518,2001,1,44526.51211019099,12,9000,1.0,5.1257399316469,1
Telangana,Ranga Reddy,36,518,2005,2,993646.6687805101,215,650000,1.0,7.1897694283678,1
Telangana,Ranga Reddy,36,518,2006,2,493644.12023148005,205,2000000,1.0,7.093902822695,1
Telangana,Ranga Reddy,36,518,2007,2,540844.064056827,221,220000,1.0,6.7677001834385,1
Telangana,Ranga Reddy,36,518,2009,1,309688.87629397993,303,0,2.0,7.047228106993,1
Telangana,Ranga Reddy,36,518,2014,1,376261.49252047,42,0,1.5,6.9557010155946,1
Telangana,Ranga Reddy,36,518,2016,1,137435.40460325,17,3000,1.5,6.7291632323494,1
Telangana,Ranga Reddy,36,518,2020,1,125991.05614617,6,2100,1.5,6.2764309755682,1
Telangana,Sangareddy,36,691,1986,1,107355.33281993,150,3000000,1.0,5.933913609651,1
Telangana,Sangareddy,36,691,1989,1,905209.24002345,780,0,1.0,6.9567489784143,1
Telangana,Sangareddy,36,691,1990,1,267344.39912722,430,470000,1.0,6.0291310813779,1
Telangana,Sangareddy,36,691,1991,2,1090926.38334009,162,385000,2.0,6.5559874421319,1
Telangana,Sangareddy,36,691,1992,1,752428.65689717,90,8000,1.0,7.4675299347014,1
Telangana,Sangareddy,36,691,1994,1,1981837.4145729,617,800000,1.0,7.6772792647922,1
Telangana,Sangareddy,36,691,1995,1,262803.20430156,94,12000,1.0,6.0216906475049,1
Telangana,Sangareddy,36,691,1996,1,177527.01853538,326,100000,1.0,5.9482344637432,1
Telangana,Sangareddy,36,691,1997,3,846247.7554240499,156,10000,1.0,6.622673838813,1
Telangana,Sangareddy,36,691,2000,1,129459.75891805,162,3000000,2.0,6.3674072990361,1
Telangana,Sangareddy,36,691,2005,1,619197.82147132,126,100000,1.0,7.1897694283678,1
Telangana,Sangareddy,36,691,2007,1,450564.3552535,127,200000,1.0,6.7677001834385,1
Telangana,Sangareddy,36,691,2009,1,309688.87629397993,303,0,2.0,7.047228106993,1
Telangana,Sangareddy,36,691,2014,1,376261.49252047,42,0,1.5,6.9557010155946,1
Telangana,Sangareddy,36,691,2016,1,137435.40460325,17,3000,1.5,6.7291632323494,1
Telangana,Sangareddy,36,691,2020,1,125991.05614617,6,2100,1.5,6.2764309755682,1
Telangana,Siddipet,36,692,1986,1,107355.33281993,150,3000000,1.0,5.933913609651,1
Telangana,Siddipet,36,692,1989,1,905209.24002345,780,0,1.0,6.9567489784143,1
Telangana,Siddipet,36,692,1990,1,267344.39912722,430,470000,1.0,6.0291310813779,1
Telangana,Siddipet,36,692,1991,1,599564.88825453,90,85000,1.0,6.5559874421319,1
Telangana,Siddipet,36,692,1994,1,1981837.4145729,617,800000,1.0,7.6772792647922,1
Telangana,Siddipet,36,692,1995,1,262803.20430156,94,12000,1.0,6.0216906475049,1
Telangana,Siddipet,36,692,1996,1,177527.01853538,326,100000,1.0,5.9482344637432,1
Telangana,Siddipet,36,692,1997,1,384888.40479346993,6,0,1.0,6.3634860780538,1
Telangana,Siddipet,36,692,2000,1,129459.75891805,162,3000000,2.0,6.3674072990361,1
Telangana,Siddipet,36,692,2001,1,44526.51211019099,12,9000,1.0,5.1257399316469,1
Telangana,Siddipet,36,692,2005,2,993646.6687805101,215,650000,1.0,7.1897694283678,1
Telangana,Siddipet,36,692,2006,2,493644.12023148005,205,2000000,1.0,7.093902822695,1
Telangana,Siddipet,36,692,2007,1,450564.3552535,127,200000,1.0,6.7677001834385,1
Telangana,Siddipet,36,692,2009,1,309688.87629397993,303,0,2.0,7.047228106993,1
Telangana,Siddipet,36,692,2014,1,376261.49252047,42,0,1.5,6.9557010155946,1
Telangana,Siddipet,36,692,2016,1,137435.40460325,17,3000,1.5,6.7291632323494,1
Telangana,Siddipet,36,692,2019,1,302736.26273672,25,112500,1.5,6.3561257086734,1
Telangana,Siddipet,36,692,2020,1,125991.05614617,6,2100,1.5,6.2764309755682,1
Telangana,Suryapet,36,696,1986,1,107355.33281993,150,3000000,1.0,5.933913609651,1
Telangana,Suryapet,36,696,1989,1,905209.24002345,780,0,1.0,6.9567489784143,1
Telangana,Suryapet,36,696,1990,1,267344.39912722,430,470000,1.0,6.0291310813779,1
Telangana,Suryapet,36,696,1991,1,599564.88825453,90,85000,1.0,6.5559874421319,1
Telangana,Suryapet,36,696,1994,2,2092494.9922392298,847,816000,1.0,7.6772792647922,1
Telangana,Suryapet,36,696,1995,1,262803.20430156,94,12000,1.0,6.0216906475049,1
Telangana,Suryapet,36,696,1996,1,177527.01853538,326,100000,1.0,5.9482344637432,1
Telangana,Suryapet,36,696,1997,2,465533.04904697894,38,20000,1.0,6.3634860780538,1
Telangana,Suryapet,36,696,1998,1,194230.07599669,230,80000,1.0,6.5893464757574,1
Telangana,Suryapet,36,696,2000,1,129459.75891805,162,3000000,2.0,6.3674072990361,1
Telangana,Suryapet,36,696,2001,2,131911.01071193902,155,59000,1.0,5.71958564905,1
Telangana,Suryapet,36,696,2005,2,993646.6687805101,215,650000,1.0,7.1897694283678,1
Telangana,Suryapet,36,696,2006,2,493644.12023148005,205,2000000,1.0,7.093902822695,1
Telangana,Suryapet,36,696,2007,2,540844.064056827,221,220000,1.0,6.7677001834385,1
Telangana,Suryapet,36,696,2008,1,75487.925180729,74,0,1.5,5.899066787828,1
Telangana,Suryapet,36,696,2009,1,309688.87629397993,303,0,2.0,7.047228106993,1
Telangana,Suryapet,36,696,2010,1,63171.41172685,27,50000,1.0,5.6456186224386,1
Telangana,Suryapet,36,696,2014,1,376261.49252047,42,0,1.5,6.9557010155946,1
Telangana,Suryapet,36,696,2016,1,137435.40460325,17,3000,1.5,6.7291632323494,1
Telangana,Suryapet,36,696,2019,1,302736.26273672,25,112500,1.5,6.3561257086734,1
Telangana,Suryapet,36,696,2020,1,125991.05614617,6,2100,1.5,6.2764309755682,1
Telangana,Vikarabad,36,698,1989,1,905209.24002345,780,0,1.0,6.9567489784143,1
Telangana,Vikarabad,36,698,1990,1,267344.39912722,430,470000,1.0,6.0291310813779,1
Telangana,Vikarabad,36,698,1991,2,1090926.38334009,162,385000,2.0,6.5559874421319,1
Telangana,Vikarabad,36,698,1992,1,752428.65689717,90,8000,1.0,7.4675299347014,1
Telangana,Vikarabad,36,698,1994,1,1981837.4145729,617,800000,1.0,7.6772792647922,1
Telangana,Vikarabad,36,698,1995,1,262803.20430156,94,12000,1.0,6.0216906475049,1
Telangana,Vikarabad,36,698,1996,1,177527.01853538,326,100000,1.0,5.9482344637432,1
Telangana,Vikarabad,36,698,1997,2,617912.7700778099,106,0,1.0,6.622673838813,1
Telangana,Vikarabad,36,698,2000,1,129459.75891805,162,3000000,2.0,6.3674072990361,1
Telangana,Vikarabad,36,698,2001,1,44526.51211019099,12,9000,1.0,5.1257399316469,1
Telangana,Vikarabad,36,698,2005,1,619197.82147132,126,100000,1.0,7.1897694283678,1
Telangana,Vikarabad,36,698,2007,1,450564.3552535,127,200000,1.0,6.7677001834385,1
Telangana,Vikarabad,36,698,2009,1,309688.87629397993,303,0,2.0,7.047228106993,1
Telangana,Vikarabad,36,698,2014,1,376261.49252047,42,0,1.5,6.9557010155946,1
Telangana,Vikarabad,36,698,2020,1,125991.05614617,6,2100,1.5,6.2764309755682,1
Telangana,Wanaparthy,36,693,1986,1,107355.33281993,150,3000000,1.0,5.933913609651,1
Telangana,Wanaparthy,36,693,1989,1,905209.24002345,780,0,1.0,6.9567489784143,1
Telangana,Wanaparthy,36,693,1990,1,267344.39912722,430,470000,1.0,6.0291310813779,1
Telangana,Wanaparthy,36,693,1991,1,599564.88825453,90,85000,1.0,6.5559874421319,1
Telangana,Wanaparthy,36,693,1992,1,752428.65689717,90,8000,1.0,7.4675299347014,1
Telangana,Wanaparthy,36,693,1994,1,1981837.4145729,617,800000,1.0,7.6772792647922,1
Telangana,Wanaparthy,36,693,1995,1,262803.20430156,94,12000,1.0,6.0216906475049,1
Telangana,Wanaparthy,36,693,1996,1,177527.01853538,326,100000,1.0,5.9482344637432,1
Telangana,Wanaparthy,36,693,1997,1,384888.40479346993,6,0,1.0,6.3634860780538,1
Telangana,Wanaparthy,36,693,1998,1,194230.07599669,230,80000,1.0,6.5893464757574,1
Telangana,Wanaparthy,36,693,2000,1,129459.75891805,162,3000000,2.0,6.3674072990361,1
Telangana,Wanaparthy,36,693,2001,2,131911.01071193902,155,59000,1.0,5.71958564905,1
Telangana,Wanaparthy,36,693,2005,1,619197.82147132,126,100000,1.0,7.1897694283678,1
Telangana,Wanaparthy,36,693,2006,1,190869.85004179,20,0,1.0,5.8827973236263,1
Telangana,Wanaparthy,36,693,2007,1,450564.3552535,127,200000,1.0,6.7677001834385,1
Telangana,Wanaparthy,36,693,2009,1,309688.87629397993,303,0,2.0,7.047228106993,1
Telangana,Wanaparthy,36,693,2014,1,376261.49252047,42,0,1.5,6.9557010155946,1
Telangana,Wanaparthy,36,693,2016,1,137435.40460325,17,3000,1.5,6.7291632323494,1
Telangana,Wanaparthy,36,693,2020,1,125991.05614617,6,2100,1.5,6.2764309755682,1
Telangana,Wanaparthy,36,693,2021,1,262393.0,23,12000,2.0,6.197103495333,1
Telangana,Warangal,36,522,1986,1,107355.33281993,150,3000000,1.0,5.933913609651,1
Telangana,Warangal,36,522,1988,1,94871.792387788,50,0,1.0,5.4542583603891,1
Telangana,Warangal,36,522,1989,1,905209.24002345,780,0,1.0,6.9567489784143,1
Telangana,Warangal,36,522,1990,1,267344.39912722,430,470000,1.0,6.0291310813779,1
Telangana,Warangal,36,522,1991,1,599564.88825453,90,85000,1.0,6.5559874421319,1
Telangana,Warangal,36,522,1994,1,1981837.4145729,617,800000,1.0,7.6772792647922,1
Telangana,Warangal,36,522,1995,1,262803.20430156,94,12000,1.0,6.0216906475049,1
Telangana,Warangal,36,522,1996,1,177527.01853538,326,100000,1.0,5.9482344637432,1
Telangana,Warangal,36,522,1997,1,384888.40479346993,6,0,1.0,6.3634860780538,1
Telangana,Warangal,36,522,1998,1,194230.07599669,230,80000,1.0,6.5893464757574,1
Telangana,Warangal,36,522,2000,1,129459.75891805,162,3000000,2.0,6.3674072990361,1
Telangana,Warangal,36,522,2005,2,993646.6687805101,215,650000,1.0,7.1897694283678,1
Telangana,Warangal,36,522,2006,2,493644.12023148005,205,2000000,1.0,7.093902822695,1
Telangana,Warangal,36,522,2007,2,540844.064056827,221,220000,1.0,6.7677001834385,1
Telangana,Warangal,36,522,2008,1,75487.925180729,74,0,1.5,5.899066787828,1
Telangana,Warangal,36,522,2009,1,309688.87629397993,303,0,2.0,7.047228106993,1
Telangana,Warangal,36,522,2014,1,376261.49252047,42,0,1.5,6.9557010155946,1
Telangana,Warangal,36,522,2016,1,137435.40460325,17,3000,1.5,6.7291632323494,1
Telangana,Warangal,36,522,2019,1,302736.26273672,25,112500,1.5,6.3561257086734,1
Telangana,Warangal,36,522,2020,1,125991.05614617,6,2100,1.5,6.2764309755682,1
Telangana,Yadadri Bhuvanagiri,36,697,1986,1,107355.33281993,150,3000000,1.0,5.933913609651,1
Telangana,Yadadri Bhuvanagiri,36,697,1989,1,905209.24002345,780,0,1.0,6.9567489784143,1
Telangana,Yadadri Bhuvanagiri,36,697,1990,1,267344.39912722,430,470000,1.0,6.0291310813779,1
Telangana,Yadadri Bhuvanagiri,36,697,1991,1,599564.88825453,90,85000,1.0,6.5559874421319,1
Telangana,Yadadri Bhuvanagiri,36,697,1994,1,1981837.4145729,617,800000,1.0,7.6772792647922,1
Telangana,Yadadri Bhuvanagiri,36,697,1995,1,262803.20430156,94,12000,1.0,6.0216906475049,1
Telangana,Yadadri Bhuvanagiri,36,697,1996,1,177527.01853538,326,100000,1.0,5.9482344637432,1
Telangana,Yadadri Bhuvanagiri,36,697,1997,1,384888.40479346993,6,0,1.0,6.3634860780538,1
Telangana,Yadadri Bhuvanagiri,36,697,1998,1,194230.07599669,230,80000,1.0,6.5893464757574,1
Telangana,Yadadri Bhuvanagiri,36,697,2000,1,129459.75891805,162,3000000,2.0,6.3674072990361,1
Telangana,Yadadri Bhuvanagiri,36,697,2001,1,44526.51211019099,12,9000,1.0,5.1257399316469,1
Telangana,Yadadri Bhuvanagiri,36,697,2005,2,993646.6687805101,215,650000,1.0,7.1897694283678,1
Telangana,Yadadri Bhuvanagiri,36,697,2006,2,493644.12023148005,205,2000000,1.0,7.093902822695,1
Telangana,Yadadri Bhuvanagiri,36,697,2007,2,540844.064056827,221,220000,1.0,6.7677001834385,1
Telangana,Yadadri Bhuvanagiri,36,697,2009,1,309688.87629397993,303,0,2.0,7.047228106993,1
Telangana,Yadadri Bhuvanagiri,36,697,2014,1,376261.49252047,42,0,1.5,6.9557010155946,1
Telangana,Yadadri Bhuvanagiri,36,697,2016,1,137435.40460325,17,3000,1.5,6.7291632323494,1
Telangana,Yadadri Bhuvanagiri,36,697,2019,1,302736.26273672,25,112500,1.5,6.3561257086734,1
Telangana,Yadadri Bhuvanagiri,36,697,2020,1,125991.05614617,6,2100,1.5,6.2764309755682,1
Tripura,Dhalai,16,269,1986,1,231516.28043233,49,700000,1.0,6.6433351373578,1
Tripura,Dhalai,16,269,1991,1,26042.819226227,13,25000,1.0,5.114658000673,1
Tripura,Dhalai,16,269,2008,1,350563.8120562,176,1600000,2.0,7.0499170611118,1
Tripura,Dhalai,16,269,2019,1,9467.5467165003,0,750,1.5,4.754388707157,1
Tripura,Gomati,16,654,1986,1,231516.28043233,49,700000,1.0,6.6433351373578,1
Tripura,Gomati,16,654,1991,1,26042.819226227,13,25000,1.0,5.114658000673,1
Tripura,Gomati,16,654,2008,1,350563.8120562,176,1600000,2.0,7.0499170611118,1
Tripura,Gomati,16,654,2019,1,9467.5467165003,0,750,1.5,4.754388707157,1
Tripura,Khowai,16,652,1986,1,231516.28043233,49,700000,1.0,6.6433351373578,1
Tripura,Khowai,16,652,1991,1,26042.819226227,13,25000,1.0,5.114658000673,1
Tripura,Khowai,16,652,2008,1,350563.8120562,176,1600000,2.0,7.0499170611118,1
Tripura,Khowai,16,652,2019,1,9467.5467165003,0,750,1.5,4.754388707157,1
Tripura,North Tripura,16,270,1986,1,231516.28043233,49,700000,1.0,6.6433351373578,1
Tripura,North Tripura,16,270,1989,1,112816.35454502,31,32000,2.0,6.921603781912,1
Tripura,North Tripura,16,270,1991,1,26042.819226227,13,25000,1.0,5.114658000673,1
Tripura,North Tripura,16,270,1995,1,102906.11366142,17,1000000,1.0,5.6145011683309,1
Tripura,North Tripura,16,270,2008,1,350563.8120562,176,1600000,2.0,7.0499170611118,1
Tripura,North Tripura,16,270,2022,1,43000.0,3,40000,2.0,5.7126497016272,1
Tripura,North Tripura,16,270,2023,1,119900.0,0,2211,1.5,6.2091529515939,1
Tripura,Sepahijala,16,653,1986,1,231516.28043233,49,700000,1.0,6.6433351373578,1
Tripura,Sepahijala,16,653,1991,1,26042.819226227,13,25000,1.0,5.114658000673,1
Tripura,Sepahijala,16,653,2008,1,350563.8120562,176,1600000,2.0,7.0499170611118,1
Tripura,Sepahijala,16,653,2019,1,9467.5467165003,0,750,1.5,4.754388707157,1
Tripura,South Tripura,16,271,1986,1,231516.28043233,49,700000,1.0,6.6433351373578,1
Tripura,South Tripura,16,271,1991,1,26042.819226227,13,25000,1.0,5.114658000673,1
Tripura,South Tripura,16,271,2008,1,350563.8120562,176,1600000,2.0,7.0499170611118,1
Tripura,South Tripura,16,271,2019,1,9467.5467165003,0,750,1.5,4.754388707157,1
Tripura,Unakoti,16,655,1986,1,231516.28043233,49,700000,1.0,6.6433351373578,1
Tripura,Unakoti,16,655,1991,1,26042.819226227,13,25000,1.0,5.114658000673,1
Tripura,Unakoti,16,655,2008,1,350563.8120562,176,1600000,2.0,7.0499170611118,1
Tripura,Unakoti,16,655,2022,1,43000.0,3,40000,2.0,5.7126497016272,1
Tripura,West Tripura,16,272,1986,1,231516.28043233,49,700000,1.0,6.6433351373578,1
Tripura,West Tripura,16,272,1991,1,26042.819226227,13,25000,1.0,5.114658000673,1
Tripura,West Tripura,16,272,2008,1,350563.8120562,176,1600000,2.0,7.0499170611118,1
Tripura,West Tripura,16,272,2019,1,9467.5467165003,0,750,1.5,4.754388707157,1
Uttar Pradesh,Agra,09,118,1986,1,507167.43901015,258,3040000,1.0,7.5312261660442,1
Uttar Pradesh,Agra,09,118,1988,2,1474609.7146377899,1109,502000,2.0,7.7855937662664,1
Uttar Pradesh,Agra,09,118,1989,1,204979.38347471,7,0,1.0,6.2148001695432,1
Uttar Pradesh,Agra,09,118,1990,2,1385589.90363544,442,63517,1.0,7.3840771654136,1
Uttar Pradesh,Agra,09,118,1991,1,547679.02054319,88,0,1.0,6.9146173641677,1
Uttar Pradesh,Agra,09,118,1992,1,518125.27779756,40,2000,1.0,7.2459136977876,1
Uttar Pradesh,Agra,09,118,1994,2,2273968.0590573,670,803000,1.0,7.6772792647922,1
Uttar Pradesh,Agra,09,118,1995,1,762936.8925746998,600,2000000,1.0,7.1835186118101,1
Uttar Pradesh,Agra,09,118,1996,1,328726.91805633,63,20000,1.0,6.8390545628091,1
Uttar Pradesh,Agra,09,118,2000,1,223178.00999326,578,0,1.0,6.5791003221767,1
Uttar Pradesh,Agra,09,118,2005,1,308728.71607899,23,0,1.0,6.7906070224724,1
Uttar Pradesh,Agra,09,118,2007,1,517303.19979819,958,3000000,1.5,7.8036502762015,1
Uttar Pradesh,Agra,09,118,2014,1,107474.38802987,31,4000,1.5,6.6697942378336,1
Uttar Pradesh,Agra,09,118,2017,1,421575.24392831,253,422106,2.0,7.1563540170148,1
Uttar Pradesh,Agra,09,118,2020,2,907430.84583495,15,60,1.5,6.8090895976067,1
Uttar Pradesh,Agra,09,118,2021,1,239570.75971327,0,0,1.0,6.2245318501,1
Uttar Pradesh,Agra,09,118,2022,1,224000.0,4,0,1.5,6.1283992687178,1
Uttar Pradesh,Aligarh,09,119,1988,2,1474609.7146377899,1109,502000,2.0,7.7855937662664,1
Uttar Pradesh,Aligarh,09,119,1989,1,204979.38347471,7,0,1.0,6.2148001695432,1
Uttar Pradesh,Aligarh,09,119,1990,2,1385589.90363544,442,63517,1.0,7.3840771654136,1
Uttar Pradesh,Aligarh,09,119,1991,1,547679.02054319,88,0,1.0,6.9146173641677,1
Uttar Pradesh,Aligarh,09,119,1992,1,518125.27779756,40,2000,1.0,7.2459136977876,1
Uttar Pradesh,Aligarh,09,119,1994,1,292130.6444844,53,3000,1.0,6.3686671038163,1
Uttar Pradesh,Aligarh,09,119,1995,1,762936.8925746998,600,2000000,1.0,7.1835186118101,1
Uttar Pradesh,Aligarh,09,119,2000,1,223178.00999326,578,0,1.0,6.5791003221767,1
Uttar Pradesh,Aligarh,09,119,2005,1,308728.71607899,23,0,1.0,6.7906070224724,1
Uttar Pradesh,Aligarh,09,119,2007,1,517303.19979819,958,3000000,1.5,7.8036502762015,1
Uttar Pradesh,Aligarh,09,119,2009,1,84897.57185199701,14,1000000,1.0,6.04283862151,1
Uttar Pradesh,Aligarh,09,119,2014,1,107474.38802987,31,4000,1.5,6.6697942378336,1
Uttar Pradesh,Aligarh,09,119,2015,1,629961.6057566,206,300000,2.0,7.656646577764,1
Uttar Pradesh,Aligarh,09,119,2017,1,421575.24392831,253,422106,2.0,7.1563540170148,1
Uttar Pradesh,Aligarh,09,119,2020,2,907430.84583495,15,60,1.5,6.8090895976067,1
Uttar Pradesh,Aligarh,09,119,2021,1,239570.75971327,0,0,1.0,6.2245318501,1
Uttar Pradesh,Aligarh,09,119,2022,1,224000.0,4,0,1.5,6.1283992687178,1
Uttar Pradesh,Ambedkar Nagar,09,121,1985,1,89994.671391565,557,152000,2.0,6.7737607310506,1
Uttar Pradesh,Ambedkar Nagar,09,121,1986,1,507167.43901015,258,3040000,1.0,7.5312261660442,1
Uttar Pradesh,Ambedkar Nagar,09,121,1988,2,1474609.7146377899,1109,502000,2.0,7.7855937662664,1
Uttar Pradesh,Ambedkar Nagar,09,121,1989,1,204979.38347471,7,0,1.0,6.2148001695432,1
Uttar Pradesh,Ambedkar Nagar,09,121,1990,2,1385589.90363544,442,63517,1.0,7.3840771654136,1
Uttar Pradesh,Ambedkar Nagar,09,121,1991,1,547679.02054319,88,0,1.0,6.9146173641677,1
Uttar Pradesh,Ambedkar Nagar,09,121,1992,1,518125.27779756,40,2000,1.0,7.2459136977876,1
Uttar Pradesh,Ambedkar Nagar,09,121,1994,1,292130.6444844,53,3000,1.0,6.3686671038163,1
Uttar Pradesh,Ambedkar Nagar,09,121,1995,1,762936.8925746998,600,2000000,1.0,7.1835186118101,1
Uttar Pradesh,Ambedkar Nagar,09,121,2000,1,223178.00999326,578,0,1.0,6.5791003221767,1
Uttar Pradesh,Ambedkar Nagar,09,121,2001,1,35442.059648363,65,300000,1.0,5.9112467881696,1
Uttar Pradesh,Ambedkar Nagar,09,121,2005,2,321406.305099443,44,0,1.0,6.7906070224724,1
Uttar Pradesh,Ambedkar Nagar,09,121,2006,1,32712.754963973,42,50000,1.0,5.3598151605767,1
Uttar Pradesh,Ambedkar Nagar,09,121,2007,1,517303.19979819,958,3000000,1.5,7.8036502762015,1
Uttar Pradesh,Ambedkar Nagar,09,121,2009,1,84897.57185199701,14,1000000,1.0,6.04283862151,1
Uttar Pradesh,Ambedkar Nagar,09,121,2010,1,38537.955848936,88,15000,1.5,5.8759232862105,1
Uttar Pradesh,Ambedkar Nagar,09,121,2015,1,629961.6057566,206,300000,2.0,7.656646577764,1
Uttar Pradesh,Ambedkar Nagar,09,121,2017,1,421575.24392831,253,422106,2.0,7.1563540170148,1
Uttar Pradesh,Ambedkar Nagar,09,121,2018,1,70859.958919695,20,1000,1.5,5.8715901952896,1
Uttar Pradesh,Ambedkar Nagar,09,121,2020,2,907430.84583495,15,60,1.5,6.8090895976067,1
Uttar Pradesh,Ambedkar Nagar,09,121,2021,2,333627.792490875,58,1200,1.5,6.2286637790175,1
Uttar Pradesh,Ambedkar Nagar,09,121,2022,1,224000.0,4,0,1.5,6.1283992687178,1
Uttar Pradesh,Amethi,09,640,1985,1,89994.671391565,557,152000,2.0,6.7737607310506,1
Uttar Pradesh,Amethi,09,640,1986,1,507167.43901015,258,3040000,1.0,7.5312261660442,1
Uttar Pradesh,Amethi,09,640,1988,2,1474609.7146377899,1109,502000,2.0,7.7855937662664,1
Uttar Pradesh,Amethi,09,640,1989,1,204979.38347471,7,0,1.0,6.2148001695432,1
Uttar Pradesh,Amethi,09,640,1990,2,1385589.90363544,442,63517,1.0,7.3840771654136,1
Uttar Pradesh,Amethi,09,640,1991,1,547679.02054319,88,0,1.0,6.9146173641677,1
Uttar Pradesh,Amethi,09,640,1992,1,518125.27779756,40,2000,1.0,7.2459136977876,1
Uttar Pradesh,Amethi,09,640,1994,1,292130.6444844,53,3000,1.0,6.3686671038163,1
Uttar Pradesh,Amethi,09,640,1995,1,762936.8925746998,600,2000000,1.0,7.1835186118101,1
Uttar Pradesh,Amethi,09,640,2000,1,223178.00999326,578,0,1.0,6.5791003221767,1
Uttar Pradesh,Amethi,09,640,2005,1,308728.71607899,23,0,1.0,6.7906070224724,1
Uttar Pradesh,Amethi,09,640,2007,1,517303.19979819,958,3000000,1.5,7.8036502762015,1
Uttar Pradesh,Amethi,09,640,2009,1,84897.57185199701,14,1000000,1.0,6.04283862151,1
Uttar Pradesh,Amethi,09,640,2014,1,107474.38802987,31,4000,1.5,6.6697942378336,1
Uttar Pradesh,Amethi,09,640,2015,1,629961.6057566,206,300000,2.0,7.656646577764,1
Uttar Pradesh,Amethi,09,640,2017,1,421575.24392831,253,422106,2.0,7.1563540170148,1
Uttar Pradesh,Amethi,09,640,2018,1,70859.958919695,20,1000,1.5,5.8715901952896,1
Uttar Pradesh,Amethi,09,640,2020,2,907430.84583495,15,60,1.5,6.8090895976067,1
Uttar Pradesh,Amethi,09,640,2021,2,333627.792490875,58,1200,1.5,6.2286637790175,1
Uttar Pradesh,Amethi,09,640,2022,1,224000.0,4,0,1.5,6.1283992687178,1
Uttar Pradesh,Amroha,09,154,1988,2,1474609.7146377899,1109,502000,2.0,7.7855937662664,1
Uttar Pradesh,Amroha,09,154,1989,1,204979.38347471,7,0,1.0,6.2148001695432,1
Uttar Pradesh,Amroha,09,154,1990,2,1385589.90363544,442,63517,1.0,7.3840771654136,1
Uttar Pradesh,Amroha,09,154,1991,1,547679.02054319,88,0,1.0,6.9146173641677,1
Uttar Pradesh,Amroha,09,154,1992,1,518125.27779756,40,2000,1.0,7.2459136977876,1
Uttar Pradesh,Amroha,09,154,1994,1,292130.6444844,53,3000,1.0,6.3686671038163,1
Uttar Pradesh,Amroha,09,154,1995,1,762936.8925746998,600,2000000,1.0,7.1835186118101,1
Uttar Pradesh,Amroha,09,154,2000,1,223178.00999326,578,0,1.0,6.5791003221767,1
Uttar Pradesh,Amroha,09,154,2005,1,308728.71607899,23,0,1.0,6.7906070224724,1
Uttar Pradesh,Amroha,09,154,2007,1,517303.19979819,958,3000000,1.5,7.8036502762015,1
Uttar Pradesh,Amroha,09,154,2014,1,107474.38802987,31,4000,1.5,6.6697942378336,1
Uttar Pradesh,Amroha,09,154,2015,1,629961.6057566,206,300000,2.0,7.656646577764,1
Uttar Pradesh,Amroha,09,154,2017,1,421575.24392831,253,422106,2.0,7.1563540170148,1
Uttar Pradesh,Amroha,09,154,2020,2,907430.84583495,15,60,1.5,6.8090895976067,1
Uttar Pradesh,Amroha,09,154,2021,1,239570.75971327,0,0,1.0,6.2245318501,1
Uttar Pradesh,Amroha,09,154,2022,1,224000.0,4,0,1.5,6.1283992687178,1
Uttar Pradesh,Auraiya,09,122,1986,1,507167.43901015,258,3040000,1.0,7.5312261660442,1
Uttar Pradesh,Auraiya,09,122,1988,2,1474609.7146377899,1109,502000,2.0,7.7855937662664,1
Uttar Pradesh,Auraiya,09,122,1989,1,204979.38347471,7,0,1.0,6.2148001695432,1
Uttar Pradesh,Auraiya,09,122,1990,2,1385589.90363544,442,63517,1.0,7.3840771654136,1
Uttar Pradesh,Auraiya,09,122,1991,1,547679.02054319,88,0,1.0,6.9146173641677,1
Uttar Pradesh,Auraiya,09,122,1992,1,518125.27779756,40,2000,1.0,7.2459136977876,1
Uttar Pradesh,Auraiya,09,122,1994,1,292130.6444844,53,3000,1.0,6.3686671038163,1
Uttar Pradesh,Auraiya,09,122,1995,1,762936.8925746998,600,2000000,1.0,7.1835186118101,1
Uttar Pradesh,Auraiya,09,122,2000,1,223178.00999326,578,0,1.0,6.5791003221767,1
Uttar Pradesh,Auraiya,09,122,2005,1,308728.71607899,23,0,1.0,6.7906070224724,1
Uttar Pradesh,Auraiya,09,122,2007,1,517303.19979819,958,3000000,1.5,7.8036502762015,1
Uttar Pradesh,Auraiya,09,122,2014,1,107474.38802987,31,4000,1.5,6.6697942378336,1
Uttar Pradesh,Auraiya,09,122,2017,1,421575.24392831,253,422106,2.0,7.1563540170148,1
Uttar Pradesh,Auraiya,09,122,2020,2,907430.84583495,15,60,1.5,6.8090895976067,1
Uttar Pradesh,Auraiya,09,122,2021,1,239570.75971327,0,0,1.0,6.2245318501,1
Uttar Pradesh,Auraiya,09,122,2022,1,224000.0,4,0,1.5,6.1283992687178,1
Uttar Pradesh,Ayodhya,09,140,1985,1,89994.671391565,557,152000,2.0,6.7737607310506,1
Uttar Pradesh,Ayodhya,09,140,1986,1,507167.43901015,258,3040000,1.0,7.5312261660442,1
Uttar Pradesh,Ayodhya,09,140,1988,2,1474609.7146377899,1109,502000,2.0,7.7855937662664,1
Uttar Pradesh,Ayodhya,09,140,1989,1,204979.38347471,7,0,1.0,6.2148001695432,1
Uttar Pradesh,Ayodhya,09,140,1990,2,1385589.90363544,442,63517,1.0,7.3840771654136,1
Uttar Pradesh,Ayodhya,09,140,1991,1,547679.02054319,88,0,1.0,6.9146173641677,1
Uttar Pradesh,Ayodhya,09,140,1992,1,518125.27779756,40,2000,1.0,7.2459136977876,1
Uttar Pradesh,Ayodhya,09,140,1994,1,292130.6444844,53,3000,1.0,6.3686671038163,1
Uttar Pradesh,Ayodhya,09,140,1995,1,762936.8925746998,600,2000000,1.0,7.1835186118101,1
Uttar Pradesh,Ayodhya,09,140,2000,1,223178.00999326,578,0,1.0,6.5791003221767,1
Uttar Pradesh,Ayodhya,09,140,2001,1,35442.059648363,65,300000,1.0,5.9112467881696,1
Uttar Pradesh,Ayodhya,09,140,2005,1,308728.71607899,23,0,1.0,6.7906070224724,1
Uttar Pradesh,Ayodhya,09,140,2006,1,32712.754963973,42,50000,1.0,5.3598151605767,1
Uttar Pradesh,Ayodhya,09,140,2007,1,517303.19979819,958,3000000,1.5,7.8036502762015,1
Uttar Pradesh,Ayodhya,09,140,2009,1,84897.57185199701,14,1000000,1.0,6.04283862151,1
Uttar Pradesh,Ayodhya,09,140,2010,1,38537.955848936,88,15000,1.5,5.8759232862105,1
Uttar Pradesh,Ayodhya,09,140,2014,1,107474.38802987,31,4000,1.5,6.6697942378336,1
Uttar Pradesh,Ayodhya,09,140,2015,1,629961.6057566,206,300000,2.0,7.656646577764,1
Uttar Pradesh,Ayodhya,09,140,2017,1,421575.24392831,253,422106,2.0,7.1563540170148,1
Uttar Pradesh,Ayodhya,09,140,2018,1,70859.958919695,20,1000,1.5,5.8715901952896,1
Uttar Pradesh,Ayodhya,09,140,2020,2,907430.84583495,15,60,1.5,6.8090895976067,1
Uttar Pradesh,Ayodhya,09,140,2021,2,333627.792490875,58,1200,1.5,6.2286637790175,1
Uttar Pradesh,Ayodhya,09,140,2022,1,224000.0,4,0,1.5,6.1283992687178,1
Uttar Pradesh,Azamgarh,09,123,1985,1,89994.671391565,557,152000,2.0,6.7737607310506,1
Uttar Pradesh,Azamgarh,09,123,1986,1,507167.43901015,258,3040000,1.0,7.5312261660442,1
Uttar Pradesh,Azamgarh,09,123,1988,2,1474609.7146377899,1109,502000,2.0,7.7855937662664,1
Uttar Pradesh,Azamgarh,09,123,1989,1,204979.38347471,7,0,1.0,6.2148001695432,1
Uttar Pradesh,Azamgarh,09,123,1990,2,1385589.90363544,442,63517,1.0,7.3840771654136,1
Uttar Pradesh,Azamgarh,09,123,1991,1,547679.02054319,88,0,1.0,6.9146173641677,1
Uttar Pradesh,Azamgarh,09,123,1992,1,518125.27779756,40,2000,1.0,7.2459136977876,1
Uttar Pradesh,Azamgarh,09,123,1994,1,292130.6444844,53,3000,1.0,6.3686671038163,1
Uttar Pradesh,Azamgarh,09,123,1995,1,762936.8925746998,600,2000000,1.0,7.1835186118101,1
Uttar Pradesh,Azamgarh,09,123,2000,1,223178.00999326,578,0,1.0,6.5791003221767,1
Uttar Pradesh,Azamgarh,09,123,2001,1,35442.059648363,65,300000,1.0,5.9112467881696,1
Uttar Pradesh,Azamgarh,09,123,2005,2,321406.305099443,44,0,1.0,6.7906070224724,1
Uttar Pradesh,Azamgarh,09,123,2007,1,517303.19979819,958,3000000,1.5,7.8036502762015,1
Uttar Pradesh,Azamgarh,09,123,2010,1,38537.955848936,88,15000,1.5,5.8759232862105,1
Uttar Pradesh,Azamgarh,09,123,2015,1,629961.6057566,206,300000,2.0,7.656646577764,1
Uttar Pradesh,Azamgarh,09,123,2016,1,90613.737636319,127,377097,1.5,6.9783833436272,1
Uttar Pradesh,Azamgarh,09,123,2017,1,421575.24392831,253,422106,2.0,7.1563540170148,1
Uttar Pradesh,Azamgarh,09,123,2018,1,70859.958919695,20,1000,1.5,5.8715901952896,1
Uttar Pradesh,Azamgarh,09,123,2020,2,907430.84583495,15,60,1.5,6.8090895976067,1
Uttar Pradesh,Azamgarh,09,123,2021,2,333627.792490875,58,1200,1.5,6.2286637790175,1
Uttar Pradesh,Azamgarh,09,123,2022,1,224000.0,4,0,1.5,6.1283992687178,1
Uttar Pradesh,Baghpat,09,124,1988,3,1743138.26723743,1840,1752000,2.0,7.7855937662664,1
Uttar Pradesh,Baghpat,09,124,1990,2,1385589.90363544,442,63517,1.0,7.3840771654136,1
Uttar Pradesh,Baghpat,09,124,1991,1,547679.02054319,88,0,1.0,6.9146173641677,1
Uttar Pradesh,Baghpat,09,124,1992,1,518125.27779756,40,2000,1.0,7.2459136977876,1
Uttar Pradesh,Baghpat,09,124,1994,1,292130.6444844,53,3000,1.0,6.3686671038163,1
Uttar Pradesh,Baghpat,09,124,1995,1,762936.8925746998,600,2000000,1.0,7.1835186118101,1
Uttar Pradesh,Baghpat,09,124,2005,1,308728.71607899,23,0,1.0,6.7906070224724,1
Uttar Pradesh,Baghpat,09,124,2007,2,708753.1462248199,1034,3015000,1.5,7.8036502762015,1
Uttar Pradesh,Baghpat,09,124,2017,1,421575.24392831,253,422106,2.0,7.1563540170148,1
Uttar Pradesh,Baghpat,09,124,2020,2,907430.84583495,15,60,1.5,6.8090895976067,1
Uttar Pradesh,Baghpat,09,124,2022,1,224000.0,4,0,1.5,6.1283992687178,1
Uttar Pradesh,Baghpat,09,124,2023,1,4988.0,0,35000,2.0,4.6979264448065,1
Uttar Pradesh,Bahraich,09,125,1985,1,89994.671391565,557,152000,2.0,6.7737607310506,1
Uttar Pradesh,Bahraich,09,125,1986,1,507167.43901015,258,3040000,1.0,7.5312261660442,1
Uttar Pradesh,Bahraich,09,125,1988,2,1474609.7146377899,1109,502000,2.0,7.7855937662664,1
Uttar Pradesh,Bahraich,09,125,1989,1,204979.38347471,7,0,1.0,6.2148001695432,1
Uttar Pradesh,Bahraich,09,125,1990,2,1385589.90363544,442,63517,1.0,7.3840771654136,1
Uttar Pradesh,Bahraich,09,125,1991,1,547679.02054319,88,0,1.0,6.9146173641677,1
Uttar Pradesh,Bahraich,09,125,1992,1,518125.27779756,40,2000,1.0,7.2459136977876,1
Uttar Pradesh,Bahraich,09,125,1994,1,292130.6444844,53,3000,1.0,6.3686671038163,1
Uttar Pradesh,Bahraich,09,125,1995,1,762936.8925746998,600,2000000,1.0,7.1835186118101,1
Uttar Pradesh,Bahraich,09,125,2000,1,223178.00999326,578,0,1.0,6.5791003221767,1
Uttar Pradesh,Bahraich,09,125,2005,1,308728.71607899,23,0,1.0,6.7906070224724,1
Uttar Pradesh,Bahraich,09,125,2006,1,32712.754963973,42,50000,1.0,5.3598151605767,1
Uttar Pradesh,Bahraich,09,125,2007,1,517303.19979819,958,3000000,1.5,7.8036502762015,1
Uttar Pradesh,Bahraich,09,125,2009,1,84897.57185199701,14,1000000,1.0,6.04283862151,1
Uttar Pradesh,Bahraich,09,125,2014,1,107474.38802987,31,4000,1.5,6.6697942378336,1
Uttar Pradesh,Bahraich,09,125,2015,1,629961.6057566,206,300000,2.0,7.656646577764,1
Uttar Pradesh,Bahraich,09,125,2017,1,421575.24392831,253,422106,2.0,7.1563540170148,1
Uttar Pradesh,Bahraich,09,125,2020,2,907430.84583495,15,60,1.5,6.8090895976067,1
Uttar Pradesh,Bahraich,09,125,2021,2,333627.792490875,58,1200,1.5,6.2286637790175,1
Uttar Pradesh,Bahraich,09,125,2022,1,224000.0,4,0,1.5,6.1283992687178,1
Uttar Pradesh,Ballia,09,126,1985,1,89994.671391565,557,152000,2.0,6.7737607310506,1
Uttar Pradesh,Ballia,09,126,1986,1,507167.43901015,258,3040000,1.0,7.5312261660442,1
Uttar Pradesh,Ballia,09,126,1988,2,1474609.7146377899,1109,502000,2.0,7.7855937662664,1
Uttar Pradesh,Ballia,09,126,1989,1,204979.38347471,7,0,1.0,6.2148001695432,1
Uttar Pradesh,Ballia,09,126,1990,2,1385589.90363544,442,63517,1.0,7.3840771654136,1
Uttar Pradesh,Ballia,09,126,1991,2,718552.66025244,88,87500,1.0,6.9146173641677,1
Uttar Pradesh,Ballia,09,126,1992,1,518125.27779756,40,2000,1.0,7.2459136977876,1
Uttar Pradesh,Ballia,09,126,1994,1,292130.6444844,53,3000,1.0,6.3686671038163,1
Uttar Pradesh,Ballia,09,126,1995,1,762936.8925746998,600,2000000,1.0,7.1835186118101,1
Uttar Pradesh,Ballia,09,126,1996,1,171939.46006971,74,4000000,1.0,6.6333155672897,1
Uttar Pradesh,Ballia,09,126,1997,1,201818.75469288,24,100000,1.0,6.3463542072234,1
Uttar Pradesh,Ballia,09,126,2000,1,223178.00999326,578,0,1.0,6.5791003221767,1
Uttar Pradesh,Ballia,09,126,2001,2,65566.006048992,211,330000,1.0,5.9112467881696,1
Uttar Pradesh,Ballia,09,126,2005,1,12677.589020453,21,0,1.0,4.8020066731285,1
Uttar Pradesh,Ballia,09,126,2007,1,517303.19979819,958,3000000,1.5,7.8036502762015,1
Uttar Pradesh,Ballia,09,126,2010,2,231286.66789378598,88,20000,1.5,5.8759232862105,1
Uttar Pradesh,Ballia,09,126,2013,1,102661.13525735,7,0,1.5,6.6646185762841,1
Uttar Pradesh,Ballia,09,126,2014,1,62650.802729391,0,10000,1.5,6.3879912469011,1
Uttar Pradesh,Ballia,09,126,2015,1,629961.6057566,206,300000,2.0,7.656646577764,1
Uttar Pradesh,Ballia,09,126,2016,1,90613.737636319,127,377097,1.5,6.9783833436272,1
Uttar Pradesh,Ballia,09,126,2017,1,421575.24392831,253,422106,2.0,7.1563540170148,1
Uttar Pradesh,Ballia,09,126,2018,1,70859.958919695,20,1000,1.5,5.8715901952896,1
Uttar Pradesh,Ballia,09,126,2020,1,293809.72651845,2,0,1.5,6.4892554680033,1
Uttar Pradesh,Ballia,09,126,2021,2,333627.792490875,58,1200,1.5,6.2286637790175,1
Uttar Pradesh,Ballia,09,126,2022,1,224000.0,4,0,1.5,6.1283992687178,1
Uttar Pradesh,Balrampur,09,127,1985,1,89994.671391565,557,152000,2.0,6.7737607310506,1
Uttar Pradesh,Balrampur,09,127,1986,1,507167.43901015,258,3040000,1.0,7.5312261660442,1
Uttar Pradesh,Balrampur,09,127,1988,2,1474609.7146377899,1109,502000,2.0,7.7855937662664,1
Uttar Pradesh,Balrampur,09,127,1989,1,204979.38347471,7,0,1.0,6.2148001695432,1
Uttar Pradesh,Balrampur,09,127,1990,2,1385589.90363544,442,63517,1.0,7.3840771654136,1
Uttar Pradesh,Balrampur,09,127,1991,1,547679.02054319,88,0,1.0,6.9146173641677,1
Uttar Pradesh,Balrampur,09,127,1992,1,518125.27779756,40,2000,1.0,7.2459136977876,1
Uttar Pradesh,Balrampur,09,127,1994,1,292130.6444844,53,3000,1.0,6.3686671038163,1
Uttar Pradesh,Balrampur,09,127,1995,1,762936.8925746998,600,2000000,1.0,7.1835186118101,1
Uttar Pradesh,Balrampur,09,127,2001,1,35442.059648363,65,300000,1.0,5.9112467881696,1
Uttar Pradesh,Balrampur,09,127,2005,1,308728.71607899,23,0,1.0,6.7906070224724,1
Uttar Pradesh,Balrampur,09,127,2006,1,32712.754963973,42,50000,1.0,5.3598151605767,1
Uttar Pradesh,Balrampur,09,127,2007,1,517303.19979819,958,3000000,1.5,7.8036502762015,1
Uttar Pradesh,Balrampur,09,127,2009,1,84897.57185199701,14,1000000,1.0,6.04283862151,1
Uttar Pradesh,Balrampur,09,127,2010,1,38537.955848936,88,15000,1.5,5.8759232862105,1
Uttar Pradesh,Balrampur,09,127,2015,1,629961.6057566,206,300000,2.0,7.656646577764,1
Uttar Pradesh,Balrampur,09,127,2017,1,421575.24392831,253,422106,2.0,7.1563540170148,1
Uttar Pradesh,Balrampur,09,127,2020,1,293809.72651845,2,0,1.5,6.4892554680033,1
Uttar Pradesh,Balrampur,09,127,2021,2,333627.792490875,58,1200,1.5,6.2286637790175,1
Uttar Pradesh,Balrampur,09,127,2022,1,224000.0,4,0,1.5,6.1283992687178,1
Uttar Pradesh,Banda,09,128,1986,1,507167.43901015,258,3040000,1.0,7.5312261660442,1
Uttar Pradesh,Banda,09,128,1988,2,1474609.7146377899,1109,502000,2.0,7.7855937662664,1
Uttar Pradesh,Banda,09,128,1989,1,204979.38347471,7,0,1.0,6.2148001695432,1
Uttar Pradesh,Banda,09,128,1990,2,1385589.90363544,442,63517,1.0,7.3840771654136,1
Uttar Pradesh,Banda,09,128,1991,1,547679.02054319,88,0,1.0,6.9146173641677,1
Uttar Pradesh,Banda,09,128,1992,1,518125.27779756,40,2000,1.0,7.2459136977876,1
Uttar Pradesh,Banda,09,128,1994,2,2273968.0590573,670,803000,1.0,7.6772792647922,1
Uttar Pradesh,Banda,09,128,1995,1,762936.8925746998,600,2000000,1.0,7.1835186118101,1
Uttar Pradesh,Banda,09,128,2000,1,223178.00999326,578,0,1.0,6.5791003221767,1
Uttar Pradesh,Banda,09,128,2005,2,364468.947589487,85,49000,1.0,6.7906070224724,1
Uttar Pradesh,Banda,09,128,2007,1,517303.19979819,958,3000000,1.5,7.8036502762015,1
Uttar Pradesh,Banda,09,128,2017,1,421575.24392831,253,422106,2.0,7.1563540170148,1
Uttar Pradesh,Banda,09,128,2018,1,70859.958919695,20,1000,1.5,5.8715901952896,1
Uttar Pradesh,Banda,09,128,2020,2,907430.84583495,15,60,1.5,6.8090895976067,1
Uttar Pradesh,Banda,09,128,2021,1,239570.75971327,0,0,1.0,6.2245318501,1
Uttar Pradesh,Banda,09,128,2022,1,224000.0,4,0,1.5,6.1283992687178,1
Uttar Pradesh,Barabanki,09,129,1985,1,89994.671391565,557,152000,2.0,6.7737607310506,1
Uttar Pradesh,Barabanki,09,129,1986,1,507167.43901015,258,3040000,1.0,7.5312261660442,1
Uttar Pradesh,Barabanki,09,129,1988,2,1474609.7146377899,1109,502000,2.0,7.7855937662664,1
Uttar Pradesh,Barabanki,09,129,1989,1,204979.38347471,7,0,1.0,6.2148001695432,1
Uttar Pradesh,Barabanki,09,129,1990,2,1385589.90363544,442,63517,1.0,7.3840771654136,1
Uttar Pradesh,Barabanki,09,129,1991,1,547679.02054319,88,0,1.0,6.9146173641677,1
Uttar Pradesh,Barabanki,09,129,1992,1,518125.27779756,40,2000,1.0,7.2459136977876,1
Uttar Pradesh,Barabanki,09,129,1994,1,292130.6444844,53,3000,1.0,6.3686671038163,1
Uttar Pradesh,Barabanki,09,129,1995,1,762936.8925746998,600,2000000,1.0,7.1835186118101,1
Uttar Pradesh,Barabanki,09,129,2000,1,223178.00999326,578,0,1.0,6.5791003221767,1
Uttar Pradesh,Barabanki,09,129,2005,1,308728.71607899,23,0,1.0,6.7906070224724,1
Uttar Pradesh,Barabanki,09,129,2006,1,32712.754963973,42,50000,1.0,5.3598151605767,1
Uttar Pradesh,Barabanki,09,129,2007,1,517303.19979819,958,3000000,1.5,7.8036502762015,1
Uttar Pradesh,Barabanki,09,129,2009,1,84897.57185199701,14,1000000,1.0,6.04283862151,1
Uttar Pradesh,Barabanki,09,129,2010,1,38537.955848936,88,15000,1.5,5.8759232862105,1
Uttar Pradesh,Barabanki,09,129,2014,1,107474.38802987,31,4000,1.5,6.6697942378336,1
Uttar Pradesh,Barabanki,09,129,2015,1,629961.6057566,206,300000,2.0,7.656646577764,1
Uttar Pradesh,Barabanki,09,129,2017,1,421575.24392831,253,422106,2.0,7.1563540170148,1
Uttar Pradesh,Barabanki,09,129,2018,1,70859.958919695,20,1000,1.5,5.8715901952896,1
Uttar Pradesh,Barabanki,09,129,2020,2,907430.84583495,15,60,1.5,6.8090895976067,1
Uttar Pradesh,Barabanki,09,129,2021,2,333627.792490875,58,1200,1.5,6.2286637790175,1
Uttar Pradesh,Barabanki,09,129,2022,1,224000.0,4,0,1.5,6.1283992687178,1
Uttar Pradesh,Bareilly,09,130,1986,1,507167.43901015,258,3040000,1.0,7.5312261660442,1
Uttar Pradesh,Bareilly,09,130,1988,2,1474609.7146377899,1109,502000,2.0,7.7855937662664,1
Uttar Pradesh,Bareilly,09,130,1989,1,204979.38347471,7,0,1.0,6.2148001695432,1
Uttar Pradesh,Bareilly,09,130,1990,2,1385589.90363544,442,63517,1.0,7.3840771654136,1
Uttar Pradesh,Bareilly,09,130,1991,1,547679.02054319,88,0,1.0,6.9146173641677,1
Uttar Pradesh,Bareilly,09,130,1992,1,518125.27779756,40,2000,1.0,7.2459136977876,1
Uttar Pradesh,Bareilly,09,130,1994,1,292130.6444844,53,3000,1.0,6.3686671038163,1
Uttar Pradesh,Bareilly,09,130,1995,1,762936.8925746998,600,2000000,1.0,7.1835186118101,1
Uttar Pradesh,Bareilly,09,130,2000,1,223178.00999326,578,0,1.0,6.5791003221767,1
Uttar Pradesh,Bareilly,09,130,2005,1,308728.71607899,23,0,1.0,6.7906070224724,1
Uttar Pradesh,Bareilly,09,130,2007,1,517303.19979819,958,3000000,1.5,7.8036502762015,1
Uttar Pradesh,Bareilly,09,130,2009,1,84897.57185199701,14,1000000,1.0,6.04283862151,1
Uttar Pradesh,Bareilly,09,130,2014,1,107474.38802987,31,4000,1.5,6.6697942378336,1
Uttar Pradesh,Bareilly,09,130,2015,1,629961.6057566,206,300000,2.0,7.656646577764,1
Uttar Pradesh,Bareilly,09,130,2017,1,421575.24392831,253,422106,2.0,7.1563540170148,1
Uttar Pradesh,Bareilly,09,130,2020,2,907430.84583495,15,60,1.5,6.8090895976067,1
Uttar Pradesh,Bareilly,09,130,2021,2,294441.75971327,27,600,1.5,6.2245318501,1
Uttar Pradesh,Bareilly,09,130,2022,1,224000.0,4,0,1.5,6.1283992687178,1
Uttar Pradesh,Basti,09,131,1985,1,89994.671391565,557,152000,2.0,6.7737607310506,1
Uttar Pradesh,Basti,09,131,1986,1,507167.43901015,258,3040000,1.0,7.5312261660442,1
Uttar Pradesh,Basti,09,131,1988,2,1474609.7146377899,1109,502000,2.0,7.7855937662664,1
Uttar Pradesh,Basti,09,131,1989,1,204979.38347471,7,0,1.0,6.2148001695432,1
Uttar Pradesh,Basti,09,131,1990,2,1385589.90363544,442,63517,1.0,7.3840771654136,1
Uttar Pradesh,Basti,09,131,1991,1,547679.02054319,88,0,1.0,6.9146173641677,1
Uttar Pradesh,Basti,09,131,1992,1,518125.27779756,40,2000,1.0,7.2459136977876,1
Uttar Pradesh,Basti,09,131,1994,1,292130.6444844,53,3000,1.0,6.3686671038163,1
Uttar Pradesh,Basti,09,131,1995,1,762936.8925746998,600,2000000,1.0,7.1835186118101,1
Uttar Pradesh,Basti,09,131,2000,1,223178.00999326,578,0,1.0,6.5791003221767,1
Uttar Pradesh,Basti,09,131,2001,1,35442.059648363,65,300000,1.0,5.9112467881696,1
Uttar Pradesh,Basti,09,131,2005,1,308728.71607899,23,0,1.0,6.7906070224724,1
Uttar Pradesh,Basti,09,131,2006,1,32712.754963973,42,50000,1.0,5.3598151605767,1
Uttar Pradesh,Basti,09,131,2007,1,517303.19979819,958,3000000,1.5,7.8036502762015,1
Uttar Pradesh,Basti,09,131,2009,1,84897.57185199701,14,1000000,1.0,6.04283862151,1
Uttar Pradesh,Basti,09,131,2010,1,38537.955848936,88,15000,1.5,5.8759232862105,1
Uttar Pradesh,Basti,09,131,2015,1,629961.6057566,206,300000,2.0,7.656646577764,1
Uttar Pradesh,Basti,09,131,2017,1,421575.24392831,253,422106,2.0,7.1563540170148,1
Uttar Pradesh,Basti,09,131,2018,1,70859.958919695,20,1000,1.5,5.8715901952896,1
Uttar Pradesh,Basti,09,131,2020,1,293809.72651845,2,0,1.5,6.4892554680033,1
Uttar Pradesh,Basti,09,131,2021,2,333627.792490875,58,1200,1.5,6.2286637790175,1
Uttar Pradesh,Basti,09,131,2022,1,224000.0,4,0,1.5,6.1283992687178,1
Uttar Pradesh,Bhadohi,09,179,1986,1,507167.43901015,258,3040000,1.0,7.5312261660442,1
Uttar Pradesh,Bhadohi,09,179,1988,2,1474609.7146377899,1109,502000,2.0,7.7855937662664,1
Uttar Pradesh,Bhadohi,09,179,1989,1,204979.38347471,7,0,1.0,6.2148001695432,1
Uttar Pradesh,Bhadohi,09,179,1990,2,1385589.90363544,442,63517,1.0,7.3840771654136,1
Uttar Pradesh,Bhadohi,09,179,1991,1,547679.02054319,88,0,1.0,6.9146173641677,1
Uttar Pradesh,Bhadohi,09,179,1992,1,518125.27779756,40,2000,1.0,7.2459136977876,1
Uttar Pradesh,Bhadohi,09,179,1994,1,292130.6444844,53,3000,1.0,6.3686671038163,1
Uttar Pradesh,Bhadohi,09,179,1995,1,762936.8925746998,600,2000000,1.0,7.1835186118101,1
Uttar Pradesh,Bhadohi,09,179,2000,1,223178.00999326,578,0,1.0,6.5791003221767,1
Uttar Pradesh,Bhadohi,09,179,2005,1,308728.71607899,23,0,1.0,6.7906070224724,1
Uttar Pradesh,Bhadohi,09,179,2007,1,517303.19979819,958,3000000,1.5,7.8036502762015,1
Uttar Pradesh,Bhadohi,09,179,2017,1,421575.24392831,253,422106,2.0,7.1563540170148,1
Uttar Pradesh,Bhadohi,09,179,2018,1,70859.958919695,20,1000,1.5,5.8715901952896,1
Uttar Pradesh,Bhadohi,09,179,2020,2,907430.84583495,15,60,1.5,6.8090895976067,1
Uttar Pradesh,Bhadohi,09,179,2021,1,239570.75971327,0,0,1.0,6.2245318501,1
Uttar Pradesh,Bhadohi,09,179,2022,1,224000.0,4,0,1.5,6.1283992687178,1
Uttar Pradesh,Bijnor,09,132,1988,2,1474609.7146377899,1109,502000,2.0,7.7855937662664,1
Uttar Pradesh,Bijnor,09,132,1990,2,1385589.90363544,442,63517,1.0,7.3840771654136,1
Uttar Pradesh,Bijnor,09,132,1991,1,547679.02054319,88,0,1.0,6.9146173641677,1
Uttar Pradesh,Bijnor,09,132,1992,1,518125.27779756,40,2000,1.0,7.2459136977876,1
Uttar Pradesh,Bijnor,09,132,1994,1,292130.6444844,53,3000,1.0,6.3686671038163,1
Uttar Pradesh,Bijnor,09,132,1995,1,762936.8925746998,600,2000000,1.0,7.1835186118101,1
Uttar Pradesh,Bijnor,09,132,2005,1,308728.71607899,23,0,1.0,6.7906070224724,1
Uttar Pradesh,Bijnor,09,132,2007,1,517303.19979819,958,3000000,1.5,7.8036502762015,1
Uttar Pradesh,Bijnor,09,132,2012,1,31390.529790548,30,1200,1.5,5.1500111592992,1
Uttar Pradesh,Bijnor,09,132,2015,1,629961.6057566,206,300000,2.0,7.656646577764,1
Uttar Pradesh,Bijnor,09,132,2017,1,421575.24392831,253,422106,2.0,7.1563540170148,1
Uttar Pradesh,Bijnor,09,132,2018,1,114348.33023553,28,935,1.0,6.0582298272306,1
Uttar Pradesh,Bijnor,09,132,2020,2,907430.84583495,15,60,1.5,6.8090895976067,1
Uttar Pradesh,Bijnor,09,132,2021,2,294441.75971327,27,600,1.5,6.2245318501,1
Uttar Pradesh,Bijnor,09,132,2022,1,224000.0,4,0,1.5,6.1283992687178,1
Uttar Pradesh,Budaun,09,133,1985,1,89994.671391565,557,152000,2.0,6.7737607310506,1
Uttar Pradesh,Budaun,09,133,1986,1,507167.43901015,258,3040000,1.0,7.5312261660442,1
Uttar Pradesh,Budaun,09,133,1988,2,1474609.7146377899,1109,502000,2.0,7.7855937662664,1
Uttar Pradesh,Budaun,09,133,1989,1,204979.38347471,7,0,1.0,6.2148001695432,1
Uttar Pradesh,Budaun,09,133,1990,2,1385589.90363544,442,63517,1.0,7.3840771654136,1
Uttar Pradesh,Budaun,09,133,1991,1,547679.02054319,88,0,1.0,6.9146173641677,1
Uttar Pradesh,Budaun,09,133,1992,1,518125.27779756,40,2000,1.0,7.2459136977876,1
Uttar Pradesh,Budaun,09,133,1994,1,292130.6444844,53,3000,1.0,6.3686671038163,1
Uttar Pradesh,Budaun,09,133,1995,1,762936.8925746998,600,2000000,1.0,7.1835186118101,1
Uttar Pradesh,Budaun,09,133,2000,1,223178.00999326,578,0,1.0,6.5791003221767,1
Uttar Pradesh,Budaun,09,133,2005,1,308728.71607899,23,0,1.0,6.7906070224724,1
Uttar Pradesh,Budaun,09,133,2007,1,517303.19979819,958,3000000,1.5,7.8036502762015,1
Uttar Pradesh,Budaun,09,133,2009,1,84897.57185199701,14,1000000,1.0,6.04283862151,1
Uttar Pradesh,Budaun,09,133,2014,1,107474.38802987,31,4000,1.5,6.6697942378336,1
Uttar Pradesh,Budaun,09,133,2015,1,629961.6057566,206,300000,2.0,7.656646577764,1
Uttar Pradesh,Budaun,09,133,2017,1,421575.24392831,253,422106,2.0,7.1563540170148,1
Uttar Pradesh,Budaun,09,133,2020,2,907430.84583495,15,60,1.5,6.8090895976067,1
Uttar Pradesh,Budaun,09,133,2021,1,239570.75971327,0,0,1.0,6.2245318501,1
Uttar Pradesh,Budaun,09,133,2022,1,224000.0,4,0,1.5,6.1283992687178,1
Uttar Pradesh,Bulandshahr,09,134,1988,2,1474609.7146377899,1109,502000,2.0,7.7855937662664,1
Uttar Pradesh,Bulandshahr,09,134,1989,1,204979.38347471,7,0,1.0,6.2148001695432,1
Uttar Pradesh,Bulandshahr,09,134,1990,2,1385589.90363544,442,63517,1.0,7.3840771654136,1
Uttar Pradesh,Bulandshahr,09,134,1991,1,547679.02054319,88,0,1.0,6.9146173641677,1
Uttar Pradesh,Bulandshahr,09,134,1992,1,518125.27779756,40,2000,1.0,7.2459136977876,1
Uttar Pradesh,Bulandshahr,09,134,1994,1,292130.6444844,53,3000,1.0,6.3686671038163,1
Uttar Pradesh,Bulandshahr,09,134,1995,1,762936.8925746998,600,2000000,1.0,7.1835186118101,1
Uttar Pradesh,Bulandshahr,09,134,2000,1,223178.00999326,578,0,1.0,6.5791003221767,1
Uttar Pradesh,Bulandshahr,09,134,2005,1,308728.71607899,23,0,1.0,6.7906070224724,1
Uttar Pradesh,Bulandshahr,09,134,2007,1,517303.19979819,958,3000000,1.5,7.8036502762015,1
Uttar Pradesh,Bulandshahr,09,134,2009,1,84897.57185199701,14,1000000,1.0,6.04283862151,1
Uttar Pradesh,Bulandshahr,09,134,2014,1,107474.38802987,31,4000,1.5,6.6697942378336,1
Uttar Pradesh,Bulandshahr,09,134,2015,1,629961.6057566,206,300000,2.0,7.656646577764,1
Uttar Pradesh,Bulandshahr,09,134,2017,1,421575.24392831,253,422106,2.0,7.1563540170148,1
Uttar Pradesh,Bulandshahr,09,134,2020,2,907430.84583495,15,60,1.5,6.8090895976067,1
Uttar Pradesh,Bulandshahr,09,134,2022,1,224000.0,4,0,1.5,6.1283992687178,1
Uttar Pradesh,Chandauli,09,135,1986,1,507167.43901015,258,3040000,1.0,7.5312261660442,1
Uttar Pradesh,Chandauli,09,135,1988,2,1474609.7146377899,1109,502000,2.0,7.7855937662664,1
Uttar Pradesh,Chandauli,09,135,1989,1,204979.38347471,7,0,1.0,6.2148001695432,1
Uttar Pradesh,Chandauli,09,135,1990,2,1385589.90363544,442,63517,1.0,7.3840771654136,1
Uttar Pradesh,Chandauli,09,135,1991,2,718552.66025244,88,87500,1.0,6.9146173641677,1
Uttar Pradesh,Chandauli,09,135,1992,1,518125.27779756,40,2000,1.0,7.2459136977876,1
Uttar Pradesh,Chandauli,09,135,1994,1,292130.6444844,53,3000,1.0,6.3686671038163,1
Uttar Pradesh,Chandauli,09,135,1995,1,762936.8925746998,600,2000000,1.0,7.1835186118101,1
Uttar Pradesh,Chandauli,09,135,1996,1,171939.46006971,74,4000000,1.0,6.6333155672897,1
Uttar Pradesh,Chandauli,09,135,2000,1,223178.00999326,578,0,1.0,6.5791003221767,1
Uttar Pradesh,Chandauli,09,135,2005,1,12677.589020453,21,0,1.0,4.8020066731285,1
Uttar Pradesh,Chandauli,09,135,2007,1,517303.19979819,958,3000000,1.5,7.8036502762015,1
Uttar Pradesh,Chandauli,09,135,2016,1,90613.737636319,127,377097,1.5,6.9783833436272,1
Uttar Pradesh,Chandauli,09,135,2017,1,421575.24392831,253,422106,2.0,7.1563540170148,1
Uttar Pradesh,Chandauli,09,135,2018,1,70859.958919695,20,1000,1.5,5.8715901952896,1
Uttar Pradesh,Chandauli,09,135,2020,1,293809.72651845,2,0,1.5,6.4892554680033,1
Uttar Pradesh,Chandauli,09,135,2021,1,239570.75971327,0,0,1.0,6.2245318501,1
Uttar Pradesh,Chandauli,09,135,2022,1,224000.0,4,0,1.5,6.1283992687178,1
Uttar Pradesh,Chitrakoot,09,136,1986,1,507167.43901015,258,3040000,1.0,7.5312261660442,1
Uttar Pradesh,Chitrakoot,09,136,1988,2,1474609.7146377899,1109,502000,2.0,7.7855937662664,1
Uttar Pradesh,Chitrakoot,09,136,1989,1,204979.38347471,7,0,1.0,6.2148001695432,1
Uttar Pradesh,Chitrakoot,09,136,1990,2,1385589.90363544,442,63517,1.0,7.3840771654136,1
Uttar Pradesh,Chitrakoot,09,136,1991,1,547679.02054319,88,0,1.0,6.9146173641677,1
Uttar Pradesh,Chitrakoot,09,136,1992,1,518125.27779756,40,2000,1.0,7.2459136977876,1
Uttar Pradesh,Chitrakoot,09,136,1994,2,2273968.0590573,670,803000,1.0,7.6772792647922,1
Uttar Pradesh,Chitrakoot,09,136,1995,1,762936.8925746998,600,2000000,1.0,7.1835186118101,1
Uttar Pradesh,Chitrakoot,09,136,2000,1,223178.00999326,578,0,1.0,6.5791003221767,1
Uttar Pradesh,Chitrakoot,09,136,2005,2,364468.947589487,85,49000,1.0,6.7906070224724,1
Uttar Pradesh,Chitrakoot,09,136,2007,1,517303.19979819,958,3000000,1.5,7.8036502762015,1
Uttar Pradesh,Chitrakoot,09,136,2017,1,421575.24392831,253,422106,2.0,7.1563540170148,1
Uttar Pradesh,Chitrakoot,09,136,2018,1,70859.958919695,20,1000,1.5,5.8715901952896,1
Uttar Pradesh,Chitrakoot,09,136,2020,2,907430.84583495,15,60,1.5,6.8090895976067,1
Uttar Pradesh,Chitrakoot,09,136,2022,1,224000.0,4,0,1.5,6.1283992687178,1
Uttar Pradesh,Deoria,09,137,1985,1,89994.671391565,557,152000,2.0,6.7737607310506,1
Uttar Pradesh,Deoria,09,137,1986,1,507167.43901015,258,3040000,1.0,7.5312261660442,1
Uttar Pradesh,Deoria,09,137,1988,2,1474609.7146377899,1109,502000,2.0,7.7855937662664,1
Uttar Pradesh,Deoria,09,137,1989,1,204979.38347471,7,0,1.0,6.2148001695432,1
Uttar Pradesh,Deoria,09,137,1990,2,1385589.90363544,442,63517,1.0,7.3840771654136,1
Uttar Pradesh,Deoria,09,137,1991,2,718552.66025244,88,87500,1.0,6.9146173641677,1
Uttar Pradesh,Deoria,09,137,1992,1,518125.27779756,40,2000,1.0,7.2459136977876,1
Uttar Pradesh,Deoria,09,137,1994,1,292130.6444844,53,3000,1.0,6.3686671038163,1
Uttar Pradesh,Deoria,09,137,1995,1,762936.8925746998,600,2000000,1.0,7.1835186118101,1
Uttar Pradesh,Deoria,09,137,1996,1,171939.46006971,74,4000000,1.0,6.6333155672897,1
Uttar Pradesh,Deoria,09,137,2000,1,223178.00999326,578,0,1.0,6.5791003221767,1
Uttar Pradesh,Deoria,09,137,2001,2,65566.006048992,211,330000,1.0,5.9112467881696,1
Uttar Pradesh,Deoria,09,137,2007,1,517303.19979819,958,3000000,1.5,7.8036502762015,1
Uttar Pradesh,Deoria,09,137,2010,1,38537.955848936,88,15000,1.5,5.8759232862105,1
Uttar Pradesh,Deoria,09,137,2015,1,629961.6057566,206,300000,2.0,7.656646577764,1
Uttar Pradesh,Deoria,09,137,2016,1,90613.737636319,127,377097,1.5,6.9783833436272,1
Uttar Pradesh,Deoria,09,137,2017,1,421575.24392831,253,422106,2.0,7.1563540170148,1
Uttar Pradesh,Deoria,09,137,2018,1,70859.958919695,20,1000,1.5,5.8715901952896,1
Uttar Pradesh,Deoria,09,137,2020,1,293809.72651845,2,0,1.5,6.4892554680033,1
Uttar Pradesh,Deoria,09,137,2021,2,333627.792490875,58,1200,1.5,6.2286637790175,1
Uttar Pradesh,Deoria,09,137,2022,1,224000.0,4,0,1.5,6.1283992687178,1
Uttar Pradesh,Etah,09,138,1985,1,89994.671391565,557,152000,2.0,6.7737607310506,1
Uttar Pradesh,Etah,09,138,1986,1,507167.43901015,258,3040000,1.0,7.5312261660442,1
Uttar Pradesh,Etah,09,138,1988,2,1474609.7146377899,1109,502000,2.0,7.7855937662664,1
Uttar Pradesh,Etah,09,138,1989,1,204979.38347471,7,0,1.0,6.2148001695432,1
Uttar Pradesh,Etah,09,138,1990,2,1385589.90363544,442,63517,1.0,7.3840771654136,1
Uttar Pradesh,Etah,09,138,1991,1,547679.02054319,88,0,1.0,6.9146173641677,1
Uttar Pradesh,Etah,09,138,1992,1,518125.27779756,40,2000,1.0,7.2459136977876,1
Uttar Pradesh,Etah,09,138,1994,1,292130.6444844,53,3000,1.0,6.3686671038163,1
Uttar Pradesh,Etah,09,138,1995,1,762936.8925746998,600,2000000,1.0,7.1835186118101,1
Uttar Pradesh,Etah,09,138,2000,1,223178.00999326,578,0,1.0,6.5791003221767,1
Uttar Pradesh,Etah,09,138,2005,1,308728.71607899,23,0,1.0,6.7906070224724,1
Uttar Pradesh,Etah,09,138,2007,1,517303.19979819,958,3000000,1.5,7.8036502762015,1
Uttar Pradesh,Etah,09,138,2009,1,84897.57185199701,14,1000000,1.0,6.04283862151,1
Uttar Pradesh,Etah,09,138,2014,1,107474.38802987,31,4000,1.5,6.6697942378336,1
Uttar Pradesh,Etah,09,138,2015,1,629961.6057566,206,300000,2.0,7.656646577764,1
Uttar Pradesh,Etah,09,138,2017,1,421575.24392831,253,422106,2.0,7.1563540170148,1
Uttar Pradesh,Etah,09,138,2020,2,907430.84583495,15,60,1.5,6.8090895976067,1
Uttar Pradesh,Etah,09,138,2021,1,239570.75971327,0,0,1.0,6.2245318501,1
Uttar Pradesh,Etah,09,138,2022,1,224000.0,4,0,1.5,6.1283992687178,1
Uttar Pradesh,Etawah,09,139,1986,1,507167.43901015,258,3040000,1.0,7.5312261660442,1
Uttar Pradesh,Etawah,09,139,1988,2,1474609.7146377899,1109,502000,2.0,7.7855937662664,1
Uttar Pradesh,Etawah,09,139,1989,1,204979.38347471,7,0,1.0,6.2148001695432,1
Uttar Pradesh,Etawah,09,139,1990,2,1385589.90363544,442,63517,1.0,7.3840771654136,1
Uttar Pradesh,Etawah,09,139,1991,1,547679.02054319,88,0,1.0,6.9146173641677,1
Uttar Pradesh,Etawah,09,139,1992,1,518125.27779756,40,2000,1.0,7.2459136977876,1
Uttar Pradesh,Etawah,09,139,1994,2,2273968.0590573,670,803000,1.0,7.6772792647922,1
Uttar Pradesh,Etawah,09,139,1995,1,762936.8925746998,600,2000000,1.0,7.1835186118101,1
Uttar Pradesh,Etawah,09,139,2000,1,223178.00999326,578,0,1.0,6.5791003221767,1
Uttar Pradesh,Etawah,09,139,2005,1,308728.71607899,23,0,1.0,6.7906070224724,1
Uttar Pradesh,Etawah,09,139,2007,1,517303.19979819,958,3000000,1.5,7.8036502762015,1
Uttar Pradesh,Etawah,09,139,2014,1,107474.38802987,31,4000,1.5,6.6697942378336,1
Uttar Pradesh,Etawah,09,139,2017,1,421575.24392831,253,422106,2.0,7.1563540170148,1
Uttar Pradesh,Etawah,09,139,2020,2,907430.84583495,15,60,1.5,6.8090895976067,1
Uttar Pradesh,Etawah,09,139,2021,1,239570.75971327,0,0,1.0,6.2245318501,1
Uttar Pradesh,Etawah,09,139,2022,1,224000.0,4,0,1.5,6.1283992687178,1
Uttar Pradesh,Farrukhabad,09,141,1985,1,89994.671391565,557,152000,2.0,6.7737607310506,1
Uttar Pradesh,Farrukhabad,09,141,1986,1,507167.43901015,258,3040000,1.0,7.5312261660442,1
Uttar Pradesh,Farrukhabad,09,141,1988,2,1474609.7146377899,1109,502000,2.0,7.7855937662664,1
Uttar Pradesh,Farrukhabad,09,141,1989,1,204979.38347471,7,0,1.0,6.2148001695432,1
Uttar Pradesh,Farrukhabad,09,141,1990,2,1385589.90363544,442,63517,1.0,7.3840771654136,1
Uttar Pradesh,Farrukhabad,09,141,1991,1,547679.02054319,88,0,1.0,6.9146173641677,1
Uttar Pradesh,Farrukhabad,09,141,1992,1,518125.27779756,40,2000,1.0,7.2459136977876,1
Uttar Pradesh,Farrukhabad,09,141,1994,1,292130.6444844,53,3000,1.0,6.3686671038163,1
Uttar Pradesh,Farrukhabad,09,141,1995,1,762936.8925746998,600,2000000,1.0,7.1835186118101,1
Uttar Pradesh,Farrukhabad,09,141,2000,1,223178.00999326,578,0,1.0,6.5791003221767,1
Uttar Pradesh,Farrukhabad,09,141,2005,1,308728.71607899,23,0,1.0,6.7906070224724,1
Uttar Pradesh,Farrukhabad,09,141,2007,1,517303.19979819,958,3000000,1.5,7.8036502762015,1
Uttar Pradesh,Farrukhabad,09,141,2009,1,84897.57185199701,14,1000000,1.0,6.04283862151,1
Uttar Pradesh,Farrukhabad,09,141,2014,1,107474.38802987,31,4000,1.5,6.6697942378336,1
Uttar Pradesh,Farrukhabad,09,141,2015,1,629961.6057566,206,300000,2.0,7.656646577764,1
Uttar Pradesh,Farrukhabad,09,141,2017,1,421575.24392831,253,422106,2.0,7.1563540170148,1
Uttar Pradesh,Farrukhabad,09,141,2020,2,907430.84583495,15,60,1.5,6.8090895976067,1
Uttar Pradesh,Farrukhabad,09,141,2021,1,239570.75971327,0,0,1.0,6.2245318501,1
Uttar Pradesh,Farrukhabad,09,141,2022,1,224000.0,4,0,1.5,6.1283992687178,1
Uttar Pradesh,Fatehpur,09,142,1986,1,507167.43901015,258,3040000,1.0,7.5312261660442,1
Uttar Pradesh,Fatehpur,09,142,1988,2,1474609.7146377899,1109,502000,2.0,7.7855937662664,1
Uttar Pradesh,Fatehpur,09,142,1989,1,204979.38347471,7,0,1.0,6.2148001695432,1
Uttar Pradesh,Fatehpur,09,142,1990,2,1385589.90363544,442,63517,1.0,7.3840771654136,1
Uttar Pradesh,Fatehpur,09,142,1991,1,547679.02054319,88,0,1.0,6.9146173641677,1
Uttar Pradesh,Fatehpur,09,142,1992,1,518125.27779756,40,2000,1.0,7.2459136977876,1
Uttar Pradesh,Fatehpur,09,142,1994,1,292130.6444844,53,3000,1.0,6.3686671038163,1
Uttar Pradesh,Fatehpur,09,142,1995,1,762936.8925746998,600,2000000,1.0,7.1835186118101,1
Uttar Pradesh,Fatehpur,09,142,2000,1,223178.00999326,578,0,1.0,6.5791003221767,1
Uttar Pradesh,Fatehpur,09,142,2005,1,308728.71607899,23,0,1.0,6.7906070224724,1
Uttar Pradesh,Fatehpur,09,142,2007,1,517303.19979819,958,3000000,1.5,7.8036502762015,1
Uttar Pradesh,Fatehpur,09,142,2014,1,107474.38802987,31,4000,1.5,6.6697942378336,1
Uttar Pradesh,Fatehpur,09,142,2017,1,421575.24392831,253,422106,2.0,7.1563540170148,1
Uttar Pradesh,Fatehpur,09,142,2018,1,70859.958919695,20,1000,1.5,5.8715901952896,1
Uttar Pradesh,Fatehpur,09,142,2020,2,907430.84583495,15,60,1.5,6.8090895976067,1
Uttar Pradesh,Fatehpur,09,142,2021,1,239570.75971327,0,0,1.0,6.2245318501,1
Uttar Pradesh,Fatehpur,09,142,2022,1,224000.0,4,0,1.5,6.1283992687178,1
Uttar Pradesh,Firozabad,09,143,1986,1,507167.43901015,258,3040000,1.0,7.5312261660442,1
Uttar Pradesh,Firozabad,09,143,1988,2,1474609.7146377899,1109,502000,2.0,7.7855937662664,1
Uttar Pradesh,Firozabad,09,143,1989,1,204979.38347471,7,0,1.0,6.2148001695432,1
Uttar Pradesh,Firozabad,09,143,1990,2,1385589.90363544,442,63517,1.0,7.3840771654136,1
Uttar Pradesh,Firozabad,09,143,1991,1,547679.02054319,88,0,1.0,6.9146173641677,1
Uttar Pradesh,Firozabad,09,143,1992,1,518125.27779756,40,2000,1.0,7.2459136977876,1
Uttar Pradesh,Firozabad,09,143,1994,1,292130.6444844,53,3000,1.0,6.3686671038163,1
Uttar Pradesh,Firozabad,09,143,1995,1,762936.8925746998,600,2000000,1.0,7.1835186118101,1
Uttar Pradesh,Firozabad,09,143,2000,1,223178.00999326,578,0,1.0,6.5791003221767,1
Uttar Pradesh,Firozabad,09,143,2005,1,308728.71607899,23,0,1.0,6.7906070224724,1
Uttar Pradesh,Firozabad,09,143,2007,1,517303.19979819,958,3000000,1.5,7.8036502762015,1
Uttar Pradesh,Firozabad,09,143,2014,1,107474.38802987,31,4000,1.5,6.6697942378336,1
Uttar Pradesh,Firozabad,09,143,2017,1,421575.24392831,253,422106,2.0,7.1563540170148,1
Uttar Pradesh,Firozabad,09,143,2020,2,907430.84583495,15,60,1.5,6.8090895976067,1
Uttar Pradesh,Firozabad,09,143,2021,1,239570.75971327,0,0,1.0,6.2245318501,1
Uttar Pradesh,Firozabad,09,143,2022,1,224000.0,4,0,1.5,6.1283992687178,1
Uttar Pradesh,Gautam Buddha Nagar,09,144,1988,3,1743138.26723743,1840,1752000,2.0,7.7855937662664,1
Uttar Pradesh,Gautam Buddha Nagar,09,144,1989,1,204979.38347471,7,0,1.0,6.2148001695432,1
Uttar Pradesh,Gautam Buddha Nagar,09,144,1990,2,1385589.90363544,442,63517,1.0,7.3840771654136,1
Uttar Pradesh,Gautam Buddha Nagar,09,144,1991,1,547679.02054319,88,0,1.0,6.9146173641677,1
Uttar Pradesh,Gautam Buddha Nagar,09,144,1992,1,518125.27779756,40,2000,1.0,7.2459136977876,1
Uttar Pradesh,Gautam Buddha Nagar,09,144,1994,1,292130.6444844,53,3000,1.0,6.3686671038163,1
Uttar Pradesh,Gautam Buddha Nagar,09,144,1995,1,762936.8925746998,600,2000000,1.0,7.1835186118101,1
Uttar Pradesh,Gautam Buddha Nagar,09,144,2000,1,223178.00999326,578,0,1.0,6.5791003221767,1
Uttar Pradesh,Gautam Buddha Nagar,09,144,2005,1,308728.71607899,23,0,1.0,6.7906070224724,1
Uttar Pradesh,Gautam Buddha Nagar,09,144,2007,2,708753.1462248199,1034,3015000,1.5,7.8036502762015,1
Uttar Pradesh,Gautam Buddha Nagar,09,144,2017,1,421575.24392831,253,422106,2.0,7.1563540170148,1
Uttar Pradesh,Gautam Buddha Nagar,09,144,2020,2,907430.84583495,15,60,1.5,6.8090895976067,1
Uttar Pradesh,Gautam Buddha Nagar,09,144,2022,1,224000.0,4,0,1.5,6.1283992687178,1
Uttar Pradesh,Gautam Buddha Nagar,09,144,2023,1,4988.0,0,35000,2.0,4.6979264448065,1
Uttar Pradesh,Ghaziabad,09,145,1988,3,1743138.26723743,1840,1752000,2.0,7.7855937662664,1
Uttar Pradesh,Ghaziabad,09,145,1990,2,1385589.90363544,442,63517,1.0,7.3840771654136,1
Uttar Pradesh,Ghaziabad,09,145,1991,1,547679.02054319,88,0,1.0,6.9146173641677,1
Uttar Pradesh,Ghaziabad,09,145,1992,1,518125.27779756,40,2000,1.0,7.2459136977876,1
Uttar Pradesh,Ghaziabad,09,145,1994,1,292130.6444844,53,3000,1.0,6.3686671038163,1
Uttar Pradesh,Ghaziabad,09,145,1995,1,762936.8925746998,600,2000000,1.0,7.1835186118101,1
Uttar Pradesh,Ghaziabad,09,145,2005,1,308728.71607899,23,0,1.0,6.7906070224724,1
Uttar Pradesh,Ghaziabad,09,145,2007,2,708753.1462248199,1034,3015000,1.5,7.8036502762015,1
Uttar Pradesh,Ghaziabad,09,145,2017,1,421575.24392831,253,422106,2.0,7.1563540170148,1
Uttar Pradesh,Ghaziabad,09,145,2020,2,907430.84583495,15,60,1.5,6.8090895976067,1
Uttar Pradesh,Ghaziabad,09,145,2022,1,224000.0,4,0,1.5,6.1283992687178,1
Uttar Pradesh,Ghaziabad,09,145,2023,1,4988.0,0,35000,2.0,4.6979264448065,1
Uttar Pradesh,Ghazipur,09,146,1985,1,89994.671391565,557,152000,2.0,6.7737607310506,1
Uttar Pradesh,Ghazipur,09,146,1986,1,507167.43901015,258,3040000,1.0,7.5312261660442,1
Uttar Pradesh,Ghazipur,09,146,1988,2,1474609.7146377899,1109,502000,2.0,7.7855937662664,1
Uttar Pradesh,Ghazipur,09,146,1989,1,204979.38347471,7,0,1.0,6.2148001695432,1
Uttar Pradesh,Ghazipur,09,146,1990,2,1385589.90363544,442,63517,1.0,7.3840771654136,1
Uttar Pradesh,Ghazipur,09,146,1991,2,718552.66025244,88,87500,1.0,6.9146173641677,1
Uttar Pradesh,Ghazipur,09,146,1992,1,518125.27779756,40,2000,1.0,7.2459136977876,1
Uttar Pradesh,Ghazipur,09,146,1994,1,292130.6444844,53,3000,1.0,6.3686671038163,1
Uttar Pradesh,Ghazipur,09,146,1995,1,762936.8925746998,600,2000000,1.0,7.1835186118101,1
Uttar Pradesh,Ghazipur,09,146,1996,1,171939.46006971,74,4000000,1.0,6.6333155672897,1
Uttar Pradesh,Ghazipur,09,146,2000,1,223178.00999326,578,0,1.0,6.5791003221767,1
Uttar Pradesh,Ghazipur,09,146,2001,1,35442.059648363,65,300000,1.0,5.9112467881696,1
Uttar Pradesh,Ghazipur,09,146,2005,2,321406.305099443,44,0,1.0,6.7906070224724,1
Uttar Pradesh,Ghazipur,09,146,2007,1,517303.19979819,958,3000000,1.5,7.8036502762015,1
Uttar Pradesh,Ghazipur,09,146,2010,1,38537.955848936,88,15000,1.5,5.8759232862105,1
Uttar Pradesh,Ghazipur,09,146,2015,1,629961.6057566,206,300000,2.0,7.656646577764,1
Uttar Pradesh,Ghazipur,09,146,2016,1,90613.737636319,127,377097,1.5,6.9783833436272,1
Uttar Pradesh,Ghazipur,09,146,2017,1,421575.24392831,253,422106,2.0,7.1563540170148,1
Uttar Pradesh,Ghazipur,09,146,2018,1,70859.958919695,20,1000,1.5,5.8715901952896,1
Uttar Pradesh,Ghazipur,09,146,2020,1,293809.72651845,2,0,1.5,6.4892554680033,1
Uttar Pradesh,Ghazipur,09,146,2021,1,239570.75971327,0,0,1.0,6.2245318501,1
Uttar Pradesh,Ghazipur,09,146,2022,1,224000.0,4,0,1.5,6.1283992687178,1
Uttar Pradesh,Gonda,09,147,1985,1,89994.671391565,557,152000,2.0,6.7737607310506,1
Uttar Pradesh,Gonda,09,147,1986,1,507167.43901015,258,3040000,1.0,7.5312261660442,1
Uttar Pradesh,Gonda,09,147,1988,2,1474609.7146377899,1109,502000,2.0,7.7855937662664,1
Uttar Pradesh,Gonda,09,147,1989,1,204979.38347471,7,0,1.0,6.2148001695432,1
Uttar Pradesh,Gonda,09,147,1990,2,1385589.90363544,442,63517,1.0,7.3840771654136,1
Uttar Pradesh,Gonda,09,147,1991,1,547679.02054319,88,0,1.0,6.9146173641677,1
Uttar Pradesh,Gonda,09,147,1992,1,518125.27779756,40,2000,1.0,7.2459136977876,1
Uttar Pradesh,Gonda,09,147,1994,1,292130.6444844,53,3000,1.0,6.3686671038163,1
Uttar Pradesh,Gonda,09,147,1995,1,762936.8925746998,600,2000000,1.0,7.1835186118101,1
Uttar Pradesh,Gonda,09,147,2000,1,223178.00999326,578,0,1.0,6.5791003221767,1
Uttar Pradesh,Gonda,09,147,2001,1,35442.059648363,65,300000,1.0,5.9112467881696,1
Uttar Pradesh,Gonda,09,147,2005,1,308728.71607899,23,0,1.0,6.7906070224724,1
Uttar Pradesh,Gonda,09,147,2006,1,32712.754963973,42,50000,1.0,5.3598151605767,1
Uttar Pradesh,Gonda,09,147,2007,1,517303.19979819,958,3000000,1.5,7.8036502762015,1
Uttar Pradesh,Gonda,09,147,2009,1,84897.57185199701,14,1000000,1.0,6.04283862151,1
Uttar Pradesh,Gonda,09,147,2010,1,38537.955848936,88,15000,1.5,5.8759232862105,1
Uttar Pradesh,Gonda,09,147,2014,1,107474.38802987,31,4000,1.5,6.6697942378336,1
Uttar Pradesh,Gonda,09,147,2015,1,629961.6057566,206,300000,2.0,7.656646577764,1
Uttar Pradesh,Gonda,09,147,2017,1,421575.24392831,253,422106,2.0,7.1563540170148,1
Uttar Pradesh,Gonda,09,147,2018,1,70859.958919695,20,1000,1.5,5.8715901952896,1
Uttar Pradesh,Gonda,09,147,2020,1,293809.72651845,2,0,1.5,6.4892554680033,1
Uttar Pradesh,Gonda,09,147,2021,2,333627.792490875,58,1200,1.5,6.2286637790175,1
Uttar Pradesh,Gonda,09,147,2022,1,224000.0,4,0,1.5,6.1283992687178,1
Uttar Pradesh,Gorakhpur,09,148,1985,1,89994.671391565,557,152000,2.0,6.7737607310506,1
Uttar Pradesh,Gorakhpur,09,148,1986,1,507167.43901015,258,3040000,1.0,7.5312261660442,1
Uttar Pradesh,Gorakhpur,09,148,1988,2,1474609.7146377899,1109,502000,2.0,7.7855937662664,1
Uttar Pradesh,Gorakhpur,09,148,1989,1,204979.38347471,7,0,1.0,6.2148001695432,1
Uttar Pradesh,Gorakhpur,09,148,1990,2,1385589.90363544,442,63517,1.0,7.3840771654136,1
Uttar Pradesh,Gorakhpur,09,148,1991,1,547679.02054319,88,0,1.0,6.9146173641677,1
Uttar Pradesh,Gorakhpur,09,148,1992,1,518125.27779756,40,2000,1.0,7.2459136977876,1
Uttar Pradesh,Gorakhpur,09,148,1994,1,292130.6444844,53,3000,1.0,6.3686671038163,1
Uttar Pradesh,Gorakhpur,09,148,1995,1,762936.8925746998,600,2000000,1.0,7.1835186118101,1
Uttar Pradesh,Gorakhpur,09,148,2000,1,223178.00999326,578,0,1.0,6.5791003221767,1
Uttar Pradesh,Gorakhpur,09,148,2001,1,35442.059648363,65,300000,1.0,5.9112467881696,1
Uttar Pradesh,Gorakhpur,09,148,2005,1,308728.71607899,23,0,1.0,6.7906070224724,1
Uttar Pradesh,Gorakhpur,09,148,2007,1,517303.19979819,958,3000000,1.5,7.8036502762015,1
Uttar Pradesh,Gorakhpur,09,148,2009,1,84897.57185199701,14,1000000,1.0,6.04283862151,1
Uttar Pradesh,Gorakhpur,09,148,2010,1,38537.955848936,88,15000,1.5,5.8759232862105,1
Uttar Pradesh,Gorakhpur,09,148,2015,1,629961.6057566,206,300000,2.0,7.656646577764,1
Uttar Pradesh,Gorakhpur,09,148,2016,1,90613.737636319,127,377097,1.5,6.9783833436272,1
Uttar Pradesh,Gorakhpur,09,148,2017,1,421575.24392831,253,422106,2.0,7.1563540170148,1
Uttar Pradesh,Gorakhpur,09,148,2018,1,70859.958919695,20,1000,1.5,5.8715901952896,1
Uttar Pradesh,Gorakhpur,09,148,2020,1,293809.72651845,2,0,1.5,6.4892554680033,1
Uttar Pradesh,Gorakhpur,09,148,2021,2,333627.792490875,58,1200,1.5,6.2286637790175,1
Uttar Pradesh,Gorakhpur,09,148,2022,1,224000.0,4,0,1.5,6.1283992687178,1
Uttar Pradesh,Hamirpur,09,149,1986,1,507167.43901015,258,3040000,1.0,7.5312261660442,1
Uttar Pradesh,Hamirpur,09,149,1988,2,1474609.7146377899,1109,502000,2.0,7.7855937662664,1
Uttar Pradesh,Hamirpur,09,149,1989,1,204979.38347471,7,0,1.0,6.2148001695432,1
Uttar Pradesh,Hamirpur,09,149,1990,2,1385589.90363544,442,63517,1.0,7.3840771654136,1
Uttar Pradesh,Hamirpur,09,149,1991,1,547679.02054319,88,0,1.0,6.9146173641677,1
Uttar Pradesh,Hamirpur,09,149,1992,1,518125.27779756,40,2000,1.0,7.2459136977876,1
Uttar Pradesh,Hamirpur,09,149,1994,1,292130.6444844,53,3000,1.0,6.3686671038163,1
Uttar Pradesh,Hamirpur,09,149,1995,1,762936.8925746998,600,2000000,1.0,7.1835186118101,1
Uttar Pradesh,Hamirpur,09,149,2000,1,223178.00999326,578,0,1.0,6.5791003221767,1
Uttar Pradesh,Hamirpur,09,149,2005,1,308728.71607899,23,0,1.0,6.7906070224724,1
Uttar Pradesh,Hamirpur,09,149,2007,1,517303.19979819,958,3000000,1.5,7.8036502762015,1
Uttar Pradesh,Hamirpur,09,149,2014,1,107474.38802987,31,4000,1.5,6.6697942378336,1
Uttar Pradesh,Hamirpur,09,149,2017,1,421575.24392831,253,422106,2.0,7.1563540170148,1
Uttar Pradesh,Hamirpur,09,149,2020,2,907430.84583495,15,60,1.5,6.8090895976067,1
Uttar Pradesh,Hamirpur,09,149,2021,1,239570.75971327,0,0,1.0,6.2245318501,1
Uttar Pradesh,Hamirpur,09,149,2022,1,224000.0,4,0,1.5,6.1283992687178,1
Uttar Pradesh,Hapur,09,661,1988,2,1474609.7146377899,1109,502000,2.0,7.7855937662664,1
Uttar Pradesh,Hapur,09,661,1990,2,1385589.90363544,442,63517,1.0,7.3840771654136,1
Uttar Pradesh,Hapur,09,661,1991,1,547679.02054319,88,0,1.0,6.9146173641677,1
Uttar Pradesh,Hapur,09,661,1992,1,518125.27779756,40,2000,1.0,7.2459136977876,1
Uttar Pradesh,Hapur,09,661,1994,1,292130.6444844,53,3000,1.0,6.3686671038163,1
Uttar Pradesh,Hapur,09,661,1995,1,762936.8925746998,600,2000000,1.0,7.1835186118101,1
Uttar Pradesh,Hapur,09,661,2005,1,308728.71607899,23,0,1.0,6.7906070224724,1
Uttar Pradesh,Hapur,09,661,2007,1,517303.19979819,958,3000000,1.5,7.8036502762015,1
Uttar Pradesh,Hapur,09,661,2014,1,107474.38802987,31,4000,1.5,6.6697942378336,1
Uttar Pradesh,Hapur,09,661,2015,1,629961.6057566,206,300000,2.0,7.656646577764,1
Uttar Pradesh,Hapur,09,661,2017,1,421575.24392831,253,422106,2.0,7.1563540170148,1
Uttar Pradesh,Hapur,09,661,2020,2,907430.84583495,15,60,1.5,6.8090895976067,1
Uttar Pradesh,Hapur,09,661,2022,1,224000.0,4,0,1.5,6.1283992687178,1
Uttar Pradesh,Hardoi,09,150,1985,1,89994.671391565,557,152000,2.0,6.7737607310506,1
Uttar Pradesh,Hardoi,09,150,1986,1,507167.43901015,258,3040000,1.0,7.5312261660442,1
Uttar Pradesh,Hardoi,09,150,1988,2,1474609.7146377899,1109,502000,2.0,7.7855937662664,1
Uttar Pradesh,Hardoi,09,150,1989,1,204979.38347471,7,0,1.0,6.2148001695432,1
Uttar Pradesh,Hardoi,09,150,1990,2,1385589.90363544,442,63517,1.0,7.3840771654136,1
Uttar Pradesh,Hardoi,09,150,1991,1,547679.02054319,88,0,1.0,6.9146173641677,1
Uttar Pradesh,Hardoi,09,150,1992,1,518125.27779756,40,2000,1.0,7.2459136977876,1
Uttar Pradesh,Hardoi,09,150,1994,1,292130.6444844,53,3000,1.0,6.3686671038163,1
Uttar Pradesh,Hardoi,09,150,1995,1,762936.8925746998,600,2000000,1.0,7.1835186118101,1
Uttar Pradesh,Hardoi,09,150,2000,1,223178.00999326,578,0,1.0,6.5791003221767,1
Uttar Pradesh,Hardoi,09,150,2005,1,308728.71607899,23,0,1.0,6.7906070224724,1
Uttar Pradesh,Hardoi,09,150,2007,1,517303.19979819,958,3000000,1.5,7.8036502762015,1
Uttar Pradesh,Hardoi,09,150,2009,1,84897.57185199701,14,1000000,1.0,6.04283862151,1
Uttar Pradesh,Hardoi,09,150,2014,1,107474.38802987,31,4000,1.5,6.6697942378336,1
Uttar Pradesh,Hardoi,09,150,2015,1,629961.6057566,206,300000,2.0,7.656646577764,1
Uttar Pradesh,Hardoi,09,150,2017,1,421575.24392831,253,422106,2.0,7.1563540170148,1
Uttar Pradesh,Hardoi,09,150,2020,2,907430.84583495,15,60,1.5,6.8090895976067,1
Uttar Pradesh,Hardoi,09,150,2021,2,333627.792490875,58,1200,1.5,6.2286637790175,1
Uttar Pradesh,Hardoi,09,150,2022,1,224000.0,4,0,1.5,6.1283992687178,1
Uttar Pradesh,Hathras,09,163,1988,2,1474609.7146377899,1109,502000,2.0,7.7855937662664,1
Uttar Pradesh,Hathras,09,163,1989,1,204979.38347471,7,0,1.0,6.2148001695432,1
Uttar Pradesh,Hathras,09,163,1990,2,1385589.90363544,442,63517,1.0,7.3840771654136,1
Uttar Pradesh,Hathras,09,163,1991,1,547679.02054319,88,0,1.0,6.9146173641677,1
Uttar Pradesh,Hathras,09,163,1992,1,518125.27779756,40,2000,1.0,7.2459136977876,1
Uttar Pradesh,Hathras,09,163,1994,1,292130.6444844,53,3000,1.0,6.3686671038163,1
Uttar Pradesh,Hathras,09,163,1995,1,762936.8925746998,600,2000000,1.0,7.1835186118101,1
Uttar Pradesh,Hathras,09,163,2000,1,223178.00999326,578,0,1.0,6.5791003221767,1
Uttar Pradesh,Hathras,09,163,2005,1,308728.71607899,23,0,1.0,6.7906070224724,1
Uttar Pradesh,Hathras,09,163,2007,1,517303.19979819,958,3000000,1.5,7.8036502762015,1
Uttar Pradesh,Hathras,09,163,2009,1,84897.57185199701,14,1000000,1.0,6.04283862151,1
Uttar Pradesh,Hathras,09,163,2014,1,107474.38802987,31,4000,1.5,6.6697942378336,1
Uttar Pradesh,Hathras,09,163,2017,1,421575.24392831,253,422106,2.0,7.1563540170148,1
Uttar Pradesh,Hathras,09,163,2020,2,907430.84583495,15,60,1.5,6.8090895976067,1
Uttar Pradesh,Hathras,09,163,2021,1,239570.75971327,0,0,1.0,6.2245318501,1
Uttar Pradesh,Hathras,09,163,2022,1,224000.0,4,0,1.5,6.1283992687178,1
Uttar Pradesh,Jalaun,09,151,1986,1,507167.43901015,258,3040000,1.0,7.5312261660442,1
Uttar Pradesh,Jalaun,09,151,1988,2,1474609.7146377899,1109,502000,2.0,7.7855937662664,1
Uttar Pradesh,Jalaun,09,151,1989,1,204979.38347471,7,0,1.0,6.2148001695432,1
Uttar Pradesh,Jalaun,09,151,1990,2,1385589.90363544,442,63517,1.0,7.3840771654136,1
Uttar Pradesh,Jalaun,09,151,1991,1,547679.02054319,88,0,1.0,6.9146173641677,1
Uttar Pradesh,Jalaun,09,151,1992,1,518125.27779756,40,2000,1.0,7.2459136977876,1
Uttar Pradesh,Jalaun,09,151,1994,2,2273968.0590573,670,803000,1.0,7.6772792647922,1
Uttar Pradesh,Jalaun,09,151,1995,1,762936.8925746998,600,2000000,1.0,7.1835186118101,1
Uttar Pradesh,Jalaun,09,151,2000,1,223178.00999326,578,0,1.0,6.5791003221767,1
Uttar Pradesh,Jalaun,09,151,2005,1,308728.71607899,23,0,1.0,6.7906070224724,1
Uttar Pradesh,Jalaun,09,151,2007,1,517303.19979819,958,3000000,1.5,7.8036502762015,1
Uttar Pradesh,Jalaun,09,151,2014,1,107474.38802987,31,4000,1.5,6.6697942378336,1
Uttar Pradesh,Jalaun,09,151,2017,1,421575.24392831,253,422106,2.0,7.1563540170148,1
Uttar Pradesh,Jalaun,09,151,2020,2,907430.84583495,15,60,1.5,6.8090895976067,1
Uttar Pradesh,Jalaun,09,151,2021,1,239570.75971327,0,0,1.0,6.2245318501,1
Uttar Pradesh,Jalaun,09,151,2022,1,224000.0,4,0,1.5,6.1283992687178,1
Uttar Pradesh,Jaunpur,09,152,1985,1,89994.671391565,557,152000,2.0,6.7737607310506,1
Uttar Pradesh,Jaunpur,09,152,1986,1,507167.43901015,258,3040000,1.0,7.5312261660442,1
Uttar Pradesh,Jaunpur,09,152,1988,2,1474609.7146377899,1109,502000,2.0,7.7855937662664,1
Uttar Pradesh,Jaunpur,09,152,1989,1,204979.38347471,7,0,1.0,6.2148001695432,1
Uttar Pradesh,Jaunpur,09,152,1990,2,1385589.90363544,442,63517,1.0,7.3840771654136,1
Uttar Pradesh,Jaunpur,09,152,1991,1,547679.02054319,88,0,1.0,6.9146173641677,1
Uttar Pradesh,Jaunpur,09,152,1992,1,518125.27779756,40,2000,1.0,7.2459136977876,1
Uttar Pradesh,Jaunpur,09,152,1994,1,292130.6444844,53,3000,1.0,6.3686671038163,1
Uttar Pradesh,Jaunpur,09,152,1995,1,762936.8925746998,600,2000000,1.0,7.1835186118101,1
Uttar Pradesh,Jaunpur,09,152,2000,1,223178.00999326,578,0,1.0,6.5791003221767,1
Uttar Pradesh,Jaunpur,09,152,2001,1,35442.059648363,65,300000,1.0,5.9112467881696,1
Uttar Pradesh,Jaunpur,09,152,2005,2,321406.305099443,44,0,1.0,6.7906070224724,1
Uttar Pradesh,Jaunpur,09,152,2007,1,517303.19979819,958,3000000,1.5,7.8036502762015,1
Uttar Pradesh,Jaunpur,09,152,2010,1,38537.955848936,88,15000,1.5,5.8759232862105,1
Uttar Pradesh,Jaunpur,09,152,2015,1,629961.6057566,206,300000,2.0,7.656646577764,1
Uttar Pradesh,Jaunpur,09,152,2016,1,90613.737636319,127,377097,1.5,6.9783833436272,1
Uttar Pradesh,Jaunpur,09,152,2017,1,421575.24392831,253,422106,2.0,7.1563540170148,1
Uttar Pradesh,Jaunpur,09,152,2018,1,70859.958919695,20,1000,1.5,5.8715901952896,1
Uttar Pradesh,Jaunpur,09,152,2020,2,907430.84583495,15,60,1.5,6.8090895976067,1
Uttar Pradesh,Jaunpur,09,152,2021,1,239570.75971327,0,0,1.0,6.2245318501,1
Uttar Pradesh,Jaunpur,09,152,2022,1,224000.0,4,0,1.5,6.1283992687178,1
Uttar Pradesh,Jhansi,09,153,1986,1,507167.43901015,258,3040000,1.0,7.5312261660442,1
Uttar Pradesh,Jhansi,09,153,1988,2,1474609.7146377899,1109,502000,2.0,7.7855937662664,1
Uttar Pradesh,Jhansi,09,153,1989,1,204979.38347471,7,0,1.0,6.2148001695432,1
Uttar Pradesh,Jhansi,09,153,1990,2,1385589.90363544,442,63517,1.0,7.3840771654136,1
Uttar Pradesh,Jhansi,09,153,1991,1,547679.02054319,88,0,1.0,6.9146173641677,1
Uttar Pradesh,Jhansi,09,153,1992,1,518125.27779756,40,2000,1.0,7.2459136977876,1
Uttar Pradesh,Jhansi,09,153,1994,2,2273968.0590573,670,803000,1.0,7.6772792647922,1
Uttar Pradesh,Jhansi,09,153,1995,1,762936.8925746998,600,2000000,1.0,7.1835186118101,1
Uttar Pradesh,Jhansi,09,153,2007,1,517303.19979819,958,3000000,1.5,7.8036502762015,1
Uttar Pradesh,Jhansi,09,153,2019,1,236728.10703236,0,45000,1.5,6.45343107138,1
Uttar Pradesh,Jhansi,09,153,2020,2,907430.84583495,15,60,1.5,6.8090895976067,1
Uttar Pradesh,Jhansi,09,153,2022,1,224000.0,4,0,1.5,6.1283992687178,1
Uttar Pradesh,Kannauj,09,155,1985,1,89994.671391565,557,152000,2.0,6.7737607310506,1
Uttar Pradesh,Kannauj,09,155,1986,1,507167.43901015,258,3040000,1.0,7.5312261660442,1
Uttar Pradesh,Kannauj,09,155,1988,2,1474609.7146377899,1109,502000,2.0,7.7855937662664,1
Uttar Pradesh,Kannauj,09,155,1989,1,204979.38347471,7,0,1.0,6.2148001695432,1
Uttar Pradesh,Kannauj,09,155,1990,2,1385589.90363544,442,63517,1.0,7.3840771654136,1
Uttar Pradesh,Kannauj,09,155,1991,1,547679.02054319,88,0,1.0,6.9146173641677,1
Uttar Pradesh,Kannauj,09,155,1992,1,518125.27779756,40,2000,1.0,7.2459136977876,1
Uttar Pradesh,Kannauj,09,155,1994,1,292130.6444844,53,3000,1.0,6.3686671038163,1
Uttar Pradesh,Kannauj,09,155,1995,1,762936.8925746998,600,2000000,1.0,7.1835186118101,1
Uttar Pradesh,Kannauj,09,155,2000,1,223178.00999326,578,0,1.0,6.5791003221767,1
Uttar Pradesh,Kannauj,09,155,2005,1,308728.71607899,23,0,1.0,6.7906070224724,1
Uttar Pradesh,Kannauj,09,155,2007,1,517303.19979819,958,3000000,1.5,7.8036502762015,1
Uttar Pradesh,Kannauj,09,155,2009,1,84897.57185199701,14,1000000,1.0,6.04283862151,1
Uttar Pradesh,Kannauj,09,155,2014,1,107474.38802987,31,4000,1.5,6.6697942378336,1
Uttar Pradesh,Kannauj,09,155,2015,1,629961.6057566,206,300000,2.0,7.656646577764,1
Uttar Pradesh,Kannauj,09,155,2017,1,421575.24392831,253,422106,2.0,7.1563540170148,1
Uttar Pradesh,Kannauj,09,155,2020,2,907430.84583495,15,60,1.5,6.8090895976067,1
Uttar Pradesh,Kannauj,09,155,2021,1,239570.75971327,0,0,1.0,6.2245318501,1
Uttar Pradesh,Kannauj,09,155,2022,1,224000.0,4,0,1.5,6.1283992687178,1
Uttar Pradesh,Kanpur Dehat,09,156,1986,1,507167.43901015,258,3040000,1.0,7.5312261660442,1
Uttar Pradesh,Kanpur Dehat,09,156,1988,2,1474609.7146377899,1109,502000,2.0,7.7855937662664,1
Uttar Pradesh,Kanpur Dehat,09,156,1989,1,204979.38347471,7,0,1.0,6.2148001695432,1
Uttar Pradesh,Kanpur Dehat,09,156,1990,2,1385589.90363544,442,63517,1.0,7.3840771654136,1
Uttar Pradesh,Kanpur Dehat,09,156,1991,1,547679.02054319,88,0,1.0,6.9146173641677,1
Uttar Pradesh,Kanpur Dehat,09,156,1992,1,518125.27779756,40,2000,1.0,7.2459136977876,1
Uttar Pradesh,Kanpur Dehat,09,156,1994,1,292130.6444844,53,3000,1.0,6.3686671038163,1
Uttar Pradesh,Kanpur Dehat,09,156,1995,1,762936.8925746998,600,2000000,1.0,7.1835186118101,1
Uttar Pradesh,Kanpur Dehat,09,156,2000,1,223178.00999326,578,0,1.0,6.5791003221767,1
Uttar Pradesh,Kanpur Dehat,09,156,2005,1,308728.71607899,23,0,1.0,6.7906070224724,1
Uttar Pradesh,Kanpur Dehat,09,156,2007,1,517303.19979819,958,3000000,1.5,7.8036502762015,1
Uttar Pradesh,Kanpur Dehat,09,156,2014,1,107474.38802987,31,4000,1.5,6.6697942378336,1
Uttar Pradesh,Kanpur Dehat,09,156,2017,1,421575.24392831,253,422106,2.0,7.1563540170148,1
Uttar Pradesh,Kanpur Dehat,09,156,2020,2,907430.84583495,15,60,1.5,6.8090895976067,1
Uttar Pradesh,Kanpur Dehat,09,156,2021,1,239570.75971327,0,0,1.0,6.2245318501,1
Uttar Pradesh,Kanpur Dehat,09,156,2022,1,224000.0,4,0,1.5,6.1283992687178,1
Uttar Pradesh,Kanpur Nagar,09,157,1986,1,507167.43901015,258,3040000,1.0,7.5312261660442,1
Uttar Pradesh,Kanpur Nagar,09,157,1988,2,1474609.7146377899,1109,502000,2.0,7.7855937662664,1
Uttar Pradesh,Kanpur Nagar,09,157,1989,1,204979.38347471,7,0,1.0,6.2148001695432,1
Uttar Pradesh,Kanpur Nagar,09,157,1990,2,1385589.90363544,442,63517,1.0,7.3840771654136,1
Uttar Pradesh,Kanpur Nagar,09,157,1991,1,547679.02054319,88,0,1.0,6.9146173641677,1
Uttar Pradesh,Kanpur Nagar,09,157,1992,1,518125.27779756,40,2000,1.0,7.2459136977876,1
Uttar Pradesh,Kanpur Nagar,09,157,1994,1,292130.6444844,53,3000,1.0,6.3686671038163,1
Uttar Pradesh,Kanpur Nagar,09,157,1995,1,762936.8925746998,600,2000000,1.0,7.1835186118101,1
Uttar Pradesh,Kanpur Nagar,09,157,2000,1,223178.00999326,578,0,1.0,6.5791003221767,1
Uttar Pradesh,Kanpur Nagar,09,157,2005,1,308728.71607899,23,0,1.0,6.7906070224724,1
Uttar Pradesh,Kanpur Nagar,09,157,2007,1,517303.19979819,958,3000000,1.5,7.8036502762015,1
Uttar Pradesh,Kanpur Nagar,09,157,2014,1,107474.38802987,31,4000,1.5,6.6697942378336,1
Uttar Pradesh,Kanpur Nagar,09,157,2017,1,421575.24392831,253,422106,2.0,7.1563540170148,1
Uttar Pradesh,Kanpur Nagar,09,157,2020,2,907430.84583495,15,60,1.5,6.8090895976067,1
Uttar Pradesh,Kanpur Nagar,09,157,2021,1,239570.75971327,0,0,1.0,6.2245318501,1
Uttar Pradesh,Kanpur Nagar,09,157,2022,1,224000.0,4,0,1.5,6.1283992687178,1
Uttar Pradesh,Kasganj,09,633,1985,1,89994.671391565,557,152000,2.0,6.7737607310506,1
Uttar Pradesh,Kasganj,09,633,1986,1,507167.43901015,258,3040000,1.0,7.5312261660442,1
Uttar Pradesh,Kasganj,09,633,1988,2,1474609.7146377899,1109,502000,2.0,7.7855937662664,1
Uttar Pradesh,Kasganj,09,633,1989,1,204979.38347471,7,0,1.0,6.2148001695432,1
Uttar Pradesh,Kasganj,09,633,1990,2,1385589.90363544,442,63517,1.0,7.3840771654136,1
Uttar Pradesh,Kasganj,09,633,1991,1,547679.02054319,88,0,1.0,6.9146173641677,1
Uttar Pradesh,Kasganj,09,633,1992,1,518125.27779756,40,2000,1.0,7.2459136977876,1
Uttar Pradesh,Kasganj,09,633,1994,1,292130.6444844,53,3000,1.0,6.3686671038163,1
Uttar Pradesh,Kasganj,09,633,1995,1,762936.8925746998,600,2000000,1.0,7.1835186118101,1
Uttar Pradesh,Kasganj,09,633,2000,1,223178.00999326,578,0,1.0,6.5791003221767,1
Uttar Pradesh,Kasganj,09,633,2005,1,308728.71607899,23,0,1.0,6.7906070224724,1
Uttar Pradesh,Kasganj,09,633,2007,1,517303.19979819,958,3000000,1.5,7.8036502762015,1
Uttar Pradesh,Kasganj,09,633,2009,1,84897.57185199701,14,1000000,1.0,6.04283862151,1
Uttar Pradesh,Kasganj,09,633,2014,1,107474.38802987,31,4000,1.5,6.6697942378336,1
Uttar Pradesh,Kasganj,09,633,2015,1,629961.6057566,206,300000,2.0,7.656646577764,1
Uttar Pradesh,Kasganj,09,633,2017,1,421575.24392831,253,422106,2.0,7.1563540170148,1
Uttar Pradesh,Kasganj,09,633,2020,2,907430.84583495,15,60,1.5,6.8090895976067,1
Uttar Pradesh,Kasganj,09,633,2021,1,239570.75971327,0,0,1.0,6.2245318501,1
Uttar Pradesh,Kasganj,09,633,2022,1,224000.0,4,0,1.5,6.1283992687178,1
Uttar Pradesh,Kaushambi,09,158,1986,1,507167.43901015,258,3040000,1.0,7.5312261660442,1
Uttar Pradesh,Kaushambi,09,158,1988,2,1474609.7146377899,1109,502000,2.0,7.7855937662664,1
Uttar Pradesh,Kaushambi,09,158,1989,1,204979.38347471,7,0,1.0,6.2148001695432,1
Uttar Pradesh,Kaushambi,09,158,1990,2,1385589.90363544,442,63517,1.0,7.3840771654136,1
Uttar Pradesh,Kaushambi,09,158,1991,1,547679.02054319,88,0,1.0,6.9146173641677,1
Uttar Pradesh,Kaushambi,09,158,1992,1,518125.27779756,40,2000,1.0,7.2459136977876,1
Uttar Pradesh,Kaushambi,09,158,1994,1,292130.6444844,53,3000,1.0,6.3686671038163,1
Uttar Pradesh,Kaushambi,09,158,1995,1,762936.8925746998,600,2000000,1.0,7.1835186118101,1
Uttar Pradesh,Kaushambi,09,158,2000,1,223178.00999326,578,0,1.0,6.5791003221767,1
Uttar Pradesh,Kaushambi,09,158,2005,1,308728.71607899,23,0,1.0,6.7906070224724,1
Uttar Pradesh,Kaushambi,09,158,2007,1,517303.19979819,958,3000000,1.5,7.8036502762015,1
Uttar Pradesh,Kaushambi,09,158,2017,1,421575.24392831,253,422106,2.0,7.1563540170148,1
Uttar Pradesh,Kaushambi,09,158,2018,1,70859.958919695,20,1000,1.5,5.8715901952896,1
Uttar Pradesh,Kaushambi,09,158,2020,2,907430.84583495,15,60,1.5,6.8090895976067,1
Uttar Pradesh,Kaushambi,09,158,2021,1,239570.75971327,0,0,1.0,6.2245318501,1
Uttar Pradesh,Kaushambi,09,158,2022,1,224000.0,4,0,1.5,6.1283992687178,1
Uttar Pradesh,Kheri,09,159,1985,1,89994.671391565,557,152000,2.0,6.7737607310506,1
Uttar Pradesh,Kheri,09,159,1986,1,507167.43901015,258,3040000,1.0,7.5312261660442,1
Uttar Pradesh,Kheri,09,159,1988,2,1474609.7146377899,1109,502000,2.0,7.7855937662664,1
Uttar Pradesh,Kheri,09,159,1989,1,204979.38347471,7,0,1.0,6.2148001695432,1
Uttar Pradesh,Kheri,09,159,1990,2,1385589.90363544,442,63517,1.0,7.3840771654136,1
Uttar Pradesh,Kheri,09,159,1991,1,547679.02054319,88,0,1.0,6.9146173641677,1
Uttar Pradesh,Kheri,09,159,1992,1,518125.27779756,40,2000,1.0,7.2459136977876,1
Uttar Pradesh,Kheri,09,159,1994,1,292130.6444844,53,3000,1.0,6.3686671038163,1
Uttar Pradesh,Kheri,09,159,1995,1,762936.8925746998,600,2000000,1.0,7.1835186118101,1
Uttar Pradesh,Kheri,09,159,2000,1,223178.00999326,578,0,1.0,6.5791003221767,1
Uttar Pradesh,Kheri,09,159,2005,1,308728.71607899,23,0,1.0,6.7906070224724,1
Uttar Pradesh,Kheri,09,159,2006,1,32712.754963973,42,50000,1.0,5.3598151605767,1
Uttar Pradesh,Kheri,09,159,2007,1,517303.19979819,958,3000000,1.5,7.8036502762015,1
Uttar Pradesh,Kheri,09,159,2009,1,84897.57185199701,14,1000000,1.0,6.04283862151,1
Uttar Pradesh,Kheri,09,159,2010,1,38537.955848936,88,15000,1.5,5.8759232862105,1
Uttar Pradesh,Kheri,09,159,2014,1,107474.38802987,31,4000,1.5,6.6697942378336,1
Uttar Pradesh,Kheri,09,159,2015,1,629961.6057566,206,300000,2.0,7.656646577764,1
Uttar Pradesh,Kheri,09,159,2017,1,421575.24392831,253,422106,2.0,7.1563540170148,1
Uttar Pradesh,Kheri,09,159,2020,2,907430.84583495,15,60,1.5,6.8090895976067,1
Uttar Pradesh,Kheri,09,159,2021,2,333627.792490875,58,1200,1.5,6.2286637790175,1
Uttar Pradesh,Kheri,09,159,2022,1,224000.0,4,0,1.5,6.1283992687178,1
Uttar Pradesh,Kushi Nagar,09,160,1985,1,89994.671391565,557,152000,2.0,6.7737607310506,1
Uttar Pradesh,Kushi Nagar,09,160,1986,1,507167.43901015,258,3040000,1.0,7.5312261660442,1
Uttar Pradesh,Kushi Nagar,09,160,1988,2,1474609.7146377899,1109,502000,2.0,7.7855937662664,1
Uttar Pradesh,Kushi Nagar,09,160,1989,1,204979.38347471,7,0,1.0,6.2148001695432,1
Uttar Pradesh,Kushi Nagar,09,160,1990,2,1385589.90363544,442,63517,1.0,7.3840771654136,1
Uttar Pradesh,Kushi Nagar,09,160,1991,2,718552.66025244,88,87500,1.0,6.9146173641677,1
Uttar Pradesh,Kushi Nagar,09,160,1992,1,518125.27779756,40,2000,1.0,7.2459136977876,1
Uttar Pradesh,Kushi Nagar,09,160,1994,1,292130.6444844,53,3000,1.0,6.3686671038163,1
Uttar Pradesh,Kushi Nagar,09,160,1995,1,762936.8925746998,600,2000000,1.0,7.1835186118101,1
Uttar Pradesh,Kushi Nagar,09,160,1996,1,171939.46006971,74,4000000,1.0,6.6333155672897,1
Uttar Pradesh,Kushi Nagar,09,160,2001,2,65566.006048992,211,330000,1.0,5.9112467881696,1
Uttar Pradesh,Kushi Nagar,09,160,2007,1,517303.19979819,958,3000000,1.5,7.8036502762015,1
Uttar Pradesh,Kushi Nagar,09,160,2008,1,283806.15051341,142,225000,2.0,7.0550817943772,1
Uttar Pradesh,Kushi Nagar,09,160,2010,1,192748.71204485,0,5000,1.0,5.762112739478,1
Uttar Pradesh,Kushi Nagar,09,160,2015,1,629961.6057566,206,300000,2.0,7.656646577764,1
Uttar Pradesh,Kushi Nagar,09,160,2016,1,90613.737636319,127,377097,1.5,6.9783833436272,1
Uttar Pradesh,Kushi Nagar,09,160,2017,1,421575.24392831,253,422106,2.0,7.1563540170148,1
Uttar Pradesh,Kushi Nagar,09,160,2020,1,293809.72651845,2,0,1.5,6.4892554680033,1
Uttar Pradesh,Kushi Nagar,09,160,2021,2,333627.792490875,58,1200,1.5,6.2286637790175,1
Uttar Pradesh,Kushi Nagar,09,160,2022,1,224000.0,4,0,1.5,6.1283992687178,1
Uttar Pradesh,Lalitpur,09,161,1986,1,507167.43901015,258,3040000,1.0,7.5312261660442,1
Uttar Pradesh,Lalitpur,09,161,1992,1,518125.27779756,40,2000,1.0,7.2459136977876,1
Uttar Pradesh,Lalitpur,09,161,1994,2,2273968.0590573,670,803000,1.0,7.6772792647922,1
Uttar Pradesh,Lalitpur,09,161,2005,1,55740.231510497,62,49000,1.0,5.8922968038503,1
Uttar Pradesh,Lalitpur,09,161,2016,1,167030.23285049,20,15000,1.5,6.8460443769454,1
Uttar Pradesh,Lalitpur,09,161,2019,1,236728.10703236,0,45000,1.5,6.45343107138,1
Uttar Pradesh,Lalitpur,09,161,2020,1,613621.1193165,13,60,1.5,6.8090895976067,1
Uttar Pradesh,Lucknow,09,162,1985,1,89994.671391565,557,152000,2.0,6.7737607310506,1
Uttar Pradesh,Lucknow,09,162,1986,1,507167.43901015,258,3040000,1.0,7.5312261660442,1
Uttar Pradesh,Lucknow,09,162,1988,2,1474609.7146377899,1109,502000,2.0,7.7855937662664,1
Uttar Pradesh,Lucknow,09,162,1989,1,204979.38347471,7,0,1.0,6.2148001695432,1
Uttar Pradesh,Lucknow,09,162,1990,2,1385589.90363544,442,63517,1.0,7.3840771654136,1
Uttar Pradesh,Lucknow,09,162,1991,1,547679.02054319,88,0,1.0,6.9146173641677,1
Uttar Pradesh,Lucknow,09,162,1992,1,518125.27779756,40,2000,1.0,7.2459136977876,1
Uttar Pradesh,Lucknow,09,162,1994,1,292130.6444844,53,3000,1.0,6.3686671038163,1
Uttar Pradesh,Lucknow,09,162,1995,1,762936.8925746998,600,2000000,1.0,7.1835186118101,1
Uttar Pradesh,Lucknow,09,162,2000,1,223178.00999326,578,0,1.0,6.5791003221767,1
Uttar Pradesh,Lucknow,09,162,2005,1,308728.71607899,23,0,1.0,6.7906070224724,1
Uttar Pradesh,Lucknow,09,162,2007,1,517303.19979819,958,3000000,1.5,7.8036502762015,1
Uttar Pradesh,Lucknow,09,162,2009,1,84897.57185199701,14,1000000,1.0,6.04283862151,1
Uttar Pradesh,Lucknow,09,162,2014,1,107474.38802987,31,4000,1.5,6.6697942378336,1
Uttar Pradesh,Lucknow,09,162,2015,1,629961.6057566,206,300000,2.0,7.656646577764,1
Uttar Pradesh,Lucknow,09,162,2017,1,421575.24392831,253,422106,2.0,7.1563540170148,1
Uttar Pradesh,Lucknow,09,162,2018,1,70859.958919695,20,1000,1.5,5.8715901952896,1
Uttar Pradesh,Lucknow,09,162,2020,2,907430.84583495,15,60,1.5,6.8090895976067,1
Uttar Pradesh,Lucknow,09,162,2021,2,333627.792490875,58,1200,1.5,6.2286637790175,1
Uttar Pradesh,Lucknow,09,162,2022,1,224000.0,4,0,1.5,6.1283992687178,1
Uttar Pradesh,Maharajganj,09,164,1985,1,89994.671391565,557,152000,2.0,6.7737607310506,1
Uttar Pradesh,Maharajganj,09,164,1986,1,507167.43901015,258,3040000,1.0,7.5312261660442,1
Uttar Pradesh,Maharajganj,09,164,1988,2,1474609.7146377899,1109,502000,2.0,7.7855937662664,1
Uttar Pradesh,Maharajganj,09,164,1989,1,204979.38347471,7,0,1.0,6.2148001695432,1
Uttar Pradesh,Maharajganj,09,164,1990,2,1385589.90363544,442,63517,1.0,7.3840771654136,1
Uttar Pradesh,Maharajganj,09,164,1991,1,547679.02054319,88,0,1.0,6.9146173641677,1
Uttar Pradesh,Maharajganj,09,164,1992,1,518125.27779756,40,2000,1.0,7.2459136977876,1
Uttar Pradesh,Maharajganj,09,164,1994,1,292130.6444844,53,3000,1.0,6.3686671038163,1
Uttar Pradesh,Maharajganj,09,164,1995,1,762936.8925746998,600,2000000,1.0,7.1835186118101,1
Uttar Pradesh,Maharajganj,09,164,2001,2,65566.006048992,211,330000,1.0,5.9112467881696,1
Uttar Pradesh,Maharajganj,09,164,2005,1,308728.71607899,23,0,1.0,6.7906070224724,1
Uttar Pradesh,Maharajganj,09,164,2007,1,517303.19979819,958,3000000,1.5,7.8036502762015,1
Uttar Pradesh,Maharajganj,09,164,2008,1,283806.15051341,142,225000,2.0,7.0550817943772,1
Uttar Pradesh,Maharajganj,09,164,2009,1,84897.57185199701,14,1000000,1.0,6.04283862151,1
Uttar Pradesh,Maharajganj,09,164,2015,1,629961.6057566,206,300000,2.0,7.656646577764,1
Uttar Pradesh,Maharajganj,09,164,2017,1,421575.24392831,253,422106,2.0,7.1563540170148,1
Uttar Pradesh,Maharajganj,09,164,2020,1,293809.72651845,2,0,1.5,6.4892554680033,1
Uttar Pradesh,Maharajganj,09,164,2021,2,333627.792490875,58,1200,1.5,6.2286637790175,1
Uttar Pradesh,Maharajganj,09,164,2022,1,224000.0,4,0,1.5,6.1283992687178,1
Uttar Pradesh,Mahoba,09,165,1986,1,507167.43901015,258,3040000,1.0,7.5312261660442,1
Uttar Pradesh,Mahoba,09,165,1988,2,1474609.7146377899,1109,502000,2.0,7.7855937662664,1
Uttar Pradesh,Mahoba,09,165,1989,1,204979.38347471,7,0,1.0,6.2148001695432,1
Uttar Pradesh,Mahoba,09,165,1990,2,1385589.90363544,442,63517,1.0,7.3840771654136,1
Uttar Pradesh,Mahoba,09,165,1991,1,547679.02054319,88,0,1.0,6.9146173641677,1
Uttar Pradesh,Mahoba,09,165,1992,1,518125.27779756,40,2000,1.0,7.2459136977876,1
Uttar Pradesh,Mahoba,09,165,1994,2,2273968.0590573,670,803000,1.0,7.6772792647922,1
Uttar Pradesh,Mahoba,09,165,1995,1,762936.8925746998,600,2000000,1.0,7.1835186118101,1
Uttar Pradesh,Mahoba,09,165,2000,1,223178.00999326,578,0,1.0,6.5791003221767,1
Uttar Pradesh,Mahoba,09,165,2007,1,517303.19979819,958,3000000,1.5,7.8036502762015,1
Uttar Pradesh,Mahoba,09,165,2020,2,907430.84583495,15,60,1.5,6.8090895976067,1
Uttar Pradesh,Mahoba,09,165,2022,1,224000.0,4,0,1.5,6.1283992687178,1
Uttar Pradesh,Mainpuri,09,166,1985,1,89994.671391565,557,152000,2.0,6.7737607310506,1
Uttar Pradesh,Mainpuri,09,166,1986,1,507167.43901015,258,3040000,1.0,7.5312261660442,1
Uttar Pradesh,Mainpuri,09,166,1988,2,1474609.7146377899,1109,502000,2.0,7.7855937662664,1
Uttar Pradesh,Mainpuri,09,166,1989,1,204979.38347471,7,0,1.0,6.2148001695432,1
Uttar Pradesh,Mainpuri,09,166,1990,2,1385589.90363544,442,63517,1.0,7.3840771654136,1
Uttar Pradesh,Mainpuri,09,166,1991,1,547679.02054319,88,0,1.0,6.9146173641677,1
Uttar Pradesh,Mainpuri,09,166,1992,1,518125.27779756,40,2000,1.0,7.2459136977876,1
Uttar Pradesh,Mainpuri,09,166,1994,1,292130.6444844,53,3000,1.0,6.3686671038163,1
Uttar Pradesh,Mainpuri,09,166,1995,1,762936.8925746998,600,2000000,1.0,7.1835186118101,1
Uttar Pradesh,Mainpuri,09,166,2000,1,223178.00999326,578,0,1.0,6.5791003221767,1
Uttar Pradesh,Mainpuri,09,166,2005,1,308728.71607899,23,0,1.0,6.7906070224724,1
Uttar Pradesh,Mainpuri,09,166,2007,1,517303.19979819,958,3000000,1.5,7.8036502762015,1
Uttar Pradesh,Mainpuri,09,166,2009,1,84897.57185199701,14,1000000,1.0,6.04283862151,1
Uttar Pradesh,Mainpuri,09,166,2014,1,107474.38802987,31,4000,1.5,6.6697942378336,1
Uttar Pradesh,Mainpuri,09,166,2015,1,629961.6057566,206,300000,2.0,7.656646577764,1
Uttar Pradesh,Mainpuri,09,166,2017,1,421575.24392831,253,422106,2.0,7.1563540170148,1
Uttar Pradesh,Mainpuri,09,166,2020,2,907430.84583495,15,60,1.5,6.8090895976067,1
Uttar Pradesh,Mainpuri,09,166,2021,1,239570.75971327,0,0,1.0,6.2245318501,1
Uttar Pradesh,Mainpuri,09,166,2022,1,224000.0,4,0,1.5,6.1283992687178,1
Uttar Pradesh,Mathura,09,167,1988,2,1474609.7146377899,1109,502000,2.0,7.7855937662664,1
Uttar Pradesh,Mathura,09,167,1989,1,204979.38347471,7,0,1.0,6.2148001695432,1
Uttar Pradesh,Mathura,09,167,1990,2,1385589.90363544,442,63517,1.0,7.3840771654136,1
Uttar Pradesh,Mathura,09,167,1991,1,547679.02054319,88,0,1.0,6.9146173641677,1
Uttar Pradesh,Mathura,09,167,1992,1,518125.27779756,40,2000,1.0,7.2459136977876,1
Uttar Pradesh,Mathura,09,167,1994,2,2273968.0590573,670,803000,1.0,7.6772792647922,1
Uttar Pradesh,Mathura,09,167,1995,1,762936.8925746998,600,2000000,1.0,7.1835186118101,1
Uttar Pradesh,Mathura,09,167,2000,1,223178.00999326,578,0,1.0,6.5791003221767,1
Uttar Pradesh,Mathura,09,167,2005,1,308728.71607899,23,0,1.0,6.7906070224724,1
Uttar Pradesh,Mathura,09,167,2007,2,708753.1462248199,1034,3015000,1.5,7.8036502762015,1
Uttar Pradesh,Mathura,09,167,2010,1,10843.627880908,0,12500,1.0,5.4153858472596,1
Uttar Pradesh,Mathura,09,167,2014,1,107474.38802987,31,4000,1.5,6.6697942378336,1
Uttar Pradesh,Mathura,09,167,2017,1,421575.24392831,253,422106,2.0,7.1563540170148,1
Uttar Pradesh,Mathura,09,167,2020,2,907430.84583495,15,60,1.5,6.8090895976067,1
Uttar Pradesh,Mathura,09,167,2022,1,224000.0,4,0,1.5,6.1283992687178,1
Uttar Pradesh,Mau,09,168,1985,1,89994.671391565,557,152000,2.0,6.7737607310506,1
Uttar Pradesh,Mau,09,168,1986,1,507167.43901015,258,3040000,1.0,7.5312261660442,1
Uttar Pradesh,Mau,09,168,1988,2,1474609.7146377899,1109,502000,2.0,7.7855937662664,1
Uttar Pradesh,Mau,09,168,1989,1,204979.38347471,7,0,1.0,6.2148001695432,1
Uttar Pradesh,Mau,09,168,1990,2,1385589.90363544,442,63517,1.0,7.3840771654136,1
Uttar Pradesh,Mau,09,168,1991,1,547679.02054319,88,0,1.0,6.9146173641677,1
Uttar Pradesh,Mau,09,168,1992,1,518125.27779756,40,2000,1.0,7.2459136977876,1
Uttar Pradesh,Mau,09,168,1994,1,292130.6444844,53,3000,1.0,6.3686671038163,1
Uttar Pradesh,Mau,09,168,1995,1,762936.8925746998,600,2000000,1.0,7.1835186118101,1
Uttar Pradesh,Mau,09,168,2000,1,223178.00999326,578,0,1.0,6.5791003221767,1
Uttar Pradesh,Mau,09,168,2001,1,35442.059648363,65,300000,1.0,5.9112467881696,1
Uttar Pradesh,Mau,09,168,2005,1,12677.589020453,21,0,1.0,4.8020066731285,1
Uttar Pradesh,Mau,09,168,2007,1,517303.19979819,958,3000000,1.5,7.8036502762015,1
Uttar Pradesh,Mau,09,168,2010,1,38537.955848936,88,15000,1.5,5.8759232862105,1
Uttar Pradesh,Mau,09,168,2015,1,629961.6057566,206,300000,2.0,7.656646577764,1
Uttar Pradesh,Mau,09,168,2016,1,90613.737636319,127,377097,1.5,6.9783833436272,1
Uttar Pradesh,Mau,09,168,2017,1,421575.24392831,253,422106,2.0,7.1563540170148,1
Uttar Pradesh,Mau,09,168,2018,1,70859.958919695,20,1000,1.5,5.8715901952896,1
Uttar Pradesh,Mau,09,168,2020,1,293809.72651845,2,0,1.5,6.4892554680033,1
Uttar Pradesh,Mau,09,168,2021,2,333627.792490875,58,1200,1.5,6.2286637790175,1
Uttar Pradesh,Mau,09,168,2022,1,224000.0,4,0,1.5,6.1283992687178,1
Uttar Pradesh,Meerut,09,169,1988,3,1743138.26723743,1840,1752000,2.0,7.7855937662664,1
Uttar Pradesh,Meerut,09,169,1990,2,1385589.90363544,442,63517,1.0,7.3840771654136,1
Uttar Pradesh,Meerut,09,169,1991,1,547679.02054319,88,0,1.0,6.9146173641677,1
Uttar Pradesh,Meerut,09,169,1992,1,518125.27779756,40,2000,1.0,7.2459136977876,1
Uttar Pradesh,Meerut,09,169,1994,1,292130.6444844,53,3000,1.0,6.3686671038163,1
Uttar Pradesh,Meerut,09,169,1995,1,762936.8925746998,600,2000000,1.0,7.1835186118101,1
Uttar Pradesh,Meerut,09,169,2005,1,308728.71607899,23,0,1.0,6.7906070224724,1
Uttar Pradesh,Meerut,09,169,2007,1,517303.19979819,958,3000000,1.5,7.8036502762015,1
Uttar Pradesh,Meerut,09,169,2015,1,629961.6057566,206,300000,2.0,7.656646577764,1
Uttar Pradesh,Meerut,09,169,2017,1,421575.24392831,253,422106,2.0,7.1563540170148,1
Uttar Pradesh,Meerut,09,169,2020,2,907430.84583495,15,60,1.5,6.8090895976067,1
Uttar Pradesh,Meerut,09,169,2022,1,224000.0,4,0,1.5,6.1283992687178,1
Uttar Pradesh,Mirzapur,09,170,1986,1,507167.43901015,258,3040000,1.0,7.5312261660442,1
Uttar Pradesh,Mirzapur,09,170,1988,2,1474609.7146377899,1109,502000,2.0,7.7855937662664,1
Uttar Pradesh,Mirzapur,09,170,1989,1,204979.38347471,7,0,1.0,6.2148001695432,1
Uttar Pradesh,Mirzapur,09,170,1990,2,1385589.90363544,442,63517,1.0,7.3840771654136,1
Uttar Pradesh,Mirzapur,09,170,1991,1,547679.02054319,88,0,1.0,6.9146173641677,1
Uttar Pradesh,Mirzapur,09,170,1992,1,518125.27779756,40,2000,1.0,7.2459136977876,1
Uttar Pradesh,Mirzapur,09,170,1994,2,2273968.0590573,670,803000,1.0,7.6772792647922,1
Uttar Pradesh,Mirzapur,09,170,1995,1,762936.8925746998,600,2000000,1.0,7.1835186118101,1
Uttar Pradesh,Mirzapur,09,170,2000,1,223178.00999326,578,0,1.0,6.5791003221767,1
Uttar Pradesh,Mirzapur,09,170,2005,2,364468.947589487,85,49000,1.0,6.7906070224724,1
Uttar Pradesh,Mirzapur,09,170,2007,1,517303.19979819,958,3000000,1.5,7.8036502762015,1
Uttar Pradesh,Mirzapur,09,170,2017,1,421575.24392831,253,422106,2.0,7.1563540170148,1
Uttar Pradesh,Mirzapur,09,170,2018,1,70859.958919695,20,1000,1.5,5.8715901952896,1
Uttar Pradesh,Mirzapur,09,170,2020,2,907430.84583495,15,60,1.5,6.8090895976067,1
Uttar Pradesh,Mirzapur,09,170,2021,1,239570.75971327,0,0,1.0,6.2245318501,1
Uttar Pradesh,Mirzapur,09,170,2022,1,224000.0,4,0,1.5,6.1283992687178,1
Uttar Pradesh,Moradabad,09,171,1988,2,1474609.7146377899,1109,502000,2.0,7.7855937662664,1
Uttar Pradesh,Moradabad,09,171,1989,1,204979.38347471,7,0,1.0,6.2148001695432,1
Uttar Pradesh,Moradabad,09,171,1990,2,1385589.90363544,442,63517,1.0,7.3840771654136,1
Uttar Pradesh,Moradabad,09,171,1991,1,547679.02054319,88,0,1.0,6.9146173641677,1
Uttar Pradesh,Moradabad,09,171,1992,1,518125.27779756,40,2000,1.0,7.2459136977876,1
Uttar Pradesh,Moradabad,09,171,1994,1,292130.6444844,53,3000,1.0,6.3686671038163,1
Uttar Pradesh,Moradabad,09,171,1995,1,762936.8925746998,600,2000000,1.0,7.1835186118101,1
Uttar Pradesh,Moradabad,09,171,2000,1,223178.00999326,578,0,1.0,6.5791003221767,1
Uttar Pradesh,Moradabad,09,171,2005,1,308728.71607899,23,0,1.0,6.7906070224724,1
Uttar Pradesh,Moradabad,09,171,2007,1,517303.19979819,958,3000000,1.5,7.8036502762015,1
Uttar Pradesh,Moradabad,09,171,2009,1,84897.57185199701,14,1000000,1.0,6.04283862151,1
Uttar Pradesh,Moradabad,09,171,2014,1,107474.38802987,31,4000,1.5,6.6697942378336,1
Uttar Pradesh,Moradabad,09,171,2015,1,629961.6057566,206,300000,2.0,7.656646577764,1
Uttar Pradesh,Moradabad,09,171,2017,1,421575.24392831,253,422106,2.0,7.1563540170148,1
Uttar Pradesh,Moradabad,09,171,2018,1,114348.33023553,28,935,1.0,6.0582298272306,1
Uttar Pradesh,Moradabad,09,171,2020,2,907430.84583495,15,60,1.5,6.8090895976067,1
Uttar Pradesh,Moradabad,09,171,2021,2,294441.75971327,27,600,1.5,6.2245318501,1
Uttar Pradesh,Moradabad,09,171,2022,1,224000.0,4,0,1.5,6.1283992687178,1
Uttar Pradesh,Muzaffarnagar,09,172,1988,3,1743138.26723743,1840,1752000,2.0,7.7855937662664,1
Uttar Pradesh,Muzaffarnagar,09,172,1990,2,1385589.90363544,442,63517,1.0,7.3840771654136,1
Uttar Pradesh,Muzaffarnagar,09,172,1991,1,547679.02054319,88,0,1.0,6.9146173641677,1
Uttar Pradesh,Muzaffarnagar,09,172,1992,1,518125.27779756,40,2000,1.0,7.2459136977876,1
Uttar Pradesh,Muzaffarnagar,09,172,1994,1,292130.6444844,53,3000,1.0,6.3686671038163,1
Uttar Pradesh,Muzaffarnagar,09,172,1995,1,762936.8925746998,600,2000000,1.0,7.1835186118101,1
Uttar Pradesh,Muzaffarnagar,09,172,2005,1,308728.71607899,23,0,1.0,6.7906070224724,1
Uttar Pradesh,Muzaffarnagar,09,172,2007,1,517303.19979819,958,3000000,1.5,7.8036502762015,1
Uttar Pradesh,Muzaffarnagar,09,172,2010,1,147437.2291135,98,523000,1.0,6.2099998454591,1
Uttar Pradesh,Muzaffarnagar,09,172,2015,1,629961.6057566,206,300000,2.0,7.656646577764,1
Uttar Pradesh,Muzaffarnagar,09,172,2017,1,421575.24392831,253,422106,2.0,7.1563540170148,1
Uttar Pradesh,Muzaffarnagar,09,172,2018,1,114348.33023553,28,935,1.0,6.0582298272306,1
Uttar Pradesh,Muzaffarnagar,09,172,2020,1,293809.72651845,2,0,1.5,6.4892554680033,1
Uttar Pradesh,Muzaffarnagar,09,172,2021,1,54871.0,27,600,1.5,5.3925553888707,1
Uttar Pradesh,Muzaffarnagar,09,172,2022,1,224000.0,4,0,1.5,6.1283992687178,1
Uttar Pradesh,Pilibhit,09,173,1986,1,507167.43901015,258,3040000,1.0,7.5312261660442,1
Uttar Pradesh,Pilibhit,09,173,1988,2,1474609.7146377899,1109,502000,2.0,7.7855937662664,1
Uttar Pradesh,Pilibhit,09,173,1989,1,204979.38347471,7,0,1.0,6.2148001695432,1
Uttar Pradesh,Pilibhit,09,173,1990,2,1385589.90363544,442,63517,1.0,7.3840771654136,1
Uttar Pradesh,Pilibhit,09,173,1991,1,547679.02054319,88,0,1.0,6.9146173641677,1
Uttar Pradesh,Pilibhit,09,173,1992,1,518125.27779756,40,2000,1.0,7.2459136977876,1
Uttar Pradesh,Pilibhit,09,173,1994,1,292130.6444844,53,3000,1.0,6.3686671038163,1
Uttar Pradesh,Pilibhit,09,173,1995,1,762936.8925746998,600,2000000,1.0,7.1835186118101,1
Uttar Pradesh,Pilibhit,09,173,2000,1,223178.00999326,578,0,1.0,6.5791003221767,1
Uttar Pradesh,Pilibhit,09,173,2005,1,308728.71607899,23,0,1.0,6.7906070224724,1
Uttar Pradesh,Pilibhit,09,173,2006,1,32712.754963973,42,50000,1.0,5.3598151605767,1
Uttar Pradesh,Pilibhit,09,173,2007,1,517303.19979819,958,3000000,1.5,7.8036502762015,1
Uttar Pradesh,Pilibhit,09,173,2009,1,84897.57185199701,14,1000000,1.0,6.04283862151,1
Uttar Pradesh,Pilibhit,09,173,2014,1,107474.38802987,31,4000,1.5,6.6697942378336,1
Uttar Pradesh,Pilibhit,09,173,2015,1,629961.6057566,206,300000,2.0,7.656646577764,1
Uttar Pradesh,Pilibhit,09,173,2017,1,421575.24392831,253,422106,2.0,7.1563540170148,1
Uttar Pradesh,Pilibhit,09,173,2020,2,907430.84583495,15,60,1.5,6.8090895976067,1
Uttar Pradesh,Pilibhit,09,173,2021,3,388498.792490875,85,1800,1.5,6.2286637790175,1
Uttar Pradesh,Pilibhit,09,173,2022,1,224000.0,4,0,1.5,6.1283992687178,1
Uttar Pradesh,Pratapgarh,09,174,1986,1,507167.43901015,258,3040000,1.0,7.5312261660442,1
Uttar Pradesh,Pratapgarh,09,174,1988,2,1474609.7146377899,1109,502000,2.0,7.7855937662664,1
Uttar Pradesh,Pratapgarh,09,174,1989,1,204979.38347471,7,0,1.0,6.2148001695432,1
Uttar Pradesh,Pratapgarh,09,174,1990,2,1385589.90363544,442,63517,1.0,7.3840771654136,1
Uttar Pradesh,Pratapgarh,09,174,1991,1,547679.02054319,88,0,1.0,6.9146173641677,1
Uttar Pradesh,Pratapgarh,09,174,1992,1,518125.27779756,40,2000,1.0,7.2459136977876,1
Uttar Pradesh,Pratapgarh,09,174,1994,1,292130.6444844,53,3000,1.0,6.3686671038163,1
Uttar Pradesh,Pratapgarh,09,174,1995,1,762936.8925746998,600,2000000,1.0,7.1835186118101,1
Uttar Pradesh,Pratapgarh,09,174,2000,1,223178.00999326,578,0,1.0,6.5791003221767,1
Uttar Pradesh,Pratapgarh,09,174,2005,1,308728.71607899,23,0,1.0,6.7906070224724,1
Uttar Pradesh,Pratapgarh,09,174,2007,1,517303.19979819,958,3000000,1.5,7.8036502762015,1
Uttar Pradesh,Pratapgarh,09,174,2009,1,84897.57185199701,14,1000000,1.0,6.04283862151,1
Uttar Pradesh,Pratapgarh,09,174,2010,1,38537.955848936,88,15000,1.5,5.8759232862105,1
Uttar Pradesh,Pratapgarh,09,174,2017,1,421575.24392831,253,422106,2.0,7.1563540170148,1
Uttar Pradesh,Pratapgarh,09,174,2018,1,70859.958919695,20,1000,1.5,5.8715901952896,1
Uttar Pradesh,Pratapgarh,09,174,2020,2,907430.84583495,15,60,1.5,6.8090895976067,1
Uttar Pradesh,Pratapgarh,09,174,2021,1,239570.75971327,0,0,1.0,6.2245318501,1
Uttar Pradesh,Pratapgarh,09,174,2022,1,224000.0,4,0,1.5,6.1283992687178,1
Uttar Pradesh,Prayagraj,09,120,1986,1,507167.43901015,258,3040000,1.0,7.5312261660442,1
Uttar Pradesh,Prayagraj,09,120,1988,2,1474609.7146377899,1109,502000,2.0,7.7855937662664,1
Uttar Pradesh,Prayagraj,09,120,1989,1,204979.38347471,7,0,1.0,6.2148001695432,1
Uttar Pradesh,Prayagraj,09,120,1990,2,1385589.90363544,442,63517,1.0,7.3840771654136,1
Uttar Pradesh,Prayagraj,09,120,1991,1,547679.02054319,88,0,1.0,6.9146173641677,1
Uttar Pradesh,Prayagraj,09,120,1992,1,518125.27779756,40,2000,1.0,7.2459136977876,1
Uttar Pradesh,Prayagraj,09,120,1994,2,2273968.0590573,670,803000,1.0,7.6772792647922,1
Uttar Pradesh,Prayagraj,09,120,1995,1,762936.8925746998,600,2000000,1.0,7.1835186118101,1
Uttar Pradesh,Prayagraj,09,120,2000,1,223178.00999326,578,0,1.0,6.5791003221767,1
Uttar Pradesh,Prayagraj,09,120,2005,2,364468.947589487,85,49000,1.0,6.7906070224724,1
Uttar Pradesh,Prayagraj,09,120,2007,1,517303.19979819,958,3000000,1.5,7.8036502762015,1
Uttar Pradesh,Prayagraj,09,120,2017,1,421575.24392831,253,422106,2.0,7.1563540170148,1
Uttar Pradesh,Prayagraj,09,120,2018,1,70859.958919695,20,1000,1.5,5.8715901952896,1
Uttar Pradesh,Prayagraj,09,120,2020,2,907430.84583495,15,60,1.5,6.8090895976067,1
Uttar Pradesh,Prayagraj,09,120,2021,1,239570.75971327,0,0,1.0,6.2245318501,1
Uttar Pradesh,Prayagraj,09,120,2022,1,224000.0,4,0,1.5,6.1283992687178,1
Uttar Pradesh,Rae Bareli,09,175,1985,1,89994.671391565,557,152000,2.0,6.7737607310506,1
Uttar Pradesh,Rae Bareli,09,175,1986,1,507167.43901015,258,3040000,1.0,7.5312261660442,1
Uttar Pradesh,Rae Bareli,09,175,1988,2,1474609.7146377899,1109,502000,2.0,7.7855937662664,1
Uttar Pradesh,Rae Bareli,09,175,1989,1,204979.38347471,7,0,1.0,6.2148001695432,1
Uttar Pradesh,Rae Bareli,09,175,1990,2,1385589.90363544,442,63517,1.0,7.3840771654136,1
Uttar Pradesh,Rae Bareli,09,175,1991,1,547679.02054319,88,0,1.0,6.9146173641677,1
Uttar Pradesh,Rae Bareli,09,175,1992,1,518125.27779756,40,2000,1.0,7.2459136977876,1
Uttar Pradesh,Rae Bareli,09,175,1994,1,292130.6444844,53,3000,1.0,6.3686671038163,1
Uttar Pradesh,Rae Bareli,09,175,1995,1,762936.8925746998,600,2000000,1.0,7.1835186118101,1
Uttar Pradesh,Rae Bareli,09,175,2000,1,223178.00999326,578,0,1.0,6.5791003221767,1
Uttar Pradesh,Rae Bareli,09,175,2005,1,308728.71607899,23,0,1.0,6.7906070224724,1
Uttar Pradesh,Rae Bareli,09,175,2007,1,517303.19979819,958,3000000,1.5,7.8036502762015,1
Uttar Pradesh,Rae Bareli,09,175,2009,1,84897.57185199701,14,1000000,1.0,6.04283862151,1
Uttar Pradesh,Rae Bareli,09,175,2014,1,107474.38802987,31,4000,1.5,6.6697942378336,1
Uttar Pradesh,Rae Bareli,09,175,2015,1,629961.6057566,206,300000,2.0,7.656646577764,1
Uttar Pradesh,Rae Bareli,09,175,2017,1,421575.24392831,253,422106,2.0,7.1563540170148,1
Uttar Pradesh,Rae Bareli,09,175,2018,1,70859.958919695,20,1000,1.5,5.8715901952896,1
Uttar Pradesh,Rae Bareli,09,175,2020,2,907430.84583495,15,60,1.5,6.8090895976067,1
Uttar Pradesh,Rae Bareli,09,175,2021,2,333627.792490875,58,1200,1.5,6.2286637790175,1
Uttar Pradesh,Rae Bareli,09,175,2022,1,224000.0,4,0,1.5,6.1283992687178,1
Uttar Pradesh,Rampur,09,176,1988,2,1474609.7146377899,1109,502000,2.0,7.7855937662664,1
Uttar Pradesh,Rampur,09,176,1989,1,204979.38347471,7,0,1.0,6.2148001695432,1
Uttar Pradesh,Rampur,09,176,1990,2,1385589.90363544,442,63517,1.0,7.3840771654136,1
Uttar Pradesh,Rampur,09,176,1991,1,547679.02054319,88,0,1.0,6.9146173641677,1
Uttar Pradesh,Rampur,09,176,1992,1,518125.27779756,40,2000,1.0,7.2459136977876,1
Uttar Pradesh,Rampur,09,176,1994,1,292130.6444844,53,3000,1.0,6.3686671038163,1
Uttar Pradesh,Rampur,09,176,1995,1,762936.8925746998,600,2000000,1.0,7.1835186118101,1
Uttar Pradesh,Rampur,09,176,2000,1,223178.00999326,578,0,1.0,6.5791003221767,1
Uttar Pradesh,Rampur,09,176,2005,1,308728.71607899,23,0,1.0,6.7906070224724,1
Uttar Pradesh,Rampur,09,176,2007,1,517303.19979819,958,3000000,1.5,7.8036502762015,1
Uttar Pradesh,Rampur,09,176,2009,1,84897.57185199701,14,1000000,1.0,6.04283862151,1
Uttar Pradesh,Rampur,09,176,2014,1,107474.38802987,31,4000,1.5,6.6697942378336,1
Uttar Pradesh,Rampur,09,176,2015,1,629961.6057566,206,300000,2.0,7.656646577764,1
Uttar Pradesh,Rampur,09,176,2017,1,421575.24392831,253,422106,2.0,7.1563540170148,1
Uttar Pradesh,Rampur,09,176,2018,1,114348.33023553,28,935,1.0,6.0582298272306,1
Uttar Pradesh,Rampur,09,176,2020,2,907430.84583495,15,60,1.5,6.8090895976067,1
Uttar Pradesh,Rampur,09,176,2021,2,294441.75971327,27,600,1.5,6.2245318501,1
Uttar Pradesh,Rampur,09,176,2022,1,224000.0,4,0,1.5,6.1283992687178,1
Uttar Pradesh,Saharanpur,09,177,1988,3,1743138.26723743,1840,1752000,2.0,7.7855937662664,1
Uttar Pradesh,Saharanpur,09,177,1990,2,1385589.90363544,442,63517,1.0,7.3840771654136,1
Uttar Pradesh,Saharanpur,09,177,1991,1,547679.02054319,88,0,1.0,6.9146173641677,1
Uttar Pradesh,Saharanpur,09,177,1992,1,518125.27779756,40,2000,1.0,7.2459136977876,1
Uttar Pradesh,Saharanpur,09,177,1994,1,292130.6444844,53,3000,1.0,6.3686671038163,1
Uttar Pradesh,Saharanpur,09,177,1995,1,762936.8925746998,600,2000000,1.0,7.1835186118101,1
Uttar Pradesh,Saharanpur,09,177,2005,1,308728.71607899,23,0,1.0,6.7906070224724,1
Uttar Pradesh,Saharanpur,09,177,2007,2,708753.1462248199,1034,3015000,1.5,7.8036502762015,1
Uttar Pradesh,Saharanpur,09,177,2010,1,147437.2291135,98,523000,1.0,6.2099998454591,1
Uttar Pradesh,Saharanpur,09,177,2012,1,31390.529790548,30,1200,1.5,5.1500111592992,1
Uttar Pradesh,Saharanpur,09,177,2015,1,629961.6057566,206,300000,2.0,7.656646577764,1
Uttar Pradesh,Saharanpur,09,177,2017,1,421575.24392831,253,422106,2.0,7.1563540170148,1
Uttar Pradesh,Saharanpur,09,177,2018,1,114348.33023553,28,935,1.0,6.0582298272306,1
Uttar Pradesh,Saharanpur,09,177,2020,1,293809.72651845,2,0,1.5,6.4892554680033,1
Uttar Pradesh,Saharanpur,09,177,2022,1,224000.0,4,0,1.5,6.1283992687178,1
Uttar Pradesh,Sambhal,09,659,1988,2,1474609.7146377899,1109,502000,2.0,7.7855937662664,1
Uttar Pradesh,Sambhal,09,659,1989,1,204979.38347471,7,0,1.0,6.2148001695432,1
Uttar Pradesh,Sambhal,09,659,1990,2,1385589.90363544,442,63517,1.0,7.3840771654136,1
Uttar Pradesh,Sambhal,09,659,1991,1,547679.02054319,88,0,1.0,6.9146173641677,1
Uttar Pradesh,Sambhal,09,659,1992,1,518125.27779756,40,2000,1.0,7.2459136977876,1
Uttar Pradesh,Sambhal,09,659,1994,1,292130.6444844,53,3000,1.0,6.3686671038163,1
Uttar Pradesh,Sambhal,09,659,1995,1,762936.8925746998,600,2000000,1.0,7.1835186118101,1
Uttar Pradesh,Sambhal,09,659,2000,1,223178.00999326,578,0,1.0,6.5791003221767,1
Uttar Pradesh,Sambhal,09,659,2005,1,308728.71607899,23,0,1.0,6.7906070224724,1
Uttar Pradesh,Sambhal,09,659,2007,1,517303.19979819,958,3000000,1.5,7.8036502762015,1
Uttar Pradesh,Sambhal,09,659,2009,1,84897.57185199701,14,1000000,1.0,6.04283862151,1
Uttar Pradesh,Sambhal,09,659,2014,1,107474.38802987,31,4000,1.5,6.6697942378336,1
Uttar Pradesh,Sambhal,09,659,2015,1,629961.6057566,206,300000,2.0,7.656646577764,1
Uttar Pradesh,Sambhal,09,659,2017,1,421575.24392831,253,422106,2.0,7.1563540170148,1
Uttar Pradesh,Sambhal,09,659,2020,2,907430.84583495,15,60,1.5,6.8090895976067,1
Uttar Pradesh,Sambhal,09,659,2021,1,239570.75971327,0,0,1.0,6.2245318501,1
Uttar Pradesh,Sambhal,09,659,2022,1,224000.0,4,0,1.5,6.1283992687178,1
Uttar Pradesh,Sant Kabeer Nagar,09,178,1985,1,89994.671391565,557,152000,2.0,6.7737607310506,1
Uttar Pradesh,Sant Kabeer Nagar,09,178,1986,1,507167.43901015,258,3040000,1.0,7.5312261660442,1
Uttar Pradesh,Sant Kabeer Nagar,09,178,1988,2,1474609.7146377899,1109,502000,2.0,7.7855937662664,1
Uttar Pradesh,Sant Kabeer Nagar,09,178,1989,1,204979.38347471,7,0,1.0,6.2148001695432,1
Uttar Pradesh,Sant Kabeer Nagar,09,178,1990,2,1385589.90363544,442,63517,1.0,7.3840771654136,1
Uttar Pradesh,Sant Kabeer Nagar,09,178,1991,1,547679.02054319,88,0,1.0,6.9146173641677,1
Uttar Pradesh,Sant Kabeer Nagar,09,178,1992,1,518125.27779756,40,2000,1.0,7.2459136977876,1
Uttar Pradesh,Sant Kabeer Nagar,09,178,1994,1,292130.6444844,53,3000,1.0,6.3686671038163,1
Uttar Pradesh,Sant Kabeer Nagar,09,178,1995,1,762936.8925746998,600,2000000,1.0,7.1835186118101,1
Uttar Pradesh,Sant Kabeer Nagar,09,178,2000,1,223178.00999326,578,0,1.0,6.5791003221767,1
Uttar Pradesh,Sant Kabeer Nagar,09,178,2001,1,35442.059648363,65,300000,1.0,5.9112467881696,1
Uttar Pradesh,Sant Kabeer Nagar,09,178,2005,1,308728.71607899,23,0,1.0,6.7906070224724,1
Uttar Pradesh,Sant Kabeer Nagar,09,178,2006,1,32712.754963973,42,50000,1.0,5.3598151605767,1
Uttar Pradesh,Sant Kabeer Nagar,09,178,2007,1,517303.19979819,958,3000000,1.5,7.8036502762015,1
Uttar Pradesh,Sant Kabeer Nagar,09,178,2009,1,84897.57185199701,14,1000000,1.0,6.04283862151,1
Uttar Pradesh,Sant Kabeer Nagar,09,178,2010,1,38537.955848936,88,15000,1.5,5.8759232862105,1
Uttar Pradesh,Sant Kabeer Nagar,09,178,2015,1,629961.6057566,206,300000,2.0,7.656646577764,1
Uttar Pradesh,Sant Kabeer Nagar,09,178,2017,1,421575.24392831,253,422106,2.0,7.1563540170148,1
Uttar Pradesh,Sant Kabeer Nagar,09,178,2018,1,70859.958919695,20,1000,1.5,5.8715901952896,1
Uttar Pradesh,Sant Kabeer Nagar,09,178,2020,1,293809.72651845,2,0,1.5,6.4892554680033,1
Uttar Pradesh,Sant Kabeer Nagar,09,178,2021,2,333627.792490875,58,1200,1.5,6.2286637790175,1
Uttar Pradesh,Sant Kabeer Nagar,09,178,2022,1,224000.0,4,0,1.5,6.1283992687178,1
Uttar Pradesh,Shahjahanpur,09,180,1985,1,89994.671391565,557,152000,2.0,6.7737607310506,1
Uttar Pradesh,Shahjahanpur,09,180,1986,1,507167.43901015,258,3040000,1.0,7.5312261660442,1
Uttar Pradesh,Shahjahanpur,09,180,1988,2,1474609.7146377899,1109,502000,2.0,7.7855937662664,1
Uttar Pradesh,Shahjahanpur,09,180,1989,1,204979.38347471,7,0,1.0,6.2148001695432,1
Uttar Pradesh,Shahjahanpur,09,180,1990,2,1385589.90363544,442,63517,1.0,7.3840771654136,1
Uttar Pradesh,Shahjahanpur,09,180,1991,1,547679.02054319,88,0,1.0,6.9146173641677,1
Uttar Pradesh,Shahjahanpur,09,180,1992,1,518125.27779756,40,2000,1.0,7.2459136977876,1
Uttar Pradesh,Shahjahanpur,09,180,1994,1,292130.6444844,53,3000,1.0,6.3686671038163,1
Uttar Pradesh,Shahjahanpur,09,180,1995,1,762936.8925746998,600,2000000,1.0,7.1835186118101,1
Uttar Pradesh,Shahjahanpur,09,180,2000,1,223178.00999326,578,0,1.0,6.5791003221767,1
Uttar Pradesh,Shahjahanpur,09,180,2005,1,308728.71607899,23,0,1.0,6.7906070224724,1
Uttar Pradesh,Shahjahanpur,09,180,2007,1,517303.19979819,958,3000000,1.5,7.8036502762015,1
Uttar Pradesh,Shahjahanpur,09,180,2009,1,84897.57185199701,14,1000000,1.0,6.04283862151,1
Uttar Pradesh,Shahjahanpur,09,180,2014,1,107474.38802987,31,4000,1.5,6.6697942378336,1
Uttar Pradesh,Shahjahanpur,09,180,2015,1,629961.6057566,206,300000,2.0,7.656646577764,1
Uttar Pradesh,Shahjahanpur,09,180,2017,1,421575.24392831,253,422106,2.0,7.1563540170148,1
Uttar Pradesh,Shahjahanpur,09,180,2020,2,907430.84583495,15,60,1.5,6.8090895976067,1
Uttar Pradesh,Shahjahanpur,09,180,2021,2,333627.792490875,58,1200,1.5,6.2286637790175,1
Uttar Pradesh,Shahjahanpur,09,180,2022,1,224000.0,4,0,1.5,6.1283992687178,1
Uttar Pradesh,Shamli,09,660,1988,3,1743138.26723743,1840,1752000,2.0,7.7855937662664,1
Uttar Pradesh,Shamli,09,660,1990,2,1385589.90363544,442,63517,1.0,7.3840771654136,1
Uttar Pradesh,Shamli,09,660,1991,1,547679.02054319,88,0,1.0,6.9146173641677,1
Uttar Pradesh,Shamli,09,660,1992,1,518125.27779756,40,2000,1.0,7.2459136977876,1
Uttar Pradesh,Shamli,09,660,1994,1,292130.6444844,53,3000,1.0,6.3686671038163,1
Uttar Pradesh,Shamli,09,660,1995,1,762936.8925746998,600,2000000,1.0,7.1835186118101,1
Uttar Pradesh,Shamli,09,660,2005,1,308728.71607899,23,0,1.0,6.7906070224724,1
Uttar Pradesh,Shamli,09,660,2007,2,708753.1462248199,1034,3015000,1.5,7.8036502762015,1
Uttar Pradesh,Shamli,09,660,2010,1,147437.2291135,98,523000,1.0,6.2099998454591,1
Uttar Pradesh,Shamli,09,660,2015,1,629961.6057566,206,300000,2.0,7.656646577764,1
Uttar Pradesh,Shamli,09,660,2017,1,421575.24392831,253,422106,2.0,7.1563540170148,1
Uttar Pradesh,Shamli,09,660,2020,1,293809.72651845,2,0,1.5,6.4892554680033,1
Uttar Pradesh,Shamli,09,660,2022,1,224000.0,4,0,1.5,6.1283992687178,1
Uttar Pradesh,Shravasti,09,181,1986,1,507167.43901015,258,3040000,1.0,7.5312261660442,1
Uttar Pradesh,Shravasti,09,181,1988,2,1474609.7146377899,1109,502000,2.0,7.7855937662664,1
Uttar Pradesh,Shravasti,09,181,1989,1,204979.38347471,7,0,1.0,6.2148001695432,1
Uttar Pradesh,Shravasti,09,181,1990,2,1385589.90363544,442,63517,1.0,7.3840771654136,1
Uttar Pradesh,Shravasti,09,181,1991,1,547679.02054319,88,0,1.0,6.9146173641677,1
Uttar Pradesh,Shravasti,09,181,1992,1,518125.27779756,40,2000,1.0,7.2459136977876,1
Uttar Pradesh,Shravasti,09,181,1994,1,292130.6444844,53,3000,1.0,6.3686671038163,1
Uttar Pradesh,Shravasti,09,181,1995,1,762936.8925746998,600,2000000,1.0,7.1835186118101,1
Uttar Pradesh,Shravasti,09,181,2001,1,35442.059648363,65,300000,1.0,5.9112467881696,1
Uttar Pradesh,Shravasti,09,181,2005,1,308728.71607899,23,0,1.0,6.7906070224724,1
Uttar Pradesh,Shravasti,09,181,2006,1,32712.754963973,42,50000,1.0,5.3598151605767,1
Uttar Pradesh,Shravasti,09,181,2007,1,517303.19979819,958,3000000,1.5,7.8036502762015,1
Uttar Pradesh,Shravasti,09,181,2009,1,84897.57185199701,14,1000000,1.0,6.04283862151,1
Uttar Pradesh,Shravasti,09,181,2014,1,107474.38802987,31,4000,1.5,6.6697942378336,1
Uttar Pradesh,Shravasti,09,181,2015,1,629961.6057566,206,300000,2.0,7.656646577764,1
Uttar Pradesh,Shravasti,09,181,2017,1,421575.24392831,253,422106,2.0,7.1563540170148,1
Uttar Pradesh,Shravasti,09,181,2020,1,293809.72651845,2,0,1.5,6.4892554680033,1
Uttar Pradesh,Shravasti,09,181,2021,2,333627.792490875,58,1200,1.5,6.2286637790175,1
Uttar Pradesh,Shravasti,09,181,2022,1,224000.0,4,0,1.5,6.1283992687178,1
Uttar Pradesh,Siddharth Nagar,09,182,1985,1,89994.671391565,557,152000,2.0,6.7737607310506,1
Uttar Pradesh,Siddharth Nagar,09,182,1986,1,507167.43901015,258,3040000,1.0,7.5312261660442,1
Uttar Pradesh,Siddharth Nagar,09,182,1988,2,1474609.7146377899,1109,502000,2.0,7.7855937662664,1
Uttar Pradesh,Siddharth Nagar,09,182,1989,1,204979.38347471,7,0,1.0,6.2148001695432,1
Uttar Pradesh,Siddharth Nagar,09,182,1990,2,1385589.90363544,442,63517,1.0,7.3840771654136,1
Uttar Pradesh,Siddharth Nagar,09,182,1991,1,547679.02054319,88,0,1.0,6.9146173641677,1
Uttar Pradesh,Siddharth Nagar,09,182,1992,1,518125.27779756,40,2000,1.0,7.2459136977876,1
Uttar Pradesh,Siddharth Nagar,09,182,1994,1,292130.6444844,53,3000,1.0,6.3686671038163,1
Uttar Pradesh,Siddharth Nagar,09,182,1995,1,762936.8925746998,600,2000000,1.0,7.1835186118101,1
Uttar Pradesh,Siddharth Nagar,09,182,2001,1,35442.059648363,65,300000,1.0,5.9112467881696,1
Uttar Pradesh,Siddharth Nagar,09,182,2005,1,308728.71607899,23,0,1.0,6.7906070224724,1
Uttar Pradesh,Siddharth Nagar,09,182,2006,1,32712.754963973,42,50000,1.0,5.3598151605767,1
Uttar Pradesh,Siddharth Nagar,09,182,2007,1,517303.19979819,958,3000000,1.5,7.8036502762015,1
Uttar Pradesh,Siddharth Nagar,09,182,2008,1,283806.15051341,142,225000,2.0,7.0550817943772,1
Uttar Pradesh,Siddharth Nagar,09,182,2009,1,84897.57185199701,14,1000000,1.0,6.04283862151,1
Uttar Pradesh,Siddharth Nagar,09,182,2010,1,38537.955848936,88,15000,1.5,5.8759232862105,1
Uttar Pradesh,Siddharth Nagar,09,182,2015,1,629961.6057566,206,300000,2.0,7.656646577764,1
Uttar Pradesh,Siddharth Nagar,09,182,2017,1,421575.24392831,253,422106,2.0,7.1563540170148,1
Uttar Pradesh,Siddharth Nagar,09,182,2020,1,293809.72651845,2,0,1.5,6.4892554680033,1
Uttar Pradesh,Siddharth Nagar,09,182,2021,2,333627.792490875,58,1200,1.5,6.2286637790175,1
Uttar Pradesh,Siddharth Nagar,09,182,2022,1,224000.0,4,0,1.5,6.1283992687178,1
Uttar Pradesh,Sitapur,09,183,1985,1,89994.671391565,557,152000,2.0,6.7737607310506,1
Uttar Pradesh,Sitapur,09,183,1986,1,507167.43901015,258,3040000,1.0,7.5312261660442,1
Uttar Pradesh,Sitapur,09,183,1988,2,1474609.7146377899,1109,502000,2.0,7.7855937662664,1
Uttar Pradesh,Sitapur,09,183,1989,1,204979.38347471,7,0,1.0,6.2148001695432,1
Uttar Pradesh,Sitapur,09,183,1990,2,1385589.90363544,442,63517,1.0,7.3840771654136,1
Uttar Pradesh,Sitapur,09,183,1991,1,547679.02054319,88,0,1.0,6.9146173641677,1
Uttar Pradesh,Sitapur,09,183,1992,1,518125.27779756,40,2000,1.0,7.2459136977876,1
Uttar Pradesh,Sitapur,09,183,1994,1,292130.6444844,53,3000,1.0,6.3686671038163,1
Uttar Pradesh,Sitapur,09,183,1995,1,762936.8925746998,600,2000000,1.0,7.1835186118101,1
Uttar Pradesh,Sitapur,09,183,2000,1,223178.00999326,578,0,1.0,6.5791003221767,1
Uttar Pradesh,Sitapur,09,183,2005,1,308728.71607899,23,0,1.0,6.7906070224724,1
Uttar Pradesh,Sitapur,09,183,2006,1,32712.754963973,42,50000,1.0,5.3598151605767,1
Uttar Pradesh,Sitapur,09,183,2007,1,517303.19979819,958,3000000,1.5,7.8036502762015,1
Uttar Pradesh,Sitapur,09,183,2009,1,84897.57185199701,14,1000000,1.0,6.04283862151,1
Uttar Pradesh,Sitapur,09,183,2010,1,38537.955848936,88,15000,1.5,5.8759232862105,1
Uttar Pradesh,Sitapur,09,183,2014,1,107474.38802987,31,4000,1.5,6.6697942378336,1
Uttar Pradesh,Sitapur,09,183,2015,1,629961.6057566,206,300000,2.0,7.656646577764,1
Uttar Pradesh,Sitapur,09,183,2017,1,421575.24392831,253,422106,2.0,7.1563540170148,1
Uttar Pradesh,Sitapur,09,183,2020,2,907430.84583495,15,60,1.5,6.8090895976067,1
Uttar Pradesh,Sitapur,09,183,2021,2,333627.792490875,58,1200,1.5,6.2286637790175,1
Uttar Pradesh,Sitapur,09,183,2022,1,224000.0,4,0,1.5,6.1283992687178,1
Uttar Pradesh,Sonbhadra,09,184,1986,1,507167.43901015,258,3040000,1.0,7.5312261660442,1
Uttar Pradesh,Sonbhadra,09,184,1988,2,1474609.7146377899,1109,502000,2.0,7.7855937662664,1
Uttar Pradesh,Sonbhadra,09,184,1989,1,204979.38347471,7,0,1.0,6.2148001695432,1
Uttar Pradesh,Sonbhadra,09,184,1990,2,1385589.90363544,442,63517,1.0,7.3840771654136,1
Uttar Pradesh,Sonbhadra,09,184,1991,2,718552.66025244,88,87500,1.0,6.9146173641677,1
Uttar Pradesh,Sonbhadra,09,184,1992,1,518125.27779756,40,2000,1.0,7.2459136977876,1
Uttar Pradesh,Sonbhadra,09,184,1994,2,2273968.0590573,670,803000,1.0,7.6772792647922,1
Uttar Pradesh,Sonbhadra,09,184,1995,1,762936.8925746998,600,2000000,1.0,7.1835186118101,1
Uttar Pradesh,Sonbhadra,09,184,1996,1,171939.46006971,74,4000000,1.0,6.6333155672897,1
Uttar Pradesh,Sonbhadra,09,184,2007,1,517303.19979819,958,3000000,1.5,7.8036502762015,1
Uttar Pradesh,Sonbhadra,09,184,2008,1,464317.9956417001,2400,0,2.0,6.8709354986642,1
Uttar Pradesh,Sonbhadra,09,184,2013,2,399085.72792748,27,258000,2.0,6.1697659138631,1
Uttar Pradesh,Sonbhadra,09,184,2017,1,421575.24392831,253,422106,2.0,7.1563540170148,1
Uttar Pradesh,Sonbhadra,09,184,2018,1,70859.958919695,20,1000,1.5,5.8715901952896,1
Uttar Pradesh,Sonbhadra,09,184,2020,1,293809.72651845,2,0,1.5,6.4892554680033,1
Uttar Pradesh,Sonbhadra,09,184,2021,1,345642.72539767,1,1500000,1.5,6.3167786712784,1
Uttar Pradesh,Sonbhadra,09,184,2022,1,224000.0,4,0,1.5,6.1283992687178,1
Uttar Pradesh,Sultanpur,09,185,1985,1,89994.671391565,557,152000,2.0,6.7737607310506,1
Uttar Pradesh,Sultanpur,09,185,1986,1,507167.43901015,258,3040000,1.0,7.5312261660442,1
Uttar Pradesh,Sultanpur,09,185,1988,2,1474609.7146377899,1109,502000,2.0,7.7855937662664,1
Uttar Pradesh,Sultanpur,09,185,1989,1,204979.38347471,7,0,1.0,6.2148001695432,1
Uttar Pradesh,Sultanpur,09,185,1990,2,1385589.90363544,442,63517,1.0,7.3840771654136,1
Uttar Pradesh,Sultanpur,09,185,1991,1,547679.02054319,88,0,1.0,6.9146173641677,1
Uttar Pradesh,Sultanpur,09,185,1992,1,518125.27779756,40,2000,1.0,7.2459136977876,1
Uttar Pradesh,Sultanpur,09,185,1994,1,292130.6444844,53,3000,1.0,6.3686671038163,1
Uttar Pradesh,Sultanpur,09,185,1995,1,762936.8925746998,600,2000000,1.0,7.1835186118101,1
Uttar Pradesh,Sultanpur,09,185,2000,1,223178.00999326,578,0,1.0,6.5791003221767,1
Uttar Pradesh,Sultanpur,09,185,2001,1,35442.059648363,65,300000,1.0,5.9112467881696,1
Uttar Pradesh,Sultanpur,09,185,2005,2,321406.305099443,44,0,1.0,6.7906070224724,1
Uttar Pradesh,Sultanpur,09,185,2006,1,32712.754963973,42,50000,1.0,5.3598151605767,1
Uttar Pradesh,Sultanpur,09,185,2007,1,517303.19979819,958,3000000,1.5,7.8036502762015,1
Uttar Pradesh,Sultanpur,09,185,2009,1,84897.57185199701,14,1000000,1.0,6.04283862151,1
Uttar Pradesh,Sultanpur,09,185,2010,1,38537.955848936,88,15000,1.5,5.8759232862105,1
Uttar Pradesh,Sultanpur,09,185,2014,1,107474.38802987,31,4000,1.5,6.6697942378336,1
Uttar Pradesh,Sultanpur,09,185,2015,1,629961.6057566,206,300000,2.0,7.656646577764,1
Uttar Pradesh,Sultanpur,09,185,2017,1,421575.24392831,253,422106,2.0,7.1563540170148,1
Uttar Pradesh,Sultanpur,09,185,2018,1,70859.958919695,20,1000,1.5,5.8715901952896,1
Uttar Pradesh,Sultanpur,09,185,2020,2,907430.84583495,15,60,1.5,6.8090895976067,1
Uttar Pradesh,Sultanpur,09,185,2021,2,333627.792490875,58,1200,1.5,6.2286637790175,1
Uttar Pradesh,Sultanpur,09,185,2022,1,224000.0,4,0,1.5,6.1283992687178,1
Uttar Pradesh,Unnao,09,186,1985,1,89994.671391565,557,152000,2.0,6.7737607310506,1
Uttar Pradesh,Unnao,09,186,1986,1,507167.43901015,258,3040000,1.0,7.5312261660442,1
Uttar Pradesh,Unnao,09,186,1988,2,1474609.7146377899,1109,502000,2.0,7.7855937662664,1
Uttar Pradesh,Unnao,09,186,1989,1,204979.38347471,7,0,1.0,6.2148001695432,1
Uttar Pradesh,Unnao,09,186,1990,2,1385589.90363544,442,63517,1.0,7.3840771654136,1
Uttar Pradesh,Unnao,09,186,1991,1,547679.02054319,88,0,1.0,6.9146173641677,1
Uttar Pradesh,Unnao,09,186,1992,1,518125.27779756,40,2000,1.0,7.2459136977876,1
Uttar Pradesh,Unnao,09,186,1994,1,292130.6444844,53,3000,1.0,6.3686671038163,1
Uttar Pradesh,Unnao,09,186,1995,1,762936.8925746998,600,2000000,1.0,7.1835186118101,1
Uttar Pradesh,Unnao,09,186,2000,1,223178.00999326,578,0,1.0,6.5791003221767,1
Uttar Pradesh,Unnao,09,186,2005,1,308728.71607899,23,0,1.0,6.7906070224724,1
Uttar Pradesh,Unnao,09,186,2007,1,517303.19979819,958,3000000,1.5,7.8036502762015,1
Uttar Pradesh,Unnao,09,186,2009,1,84897.57185199701,14,1000000,1.0,6.04283862151,1
Uttar Pradesh,Unnao,09,186,2014,1,107474.38802987,31,4000,1.5,6.6697942378336,1
Uttar Pradesh,Unnao,09,186,2015,1,629961.6057566,206,300000,2.0,7.656646577764,1
Uttar Pradesh,Unnao,09,186,2017,1,421575.24392831,253,422106,2.0,7.1563540170148,1
Uttar Pradesh,Unnao,09,186,2018,1,70859.958919695,20,1000,1.5,5.8715901952896,1
Uttar Pradesh,Unnao,09,186,2020,2,907430.84583495,15,60,1.5,6.8090895976067,1
Uttar Pradesh,Unnao,09,186,2021,2,333627.792490875,58,1200,1.5,6.2286637790175,1
Uttar Pradesh,Unnao,09,186,2022,1,224000.0,4,0,1.5,6.1283992687178,1
Uttar Pradesh,Varanasi,09,187,1986,1,507167.43901015,258,3040000,1.0,7.5312261660442,1
Uttar Pradesh,Varanasi,09,187,1988,2,1474609.7146377899,1109,502000,2.0,7.7855937662664,1
Uttar Pradesh,Varanasi,09,187,1989,1,204979.38347471,7,0,1.0,6.2148001695432,1
Uttar Pradesh,Varanasi,09,187,1990,2,1385589.90363544,442,63517,1.0,7.3840771654136,1
Uttar Pradesh,Varanasi,09,187,1991,1,547679.02054319,88,0,1.0,6.9146173641677,1
Uttar Pradesh,Varanasi,09,187,1992,1,518125.27779756,40,2000,1.0,7.2459136977876,1
Uttar Pradesh,Varanasi,09,187,1994,1,292130.6444844,53,3000,1.0,6.3686671038163,1
Uttar Pradesh,Varanasi,09,187,1995,1,762936.8925746998,600,2000000,1.0,7.1835186118101,1
Uttar Pradesh,Varanasi,09,187,2000,1,223178.00999326,578,0,1.0,6.5791003221767,1
Uttar Pradesh,Varanasi,09,187,2005,2,321406.305099443,44,0,1.0,6.7906070224724,1
Uttar Pradesh,Varanasi,09,187,2007,1,517303.19979819,958,3000000,1.5,7.8036502762015,1
Uttar Pradesh,Varanasi,09,187,2016,1,90613.737636319,127,377097,1.5,6.9783833436272,1
Uttar Pradesh,Varanasi,09,187,2017,1,421575.24392831,253,422106,2.0,7.1563540170148,1
Uttar Pradesh,Varanasi,09,187,2018,1,70859.958919695,20,1000,1.5,5.8715901952896,1
Uttar Pradesh,Varanasi,09,187,2020,1,293809.72651845,2,0,1.5,6.4892554680033,1
Uttar Pradesh,Varanasi,09,187,2021,1,239570.75971327,0,0,1.0,6.2245318501,1
Uttar Pradesh,Varanasi,09,187,2022,1,224000.0,4,0,1.5,6.1283992687178,1
Uttarakhand,Almora,05,045,1988,2,1474609.7146377899,1109,502000,2.0,7.7855937662664,1
Uttarakhand,Almora,05,045,1990,2,1385589.90363544,442,63517,1.0,7.3840771654136,1
Uttarakhand,Almora,05,045,1991,1,547679.02054319,88,0,1.0,6.9146173641677,1
Uttarakhand,Almora,05,045,1992,1,518125.27779756,40,2000,1.0,7.2459136977876,1
Uttarakhand,Almora,05,045,1994,1,292130.6444844,53,3000,1.0,6.3686671038163,1
Uttarakhand,Almora,05,045,1995,1,762936.8925746998,600,2000000,1.0,7.1835186118101,1
Uttarakhand,Almora,05,045,2005,1,308728.71607899,23,0,1.0,6.7906070224724,1
Uttarakhand,Almora,05,045,2007,1,517303.19979819,958,3000000,1.5,7.8036502762015,1
Uttarakhand,Almora,05,045,2012,1,31390.529790548,30,1200,1.5,5.1500111592992,1
Uttarakhand,Almora,05,045,2017,1,421575.24392831,253,422106,2.0,7.1563540170148,1
Uttarakhand,Almora,05,045,2018,1,114348.33023553,28,935,1.0,6.0582298272306,1
Uttarakhand,Almora,05,045,2020,1,293809.72651845,2,0,1.5,6.4892554680033,1
Uttarakhand,Almora,05,045,2021,2,294441.75971327,27,600,1.5,6.2245318501,1
Uttarakhand,Bageshwar,05,046,1988,2,1474609.7146377899,1109,502000,2.0,7.7855937662664,1
Uttarakhand,Bageshwar,05,046,1990,2,1385589.90363544,442,63517,1.0,7.3840771654136,1
Uttarakhand,Bageshwar,05,046,1991,1,547679.02054319,88,0,1.0,6.9146173641677,1
Uttarakhand,Bageshwar,05,046,1994,1,292130.6444844,53,3000,1.0,6.3686671038163,1
Uttarakhand,Bageshwar,05,046,1995,1,762936.8925746998,600,2000000,1.0,7.1835186118101,1
Uttarakhand,Bageshwar,05,046,2005,1,308728.71607899,23,0,1.0,6.7906070224724,1
Uttarakhand,Bageshwar,05,046,2012,1,31390.529790548,30,1200,1.5,5.1500111592992,1
Uttarakhand,Bageshwar,05,046,2017,1,421575.24392831,253,422106,2.0,7.1563540170148,1
Uttarakhand,Bageshwar,05,046,2021,3,295992.8285580942,36,740,2.0,6.2245318501,1
Uttarakhand,Chamoli,05,047,1988,2,1474609.7146377899,1109,502000,2.0,7.7855937662664,1
Uttarakhand,Chamoli,05,047,1990,2,1385589.90363544,442,63517,1.0,7.3840771654136,1
Uttarakhand,Chamoli,05,047,1991,1,547679.02054319,88,0,1.0,6.9146173641677,1
Uttarakhand,Chamoli,05,047,1994,1,292130.6444844,53,3000,1.0,6.3686671038163,1
Uttarakhand,Chamoli,05,047,1995,1,762936.8925746998,600,2000000,1.0,7.1835186118101,1
Uttarakhand,Chamoli,05,047,2001,1,2458.012015751,26,0,1.0,3.3905840015617,1
Uttarakhand,Chamoli,05,047,2005,1,308728.71607899,23,0,1.0,6.7906070224724,1
Uttarakhand,Chamoli,05,047,2012,1,31390.529790548,30,1200,1.5,5.1500111592992,1
Uttarakhand,Chamoli,05,047,2017,1,421575.24392831,253,422106,2.0,7.1563540170148,1
Uttarakhand,Chamoli,05,047,2018,1,114348.33023553,28,935,1.0,6.0582298272306,1
Uttarakhand,Chamoli,05,047,2021,3,295992.8285580942,36,740,2.0,6.2245318501,1
Uttarakhand,Champawat,05,048,1988,2,1474609.7146377899,1109,502000,2.0,7.7855937662664,1
Uttarakhand,Champawat,05,048,1990,2,1385589.90363544,442,63517,1.0,7.3840771654136,1
Uttarakhand,Champawat,05,048,1991,1,547679.02054319,88,0,1.0,6.9146173641677,1
Uttarakhand,Champawat,05,048,1992,1,518125.27779756,40,2000,1.0,7.2459136977876,1
Uttarakhand,Champawat,05,048,1994,1,292130.6444844,53,3000,1.0,6.3686671038163,1
Uttarakhand,Champawat,05,048,1995,1,762936.8925746998,600,2000000,1.0,7.1835186118101,1
Uttarakhand,Champawat,05,048,2005,1,308728.71607899,23,0,1.0,6.7906070224724,1
Uttarakhand,Champawat,05,048,2017,1,421575.24392831,253,422106,2.0,7.1563540170148,1
Uttarakhand,Champawat,05,048,2020,1,293809.72651845,2,0,1.5,6.4892554680033,1
Uttarakhand,Champawat,05,048,2021,2,294441.75971327,27,600,1.5,6.2245318501,1
Uttarakhand,Dehradun,05,049,1988,3,1743138.26723743,1840,1752000,2.0,7.7855937662664,1
Uttarakhand,Dehradun,05,049,1990,2,1385589.90363544,442,63517,1.0,7.3840771654136,1
Uttarakhand,Dehradun,05,049,1991,1,547679.02054319,88,0,1.0,6.9146173641677,1
Uttarakhand,Dehradun,05,049,1992,1,518125.27779756,40,2000,1.0,7.2459136977876,1
Uttarakhand,Dehradun,05,049,1994,2,344469.168642231,113,3000,1.0,6.3686671038163,1
Uttarakhand,Dehradun,05,049,1995,1,762936.8925746998,600,2000000,1.0,7.1835186118101,1
Uttarakhand,Dehradun,05,049,1997,1,57530.651850708,200,0,1.0,5.6049973348387,1
Uttarakhand,Dehradun,05,049,2002,1,6762.0248283039,33,0,1.0,4.3071980157628,1
Uttarakhand,Dehradun,05,049,2005,1,308728.71607899,23,0,1.0,6.7906070224724,1
Uttarakhand,Dehradun,05,049,2007,2,708753.1462248199,1034,3015000,1.5,7.8036502762015,1
Uttarakhand,Dehradun,05,049,2012,2,69101.291235673,75,1400,2.0,5.3546165520302,1
Uttarakhand,Dehradun,05,049,2015,1,629961.6057566,206,300000,2.0,7.656646577764,1
Uttarakhand,Dehradun,05,049,2017,1,421575.24392831,253,422106,2.0,7.1563540170148,1
Uttarakhand,Dehradun,05,049,2018,1,114348.33023553,28,935,1.0,6.0582298272306,1
Uttarakhand,Dehradun,05,049,2020,1,293809.72651845,2,0,1.5,6.4892554680033,1
Uttarakhand,Dehradun,05,049,2021,1,54871.0,27,600,1.5,5.3925553888707,1
Uttarakhand,Dehradun,05,049,2022,1,224000.0,4,0,1.5,6.1283992687178,1
Uttarakhand,Haridwar,05,050,1988,2,1474609.7146377899,1109,502000,2.0,7.7855937662664,1
Uttarakhand,Haridwar,05,050,1990,2,1385589.90363544,442,63517,1.0,7.3840771654136,1
Uttarakhand,Haridwar,05,050,1991,1,547679.02054319,88,0,1.0,6.9146173641677,1
Uttarakhand,Haridwar,05,050,1992,1,518125.27779756,40,2000,1.0,7.2459136977876,1
Uttarakhand,Haridwar,05,050,1994,1,292130.6444844,53,3000,1.0,6.3686671038163,1
Uttarakhand,Haridwar,05,050,1995,1,762936.8925746998,600,2000000,1.0,7.1835186118101,1
Uttarakhand,Haridwar,05,050,2005,1,308728.71607899,23,0,1.0,6.7906070224724,1
Uttarakhand,Haridwar,05,050,2007,1,517303.19979819,958,3000000,1.5,7.8036502762015,1
Uttarakhand,Haridwar,05,050,2012,1,31390.529790548,30,1200,1.5,5.1500111592992,1
Uttarakhand,Haridwar,05,050,2015,1,629961.6057566,206,300000,2.0,7.656646577764,1
Uttarakhand,Haridwar,05,050,2017,1,421575.24392831,253,422106,2.0,7.1563540170148,1
Uttarakhand,Haridwar,05,050,2018,1,114348.33023553,28,935,1.0,6.0582298272306,1
Uttarakhand,Haridwar,05,050,2020,1,293809.72651845,2,0,1.5,6.4892554680033,1
Uttarakhand,Haridwar,05,050,2021,1,54871.0,27,600,1.5,5.3925553888707,1
Uttarakhand,Haridwar,05,050,2022,1,224000.0,4,0,1.5,6.1283992687178,1
Uttarakhand,Nainital,05,051,1988,2,1474609.7146377899,1109,502000,2.0,7.7855937662664,1
Uttarakhand,Nainital,05,051,1990,2,1385589.90363544,442,63517,1.0,7.3840771654136,1
Uttarakhand,Nainital,05,051,1991,1,547679.02054319,88,0,1.0,6.9146173641677,1
Uttarakhand,Nainital,05,051,1992,1,518125.27779756,40,2000,1.0,7.2459136977876,1
Uttarakhand,Nainital,05,051,1994,1,292130.6444844,53,3000,1.0,6.3686671038163,1
Uttarakhand,Nainital,05,051,1995,1,762936.8925746998,600,2000000,1.0,7.1835186118101,1
Uttarakhand,Nainital,05,051,2005,1,308728.71607899,23,0,1.0,6.7906070224724,1
Uttarakhand,Nainital,05,051,2007,1,517303.19979819,958,3000000,1.5,7.8036502762015,1
Uttarakhand,Nainital,05,051,2009,1,84897.57185199701,14,1000000,1.0,6.04283862151,1
Uttarakhand,Nainital,05,051,2012,1,31390.529790548,30,1200,1.5,5.1500111592992,1
Uttarakhand,Nainital,05,051,2015,1,629961.6057566,206,300000,2.0,7.656646577764,1
Uttarakhand,Nainital,05,051,2017,1,421575.24392831,253,422106,2.0,7.1563540170148,1
Uttarakhand,Nainital,05,051,2018,1,114348.33023553,28,935,1.0,6.0582298272306,1
Uttarakhand,Nainital,05,051,2020,1,293809.72651845,2,0,1.5,6.4892554680033,1
Uttarakhand,Nainital,05,051,2021,2,294441.75971327,27,600,1.5,6.2245318501,1
Uttarakhand,Nainital,05,051,2022,1,224000.0,4,0,1.5,6.1283992687178,1
Uttarakhand,Pauri Garhwal,05,052,1988,2,1474609.7146377899,1109,502000,2.0,7.7855937662664,1
Uttarakhand,Pauri Garhwal,05,052,1990,2,1385589.90363544,442,63517,1.0,7.3840771654136,1
Uttarakhand,Pauri Garhwal,05,052,1991,1,547679.02054319,88,0,1.0,6.9146173641677,1
Uttarakhand,Pauri Garhwal,05,052,1992,1,518125.27779756,40,2000,1.0,7.2459136977876,1
Uttarakhand,Pauri Garhwal,05,052,1994,1,292130.6444844,53,3000,1.0,6.3686671038163,1
Uttarakhand,Pauri Garhwal,05,052,1995,1,762936.8925746998,600,2000000,1.0,7.1835186118101,1
Uttarakhand,Pauri Garhwal,05,052,2005,1,308728.71607899,23,0,1.0,6.7906070224724,1
Uttarakhand,Pauri Garhwal,05,052,2007,1,517303.19979819,958,3000000,1.5,7.8036502762015,1
Uttarakhand,Pauri Garhwal,05,052,2012,1,31390.529790548,30,1200,1.5,5.1500111592992,1
Uttarakhand,Pauri Garhwal,05,052,2015,1,629961.6057566,206,300000,2.0,7.656646577764,1
Uttarakhand,Pauri Garhwal,05,052,2017,1,421575.24392831,253,422106,2.0,7.1563540170148,1
Uttarakhand,Pauri Garhwal,05,052,2018,1,114348.33023553,28,935,1.0,6.0582298272306,1
Uttarakhand,Pauri Garhwal,05,052,2020,1,293809.72651845,2,0,1.5,6.4892554680033,1
Uttarakhand,Pauri Garhwal,05,052,2021,2,294441.75971327,27,600,1.5,6.2245318501,1
Uttarakhand,Pauri Garhwal,05,052,2022,1,224000.0,4,0,1.5,6.1283992687178,1
Uttarakhand,Pithoragarh,05,053,1988,2,1474609.7146377899,1109,502000,2.0,7.7855937662664,1
Uttarakhand,Pithoragarh,05,053,1990,2,1385589.90363544,442,63517,1.0,7.3840771654136,1
Uttarakhand,Pithoragarh,05,053,1991,1,547679.02054319,88,0,1.0,6.9146173641677,1
Uttarakhand,Pithoragarh,05,053,1994,1,292130.6444844,53,3000,1.0,6.3686671038163,1
Uttarakhand,Pithoragarh,05,053,1995,1,762936.8925746998,600,2000000,1.0,7.1835186118101,1
Uttarakhand,Pithoragarh,05,053,2001,1,2458.012015751,26,0,1.0,3.3905840015617,1
Uttarakhand,Pithoragarh,05,053,2005,1,308728.71607899,23,0,1.0,6.7906070224724,1
Uttarakhand,Pithoragarh,05,053,2012,1,31390.529790548,30,1200,1.5,5.1500111592992,1
Uttarakhand,Pithoragarh,05,053,2017,1,421575.24392831,253,422106,2.0,7.1563540170148,1
Uttarakhand,Pithoragarh,05,053,2021,3,295992.8285580942,36,740,2.0,6.2245318501,1
Uttarakhand,Rudra Prayag,05,054,1988,2,1474609.7146377899,1109,502000,2.0,7.7855937662664,1
Uttarakhand,Rudra Prayag,05,054,1990,2,1385589.90363544,442,63517,1.0,7.3840771654136,1
Uttarakhand,Rudra Prayag,05,054,1991,1,547679.02054319,88,0,1.0,6.9146173641677,1
Uttarakhand,Rudra Prayag,05,054,1994,1,292130.6444844,53,3000,1.0,6.3686671038163,1
Uttarakhand,Rudra Prayag,05,054,1995,1,762936.8925746998,600,2000000,1.0,7.1835186118101,1
Uttarakhand,Rudra Prayag,05,054,2002,1,6762.0248283039,33,0,1.0,4.3071980157628,1
Uttarakhand,Rudra Prayag,05,054,2005,1,308728.71607899,23,0,1.0,6.7906070224724,1
Uttarakhand,Rudra Prayag,05,054,2012,1,31390.529790548,30,1200,1.5,5.1500111592992,1
Uttarakhand,Rudra Prayag,05,054,2017,1,421575.24392831,253,422106,2.0,7.1563540170148,1
Uttarakhand,Rudra Prayag,05,054,2018,1,114348.33023553,28,935,1.0,6.0582298272306,1
Uttarakhand,Rudra Prayag,05,054,2021,1,54871.0,27,600,1.5,5.3925553888707,1
Uttarakhand,Tehri Garhwal,05,055,1988,2,1474609.7146377899,1109,502000,2.0,7.7855937662664,1
Uttarakhand,Tehri Garhwal,05,055,1990,2,1385589.90363544,442,63517,1.0,7.3840771654136,1
Uttarakhand,Tehri Garhwal,05,055,1991,1,547679.02054319,88,0,1.0,6.9146173641677,1
Uttarakhand,Tehri Garhwal,05,055,1994,1,292130.6444844,53,3000,1.0,6.3686671038163,1
Uttarakhand,Tehri Garhwal,05,055,1995,1,762936.8925746998,600,2000000,1.0,7.1835186118101,1
Uttarakhand,Tehri Garhwal,05,055,2002,1,6762.0248283039,33,0,1.0,4.3071980157628,1
Uttarakhand,Tehri Garhwal,05,055,2005,1,308728.71607899,23,0,1.0,6.7906070224724,1
Uttarakhand,Tehri Garhwal,05,055,2007,1,517303.19979819,958,3000000,1.5,7.8036502762015,1
Uttarakhand,Tehri Garhwal,05,055,2012,1,31390.529790548,30,1200,1.5,5.1500111592992,1
Uttarakhand,Tehri Garhwal,05,055,2017,1,421575.24392831,253,422106,2.0,7.1563540170148,1
Uttarakhand,Tehri Garhwal,05,055,2018,1,114348.33023553,28,935,1.0,6.0582298272306,1
Uttarakhand,Tehri Garhwal,05,055,2020,1,293809.72651845,2,0,1.5,6.4892554680033,1
Uttarakhand,Tehri Garhwal,05,055,2021,1,54871.0,27,600,1.5,5.3925553888707,1
Uttarakhand,Udam Singh Nagar,05,056,1988,2,1474609.7146377899,1109,502000,2.0,7.7855937662664,1
Uttarakhand,Udam Singh Nagar,05,056,1989,1,204979.38347471,7,0,1.0,6.2148001695432,1
Uttarakhand,Udam Singh Nagar,05,056,1990,2,1385589.90363544,442,63517,1.0,7.3840771654136,1
Uttarakhand,Udam Singh Nagar,05,056,1991,1,547679.02054319,88,0,1.0,6.9146173641677,1
Uttarakhand,Udam Singh Nagar,05,056,1992,1,518125.27779756,40,2000,1.0,7.2459136977876,1
Uttarakhand,Udam Singh Nagar,05,056,1994,1,292130.6444844,53,3000,1.0,6.3686671038163,1
Uttarakhand,Udam Singh Nagar,05,056,1995,1,762936.8925746998,600,2000000,1.0,7.1835186118101,1
Uttarakhand,Udam Singh Nagar,05,056,2005,1,308728.71607899,23,0,1.0,6.7906070224724,1
Uttarakhand,Udam Singh Nagar,05,056,2007,1,517303.19979819,958,3000000,1.5,7.8036502762015,1
Uttarakhand,Udam Singh Nagar,05,056,2009,1,84897.57185199701,14,1000000,1.0,6.04283862151,1
Uttarakhand,Udam Singh Nagar,05,056,2012,1,31390.529790548,30,1200,1.5,5.1500111592992,1
Uttarakhand,Udam Singh Nagar,05,056,2014,1,107474.38802987,31,4000,1.5,6.6697942378336,1
Uttarakhand,Udam Singh Nagar,05,056,2015,1,629961.6057566,206,300000,2.0,7.656646577764,1
Uttarakhand,Udam Singh Nagar,05,056,2017,1,421575.24392831,253,422106,2.0,7.1563540170148,1
Uttarakhand,Udam Singh Nagar,05,056,2018,1,114348.33023553,28,935,1.0,6.0582298272306,1
Uttarakhand,Udam Singh Nagar,05,056,2020,2,907430.84583495,15,60,1.5,6.8090895976067,1
Uttarakhand,Udam Singh Nagar,05,056,2021,2,294441.75971327,27,600,1.5,6.2245318501,1
Uttarakhand,Udam Singh Nagar,05,056,2022,1,224000.0,4,0,1.5,6.1283992687178,1
Uttarakhand,Uttar Kashi,05,057,1988,2,1474609.7146377899,1109,502000,2.0,7.7855937662664,1
Uttarakhand,Uttar Kashi,05,057,1990,2,1385589.90363544,442,63517,1.0,7.3840771654136,1
Uttarakhand,Uttar Kashi,05,057,1991,1,547679.02054319,88,0,1.0,6.9146173641677,1
Uttarakhand,Uttar Kashi,05,057,1994,2,344469.168642231,113,3000,1.0,6.3686671038163,1
Uttarakhand,Uttar Kashi,05,057,1995,1,762936.8925746998,600,2000000,1.0,7.1835186118101,1
Uttarakhand,Uttar Kashi,05,057,1997,1,57530.651850708,200,0,1.0,5.6049973348387,1
Uttarakhand,Uttar Kashi,05,057,2001,1,2458.012015751,26,0,1.0,3.3905840015617,1
Uttarakhand,Uttar Kashi,05,057,2002,1,6762.0248283039,33,0,1.0,4.3071980157628,1
Uttarakhand,Uttar Kashi,05,057,2005,1,308728.71607899,23,0,1.0,6.7906070224724,1
Uttarakhand,Uttar Kashi,05,057,2007,2,708753.1462248199,1034,3015000,1.5,7.8036502762015,1
Uttarakhand,Uttar Kashi,05,057,2012,2,69101.291235673,75,1400,2.0,5.3546165520302,1
Uttarakhand,Uttar Kashi,05,057,2017,1,421575.24392831,253,422106,2.0,7.1563540170148,1
Uttarakhand,Uttar Kashi,05,057,2018,1,114348.33023553,28,935,1.0,6.0582298272306,1
Uttarakhand,Uttar Kashi,05,057,2020,1,293809.72651845,2,0,1.5,6.4892554680033,1
Uttarakhand,Uttar Kashi,05,057,2021,1,54871.0,27,600,1.5,5.3925553888707,1
West Bengal,24 Paraganas North,19,303,1986,1,231516.28043233,49,700000,1.0,6.6433351373578,1
West Bengal,24 Paraganas North,19,303,1990,1,1100663.2969222,425,63517,1.0,7.3840771654136,1
West Bengal,24 Paraganas North,19,303,1991,1,91960.64656172298,21,0,1.0,5.2646320117323,1
West Bengal,24 Paraganas North,19,303,1995,1,308073.20491195,144,510000,1.0,6.3337519666177,1
West Bengal,24 Paraganas North,19,303,1997,1,201818.75469288,24,100000,1.0,6.3463542072234,1
West Bengal,24 Paraganas North,19,303,2000,1,155000.8817177,1468,24000000,2.0,7.0228430813542,1
West Bengal,24 Paraganas North,19,303,2002,1,41.793188943875,4,11000,1.0,1.9221355060249,1
West Bengal,24 Paraganas North,19,303,2005,1,29111.383715767,13,3000000,1.0,5.3671528357094,1
West Bengal,24 Paraganas North,19,303,2007,2,589310.935733165,1038,3400000,1.5,7.8036502762015,1
West Bengal,24 Paraganas North,19,303,2008,3,1241413.34503428,2926,1670000,2.0,7.0499170611118,1
West Bengal,24 Paraganas North,19,303,2009,1,25504.054001119,0,37000,2.0,5.4066092192723,1
West Bengal,24 Paraganas North,19,303,2015,1,629961.6057566,206,300000,2.0,7.656646577764,1
West Bengal,24 Paraganas North,19,303,2017,1,43809.392838198,39,47000,1.0,5.8176584933147,1
West Bengal,24 Paraganas North,19,303,2021,3,433629.364849253,22,2001300,1.5,6.3167786712784,1
West Bengal,24 Paraganas South,19,304,1985,1,46758.643699762,49,150000,2.0,5.4480131557338,1
West Bengal,24 Paraganas South,19,304,1986,1,231516.28043233,49,700000,1.0,6.6433351373578,1
West Bengal,24 Paraganas South,19,304,1990,1,1100663.2969222,425,63517,1.0,7.3840771654136,1
West Bengal,24 Paraganas South,19,304,1991,1,91960.64656172298,21,0,1.0,5.2646320117323,1
West Bengal,24 Paraganas South,19,304,1995,1,308073.20491195,144,510000,1.0,6.3337519666177,1
West Bengal,24 Paraganas South,19,304,1997,1,201818.75469288,24,100000,1.0,6.3463542072234,1
West Bengal,24 Paraganas South,19,304,2000,1,155000.8817177,1468,24000000,2.0,7.0228430813542,1
West Bengal,24 Paraganas South,19,304,2005,1,29111.383715767,13,3000000,1.0,5.3671528357094,1
West Bengal,24 Paraganas South,19,304,2007,2,589310.935733165,1038,3400000,1.5,7.8036502762015,1
West Bengal,24 Paraganas South,19,304,2008,2,814881.8076979001,2576,1600000,2.0,7.0499170611118,1
West Bengal,24 Paraganas South,19,304,2009,1,25504.054001119,0,37000,2.0,5.4066092192723,1
West Bengal,24 Paraganas South,19,304,2015,1,629961.6057566,206,300000,2.0,7.656646577764,1
West Bengal,24 Paraganas South,19,304,2017,1,43809.392838198,39,47000,1.0,5.8176584933147,1
West Bengal,24 Paraganas South,19,304,2019,1,302736.26273672,25,112500,1.5,6.3561257086734,1
West Bengal,24 Paraganas South,19,304,2021,3,433629.364849253,22,2001300,1.5,6.3167786712784,1
West Bengal,Alipurduar,19,664,1988,1,626872.45850619,876,2000,1.0,7.1773904313439,1
West Bengal,Alipurduar,19,664,1989,1,112816.35454502,31,32000,2.0,6.921603781912,1
West Bengal,Alipurduar,19,664,1990,2,146885.051442815,31,6000,2.0,5.8038282081955,1
West Bengal,Alipurduar,19,664,1991,1,91960.64656172298,21,0,1.0,5.2646320117323,1
West Bengal,Alipurduar,19,664,1995,2,410979.31857337,161,1510000,1.0,6.3337519666177,1
West Bengal,Alipurduar,19,664,1996,1,128966.82889056,82,3000000,1.0,6.2865692803449,1
West Bengal,Alipurduar,19,664,2007,1,103551.72796236,96,11100000,1.0,6.9741987426607,1
West Bengal,Alipurduar,19,664,2008,3,1060901.49990599,668,1895000,2.0,7.0550817943772,1
West Bengal,Alipurduar,19,664,2022,2,128339.0,53,200000,2.0,6.2992893340877,1
West Bengal,Alipurduar,19,664,2023,2,141038.0,92,14611,1.5,6.2091529515939,1
West Bengal,Bankura,19,305,1986,2,738683.71944248,307,3740000,1.0,7.5312261660442,1
West Bengal,Bankura,19,305,1988,2,1474609.7146377899,1109,502000,2.0,7.7855937662664,1
West Bengal,Bankura,19,305,1990,1,1100663.2969222,425,63517,1.0,7.3840771654136,1
West Bengal,Bankura,19,305,1991,1,91960.64656172298,21,0,1.0,5.2646320117323,1
West Bengal,Bankura,19,305,1995,1,308073.20491195,144,510000,1.0,6.3337519666177,1
West Bengal,Bankura,19,305,1997,1,201818.75469288,24,100000,1.0,6.3463542072234,1
West Bengal,Bankura,19,305,1999,1,191940.24191857,9803,10000000,2.0,6.7602872925659,1
West Bengal,Bankura,19,305,2000,1,155000.8817177,1468,24000000,2.0,7.0228430813542,1
West Bengal,Bankura,19,305,2007,2,589310.935733165,1038,3400000,1.5,7.8036502762015,1
West Bengal,Bankura,19,305,2008,3,1241413.34503428,2926,1670000,2.0,7.0499170611118,1
West Bengal,Bankura,19,305,2009,1,25504.054001119,0,37000,2.0,5.4066092192723,1
West Bengal,Bankura,19,305,2010,1,192748.71204485,0,5000,1.0,5.762112739478,1
West Bengal,Bankura,19,305,2015,1,629961.6057566,206,300000,2.0,7.656646577764,1
West Bengal,Bankura,19,305,2017,1,43809.392838198,39,47000,1.0,5.8176584933147,1
West Bengal,Bankura,19,305,2021,3,433629.364849253,22,2001300,1.5,6.3167786712784,1
West Bengal,Birbhum,19,307,1986,2,738683.71944248,307,3740000,1.0,7.5312261660442,1
West Bengal,Birbhum,19,307,1988,2,1474609.7146377899,1109,502000,2.0,7.7855937662664,1
West Bengal,Birbhum,19,307,1990,1,1100663.2969222,425,63517,1.0,7.3840771654136,1
West Bengal,Birbhum,19,307,1991,3,810513.306814163,109,87500,1.0,6.9146173641677,1
West Bengal,Birbhum,19,307,1995,1,308073.20491195,144,510000,1.0,6.3337519666177,1
West Bengal,Birbhum,19,307,1996,1,171939.46006971,74,4000000,1.0,6.6333155672897,1
West Bengal,Birbhum,19,307,1997,1,201818.75469288,24,100000,1.0,6.3463542072234,1
West Bengal,Birbhum,19,307,2000,1,155000.8817177,1468,24000000,2.0,7.0228430813542,1
West Bengal,Birbhum,19,307,2007,1,517303.19979819,958,3000000,1.5,7.8036502762015,1
West Bengal,Birbhum,19,307,2008,3,1241413.34503428,2926,1670000,2.0,7.0499170611118,1
West Bengal,Birbhum,19,307,2010,1,192748.71204485,0,5000,1.0,5.762112739478,1
West Bengal,Birbhum,19,307,2013,1,102661.13525735,7,0,1.5,6.6646185762841,1
West Bengal,Birbhum,19,307,2015,1,629961.6057566,206,300000,2.0,7.656646577764,1
West Bengal,Birbhum,19,307,2017,1,43809.392838198,39,47000,1.0,5.8176584933147,1
West Bengal,Birbhum,19,307,2021,2,388471.3219747,12,2000000,1.5,6.3167786712784,1
West Bengal,Coochbehar,19,308,1986,2,738683.71944248,307,3740000,1.0,7.5312261660442,1
West Bengal,Coochbehar,19,308,1988,1,626872.45850619,876,2000,1.0,7.1773904313439,1
West Bengal,Coochbehar,19,308,1989,1,112816.35454502,31,32000,2.0,6.921603781912,1
West Bengal,Coochbehar,19,308,1990,2,146885.051442815,31,6000,2.0,5.8038282081955,1
West Bengal,Coochbehar,19,308,1991,1,91960.64656172298,21,0,1.0,5.2646320117323,1
West Bengal,Coochbehar,19,308,1995,2,410979.31857337,161,1510000,1.0,6.3337519666177,1
West Bengal,Coochbehar,19,308,1996,1,128966.82889056,82,3000000,1.0,6.2865692803449,1
West Bengal,Coochbehar,19,308,2000,1,155000.8817177,1468,24000000,2.0,7.0228430813542,1
West Bengal,Coochbehar,19,308,2007,1,103551.72796236,96,11100000,1.0,6.9741987426607,1
West Bengal,Coochbehar,19,308,2008,3,1060901.49990599,668,1895000,2.0,7.0550817943772,1
West Bengal,Coochbehar,19,308,2011,1,50117.375052093,7,11000,1.5,6.2740195840354,1
West Bengal,Coochbehar,19,308,2022,2,128339.0,53,200000,2.0,6.2992893340877,1
West Bengal,Coochbehar,19,308,2023,2,141038.0,92,14611,1.5,6.2091529515939,1
West Bengal,Darjeeling,19,309,1986,1,507167.43901015,258,3040000,1.0,7.5312261660442,1
West Bengal,Darjeeling,19,309,1988,2,1474609.7146377899,1109,502000,2.0,7.7855937662664,1
West Bengal,Darjeeling,19,309,1990,1,1100663.2969222,425,63517,1.0,7.3840771654136,1
West Bengal,Darjeeling,19,309,1991,1,91960.64656172298,21,0,1.0,5.2646320117323,1
West Bengal,Darjeeling,19,309,1995,1,6520.5689063739,35,0,1.0,4.4163454800231,1
West Bengal,Darjeeling,19,309,1996,1,128966.82889056,82,3000000,1.0,6.2865692803449,1
West Bengal,Darjeeling,19,309,2000,1,155000.8817177,1468,24000000,2.0,7.0228430813542,1
West Bengal,Darjeeling,19,309,2007,1,103551.72796236,96,11100000,1.0,6.9741987426607,1
West Bengal,Darjeeling,19,309,2008,2,710337.68784979,492,295000,2.0,7.0550817943772,1
West Bengal,Darjeeling,19,309,2010,1,192748.71204485,0,5000,1.0,5.762112739478,1
West Bengal,Darjeeling,19,309,2022,2,128339.0,53,200000,2.0,6.2992893340877,1
West Bengal,Darjeeling,19,309,2023,2,141038.0,92,14611,1.5,6.2091529515939,1
West Bengal,Dinajpur Dakshin,19,310,1986,2,738683.71944248,307,3740000,1.0,7.5312261660442,1
West Bengal,Dinajpur Dakshin,19,310,1988,1,626872.45850619,876,2000,1.0,7.1773904313439,1
West Bengal,Dinajpur Dakshin,19,310,1990,1,1100663.2969222,425,63517,1.0,7.3840771654136,1
West Bengal,Dinajpur Dakshin,19,310,1991,1,91960.64656172298,21,0,1.0,5.2646320117323,1
West Bengal,Dinajpur Dakshin,19,310,1995,1,308073.20491195,144,510000,1.0,6.3337519666177,1
West Bengal,Dinajpur Dakshin,19,310,1997,1,201818.75469288,24,100000,1.0,6.3463542072234,1
West Bengal,Dinajpur Dakshin,19,310,2000,1,155000.8817177,1468,24000000,2.0,7.0228430813542,1
West Bengal,Dinajpur Dakshin,19,310,2007,1,517303.19979819,958,3000000,1.5,7.8036502762015,1
West Bengal,Dinajpur Dakshin,19,310,2008,2,777095.34939258,526,1670000,2.0,7.0499170611118,1
West Bengal,Dinajpur Dakshin,19,310,2014,1,62650.802729391,0,10000,1.5,6.3879912469011,1
West Bengal,Dinajpur Dakshin,19,310,2015,1,629961.6057566,206,300000,2.0,7.656646577764,1
West Bengal,Dinajpur Dakshin,19,310,2017,1,421575.24392831,253,422106,2.0,7.1563540170148,1
West Bengal,Dinajpur Uttar,19,311,1986,2,738683.71944248,307,3740000,1.0,7.5312261660442,1
West Bengal,Dinajpur Uttar,19,311,1988,2,1474609.7146377899,1109,502000,2.0,7.7855937662664,1
West Bengal,Dinajpur Uttar,19,311,1990,1,1100663.2969222,425,63517,1.0,7.3840771654136,1
West Bengal,Dinajpur Uttar,19,311,1991,3,810513.306814163,109,87500,1.0,6.9146173641677,1
West Bengal,Dinajpur Uttar,19,311,1995,1,308073.20491195,144,510000,1.0,6.3337519666177,1
West Bengal,Dinajpur Uttar,19,311,1996,2,300906.28896027,156,7000000,1.0,6.6333155672897,1
West Bengal,Dinajpur Uttar,19,311,1997,1,201818.75469288,24,100000,1.0,6.3463542072234,1
West Bengal,Dinajpur Uttar,19,311,2000,1,155000.8817177,1468,24000000,2.0,7.0228430813542,1
West Bengal,Dinajpur Uttar,19,311,2007,2,620854.9277605499,1054,14100000,1.5,7.8036502762015,1
West Bengal,Dinajpur Uttar,19,311,2008,3,1060901.49990599,668,1895000,2.0,7.0550817943772,1
West Bengal,Dinajpur Uttar,19,311,2010,1,192748.71204485,0,5000,1.0,5.762112739478,1
West Bengal,Dinajpur Uttar,19,311,2014,1,62650.802729391,0,10000,1.5,6.3879912469011,1
West Bengal,Dinajpur Uttar,19,311,2015,1,629961.6057566,206,300000,2.0,7.656646577764,1
West Bengal,Dinajpur Uttar,19,311,2017,1,421575.24392831,253,422106,2.0,7.1563540170148,1
West Bengal,Dinajpur Uttar,19,311,2021,1,239570.75971327,0,0,1.0,6.2245318501,1
West Bengal,Dinajpur Uttar,19,311,2022,1,124500.0,45,200000,2.0,6.2992893340877,1
West Bengal,Hooghly,19,312,1986,1,231516.28043233,49,700000,1.0,6.6433351373578,1
West Bengal,Hooghly,19,312,1990,1,1100663.2969222,425,63517,1.0,7.3840771654136,1
West Bengal,Hooghly,19,312,1991,1,91960.64656172298,21,0,1.0,5.2646320117323,1
West Bengal,Hooghly,19,312,1995,1,308073.20491195,144,510000,1.0,6.3337519666177,1
West Bengal,Hooghly,19,312,1997,1,201818.75469288,24,100000,1.0,6.3463542072234,1
West Bengal,Hooghly,19,312,1999,1,191940.24191857,9803,10000000,2.0,6.7602872925659,1
West Bengal,Hooghly,19,312,2000,1,155000.8817177,1468,24000000,2.0,7.0228430813542,1
West Bengal,Hooghly,19,312,2005,1,29111.383715767,13,3000000,1.0,5.3671528357094,1
West Bengal,Hooghly,19,312,2007,2,589310.935733165,1038,3400000,1.5,7.8036502762015,1
West Bengal,Hooghly,19,312,2008,3,1241413.34503428,2926,1670000,2.0,7.0499170611118,1
West Bengal,Hooghly,19,312,2009,1,25504.054001119,0,37000,2.0,5.4066092192723,1
West Bengal,Hooghly,19,312,2010,1,192748.71204485,0,5000,1.0,5.762112739478,1
West Bengal,Hooghly,19,312,2015,1,629961.6057566,206,300000,2.0,7.656646577764,1
West Bengal,Hooghly,19,312,2017,1,43809.392838198,39,47000,1.0,5.8176584933147,1
West Bengal,Hooghly,19,312,2021,3,433629.364849253,22,2001300,1.5,6.3167786712784,1
West Bengal,Howrah,19,313,1985,1,46758.643699762,49,150000,2.0,5.4480131557338,1
West Bengal,Howrah,19,313,1986,1,231516.28043233,49,700000,1.0,6.6433351373578,1
West Bengal,Howrah,19,313,1990,1,1100663.2969222,425,63517,1.0,7.3840771654136,1
West Bengal,Howrah,19,313,1991,1,91960.64656172298,21,0,1.0,5.2646320117323,1
West Bengal,Howrah,19,313,1995,1,308073.20491195,144,510000,1.0,6.3337519666177,1
West Bengal,Howrah,19,313,1997,1,201818.75469288,24,100000,1.0,6.3463542072234,1
West Bengal,Howrah,19,313,2000,1,155000.8817177,1468,24000000,2.0,7.0228430813542,1
West Bengal,Howrah,19,313,2005,1,29111.383715767,13,3000000,1.0,5.3671528357094,1
West Bengal,Howrah,19,313,2007,2,589310.935733165,1038,3400000,1.5,7.8036502762015,1
West Bengal,Howrah,19,313,2008,3,1241413.34503428,2926,1670000,2.0,7.0499170611118,1
West Bengal,Howrah,19,313,2009,1,25504.054001119,0,37000,2.0,5.4066092192723,1
West Bengal,Howrah,19,313,2015,1,629961.6057566,206,300000,2.0,7.656646577764,1
West Bengal,Howrah,19,313,2017,1,43809.392838198,39,47000,1.0,5.8176584933147,1
West Bengal,Howrah,19,313,2019,1,302736.26273672,25,112500,1.5,6.3561257086734,1
West Bengal,Howrah,19,313,2021,3,433629.364849253,22,2001300,1.5,6.3167786712784,1
West Bengal,Jalpaiguri,19,314,1986,1,507167.43901015,258,3040000,1.0,7.5312261660442,1
West Bengal,Jalpaiguri,19,314,1988,1,626872.45850619,876,2000,1.0,7.1773904313439,1
West Bengal,Jalpaiguri,19,314,1991,1,91960.64656172298,21,0,1.0,5.2646320117323,1
West Bengal,Jalpaiguri,19,314,1995,1,308073.20491195,144,510000,1.0,6.3337519666177,1
West Bengal,Jalpaiguri,19,314,1996,1,128966.82889056,82,3000000,1.0,6.2865692803449,1
West Bengal,Jalpaiguri,19,314,2000,1,155000.8817177,1468,24000000,2.0,7.0228430813542,1
West Bengal,Jalpaiguri,19,314,2007,1,103551.72796236,96,11100000,1.0,6.9741987426607,1
West Bengal,Jalpaiguri,19,314,2008,3,1060901.49990599,668,1895000,2.0,7.0550817943772,1
West Bengal,Jalpaiguri,19,314,2022,2,128339.0,53,200000,2.0,6.2992893340877,1
West Bengal,Jalpaiguri,19,314,2023,2,141038.0,92,14611,1.5,6.2091529515939,1
West Bengal,Jhargram,19,703,1985,1,46758.643699762,49,150000,2.0,5.4480131557338,1
West Bengal,Jhargram,19,703,1986,1,231516.28043233,49,700000,1.0,6.6433351373578,1
West Bengal,Jhargram,19,703,1988,2,1474609.7146377899,1109,502000,2.0,7.7855937662664,1
West Bengal,Jhargram,19,703,1990,1,1100663.2969222,425,63517,1.0,7.3840771654136,1
West Bengal,Jhargram,19,703,1991,4,962460.364799503,124,87500,1.0,6.9146173641677,1
West Bengal,Jhargram,19,703,1992,1,44021.22729254701,16,0,1.0,5.757605498633,1
West Bengal,Jhargram,19,703,1994,1,154649.2017804,0,0,1.0,5.967498933124,1
West Bengal,Jhargram,19,703,1995,1,308073.20491195,144,510000,1.0,6.3337519666177,1
West Bengal,Jhargram,19,703,1996,1,171939.46006971,74,4000000,1.0,6.6333155672897,1
West Bengal,Jhargram,19,703,1997,1,201818.75469288,24,100000,1.0,6.3463542072234,1
West Bengal,Jhargram,19,703,1999,1,191940.24191857,9803,10000000,2.0,6.7602872925659,1
West Bengal,Jhargram,19,703,2000,1,155000.8817177,1468,24000000,2.0,7.0228430813542,1
West Bengal,Jhargram,19,703,2003,1,117883.61598646,67,3000000,1.0,6.8118161385154,1
West Bengal,Jhargram,19,703,2005,1,29111.383715767,13,3000000,1.0,5.3671528357094,1
West Bengal,Jhargram,19,703,2006,1,302774.27018969005,185,2000000,1.0,7.093902822695,1
West Bengal,Jhargram,19,703,2007,2,589310.935733165,1038,3400000,1.5,7.8036502762015,1
West Bengal,Jhargram,19,703,2008,3,1241413.34503428,2926,1670000,2.0,7.0499170611118,1
West Bengal,Jhargram,19,703,2011,1,41239.794137679,5,0,1.0,5.2173764800177,1
West Bengal,Jhargram,19,703,2015,1,629961.6057566,206,300000,2.0,7.656646577764,1
West Bengal,Jhargram,19,703,2019,1,302736.26273672,25,112500,1.5,6.3561257086734,1
West Bengal,Jhargram,19,703,2021,2,390800.768272223,11,1501300,1.5,6.3167786712784,1
West Bengal,Jhargram,19,703,2022,1,155000.0,0,60000,1.5,6.1445742076096,1
West Bengal,Kalimpong,19,702,1988,1,626872.45850619,876,2000,1.0,7.1773904313439,1
West Bengal,Kalimpong,19,702,1991,1,91960.64656172298,21,0,1.0,5.2646320117323,1
West Bengal,Kalimpong,19,702,1996,1,128966.82889056,82,3000000,1.0,6.2865692803449,1
West Bengal,Kalimpong,19,702,2007,1,103551.72796236,96,11100000,1.0,6.9741987426607,1
West Bengal,Kalimpong,19,702,2008,2,710337.68784979,492,295000,2.0,7.0550817943772,1
West Bengal,Kalimpong,19,702,2022,2,128339.0,53,200000,2.0,6.2992893340877,1
West Bengal,Kalimpong,19,702,2023,2,141038.0,92,14611,1.5,6.2091529515939,1
West Bengal,Kolkata,19,315,1986,1,231516.28043233,49,700000,1.0,6.6433351373578,1
West Bengal,Kolkata,19,315,1990,1,1100663.2969222,425,63517,1.0,7.3840771654136,1
West Bengal,Kolkata,19,315,1991,1,91960.64656172298,21,0,1.0,5.2646320117323,1
West Bengal,Kolkata,19,315,1995,1,308073.20491195,144,510000,1.0,6.3337519666177,1
West Bengal,Kolkata,19,315,1997,1,201818.75469288,24,100000,1.0,6.3463542072234,1
West Bengal,Kolkata,19,315,2000,1,155000.8817177,1468,24000000,2.0,7.0228430813542,1
West Bengal,Kolkata,19,315,2005,1,29111.383715767,13,3000000,1.0,5.3671528357094,1
West Bengal,Kolkata,19,315,2007,2,589310.935733165,1038,3400000,1.5,7.8036502762015,1
West Bengal,Kolkata,19,315,2008,2,814881.8076979001,2576,1600000,2.0,7.0499170611118,1
West Bengal,Kolkata,19,315,2009,1,25504.054001119,0,37000,2.0,5.4066092192723,1
West Bengal,Kolkata,19,315,2015,1,629961.6057566,206,300000,2.0,7.656646577764,1
West Bengal,Kolkata,19,315,2017,1,43809.392838198,39,47000,1.0,5.8176584933147,1
West Bengal,Kolkata,19,315,2021,3,433629.364849253,22,2001300,1.5,6.3167786712784,1
West Bengal,Maldah,19,316,1986,2,738683.71944248,307,3740000,1.0,7.5312261660442,1
West Bengal,Maldah,19,316,1988,2,1474609.7146377899,1109,502000,2.0,7.7855937662664,1
West Bengal,Maldah,19,316,1990,1,1100663.2969222,425,63517,1.0,7.3840771654136,1
West Bengal,Maldah,19,316,1991,3,810513.306814163,109,87500,1.0,6.9146173641677,1
West Bengal,Maldah,19,316,1995,1,308073.20491195,144,510000,1.0,6.3337519666177,1
West Bengal,Maldah,19,316,1996,1,171939.46006971,74,4000000,1.0,6.6333155672897,1
West Bengal,Maldah,19,316,1997,1,201818.75469288,24,100000,1.0,6.3463542072234,1
West Bengal,Maldah,19,316,2000,1,155000.8817177,1468,24000000,2.0,7.0228430813542,1
West Bengal,Maldah,19,316,2007,1,517303.19979819,958,3000000,1.5,7.8036502762015,1
West Bengal,Maldah,19,316,2008,2,777095.34939258,526,1670000,2.0,7.0499170611118,1
West Bengal,Maldah,19,316,2010,1,192748.71204485,0,5000,1.0,5.762112739478,1
West Bengal,Maldah,19,316,2014,1,62650.802729391,0,10000,1.5,6.3879912469011,1
West Bengal,Maldah,19,316,2015,1,629961.6057566,206,300000,2.0,7.656646577764,1
West Bengal,Maldah,19,316,2017,1,421575.24392831,253,422106,2.0,7.1563540170148,1
West Bengal,Maldah,19,316,2021,1,42828.59657703,11,500000,1.5,5.7620676120058,1
West Bengal,Maldah,19,316,2022,1,124500.0,45,200000,2.0,6.2992893340877,1
West Bengal,Medinipur East,19,317,1985,1,46758.643699762,49,150000,2.0,5.4480131557338,1
West Bengal,Medinipur East,19,317,1986,1,231516.28043233,49,700000,1.0,6.6433351373578,1
West Bengal,Medinipur East,19,317,1990,1,1100663.2969222,425,63517,1.0,7.3840771654136,1
West Bengal,Medinipur East,19,317,1991,1,91960.64656172298,21,0,1.0,5.2646320117323,1
West Bengal,Medinipur East,19,317,1995,1,308073.20491195,144,510000,1.0,6.3337519666177,1
West Bengal,Medinipur East,19,317,1997,1,201818.75469288,24,100000,1.0,6.3463542072234,1
West Bengal,Medinipur East,19,317,1999,1,191940.24191857,9803,10000000,2.0,6.7602872925659,1
West Bengal,Medinipur East,19,317,2000,1,155000.8817177,1468,24000000,2.0,7.0228430813542,1
West Bengal,Medinipur East,19,317,2005,1,29111.383715767,13,3000000,1.0,5.3671528357094,1
West Bengal,Medinipur East,19,317,2007,2,589310.935733165,1038,3400000,1.5,7.8036502762015,1
West Bengal,Medinipur East,19,317,2008,3,1241413.34503428,2926,1670000,2.0,7.0499170611118,1
West Bengal,Medinipur East,19,317,2009,1,25504.054001119,0,37000,2.0,5.4066092192723,1
West Bengal,Medinipur East,19,317,2015,1,629961.6057566,206,300000,2.0,7.656646577764,1
West Bengal,Medinipur East,19,317,2017,1,43809.392838198,39,47000,1.0,5.8176584933147,1
West Bengal,Medinipur East,19,317,2019,1,302736.26273672,25,112500,1.5,6.3561257086734,1
West Bengal,Medinipur East,19,317,2021,3,433629.364849253,22,2001300,1.5,6.3167786712784,1
West Bengal,Medinipur East,19,317,2022,1,155000.0,0,60000,1.5,6.1445742076096,1
West Bengal,Medinipur West,19,318,1985,1,46758.643699762,49,150000,2.0,5.4480131557338,1
West Bengal,Medinipur West,19,318,1986,1,231516.28043233,49,700000,1.0,6.6433351373578,1
West Bengal,Medinipur West,19,318,1988,2,1474609.7146377899,1109,502000,2.0,7.7855937662664,1
West Bengal,Medinipur West,19,318,1990,1,1100663.2969222,425,63517,1.0,7.3840771654136,1
West Bengal,Medinipur West,19,318,1991,1,91960.64656172298,21,0,1.0,5.2646320117323,1
West Bengal,Medinipur West,19,318,1992,1,44021.22729254701,16,0,1.0,5.757605498633,1
West Bengal,Medinipur West,19,318,1995,1,308073.20491195,144,510000,1.0,6.3337519666177,1
West Bengal,Medinipur West,19,318,1997,1,201818.75469288,24,100000,1.0,6.3463542072234,1
West Bengal,Medinipur West,19,318,1999,1,191940.24191857,9803,10000000,2.0,6.7602872925659,1
West Bengal,Medinipur West,19,318,2000,1,155000.8817177,1468,24000000,2.0,7.0228430813542,1
West Bengal,Medinipur West,19,318,2005,1,29111.383715767,13,3000000,1.0,5.3671528357094,1
West Bengal,Medinipur West,19,318,2007,2,589310.935733165,1038,3400000,1.5,7.8036502762015,1
West Bengal,Medinipur West,19,318,2008,3,1241413.34503428,2926,1670000,2.0,7.0499170611118,1
West Bengal,Medinipur West,19,318,2009,1,25504.054001119,0,37000,2.0,5.4066092192723,1
West Bengal,Medinipur West,19,318,2010,1,192748.71204485,0,5000,1.0,5.762112739478,1
West Bengal,Medinipur West,19,318,2015,1,629961.6057566,206,300000,2.0,7.656646577764,1
West Bengal,Medinipur West,19,318,2017,1,43809.392838198,39,47000,1.0,5.8176584933147,1
West Bengal,Medinipur West,19,318,2019,1,302736.26273672,25,112500,1.5,6.3561257086734,1
West Bengal,Medinipur West,19,318,2021,3,433629.364849253,22,2001300,1.5,6.3167786712784,1
West Bengal,Medinipur West,19,318,2022,1,155000.0,0,60000,1.5,6.1445742076096,1
West Bengal,Murshidabad,19,319,1986,2,738683.71944248,307,3740000,1.0,7.5312261660442,1
West Bengal,Murshidabad,19,319,1988,1,626872.45850619,876,2000,1.0,7.1773904313439,1
West Bengal,Murshidabad,19,319,1990,1,1100663.2969222,425,63517,1.0,7.3840771654136,1
West Bengal,Murshidabad,19,319,1991,2,262834.28627097304,21,87500,1.0,6.3788031059367,1
West Bengal,Murshidabad,19,319,1995,1,308073.20491195,144,510000,1.0,6.3337519666177,1
West Bengal,Murshidabad,19,319,1996,1,171939.46006971,74,4000000,1.0,6.6333155672897,1
West Bengal,Murshidabad,19,319,1997,1,201818.75469288,24,100000,1.0,6.3463542072234,1
West Bengal,Murshidabad,19,319,2000,1,155000.8817177,1468,24000000,2.0,7.0228430813542,1
West Bengal,Murshidabad,19,319,2007,1,517303.19979819,958,3000000,1.5,7.8036502762015,1
West Bengal,Murshidabad,19,319,2008,3,1241413.34503428,2926,1670000,2.0,7.0499170611118,1
West Bengal,Murshidabad,19,319,2010,1,192748.71204485,0,5000,1.0,5.762112739478,1
West Bengal,Murshidabad,19,319,2015,1,629961.6057566,206,300000,2.0,7.656646577764,1
West Bengal,Murshidabad,19,319,2017,1,43809.392838198,39,47000,1.0,5.8176584933147,1
West Bengal,Murshidabad,19,319,2021,1,42828.59657703,11,500000,1.5,5.7620676120058,1
West Bengal,Nadia,19,320,1986,2,738683.71944248,307,3740000,1.0,7.5312261660442,1
West Bengal,Nadia,19,320,1990,1,1100663.2969222,425,63517,1.0,7.3840771654136,1
West Bengal,Nadia,19,320,1991,1,91960.64656172298,21,0,1.0,5.2646320117323,1
West Bengal,Nadia,19,320,1995,1,308073.20491195,144,510000,1.0,6.3337519666177,1
West Bengal,Nadia,19,320,1997,1,201818.75469288,24,100000,1.0,6.3463542072234,1
West Bengal,Nadia,19,320,2000,1,155000.8817177,1468,24000000,2.0,7.0228430813542,1
West Bengal,Nadia,19,320,2007,2,589310.935733165,1038,3400000,1.5,7.8036502762015,1
West Bengal,Nadia,19,320,2008,3,1241413.34503428,2926,1670000,2.0,7.0499170611118,1
West Bengal,Nadia,19,320,2009,1,25504.054001119,0,37000,2.0,5.4066092192723,1
West Bengal,Nadia,19,320,2015,1,629961.6057566,206,300000,2.0,7.656646577764,1
West Bengal,Nadia,19,320,2017,1,43809.392838198,39,47000,1.0,5.8176584933147,1
West Bengal,Nadia,19,320,2021,3,433629.364849253,22,2001300,1.5,6.3167786712784,1
West Bengal,Paschim Bardhaman,19,704,1986,2,738683.71944248,307,3740000,1.0,7.5312261660442,1
West Bengal,Paschim Bardhaman,19,704,1988,2,1474609.7146377899,1109,502000,2.0,7.7855937662664,1
West Bengal,Paschim Bardhaman,19,704,1990,1,1100663.2969222,425,63517,1.0,7.3840771654136,1
West Bengal,Paschim Bardhaman,19,704,1991,3,810513.306814163,109,87500,1.0,6.9146173641677,1
West Bengal,Paschim Bardhaman,19,704,1995,1,308073.20491195,144,510000,1.0,6.3337519666177,1
West Bengal,Paschim Bardhaman,19,704,1996,1,171939.46006971,74,4000000,1.0,6.6333155672897,1
West Bengal,Paschim Bardhaman,19,704,1997,1,201818.75469288,24,100000,1.0,6.3463542072234,1
West Bengal,Paschim Bardhaman,19,704,1999,1,191940.24191857,9803,10000000,2.0,6.7602872925659,1
West Bengal,Paschim Bardhaman,19,704,2000,1,155000.8817177,1468,24000000,2.0,7.0228430813542,1
West Bengal,Paschim Bardhaman,19,704,2007,1,517303.19979819,958,3000000,1.5,7.8036502762015,1
West Bengal,Paschim Bardhaman,19,704,2008,3,1241413.34503428,2926,1670000,2.0,7.0499170611118,1
West Bengal,Paschim Bardhaman,19,704,2010,1,192748.71204485,0,5000,1.0,5.762112739478,1
West Bengal,Paschim Bardhaman,19,704,2013,1,102661.13525735,7,0,1.5,6.6646185762841,1
West Bengal,Paschim Bardhaman,19,704,2015,1,629961.6057566,206,300000,2.0,7.656646577764,1
West Bengal,Paschim Bardhaman,19,704,2017,1,43809.392838198,39,47000,1.0,5.8176584933147,1
West Bengal,Paschim Bardhaman,19,704,2021,2,388471.3219747,12,2000000,1.5,6.3167786712784,1
West Bengal,Purba Bardhaman,19,306,1986,2,738683.71944248,307,3740000,1.0,7.5312261660442,1
West Bengal,Purba Bardhaman,19,306,1988,1,626872.45850619,876,2000,1.0,7.1773904313439,1
West Bengal,Purba Bardhaman,19,306,1990,1,1100663.2969222,425,63517,1.0,7.3840771654136,1
West Bengal,Purba Bardhaman,19,306,1991,1,91960.64656172298,21,0,1.0,5.2646320117323,1
West Bengal,Purba Bardhaman,19,306,1995,1,308073.20491195,144,510000,1.0,6.3337519666177,1
West Bengal,Purba Bardhaman,19,306,1997,1,201818.75469288,24,100000,1.0,6.3463542072234,1
West Bengal,Purba Bardhaman,19,306,2000,1,155000.8817177,1468,24000000,2.0,7.0228430813542,1
West Bengal,Purba Bardhaman,19,306,2007,2,589310.935733165,1038,3400000,1.5,7.8036502762015,1
West Bengal,Purba Bardhaman,19,306,2008,3,1241413.34503428,2926,1670000,2.0,7.0499170611118,1
West Bengal,Purba Bardhaman,19,306,2009,1,25504.054001119,0,37000,2.0,5.4066092192723,1
West Bengal,Purba Bardhaman,19,306,2010,1,192748.71204485,0,5000,1.0,5.762112739478,1
West Bengal,Purba Bardhaman,19,306,2015,1,629961.6057566,206,300000,2.0,7.656646577764,1
West Bengal,Purba Bardhaman,19,306,2017,1,43809.392838198,39,47000,1.0,5.8176584933147,1
West Bengal,Purba Bardhaman,19,306,2021,3,433629.364849253,22,2001300,1.5,6.3167786712784,1
West Bengal,Purulia,19,321,1986,2,738683.71944248,307,3740000,1.0,7.5312261660442,1
West Bengal,Purulia,19,321,1988,2,1474609.7146377899,1109,502000,2.0,7.7855937662664,1
West Bengal,Purulia,19,321,1990,1,1100663.2969222,425,63517,1.0,7.3840771654136,1
West Bengal,Purulia,19,321,1991,3,810513.306814163,109,87500,1.0,6.9146173641677,1
West Bengal,Purulia,19,321,1995,1,308073.20491195,144,510000,1.0,6.3337519666177,1
West Bengal,Purulia,19,321,1996,1,171939.46006971,74,4000000,1.0,6.6333155672897,1
West Bengal,Purulia,19,321,1997,1,201818.75469288,24,100000,1.0,6.3463542072234,1
West Bengal,Purulia,19,321,1999,1,191940.24191857,9803,10000000,2.0,6.7602872925659,1
West Bengal,Purulia,19,321,2000,1,155000.8817177,1468,24000000,2.0,7.0228430813542,1
West Bengal,Purulia,19,321,2007,1,517303.19979819,958,3000000,1.5,7.8036502762015,1
West Bengal,Purulia,19,321,2008,2,890849.5329780801,2750,70000,2.0,6.8709354986642,1
West Bengal,Purulia,19,321,2010,1,192748.71204485,0,5000,1.0,5.762112739478,1
West Bengal,Purulia,19,321,2013,1,102661.13525735,7,0,1.5,6.6646185762841,1
West Bengal,Purulia,19,321,2015,1,629961.6057566,206,300000,2.0,7.656646577764,1
West Bengal,Purulia,19,321,2021,2,390800.768272223,11,1501300,1.5,6.3167786712784,1
