time,precipitation,temperature_2m,relative_humidity_2m,soil_moisture_0_to_7cm,soil_moisture_7_to_28cm
1985-01-01T00:00,,21.4,88,0.111,0.149
1985-01-01T01:00,,21.3,89,0.111,0.149
1985-01-01T02:00,,21.3,89,0.111,0.15
1985-01-01T03:00,,24.2,76,0.111,0.15
1985-01-01T04:00,,27.0,61,0.111,0.149
1985-01-01T05:00,,28.8,55,0.111,0.149
1985-01-01T06:00,,30.1,50,0.111,0.149
1985-01-01T07:00,,30.8,49,0.111,0.149
1985-01-01T08:00,,30.9,48,0.111,0.149
1985-01-01T09:00,,30.7,48,0.111,0.149
1985-01-01T10:00,,30.3,48,0.111,0.149
1985-01-01T11:00,,29.4,49,0.111,0.148
1985-01-01T12:00,,28.2,52,0.111,0.148
1985-01-01T13:00,,26.9,56,0.111,0.148
1985-01-01T14:00,,25.9,58,0.111,0.148
1985-01-01T15:00,,25.2,60,0.111,0.148
1985-01-01T16:00,,24.4,62,0.111,0.148
1985-01-01T17:00,,23.4,67,0.111,0.149
1985-01-01T18:00,,22.2,74,0.111,0.149
1985-01-01T19:00,,21.8,71,0.111,0.149
1985-01-01T20:00,,21.3,73,0.111,0.149
1985-01-01T21:00,,20.8,76,0.111,0.149
1985-01-01T22:00,,20.5,78,0.111,0.149
1985-01-01T23:00,,20.2,80,0.111,0.149
1985-01-02T00:00,,20.0,83,0.111,0.149
1985-01-02T01:00,,19.7,85,0.111,0.149
1985-01-02T02:00,,19.5,87,0.111,0.149
1985-01-02T03:00,,23.0,73,0.111,0.149
1985-01-02T04:00,,26.1,59,0.111,0.149
1985-01-02T05:00,,27.9,54,0.111,0.149
1985-01-02T06:00,,29.4,51,0.111,0.148
1985-01-02T07:00,,30.4,50,0.111,0.148
1985-01-02T08:00,,30.8,49,0.11,0.148
1985-01-02T09:00,,30.5,50,0.11,0.148
1985-01-02T10:00,,29.9,52,0.11,0.148
1985-01-02T11:00,,28.9,55,0.11,0.148
1985-01-02T12:00,,27.7,59,0.11,0.148
1985-01-02T13:00,,26.4,64,0.11,0.148
1985-01-02T14:00,,25.5,69,0.11,0.148
1985-01-02T15:00,,24.7,73,0.11,0.148
1985-01-02T16:00,,23.8,77,0.11,0.148
1985-01-02T17:00,,22.9,83,0.11,0.148
1985-01-02T18:00,,22.1,86,0.11,0.148
1985-01-02T19:00,,21.7,88,0.11,0.148
1985-01-02T20:00,,21.4,89,0.11,0.148
1985-01-02T21:00,,21.3,90,0.11,0.148
1985-01-02T22:00,,21.5,88,0.111,0.148
1985-01-02T23:00,,21.5,88,0.111,0.148
1985-01-03T00:00,,21.7,88,0.111,0.148
1985-01-03T01:00,,21.9,86,0.111,0.148
1985-01-03T02:00,,22.3,85,0.111,0.148
1985-01-03T03:00,,24.4,75,0.111,0.148
1985-01-03T04:00,,26.3,67,0.111,0.148
1985-01-03T05:00,,28.5,58,0.111,0.148
1985-01-03T06:00,,30.2,51,0.11,0.148
1985-01-03T07:00,,31.2,46,0.11,0.148
1985-01-03T08:00,,32.0,43,0.11,0.147
1985-01-03T09:00,,31.9,44,0.11,0.147
1985-01-03T10:00,,31.2,49,0.11,0.147
1985-01-03T11:00,,29.9,56,0.11,0.147
1985-01-03T12:00,,28.3,64,0.11,0.147
1985-01-03T13:00,,26.9,71,0.11,0.147
1985-01-03T14:00,,26.0,76,0.11,0.147
1985-01-03T15:00,,25.3,80,0.11,0.147
1985-01-03T16:00,,24.7,84,0.11,0.147
1985-01-03T17:00,,24.0,87,0.11,0.147
1985-01-03T18:00,,23.4,89,0.11,0.147
1985-01-03T19:00,,23.1,89,0.11,0.147
1985-01-03T20:00,,22.5,90,0.11,0.147
1985-01-03T21:00,,22.4,87,0.11,0.147
1985-01-03T22:00,,22.3,83,0.11,0.147
1985-01-03T23:00,,22.6,76,0.11,0.147
1985-01-04T00:00,,22.7,70,0.11,0.147
1985-01-04T01:00,,22.5,70,0.11,0.147
1985-01-04T02:00,,22.2,74,0.11,0.147
1985-01-04T03:00,,24.3,68,0.11,0.147
1985-01-04T04:00,,26.9,57,0.11,0.147
1985-01-04T05:00,,28.8,52,0.11,0.147
1985-01-04T06:00,,30.5,46,0.11,0.147
1985-01-04T07:00,,31.4,42,0.11,0.147
1985-01-04T08:00,,32.0,40,0.11,0.147
1985-01-04T09:00,,31.8,42,0.11,0.146
1985-01-04T10:00,,30.9,48,0.11,0.146
1985-01-04T11:00,,29.7,54,0.11,0.146
1985-01-04T12:00,,28.2,62,0.11,0.146
1985-01-04T13:00,,26.8,69,0.11,0.146
1985-01-04T14:00,,25.9,74,0.11,0.146
1985-01-04T15:00,,25.2,78,0.11,0.146
1985-01-04T16:00,,24.5,80,0.11,0.146
1985-01-04T17:00,,24.0,83,0.11,0.146
1985-01-04T18:00,,23.1,87,0.11,0.146
1985-01-04T19:00,,22.9,89,0.11,0.146
1985-01-04T20:00,,22.3,90,0.11,0.146
1985-01-04T21:00,,21.7,92,0.11,0.146
1985-01-04T22:00,,21.0,94,0.11,0.146
1985-01-04T23:00,,20.5,94,0.11,0.146
1985-01-05T00:00,,20.0,93,0.11,0.146
1985-01-05T01:00,,19.8,91,0.11,0.147
1985-01-05T02:00,,19.8,89,0.11,0.147
1985-01-05T03:00,,22.9,73,0.11,0.147
1985-01-05T04:00,,26.2,59,0.11,0.146
1985-01-05T05:00,,28.3,53,0.11,0.146
1985-01-05T06:00,,29.9,50,0.11,0.146
1985-01-05T07:00,,31.1,46,0.11,0.146
1985-01-05T08:00,,31.6,46,0.11,0.146
1985-01-05T09:00,,31.4,48,0.11,0.146
1985-01-05T10:00,,30.7,51,0.11,0.146
1985-01-05T11:00,,29.6,55,0.11,0.146
1985-01-05T12:00,,28.2,60,0.11,0.146
1985-01-05T13:00,,26.9,66,0.11,0.146
1985-01-05T14:00,,26.1,70,0.11,0.146
1985-01-05T15:00,,25.4,73,0.11,0.146
1985-01-05T16:00,,24.5,78,0.11,0.146
1985-01-05T17:00,,23.6,82,0.11,0.146
1985-01-05T18:00,,23.3,82,0.11,0.146
1985-01-05T19:00,,22.6,85,0.11,0.146
1985-01-05T20:00,,22.2,87,0.11,0.146
1985-01-05T21:00,,21.8,88,0.11,0.146
1985-01-05T22:00,,21.4,90,0.11,0.146
1985-01-05T23:00,,20.9,92,0.11,0.146
1985-01-06T00:00,,20.4,94,0.11,0.146
1985-01-06T01:00,,19.9,95,0.11,0.146
1985-01-06T02:00,,19.7,95,0.11,0.146
1985-01-06T03:00,,22.8,83,0.11,0.146
1985-01-06T04:00,,25.5,70,0.11,0.146
1985-01-06T05:00,,27.5,62,0.11,0.146
1985-01-06T06:00,,28.9,57,0.11,0.146
1985-01-06T07:00,,30.3,48,0.11,0.145
1985-01-06T08:00,,30.6,48,0.11,0.145
1985-01-06T09:00,,30.3,49,0.11,0.145
1985-01-06T10:00,,29.8,51,0.11,0.145
1985-01-06T11:00,,28.9,52,0.11,0.145
1985-01-06T12:00,,27.7,55,0.11,0.145
1985-01-06T13:00,,26.6,60,0.11,0.145
1985-01-06T14:00,,25.6,65,0.11,0.145
1985-01-06T15:00,,24.7,70,0.11,0.145
1985-01-06T16:00,,23.6,78,0.11,0.145
1985-01-06T17:00,,23.3,77,0.11,0.145
1985-01-06T18:00,,23.3,77,0.11,0.145
1985-01-06T19:00,,22.8,79,0.11,0.145
1985-01-06T20:00,,21.6,84,0.11,0.145
1985-01-06T21:00,,20.5,90,0.11,0.145
1985-01-06T22:00,,20.0,92,0.11,0.145
1985-01-06T23:00,,19.8,93,0.11,0.145
1985-01-07T00:00,,19.4,93,0.11,0.145
1985-01-07T01:00,,19.0,94,0.11,0.145
1985-01-07T02:00,,18.9,94,0.11,0.145
1985-01-07T03:00,,22.2,85,0.11,0.145
1985-01-07T04:00,,25.4,68,0.11,0.145
1985-01-07T05:00,,27.3,58,0.11,0.145
1985-01-07T06:00,,28.8,51,0.11,0.145
1985-01-07T07:00,,29.8,48,0.11,0.145
1985-01-07T08:00,,30.2,47,0.11,0.145
1985-01-07T09:00,,30.2,46,0.11,0.144
1985-01-07T10:00,,29.8,47,0.11,0.144
1985-01-07T11:00,,29.0,49,0.109,0.144
1985-01-07T12:00,,27.7,55,0.109,0.144
1985-01-07T13:00,,26.3,61,0.109,0.144
1985-01-07T14:00,,25.3,66,0.109,0.144
1985-01-07T15:00,,24.4,71,0.109,0.144
1985-01-07T16:00,,23.5,76,0.11,0.144
1985-01-07T17:00,,22.5,80,0.11,0.144
1985-01-07T18:00,,21.7,83,0.11,0.144
1985-01-07T19:00,,21.3,84,0.11,0.144
1985-01-07T20:00,,20.5,87,0.11,0.144
1985-01-07T21:00,,19.9,90,0.11,0.144
1985-01-07T22:00,,19.3,92,0.11,0.144
1985-01-07T23:00,,19.0,93,0.11,0.144
1985-01-08T00:00,,18.8,93,0.11,0.144
1985-01-08T01:00,,18.5,92,0.11,0.145
1985-01-08T02:00,,18.4,91,0.11,0.145
1985-01-08T03:00,,21.8,79,0.11,0.145
1985-01-08T04:00,,25.5,57,0.11,0.145
1985-01-08T05:00,,28.0,45,0.11,0.144
1985-01-08T06:00,,29.8,40,0.11,0.144
1985-01-08T07:00,,31.3,36,0.109,0.144
1985-01-08T08:00,,31.8,36,0.109,0.144
1985-01-08T09:00,,31.6,38,0.109,0.144
1985-01-08T10:00,,30.9,41,0.109,0.144
1985-01-08T11:00,,29.7,45,0.109,0.144
1985-01-08T12:00,,28.1,52,0.109,0.144
1985-01-08T13:00,,26.7,60,0.109,0.144
1985-01-08T14:00,,25.6,65,0.109,0.144
1985-01-08T15:00,,24.7,70,0.109,0.144
1985-01-08T16:00,,23.6,76,0.109,0.144
1985-01-08T17:00,,22.6,81,0.109,0.144
1985-01-08T18:00,,22.0,82,0.109,0.144
1985-01-08T19:00,,21.5,82,0.109,0.144
1985-01-08T20:00,,21.0,84,0.109,0.144
1985-01-08T21:00,,20.2,87,0.109,0.144
1985-01-08T22:00,,19.6,90,0.109,0.144
1985-01-08T23:00,,19.2,92,0.109,0.144
1985-01-09T00:00,,19.0,92,0.109,0.144
1985-01-09T01:00,,18.5,92,0.109,0.144
1985-01-09T02:00,,18.3,92,0.109,0.144
1985-01-09T03:00,,21.8,81,0.109,0.144
1985-01-09T04:00,,25.5,62,0.109,0.144
1985-01-09T05:00,,27.5,54,0.109,0.144
1985-01-09T06:00,,28.9,49,0.109,0.144
1985-01-09T07:00,,30.3,44,0.109,0.143
1985-01-09T08:00,,30.5,44,0.109,0.143
1985-01-09T09:00,,30.3,45,0.109,0.143
1985-01-09T10:00,,29.9,46,0.109,0.143
1985-01-09T11:00,,29.0,48,0.109,0.143
1985-01-09T12:00,,27.9,52,0.109,0.143
1985-01-09T13:00,,26.6,59,0.109,0.143
1985-01-09T14:00,,25.5,66,0.109,0.143
1985-01-09T15:00,,24.7,72,0.109,0.143
1985-01-09T16:00,,24.7,71,0.109,0.143
1985-01-09T17:00,,23.5,77,0.109,0.143
1985-01-09T18:00,,21.8,86,0.109,0.143
1985-01-09T19:00,,21.4,87,0.109,0.143
1985-01-09T20:00,,20.7,90,0.109,0.143
1985-01-09T21:00,,20.4,91,0.109,0.143
1985-01-09T22:00,,20.1,93,0.109,0.143
1985-01-09T23:00,,19.8,93,0.109,0.143
1985-01-10T00:00,,19.3,94,0.109,0.143
1985-01-10T01:00,,19.1,92,0.109,0.143
1985-01-10T02:00,,19.2,92,0.109,0.143
1985-01-10T03:00,,22.2,82,0.109,0.143
1985-01-10T04:00,,25.4,67,0.109,0.143
1985-01-10T05:00,,27.2,61,0.109,0.143
1985-01-10T06:00,,28.6,57,0.109,0.143
1985-01-10T07:00,,29.5,55,0.109,0.143
1985-01-10T08:00,,29.6,55,0.109,0.143
1985-01-10T09:00,,29.3,56,0.11,0.143
1985-01-10T10:00,,29.0,55,0.11,0.143
1985-01-10T11:00,,28.4,55,0.11,0.143
1985-01-10T12:00,,27.8,56,0.11,0.142
1985-01-10T13:00,,26.6,61,0.11,0.142
1985-01-10T14:00,,25.7,66,0.11,0.143
1985-01-10T15:00,,24.7,74,0.11,0.143
1985-01-10T16:00,,24.2,75,0.11,0.143
1985-01-10T17:00,,23.1,81,0.11,0.143
1985-01-10T18:00,,22.3,86,0.11,0.143
1985-01-10T19:00,,22.0,87,0.11,0.143
1985-01-10T20:00,,21.1,91,0.11,0.143
1985-01-10T21:00,,20.6,92,0.11,0.143
1985-01-10T22:00,,20.4,93,0.11,0.143
1985-01-10T23:00,,20.4,93,0.11,0.143
1985-01-11T00:00,,20.1,93,0.11,0.143
1985-01-11T01:00,,20.0,92,0.11,0.143
1985-01-11T02:00,,20.1,92,0.11,0.143
1985-01-11T03:00,,22.8,82,0.11,0.143
1985-01-11T04:00,,26.1,64,0.11,0.143
1985-01-11T05:00,,28.1,55,0.11,0.143
1985-01-11T06:00,,29.6,51,0.11,0.143
1985-01-11T07:00,,30.2,51,0.11,0.142
1985-01-11T08:00,,30.0,52,0.11,0.142
1985-01-11T09:00,,29.7,54,0.11,0.142
1985-01-11T10:00,,28.6,57,0.111,0.142
1985-01-11T11:00,,28.1,58,0.111,0.142
1985-01-11T12:00,,27.3,59,0.111,0.142
1985-01-11T13:00,,26.4,63,0.111,0.142
1985-01-11T14:00,,25.6,67,0.111,0.142
1985-01-11T15:00,,24.6,74,0.111,0.142
1985-01-11T16:00,,24.0,77,0.111,0.142
1985-01-11T17:00,,23.4,79,0.111,0.142
1985-01-11T18:00,,22.6,83,0.111,0.142
1985-01-11T19:00,,21.9,85,0.111,0.142
1985-01-11T20:00,,21.2,88,0.111,0.142
1985-01-11T21:00,,20.6,91,0.111,0.142
1985-01-11T22:00,,20.3,92,0.111,0.142
1985-01-11T23:00,,20.1,93,0.111,0.142
1985-01-12T00:00,,19.9,93,0.111,0.142
1985-01-12T01:00,,19.6,93,0.111,0.142
1985-01-12T02:00,,19.6,93,0.111,0.142
1985-01-12T03:00,,22.3,84,0.111,0.142
1985-01-12T04:00,,25.4,63,0.111,0.142
1985-01-12T05:00,,27.2,55,0.111,0.142
1985-01-12T06:00,,28.6,49,0.111,0.142
1985-01-12T07:00,,29.5,51,0.11,0.142
1985-01-12T08:00,,29.6,50,0.11,0.142
1985-01-12T09:00,,29.3,51,0.11,0.142
1985-01-12T10:00,,28.8,52,0.11,0.142
1985-01-12T11:00,,28.0,54,0.11,0.142
1985-01-12T12:00,,27.1,57,0.11,0.142
1985-01-12T13:00,,26.1,62,0.11,0.142
1985-01-12T14:00,,25.3,66,0.11,0.142
1985-01-12T15:00,,24.5,71,0.11,0.142
1985-01-12T16:00,,23.7,76,0.11,0.142
1985-01-12T17:00,,22.8,81,0.11,0.142
1985-01-12T18:00,,22.2,83,0.11,0.142
1985-01-12T19:00,,21.8,85,0.11,0.142
1985-01-12T20:00,,21.1,89,0.11,0.142
1985-01-12T21:00,,20.7,90,0.11,0.142
1985-01-12T22:00,,20.3,91,0.11,0.142
1985-01-12T23:00,,19.8,91,0.11,0.142
1985-01-13T00:00,,19.4,92,0.11,0.142
1985-01-13T01:00,,19.3,92,0.11,0.142
1985-01-13T02:00,,19.5,90,0.11,0.142
1985-01-13T03:00,,22.6,78,0.11,0.142
1985-01-13T04:00,,26.1,60,0.11,0.142
1985-01-13T05:00,,28.5,48,0.11,0.142
1985-01-13T06:00,,30.1,45,0.11,0.142
1985-01-13T07:00,,30.9,45,0.11,0.141
1985-01-13T08:00,,31.2,45,0.11,0.141
1985-01-13T09:00,,31.1,47,0.11,0.141
1985-01-13T10:00,,30.4,49,0.11,0.141
1985-01-13T11:00,,29.4,52,0.11,0.141
1985-01-13T12:00,,28.2,56,0.11,0.141
1985-01-13T13:00,,27.0,61,0.11,0.141
1985-01-13T14:00,,26.0,66,0.11,0.141
1985-01-13T15:00,,25.4,70,0.11,0.141
1985-01-13T16:00,,24.7,74,0.11,0.141
1985-01-13T17:00,,23.9,79,0.11,0.141
1985-01-13T18:00,,23.6,79,0.11,0.141
1985-01-13T19:00,,22.7,84,0.11,0.141
1985-01-13T20:00,,21.7,90,0.11,0.141
1985-01-13T21:00,,21.3,92,0.11,0.141
1985-01-13T22:00,,20.9,92,0.11,0.141
1985-01-13T23:00,,21.0,88,0.11,0.141
1985-01-14T00:00,,20.8,85,0.11,0.141
1985-01-14T01:00,,20.7,82,0.11,0.141
1985-01-14T02:00,,20.8,78,0.11,0.141
1985-01-14T03:00,,22.5,70,0.11,0.141
1985-01-14T04:00,,25.8,56,0.11,0.141
1985-01-14T05:00,,27.9,49,0.11,0.141
1985-01-14T06:00,,29.6,44,0.11,0.141
1985-01-14T07:00,,30.9,39,0.11,0.141
1985-01-14T08:00,,31.7,36,0.11,0.141
1985-01-14T09:00,,31.9,37,0.11,0.141
1985-01-14T10:00,,31.4,40,0.11,0.141
1985-01-14T11:00,,29.9,48,0.11,0.141
1985-01-14T12:00,,28.4,57,0.11,0.14
1985-01-14T13:00,,27.1,64,0.11,0.14
1985-01-14T14:00,,26.1,69,0.11,0.141
1985-01-14T15:00,,25.3,74,0.11,0.141
1985-01-14T16:00,,24.3,82,0.11,0.141
1985-01-14T17:00,,23.3,84,0.11,0.141
1985-01-14T18:00,,22.3,87,0.11,0.141
1985-01-14T19:00,,21.6,88,0.11,0.141
1985-01-14T20:00,,20.9,87,0.11,0.141
1985-01-14T21:00,,20.6,83,0.11,0.141
1985-01-14T22:00,,20.4,77,0.11,0.141
1985-01-14T23:00,,20.2,74,0.11,0.141
1985-01-15T00:00,,19.9,73,0.11,0.141
1985-01-15T01:00,,19.9,73,0.11,0.141
1985-01-15T02:00,,19.9,74,0.11,0.141
1985-01-15T03:00,,22.0,68,0.11,0.141
1985-01-15T04:00,,25.6,55,0.11,0.141
1985-01-15T05:00,,27.9,48,0.11,0.141
1985-01-15T06:00,,29.9,41,0.11,0.14
1985-01-15T07:00,,31.2,34,0.11,0.14
1985-01-15T08:00,,32.0,31,0.109,0.14
1985-01-15T09:00,,32.3,30,0.109,0.14
1985-01-15T10:00,,31.9,33,0.109,0.14
1985-01-15T11:00,,30.6,41,0.109,0.14
1985-01-15T12:00,,28.8,51,0.109,0.14
1985-01-15T13:00,,27.2,60,0.109,0.14
1985-01-15T14:00,,26.1,65,0.109,0.14
1985-01-15T15:00,,25.2,70,0.109,0.14
1985-01-15T16:00,,24.0,76,0.109,0.14
1985-01-15T17:00,,23.0,79,0.109,0.14
1985-01-15T18:00,,22.0,82,0.109,0.14
1985-01-15T19:00,,21.3,83,0.109,0.14
1985-01-15T20:00,,20.8,80,0.109,0.14
1985-01-15T21:00,,20.6,75,0.109,0.14
1985-01-15T22:00,,20.6,69,0.109,0.14
1985-01-15T23:00,,20.6,66,0.109,0.14
1985-01-16T00:00,,20.7,66,0.109,0.14
1985-01-16T01:00,,20.7,66,0.109,0.14
1985-01-16T02:00,,20.7,68,0.109,0.14
1985-01-16T03:00,,22.7,63,0.109,0.14
1985-01-16T04:00,,26.0,53,0.109,0.14
1985-01-16T05:00,,28.6,45,0.109,0.14
1985-01-16T06:00,,30.7,37,0.109,0.14
1985-01-16T07:00,,32.2,30,0.109,0.14
1985-01-16T08:00,,33.2,26,0.109,0.14
1985-01-16T09:00,,33.6,24,0.109,0.139
1985-01-16T10:00,,33.6,23,0.109,0.139
1985-01-16T11:00,,33.0,25,0.109,0.139
1985-01-16T12:00,,30.8,39,0.109,0.139
1985-01-16T13:00,,28.6,54,0.109,0.139
1985-01-16T14:00,,26.9,63,0.109,0.139
1985-01-16T15:00,,25.8,69,0.109,0.139
1985-01-16T16:00,,24.6,75,0.109,0.139
1985-01-16T17:00,,23.3,79,0.109,0.139
1985-01-16T18:00,,22.0,82,0.109,0.139
1985-01-16T19:00,,21.3,82,0.109,0.139
1985-01-16T20:00,,20.8,79,0.109,0.139
1985-01-16T21:00,,20.5,72,0.109,0.139
1985-01-16T22:00,,20.2,68,0.109,0.139
1985-01-16T23:00,,20.1,67,0.109,0.139
1985-01-17T00:00,,20.0,67,0.109,0.139
1985-01-17T01:00,,19.7,68,0.109,0.139
1985-01-17T02:00,,19.7,70,0.109,0.139
1985-01-17T03:00,,21.8,66,0.109,0.139
1985-01-17T04:00,,25.7,50,0.109,0.139
1985-01-17T05:00,,28.8,36,0.109,0.139
1985-01-17T06:00,,31.1,28,0.109,0.139
1985-01-17T07:00,,32.6,25,0.109,0.139
1985-01-17T08:00,,33.5,23,0.109,0.139
1985-01-17T09:00,,33.7,24,0.109,0.139
1985-01-17T10:00,,33.0,28,0.109,0.139
1985-01-17T11:00,,31.5,37,0.109,0.139
1985-01-17T12:00,,29.7,48,0.109,0.139
1985-01-17T13:00,,27.9,57,0.109,0.139
1985-01-17T14:00,,26.5,65,0.109,0.139
1985-01-17T15:00,,26.0,69,0.109,0.139
1985-01-17T16:00,,25.6,72,0.109,0.139
1985-01-17T17:00,,25.1,73,0.109,0.139
1985-01-17T18:00,,22.5,83,0.109,0.139
1985-01-17T19:00,,21.1,88,0.109,0.139
1985-01-17T20:00,,20.0,91,0.109,0.139
1985-01-17T21:00,,19.5,91,0.109,0.139
1985-01-17T22:00,,19.3,89,0.109,0.139
1985-01-17T23:00,,19.2,82,0.109,0.139
1985-01-18T00:00,,19.1,78,0.109,0.139
1985-01-18T01:00,,19.0,75,0.109,0.139
1985-01-18T02:00,,19.1,75,0.109,0.139
1985-01-18T03:00,,21.9,66,0.109,0.139
1985-01-18T04:00,,25.9,53,0.109,0.139
1985-01-18T05:00,,28.5,46,0.109,0.139
1985-01-18T06:00,,30.4,42,0.109,0.139
1985-01-18T07:00,,31.7,38,0.109,0.138
1985-01-18T08:00,,32.4,37,0.109,0.138
1985-01-18T09:00,,32.2,39,0.109,0.138
1985-01-18T10:00,,31.2,44,0.108,0.138
1985-01-18T11:00,,29.9,50,0.108,0.138
1985-01-18T12:00,,28.4,57,0.108,0.138
1985-01-18T13:00,,27.0,63,0.108,0.138
1985-01-18T14:00,,26.0,70,0.108,0.138
1985-01-18T15:00,,24.8,78,0.108,0.138
1985-01-18T16:00,,24.0,80,0.108,0.138
1985-01-18T17:00,,23.4,83,0.109,0.138
1985-01-18T18:00,,22.5,86,0.109,0.138
1985-01-18T19:00,,22.4,87,0.109,0.138
1985-01-18T20:00,,21.3,91,0.109,0.138
1985-01-18T21:00,,20.4,94,0.109,0.138
1985-01-18T22:00,,19.9,95,0.109,0.138
1985-01-18T23:00,,19.6,95,0.109,0.138
1985-01-19T00:00,,19.2,95,0.109,0.138
1985-01-19T01:00,,19.0,94,0.109,0.138
1985-01-19T02:00,,18.8,94,0.109,0.138
1985-01-19T03:00,,22.2,82,0.109,0.138
1985-01-19T04:00,,26.1,61,0.109,0.138
1985-01-19T05:00,,28.5,50,0.109,0.138
1985-01-19T06:00,,30.1,45,0.109,0.138
1985-01-19T07:00,,31.2,42,0.108,0.138
1985-01-19T08:00,,31.7,42,0.108,0.138
1985-01-19T09:00,,31.4,44,0.108,0.138
1985-01-19T10:00,,30.7,47,0.108,0.138
1985-01-19T11:00,,29.8,49,0.108,0.137
1985-01-19T12:00,,28.7,53,0.108,0.137
1985-01-19T13:00,,27.3,59,0.108,0.137
1985-01-19T14:00,,26.2,64,0.108,0.137
1985-01-19T15:00,,25.3,67,0.108,0.137
1985-01-19T16:00,,24.5,69,0.108,0.138
1985-01-19T17:00,,23.6,72,0.108,0.138
1985-01-19T18:00,,22.4,77,0.108,0.138
1985-01-19T19:00,,21.9,75,0.108,0.138
1985-01-19T20:00,,21.2,77,0.108,0.138
1985-01-19T21:00,,20.7,78,0.108,0.138
1985-01-19T22:00,,20.1,81,0.108,0.138
1985-01-19T23:00,,19.6,82,0.108,0.138
1985-01-20T00:00,,19.0,85,0.108,0.138
1985-01-20T01:00,,18.4,87,0.108,0.138
1985-01-20T02:00,,18.2,88,0.108,0.138
1985-01-20T03:00,,22.1,73,0.108,0.138
1985-01-20T04:00,,26.3,51,0.108,0.138
1985-01-20T05:00,,28.9,37,0.108,0.138
1985-01-20T06:00,,30.5,32,0.108,0.137
1985-01-20T07:00,,31.1,30,0.108,0.137
1985-01-20T08:00,,31.4,30,0.108,0.137
1985-01-20T09:00,,31.2,32,0.108,0.137
1985-01-20T10:00,,30.6,35,0.108,0.137
1985-01-20T11:00,,29.6,40,0.108,0.137
1985-01-20T12:00,,28.1,46,0.108,0.137
1985-01-20T13:00,,26.5,53,0.108,0.137
1985-01-20T14:00,,25.3,58,0.108,0.137
1985-01-20T15:00,,24.3,62,0.108,0.137
1985-01-20T16:00,,23.2,66,0.108,0.137
1985-01-20T17:00,,22.0,72,0.108,0.137
1985-01-20T18:00,,20.9,76,0.108,0.137
1985-01-20T19:00,,20.2,81,0.108,0.137
1985-01-20T20:00,,19.3,85,0.108,0.137
1985-01-20T21:00,,18.3,89,0.108,0.137
1985-01-20T22:00,,17.9,90,0.108,0.137
1985-01-20T23:00,,17.6,89,0.108,0.137
1985-01-21T00:00,,17.5,90,0.108,0.137
1985-01-21T01:00,,16.8,92,0.108,0.137
1985-01-21T02:00,,16.8,90,0.108,0.137
1985-01-21T03:00,,20.5,75,0.108,0.137
1985-01-21T04:00,,25.1,50,0.108,0.137
1985-01-21T05:00,,27.5,37,0.108,0.137
1985-01-21T06:00,,29.1,34,0.108,0.137
1985-01-21T07:00,,29.8,34,0.108,0.137
1985-01-21T08:00,,29.9,36,0.108,0.137
1985-01-21T09:00,,29.6,40,0.108,0.137
1985-01-21T10:00,,28.7,44,0.108,0.137
1985-01-21T11:00,,27.7,49,0.108,0.136
1985-01-21T12:00,,26.6,53,0.108,0.136
1985-01-21T13:00,,25.4,59,0.108,0.136
1985-01-21T14:00,,24.4,64,0.108,0.136
1985-01-21T15:00,,23.6,69,0.108,0.136
1985-01-21T16:00,,22.5,75,0.108,0.136
1985-01-21T17:00,,21.5,81,0.108,0.137
1985-01-21T18:00,,20.6,86,0.108,0.137
1985-01-21T19:00,,20.2,88,0.108,0.137
1985-01-21T20:00,,19.5,92,0.108,0.137
1985-01-21T21:00,,19.0,94,0.108,0.137
1985-01-21T22:00,,18.6,95,0.108,0.137
1985-01-21T23:00,,18.4,95,0.108,0.137
1985-01-22T00:00,,18.2,95,0.108,0.137
1985-01-22T01:00,,18.0,94,0.108,0.137
1985-01-22T02:00,,18.0,92,0.108,0.137
1985-01-22T03:00,,21.4,80,0.108,0.137
1985-01-22T04:00,,25.3,59,0.108,0.137
1985-01-22T05:00,,27.9,48,0.108,0.137
1985-01-22T06:00,,29.7,43,0.108,0.136
1985-01-22T07:00,,31.1,41,0.108,0.136
1985-01-22T08:00,,31.8,40,0.108,0.136
1985-01-22T09:00,,31.8,41,0.108,0.136
1985-01-22T10:00,,31.1,44,0.108,0.136
1985-01-22T11:00,,30.1,48,0.108,0.136
1985-01-22T12:00,,28.8,53,0.108,0.136
1985-01-22T13:00,,27.4,59,0.108,0.136
1985-01-22T14:00,,26.2,65,0.108,0.136
1985-01-22T15:00,,25.5,69,0.108,0.136
1985-01-22T16:00,,24.4,77,0.108,0.136
1985-01-22T17:00,,23.6,79,0.108,0.136
1985-01-22T18:00,,22.9,81,0.108,0.136
1985-01-22T19:00,,22.0,85,0.108,0.136
1985-01-22T20:00,,21.1,89,0.108,0.136
1985-01-22T21:00,,20.3,91,0.108,0.136
1985-01-22T22:00,,20.0,90,0.108,0.136
1985-01-22T23:00,,19.7,85,0.108,0.136
1985-01-23T00:00,,19.5,81,0.108,0.136
1985-01-23T01:00,,19.3,77,0.108,0.136
1985-01-23T02:00,,19.4,73,0.108,0.136
1985-01-23T03:00,,21.7,65,0.108,0.136
1985-01-23T04:00,,25.5,51,0.108,0.136
1985-01-23T05:00,,28.1,43,0.108,0.136
1985-01-23T06:00,,30.2,38,0.108,0.136
1985-01-23T07:00,,31.6,33,0.108,0.136
1985-01-23T08:00,,32.7,29,0.108,0.136
1985-01-23T09:00,,33.3,27,0.108,0.136
1985-01-23T10:00,,33.3,27,0.108,0.136
1985-01-23T11:00,,31.9,35,0.108,0.135
1985-01-23T12:00,,30.0,46,0.108,0.135
1985-01-23T13:00,,28.2,54,0.108,0.135
1985-01-23T14:00,,26.8,60,0.108,0.135
1985-01-23T15:00,,25.7,66,0.108,0.135
1985-01-23T16:00,,24.5,71,0.108,0.135
1985-01-23T17:00,,23.1,75,0.108,0.135
1985-01-23T18:00,,21.9,77,0.108,0.135
1985-01-23T19:00,,21.1,77,0.108,0.136
1985-01-23T20:00,,20.5,74,0.108,0.136
1985-01-23T21:00,,20.1,69,0.108,0.136
1985-01-23T22:00,,19.7,65,0.108,0.136
1985-01-23T23:00,,19.4,64,0.108,0.136
1985-01-24T00:00,,19.2,64,0.108,0.136
1985-01-24T01:00,,19.1,64,0.108,0.136
1985-01-24T02:00,,19.1,65,0.108,0.136
1985-01-24T03:00,,21.2,61,0.108,0.136
1985-01-24T04:00,,25.3,48,0.108,0.136
1985-01-24T05:00,,28.5,38,0.108,0.136
1985-01-24T06:00,,30.7,33,0.108,0.135
1985-01-24T07:00,,32.4,29,0.108,0.135
1985-01-24T08:00,,33.4,25,0.108,0.135
1985-01-24T09:00,,33.8,23,0.108,0.135
1985-01-24T10:00,,33.8,24,0.108,0.135
1985-01-24T11:00,,32.7,29,0.108,0.135
1985-01-24T12:00,,30.7,42,0.108,0.135
1985-01-24T13:00,,28.7,52,0.108,0.135
1985-01-24T14:00,,27.2,60,0.108,0.135
1985-01-24T15:00,,26.1,65,0.108,0.135
1985-01-24T16:00,,25.1,70,0.108,0.135
1985-01-24T17:00,,24.0,73,0.108,0.135
1985-01-24T18:00,,23.0,75,0.108,0.135
1985-01-24T19:00,,22.3,72,0.108,0.135
1985-01-24T20:00,,21.5,70,0.108,0.135
1985-01-24T21:00,,21.0,67,0.108,0.135
1985-01-24T22:00,,20.5,65,0.108,0.135
1985-01-24T23:00,,20.2,63,0.108,0.135
1985-01-25T00:00,,20.0,63,0.108,0.135
1985-01-25T01:00,,19.9,62,0.108,0.135
1985-01-25T02:00,,19.9,63,0.108,0.135
1985-01-25T03:00,,22.0,60,0.108,0.135
1985-01-25T04:00,,26.1,49,0.108,0.135
1985-01-25T05:00,,29.4,41,0.108,0.135
1985-01-25T06:00,,31.6,35,0.108,0.135
1985-01-25T07:00,,32.6,32,0.108,0.135
1985-01-25T08:00,,33.4,30,0.108,0.135
1985-01-25T09:00,,33.9,29,0.108,0.135
1985-01-25T10:00,,33.6,31,0.108,0.134
1985-01-25T11:00,,32.1,39,0.108,0.134
1985-01-25T12:00,,30.3,48,0.108,0.134
1985-01-25T13:00,,28.5,57,0.108,0.134
1985-01-25T14:00,,27.3,61,0.108,0.134
1985-01-25T15:00,,26.4,63,0.108,0.134
1985-01-25T16:00,,25.4,66,0.108,0.134
1985-01-25T17:00,,24.2,71,0.108,0.134
1985-01-25T18:00,,23.1,72,0.108,0.134
1985-01-25T19:00,,22.2,79,0.108,0.134
1985-01-25T20:00,,21.4,81,0.108,0.134
1985-01-25T21:00,,20.8,82,0.108,0.134
1985-01-25T22:00,,20.5,80,0.108,0.134
1985-01-25T23:00,,20.2,77,0.108,0.134
1985-01-26T00:00,,20.0,74,0.108,0.134
1985-01-26T01:00,,19.9,73,0.108,0.135
1985-01-26T02:00,,20.1,71,0.108,0.135
1985-01-26T03:00,,22.5,64,0.108,0.135
1985-01-26T04:00,,26.5,51,0.108,0.134
1985-01-26T05:00,,29.5,39,0.108,0.134
1985-01-26T06:00,,31.4,34,0.108,0.134
1985-01-26T07:00,,32.4,33,0.108,0.134
1985-01-26T08:00,,32.9,32,0.108,0.134
1985-01-26T09:00,,32.7,35,0.107,0.134
1985-01-26T10:00,,31.6,40,0.107,0.134
1985-01-26T11:00,,30.3,47,0.107,0.134
1985-01-26T12:00,,28.7,55,0.107,0.134
1985-01-26T13:00,,27.2,63,0.107,0.134
1985-01-26T14:00,,26.3,68,0.107,0.134
1985-01-26T15:00,,25.1,78,0.107,0.134
1985-01-26T16:00,,24.1,80,0.107,0.134
1985-01-26T17:00,,23.1,84,0.107,0.134
1985-01-26T18:00,,22.3,88,0.107,0.134
1985-01-26T19:00,,22.0,90,0.108,0.134
1985-01-26T20:00,,21.3,93,0.108,0.134
1985-01-26T21:00,,20.7,95,0.108,0.134
1985-01-26T22:00,,20.4,95,0.108,0.134
1985-01-26T23:00,,19.9,96,0.108,0.134
1985-01-27T00:00,,19.5,96,0.108,0.134
1985-01-27T01:00,,19.2,95,0.108,0.134
1985-01-27T02:00,,19.2,94,0.108,0.134
1985-01-27T03:00,,22.6,82,0.107,0.134
1985-01-27T04:00,,26.7,60,0.107,0.134
1985-01-27T05:00,,29.1,49,0.107,0.134
1985-01-27T06:00,,30.7,45,0.107,0.134
1985-01-27T07:00,,31.7,41,0.107,0.134
1985-01-27T08:00,,31.7,43,0.107,0.134
1985-01-27T09:00,,31.2,47,0.107,0.134
1985-01-27T10:00,,30.4,51,0.107,0.134
1985-01-27T11:00,,29.3,55,0.107,0.133
1985-01-27T12:00,,28.1,60,0.107,0.133
1985-01-27T13:00,,27.0,65,0.107,0.133
1985-01-27T14:00,,26.0,70,0.107,0.133
1985-01-27T15:00,,24.9,81,0.107,0.133
1985-01-27T16:00,,25.0,77,0.107,0.134
1985-01-27T17:00,,24.5,79,0.107,0.134
1985-01-27T18:00,,22.9,86,0.107,0.134
1985-01-27T19:00,,22.0,89,0.107,0.134
1985-01-27T20:00,,21.3,91,0.107,0.134
1985-01-27T21:00,,20.7,93,0.107,0.134
1985-01-27T22:00,,20.3,93,0.107,0.134
1985-01-27T23:00,,19.8,93,0.107,0.134
1985-01-28T00:00,,19.4,93,0.107,0.134
1985-01-28T01:00,,19.0,92,0.107,0.134
1985-01-28T02:00,,19.0,91,0.107,0.134
1985-01-28T03:00,,22.4,78,0.107,0.134
1985-01-28T04:00,,26.3,60,0.107,0.134
1985-01-28T05:00,,29.0,47,0.107,0.134
1985-01-28T06:00,,30.6,43,0.107,0.133
1985-01-28T07:00,,31.1,46,0.107,0.133
1985-01-28T08:00,,31.4,47,0.107,0.133
1985-01-28T09:00,,31.1,50,0.107,0.133
1985-01-28T10:00,,30.4,53,0.107,0.133
1985-01-28T11:00,,29.3,57,0.107,0.133
1985-01-28T12:00,,28.0,61,0.107,0.133
1985-01-28T13:00,,26.9,66,0.107,0.133
1985-01-28T14:00,,25.9,71,0.107,0.133
1985-01-28T15:00,,25.2,75,0.107,0.133
1985-01-28T16:00,,24.4,78,0.107,0.133
1985-01-28T17:00,,23.6,82,0.107,0.133
1985-01-28T18:00,,22.6,87,0.107,0.133
1985-01-28T19:00,,22.3,88,0.107,0.133
1985-01-28T20:00,,22.0,89,0.107,0.133
1985-01-28T21:00,,21.4,92,0.107,0.133
1985-01-28T22:00,,20.6,95,0.107,0.133
1985-01-28T23:00,,20.2,96,0.107,0.133
1985-01-29T00:00,,19.6,97,0.107,0.133
1985-01-29T01:00,,19.0,98,0.107,0.133
1985-01-29T02:00,,19.3,96,0.107,0.133
1985-01-29T03:00,,22.4,84,0.107,0.133
1985-01-29T04:00,,25.6,67,0.107,0.133
1985-01-29T05:00,,28.2,54,0.107,0.133
1985-01-29T06:00,,30.2,47,0.107,0.133
1985-01-29T07:00,,31.0,45,0.107,0.133
1985-01-29T08:00,,31.2,47,0.107,0.133
1985-01-29T09:00,,30.9,49,0.107,0.133
1985-01-29T10:00,,30.3,50,0.107,0.133
1985-01-29T11:00,,29.4,52,0.107,0.133
1985-01-29T12:00,,28.1,56,0.107,0.133
1985-01-29T13:00,,26.8,61,0.107,0.133
1985-01-29T14:00,,25.9,66,0.107,0.133
1985-01-29T15:00,,25.0,70,0.107,0.133
1985-01-29T16:00,,24.1,76,0.107,0.133
1985-01-29T17:00,,23.2,81,0.107,0.133
1985-01-29T18:00,,22.5,83,0.107,0.133
1985-01-29T19:00,,21.9,87,0.107,0.133
1985-01-29T20:00,,21.3,89,0.107,0.133
1985-01-29T21:00,,20.8,91,0.107,0.133
1985-01-29T22:00,,20.5,91,0.107,0.133
1985-01-29T23:00,,20.0,93,0.107,0.133
1985-01-30T00:00,,19.6,93,0.107,0.133
1985-01-30T01:00,,19.2,93,0.107,0.133
1985-01-30T02:00,,19.1,93,0.107,0.133
1985-01-30T03:00,,22.6,82,0.107,0.133
1985-01-30T04:00,,26.3,62,0.107,0.133
1985-01-30T05:00,,28.9,49,0.107,0.133
1985-01-30T06:00,,30.8,41,0.107,0.133
1985-01-30T07:00,,31.6,39,0.107,0.133
1985-01-30T08:00,,32.0,40,0.107,0.133
1985-01-30T09:00,,31.9,42,0.107,0.132
1985-01-30T10:00,,31.2,45,0.107,0.132
1985-01-30T11:00,,30.2,48,0.107,0.132
1985-01-30T12:00,,28.8,53,0.107,0.132
1985-01-30T13:00,,27.4,60,0.107,0.132
1985-01-30T14:00,,26.3,65,0.107,0.132
1985-01-30T15:00,,25.3,70,0.107,0.132
1985-01-30T16:00,,24.2,76,0.107,0.132
1985-01-30T17:00,,23.2,80,0.107,0.132
1985-01-30T18:00,,22.2,84,0.107,0.132
1985-01-30T19:00,,21.6,85,0.107,0.132
1985-01-30T20:00,,21.0,88,0.107,0.132
1985-01-30T21:00,,20.3,90,0.107,0.132
1985-01-30T22:00,,19.7,92,0.107,0.132
1985-01-30T23:00,,19.3,93,0.107,0.132
1985-01-31T00:00,,18.9,93,0.107,0.132
1985-01-31T01:00,,18.7,92,0.107,0.132
1985-01-31T02:00,,18.8,91,0.107,0.133
1985-01-31T03:00,,22.1,78,0.107,0.133
1985-01-31T04:00,,26.2,58,0.107,0.132
1985-01-31T05:00,,29.0,45,0.107,0.132
1985-01-31T06:00,,30.8,38,0.107,0.132
1985-01-31T07:00,,31.9,36,0.107,0.132
1985-01-31T08:00,,32.4,36,0.107,0.132
1985-01-31T09:00,,32.3,38,0.107,0.132
1985-01-31T10:00,,31.6,41,0.107,0.132
1985-01-31T11:00,,30.5,45,0.107,0.132
1985-01-31T12:00,,29.1,51,0.107,0.132
1985-01-31T13:00,,27.6,59,0.107,0.132
1985-01-31T14:00,,26.4,65,0.107,0.132
1985-01-31T15:00,,25.0,76,0.107,0.132
1985-01-31T16:00,,24.5,75,0.107,0.132
1985-01-31T17:00,,24.2,75,0.107,0.132
1985-01-31T18:00,,23.0,80,0.107,0.132
1985-01-31T19:00,,22.1,84,0.107,0.132
1985-01-31T20:00,,21.1,88,0.107,0.132
1985-01-31T21:00,,20.1,92,0.107,0.132
1985-01-31T22:00,,19.4,94,0.107,0.132
1985-01-31T23:00,,19.0,95,0.107,0.132
1985-02-01T00:00,,18.6,95,0.107,0.132
1985-02-01T01:00,,18.2,95,0.107,0.132
1985-02-01T02:00,,18.1,95,0.107,0.132
1985-02-01T03:00,,21.8,81,0.107,0.132
1985-02-01T04:00,,25.9,61,0.107,0.132
1985-02-01T05:00,,28.5,45,0.107,0.132
1985-02-01T06:00,,30.3,39,0.107,0.132
1985-02-01T07:00,,31.4,39,0.107,0.132
1985-02-01T08:00,,31.7,39,0.107,0.132
1985-02-01T09:00,,31.5,41,0.107,0.132
1985-02-01T10:00,,30.8,44,0.107,0.132
1985-02-01T11:00,,29.8,48,0.107,0.132
1985-02-01T12:00,,28.5,52,0.107,0.132
1985-02-01T13:00,,27.2,58,0.107,0.132
1985-02-01T14:00,,26.1,64,0.107,0.132
1985-02-01T15:00,,25.2,68,0.107,0.132
1985-02-01T16:00,,24.2,72,0.107,0.132
1985-02-01T17:00,,23.3,77,0.107,0.132
1985-02-01T18:00,,22.3,81,0.107,0.132
1985-02-01T19:00,,21.4,85,0.107,0.132
1985-02-01T20:00,,20.4,89,0.107,0.132
1985-02-01T21:00,,19.7,90,0.107,0.132
1985-02-01T22:00,,19.3,90,0.107,0.132
1985-02-01T23:00,,18.9,90,0.107,0.132
1985-02-02T00:00,,18.6,88,0.107,0.132
1985-02-02T01:00,,18.4,87,0.107,0.132
1985-02-02T02:00,,18.5,83,0.107,0.132
1985-02-02T03:00,,21.9,68,0.107,0.132
1985-02-02T04:00,,26.3,50,0.107,0.132
1985-02-02T05:00,,29.6,38,0.107,0.132
1985-02-02T06:00,,31.8,32,0.107,0.132
1985-02-02T07:00,,33.1,31,0.107,0.131
1985-02-02T08:00,,33.5,32,0.107,0.131
1985-02-02T09:00,,33.2,34,0.107,0.131
1985-02-02T10:00,,32.5,37,0.107,0.131
1985-02-02T11:00,,31.5,41,0.107,0.131
1985-02-02T12:00,,30.0,48,0.107,0.131
1985-02-02T13:00,,28.3,56,0.107,0.131
1985-02-02T14:00,,27.1,62,0.107,0.131
1985-02-02T15:00,,26.0,67,0.107,0.131
1985-02-02T16:00,,24.9,72,0.107,0.131
1985-02-02T17:00,,23.9,75,0.107,0.131
1985-02-02T18:00,,23.2,78,0.107,0.131
1985-02-02T19:00,,22.6,80,0.107,0.131
1985-02-02T20:00,,22.1,82,0.107,0.131
1985-02-02T21:00,,21.8,83,0.107,0.131
1985-02-02T22:00,,21.7,83,0.107,0.131
1985-02-02T23:00,,22.0,79,0.107,0.131
1985-02-03T00:00,,22.1,76,0.107,0.131
1985-02-03T01:00,,22.0,76,0.107,0.131
1985-02-03T02:00,,21.6,78,0.107,0.131
1985-02-03T03:00,,24.1,69,0.107,0.131
1985-02-03T04:00,,27.9,52,0.107,0.131
1985-02-03T05:00,,30.4,42,0.107,0.131
1985-02-03T06:00,,32.1,38,0.107,0.131
1985-02-03T07:00,,33.6,34,0.107,0.131
1985-02-03T08:00,,34.0,34,0.107,0.131
1985-02-03T09:00,,33.8,35,0.107,0.131
1985-02-03T10:00,,32.9,39,0.107,0.131
1985-02-03T11:00,,31.9,42,0.107,0.131
1985-02-03T12:00,,30.4,48,0.107,0.131
1985-02-03T13:00,,28.7,56,0.107,0.131
1985-02-03T14:00,,27.7,60,0.107,0.131
1985-02-03T15:00,,26.7,65,0.107,0.131
1985-02-03T16:00,,25.8,66,0.107,0.131
1985-02-03T17:00,,24.9,68,0.107,0.131
1985-02-03T18:00,,24.1,69,0.107,0.131
1985-02-03T19:00,,23.4,73,0.107,0.131
1985-02-03T20:00,,22.4,78,0.107,0.131
1985-02-03T21:00,,21.7,82,0.107,0.131
1985-02-03T22:00,,21.0,85,0.107,0.131
1985-02-03T23:00,,20.5,86,0.107,0.131
1985-02-04T00:00,,20.1,86,0.107,0.131
1985-02-04T01:00,,19.8,86,0.107,0.131
1985-02-04T02:00,,19.8,84,0.107,0.131
1985-02-04T03:00,,23.2,72,0.107,0.131
1985-02-04T04:00,,27.8,53,0.107,0.131
1985-02-04T05:00,,30.6,39,0.107,0.131
1985-02-04T06:00,,32.1,37,0.107,0.131
1985-02-04T07:00,,33.3,33,0.107,0.131
1985-02-04T08:00,,33.4,36,0.107,0.131
1985-02-04T09:00,,32.8,40,0.107,0.131
1985-02-04T10:00,,32.0,44,0.107,0.13
1985-02-04T11:00,,30.9,47,0.107,0.13
1985-02-04T12:00,,29.6,50,0.107,0.13
1985-02-04T13:00,,28.4,56,0.107,0.13
1985-02-04T14:00,,27.3,61,0.107,0.13
1985-02-04T15:00,,26.4,66,0.107,0.13
1985-02-04T16:00,,25.3,70,0.107,0.13
1985-02-04T17:00,,24.2,75,0.107,0.13
1985-02-04T18:00,,23.2,78,0.107,0.13
1985-02-04T19:00,,22.6,80,0.107,0.13
1985-02-04T20:00,,21.9,81,0.107,0.13
1985-02-04T21:00,,21.2,82,0.107,0.131
1985-02-04T22:00,,20.6,82,0.107,0.131
1985-02-04T23:00,,20.3,81,0.107,0.131
1985-02-05T00:00,,19.8,81,0.107,0.131
1985-02-05T01:00,,19.4,82,0.107,0.131
1985-02-05T02:00,,19.3,84,0.107,0.131
1985-02-05T03:00,,23.1,69,0.107,0.131
1985-02-05T04:00,,27.7,45,0.107,0.131
1985-02-05T05:00,,30.4,34,0.107,0.131
1985-02-05T06:00,,32.2,30,0.107,0.13
1985-02-05T07:00,,33.4,28,0.107,0.13
1985-02-05T08:00,,33.5,29,0.107,0.13
1985-02-05T09:00,,33.0,33,0.107,0.13
1985-02-05T10:00,,32.1,38,0.107,0.13
1985-02-05T11:00,,31.0,42,0.107,0.13
1985-02-05T12:00,,29.6,48,0.107,0.13
1985-02-05T13:00,,28.0,55,0.107,0.13
1985-02-05T14:00,,26.8,59,0.107,0.13
1985-02-05T15:00,,25.9,62,0.107,0.13
1985-02-05T16:00,,24.8,66,0.107,0.13
1985-02-05T17:00,,23.6,72,0.107,0.13
1985-02-05T18:00,,24.0,68,0.107,0.13
1985-02-05T19:00,,23.3,70,0.107,0.13
1985-02-05T20:00,,23.3,69,0.107,0.13
1985-02-05T21:00,,22.2,73,0.107,0.13
1985-02-05T22:00,,21.0,76,0.107,0.13
1985-02-05T23:00,,20.2,77,0.107,0.13
1985-02-06T00:00,,19.5,78,0.107,0.13
1985-02-06T01:00,,18.9,78,0.107,0.13
1985-02-06T02:00,,18.4,80,0.107,0.13
1985-02-06T03:00,,21.7,72,0.107,0.13
1985-02-06T04:00,,26.4,41,0.107,0.13
1985-02-06T05:00,,28.6,34,0.107,0.13
1985-02-06T06:00,,30.4,28,0.107,0.13
1985-02-06T07:00,,31.6,28,0.107,0.13
1985-02-06T08:00,,32.1,28,0.107,0.13
1985-02-06T09:00,,31.9,31,0.107,0.13
1985-02-06T10:00,,31.3,36,0.107,0.13
1985-02-06T11:00,,30.2,43,0.107,0.13
1985-02-06T12:00,,28.7,52,0.107,0.13
1985-02-06T13:00,,27.0,61,0.107,0.13
1985-02-06T14:00,,25.6,69,0.107,0.13
1985-02-06T15:00,,24.6,75,0.107,0.13
1985-02-06T16:00,,23.3,83,0.107,0.13
1985-02-06T17:00,,22.8,84,0.107,0.13
1985-02-06T18:00,,23.2,82,0.107,0.13
1985-02-06T19:00,,22.7,83,0.107,0.13
1985-02-06T20:00,,22.3,85,0.107,0.13
1985-02-06T21:00,,21.5,88,0.107,0.13
1985-02-06T22:00,,19.7,93,0.107,0.13
1985-02-06T23:00,,19.1,95,0.107,0.13
1985-02-07T00:00,,18.5,97,0.107,0.13
1985-02-07T01:00,,18.2,98,0.107,0.13
1985-02-07T02:00,,18.2,97,0.107,0.13
1985-02-07T03:00,,21.6,83,0.107,0.13
1985-02-07T04:00,,24.3,65,0.107,0.13
1985-02-07T05:00,,26.6,53,0.107,0.13
1985-02-07T06:00,,28.5,45,0.107,0.13
1985-02-07T07:00,,29.6,42,0.107,0.13
1985-02-07T08:00,,29.9,41,0.107,0.13
1985-02-07T09:00,,29.9,43,0.107,0.13
1985-02-07T10:00,,29.4,47,0.107,0.13
1985-02-07T11:00,,28.3,51,0.107,0.13
1985-02-07T12:00,,27.2,56,0.107,0.13
1985-02-07T13:00,,25.9,61,0.107,0.13
1985-02-07T14:00,,24.9,67,0.107,0.13
1985-02-07T15:00,,24.1,71,0.107,0.13
1985-02-07T16:00,,22.9,79,0.107,0.13
1985-02-07T17:00,,22.7,80,0.107,0.13
1985-02-07T18:00,,22.4,82,0.107,0.13
1985-02-07T19:00,,20.8,88,0.107,0.13
1985-02-07T20:00,,19.9,91,0.107,0.13
1985-02-07T21:00,,19.3,93,0.107,0.13
1985-02-07T22:00,,18.9,94,0.107,0.13
1985-02-07T23:00,,18.9,95,0.107,0.13
1985-02-08T00:00,,18.7,97,0.107,0.13
1985-02-08T01:00,,18.1,97,0.107,0.13
1985-02-08T02:00,,18.0,98,0.107,0.13
1985-02-08T03:00,,21.4,85,0.107,0.13
1985-02-08T04:00,,24.4,68,0.107,0.13
1985-02-08T05:00,,27.0,55,0.107,0.13
1985-02-08T06:00,,29.0,47,0.107,0.13
1985-02-08T07:00,,30.6,42,0.107,0.129
1985-02-08T08:00,,31.2,42,0.107,0.129
1985-02-08T09:00,,31.2,43,0.107,0.129
1985-02-08T10:00,,30.8,45,0.107,0.129
1985-02-08T11:00,,30.0,48,0.107,0.129
1985-02-08T12:00,,28.8,54,0.107,0.129
1985-02-08T13:00,,27.2,61,0.107,0.129
1985-02-08T14:00,,25.9,67,0.107,0.129
1985-02-08T15:00,,25.0,72,0.107,0.129
1985-02-08T16:00,,24.0,77,0.107,0.129
1985-02-08T17:00,,22.8,83,0.107,0.129
1985-02-08T18:00,,22.1,85,0.107,0.129
1985-02-08T19:00,,21.8,85,0.107,0.129
1985-02-08T20:00,,22.3,82,0.107,0.129
1985-02-08T21:00,,22.2,82,0.107,0.129
1985-02-08T22:00,,22.1,82,0.107,0.129
1985-02-08T23:00,,21.7,84,0.107,0.129
1985-02-09T00:00,,21.1,86,0.107,0.129
1985-02-09T01:00,,19.5,91,0.107,0.129
1985-02-09T02:00,,19.1,93,0.107,0.129
1985-02-09T03:00,,22.2,82,0.107,0.129
1985-02-09T04:00,,24.3,71,0.107,0.129
1985-02-09T05:00,,26.3,63,0.107,0.129
1985-02-09T06:00,,27.7,57,0.107,0.129
1985-02-09T07:00,,28.3,59,0.107,0.129
1985-02-09T08:00,,28.5,58,0.107,0.129
1985-02-09T09:00,,28.8,57,0.107,0.129
1985-02-09T10:00,,28.2,59,0.107,0.129
1985-02-09T11:00,,27.5,62,0.107,0.129
1985-02-09T12:00,,26.6,65,0.107,0.129
1985-02-09T13:00,,25.5,70,0.107,0.129
1985-02-09T14:00,,24.7,74,0.107,0.129
1985-02-09T15:00,,24.0,78,0.107,0.129
1985-02-09T16:00,,23.1,83,0.107,0.129
1985-02-09T17:00,,22.0,89,0.107,0.129
1985-02-09T18:00,,20.9,93,0.107,0.129
1985-02-09T19:00,,21.2,91,0.107,0.129
1985-02-09T20:00,,20.3,95,0.107,0.129
1985-02-09T21:00,,19.5,97,0.107,0.129
1985-02-09T22:00,,18.7,99,0.107,0.129
1985-02-09T23:00,,18.7,97,0.107,0.129
1985-02-10T00:00,,18.4,98,0.107,0.129
1985-02-10T01:00,,18.1,99,0.107,0.129
1985-02-10T02:00,,18.7,98,0.107,0.129
1985-02-10T03:00,,20.4,90,0.107,0.129
1985-02-10T04:00,,23.2,76,0.107,0.129
1985-02-10T05:00,,25.2,65,0.107,0.129
1985-02-10T06:00,,26.8,56,0.107,0.129
1985-02-10T07:00,,27.7,55,0.107,0.129
1985-02-10T08:00,,28.3,52,0.107,0.129
1985-02-10T09:00,,28.4,51,0.107,0.129
1985-02-10T10:00,,28.2,51,0.107,0.129
1985-02-10T11:00,,27.7,52,0.107,0.129
1985-02-10T12:00,,26.7,56,0.107,0.129
1985-02-10T13:00,,25.4,60,0.107,0.129
1985-02-10T14:00,,24.4,65,0.107,0.129
1985-02-10T15:00,,23.5,69,0.107,0.129
1985-02-10T16:00,,22.7,73,0.107,0.129
1985-02-10T17:00,,21.6,79,0.107,0.129
1985-02-10T18:00,,20.8,82,0.107,0.129
1985-02-10T19:00,,20.2,84,0.107,0.129
1985-02-10T20:00,,19.7,84,0.107,0.129
1985-02-10T21:00,,19.2,86,0.107,0.129
1985-02-10T22:00,,18.4,90,0.107,0.129
1985-02-10T23:00,,17.6,94,0.107,0.129
1985-02-11T00:00,,17.1,96,0.107,0.129
1985-02-11T01:00,,16.5,97,0.107,0.129
1985-02-11T02:00,,16.3,98,0.107,0.129
1985-02-11T03:00,,20.4,84,0.107,0.129
1985-02-11T04:00,,23.6,60,0.107,0.129
1985-02-11T05:00,,25.7,48,0.107,0.129
1985-02-11T06:00,,27.3,41,0.107,0.129
1985-02-11T07:00,,28.3,40,0.107,0.129
1985-02-11T08:00,,29.0,38,0.107,0.129
1985-02-11T09:00,,29.1,39,0.107,0.129
1985-02-11T10:00,,28.7,41,0.107,0.129
1985-02-11T11:00,,27.8,44,0.107,0.129
1985-02-11T12:00,,26.7,47,0.107,0.129
1985-02-11T13:00,,25.4,52,0.107,0.129
1985-02-11T14:00,,24.4,58,0.107,0.129
1985-02-11T15:00,,23.3,65,0.107,0.129
1985-02-11T16:00,,22.6,69,0.107,0.129
1985-02-11T17:00,,22.4,69,0.107,0.129
1985-02-11T18:00,,20.9,77,0.107,0.129
1985-02-11T19:00,,19.8,84,0.107,0.129
1985-02-11T20:00,,18.7,89,0.107,0.129
1985-02-11T21:00,,17.7,92,0.107,0.129
1985-02-11T22:00,,17.1,94,0.107,0.129
1985-02-11T23:00,,16.7,95,0.107,0.129
1985-02-12T00:00,,16.3,96,0.107,0.129
1985-02-12T01:00,,16.0,96,0.107,0.129
1985-02-12T02:00,,16.1,96,0.107,0.129
1985-02-12T03:00,,20.8,79,0.107,0.129
1985-02-12T04:00,,24.4,56,0.107,0.129
1985-02-12T05:00,,26.2,50,0.107,0.129
1985-02-12T06:00,,27.7,46,0.107,0.129
1985-02-12T07:00,,29.3,40,0.107,0.129
1985-02-12T08:00,,29.7,40,0.107,0.129
1985-02-12T09:00,,29.7,41,0.107,0.128
1985-02-12T10:00,,29.3,42,0.107,0.128
1985-02-12T11:00,,28.6,45,0.107,0.128
1985-02-12T12:00,,27.6,48,0.107,0.128
1985-02-12T13:00,,26.1,55,0.107,0.128
1985-02-12T14:00,,25.0,61,0.107,0.128
1985-02-12T15:00,,23.8,70,0.107,0.128
1985-02-12T16:00,,23.3,72,0.107,0.128
1985-02-12T17:00,,22.8,74,0.107,0.128
1985-02-12T18:00,,22.7,74,0.107,0.128
1985-02-12T19:00,,22.0,78,0.107,0.128
1985-02-12T20:00,,20.6,84,0.107,0.128
1985-02-12T21:00,,19.4,89,0.107,0.128
1985-02-12T22:00,,19.0,90,0.107,0.128
1985-02-12T23:00,,18.6,92,0.107,0.128
1985-02-13T00:00,,18.2,93,0.107,0.128
1985-02-13T01:00,,17.9,94,0.107,0.128
1985-02-13T02:00,,18.2,93,0.107,0.128
1985-02-13T03:00,,22.1,77,0.107,0.128
1985-02-13T04:00,,24.9,63,0.107,0.128
1985-02-13T05:00,,26.7,56,0.107,0.128
1985-02-13T06:00,,28.2,52,0.107,0.128
1985-02-13T07:00,,29.6,50,0.107,0.128
1985-02-13T08:00,,29.9,50,0.107,0.128
1985-02-13T09:00,,29.6,52,0.107,0.128
1985-02-13T10:00,,29.1,53,0.107,0.128
1985-02-13T11:00,,28.4,56,0.107,0.128
1985-02-13T12:00,,27.5,59,0.107,0.128
1985-02-13T13:00,,26.3,64,0.107,0.128
1985-02-13T14:00,,25.4,70,0.107,0.128
1985-02-13T15:00,,24.5,75,0.107,0.128
1985-02-13T16:00,,24.1,78,0.107,0.128
1985-02-13T17:00,,23.9,79,0.107,0.128
1985-02-13T18:00,,23.0,84,0.107,0.128
1985-02-13T19:00,,22.9,85,0.107,0.128
1985-02-13T20:00,,21.6,90,0.107,0.128
1985-02-13T21:00,,20.7,93,0.107,0.128
1985-02-13T22:00,,20.0,95,0.107,0.128
1985-02-13T23:00,,19.7,96,0.107,0.128
1985-02-14T00:00,,19.2,97,0.107,0.128
1985-02-14T01:00,,18.9,98,0.107,0.128
1985-02-14T02:00,,19.2,97,0.107,0.128
1985-02-14T03:00,,22.3,86,0.107,0.128
1985-02-14T04:00,,24.9,73,0.107,0.128
1985-02-14T05:00,,26.9,64,0.107,0.128
1985-02-14T06:00,,28.6,55,0.107,0.128
1985-02-14T07:00,,29.8,49,0.107,0.128
1985-02-14T08:00,,30.4,46,0.107,0.128
1985-02-14T09:00,,30.4,46,0.107,0.128
1985-02-14T10:00,,29.8,49,0.107,0.128
1985-02-14T11:00,,28.8,53,0.107,0.128
1985-02-14T12:00,,27.6,57,0.107,0.128
1985-02-14T13:00,,26.4,62,0.107,0.128
1985-02-14T14:00,,25.5,66,0.107,0.128
1985-02-14T15:00,,24.7,70,0.107,0.128
1985-02-14T16:00,,23.8,75,0.107,0.128
1985-02-14T17:00,,23.1,78,0.107,0.128
1985-02-14T18:00,,22.2,82,0.107,0.128
1985-02-14T19:00,,21.0,85,0.107,0.128
1985-02-14T20:00,,20.2,87,0.107,0.128
1985-02-14T21:00,,19.7,88,0.107,0.128
1985-02-14T22:00,,19.1,89,0.107,0.128
1985-02-14T23:00,,18.5,90,0.107,0.128
1985-02-15T00:00,,18.0,91,0.107,0.128
1985-02-15T01:00,,17.6,92,0.107,0.128
1985-02-15T02:00,,17.7,91,0.107,0.128
1985-02-15T03:00,,21.8,72,0.107,0.128
1985-02-15T04:00,,26.0,43,0.107,0.128
1985-02-15T05:00,,28.4,32,0.107,0.128
1985-02-15T06:00,,30.1,27,0.107,0.128
1985-02-15T07:00,,31.3,28,0.107,0.128
1985-02-15T08:00,,31.7,28,0.107,0.128
1985-02-15T09:00,,31.5,30,0.107,0.128
1985-02-15T10:00,,31.0,32,0.107,0.128
1985-02-15T11:00,,30.0,34,0.107,0.128
1985-02-15T12:00,,28.9,37,0.107,0.128
1985-02-15T13:00,,27.5,42,0.107,0.128
1985-02-15T14:00,,26.5,47,0.107,0.128
1985-02-15T15:00,,25.7,51,0.107,0.128
1985-02-15T16:00,,24.9,55,0.107,0.128
1985-02-15T17:00,,23.6,64,0.107,0.128
1985-02-15T18:00,,23.1,64,0.107,0.128
1985-02-15T19:00,,22.6,66,0.107,0.128
1985-02-15T20:00,,21.9,69,0.107,0.128
1985-02-15T21:00,,21.0,73,0.107,0.128
1985-02-15T22:00,,19.9,78,0.107,0.128
1985-02-15T23:00,,19.0,83,0.107,0.128
1985-02-16T00:00,,18.3,86,0.107,0.128
1985-02-16T01:00,,17.9,89,0.107,0.128
1985-02-16T02:00,,18.0,89,0.107,0.128
1985-02-16T03:00,,22.6,70,0.107,0.128
1985-02-16T04:00,,27.1,40,0.107,0.128
1985-02-16T05:00,,29.7,32,0.107,0.128
1985-02-16T06:00,,31.6,29,0.107,0.128
1985-02-16T07:00,,32.9,25,0.107,0.128
1985-02-16T08:00,,33.6,25,0.107,0.128
1985-02-16T09:00,,33.8,26,0.107,0.127
1985-02-16T10:00,,33.2,29,0.107,0.127
1985-02-16T11:00,,31.9,35,0.107,0.127
1985-02-16T12:00,,30.0,44,0.107,0.127
1985-02-16T13:00,,28.1,52,0.107,0.127
1985-02-16T14:00,,26.7,59,0.107,0.127
1985-02-16T15:00,,25.7,65,0.107,0.127
1985-02-16T16:00,,24.8,70,0.107,0.127
1985-02-16T17:00,,23.5,74,0.107,0.127
1985-02-16T18:00,,22.1,79,0.107,0.127
1985-02-16T19:00,,21.6,81,0.107,0.127
1985-02-16T20:00,,20.5,85,0.107,0.127
1985-02-16T21:00,,19.8,86,0.107,0.127
1985-02-16T22:00,,19.4,87,0.107,0.127
1985-02-16T23:00,,19.2,87,0.107,0.127
1985-02-17T00:00,,18.8,87,0.107,0.127
1985-02-17T01:00,,18.2,89,0.107,0.127
1985-02-17T02:00,,18.2,87,0.107,0.127
1985-02-17T03:00,,22.2,71,0.107,0.127
1985-02-17T04:00,,26.7,50,0.107,0.127
1985-02-17T05:00,,29.3,40,0.107,0.127
1985-02-17T06:00,,31.3,35,0.107,0.127
1985-02-17T07:00,,32.5,36,0.107,0.127
1985-02-17T08:00,,32.7,38,0.107,0.127
1985-02-17T09:00,,32.2,42,0.107,0.127
1985-02-17T10:00,,31.4,46,0.107,0.127
1985-02-17T11:00,,30.1,51,0.107,0.127
1985-02-17T12:00,,28.9,54,0.107,0.127
1985-02-17T13:00,,27.9,58,0.107,0.127
1985-02-17T14:00,,26.9,63,0.107,0.127
1985-02-17T15:00,,26.1,68,0.107,0.127
1985-02-17T16:00,,25.2,74,0.107,0.127
1985-02-17T17:00,,24.4,77,0.107,0.127
1985-02-17T18:00,,23.6,81,0.107,0.127
1985-02-17T19:00,,22.9,85,0.107,0.127
1985-02-17T20:00,,22.5,87,0.107,0.127
1985-02-17T21:00,,22.3,88,0.107,0.127
1985-02-17T22:00,,22.3,88,0.107,0.127
1985-02-17T23:00,,21.9,89,0.107,0.127
1985-02-18T00:00,,21.4,91,0.107,0.127
1985-02-18T01:00,,21.0,91,0.107,0.127
1985-02-18T02:00,,20.9,91,0.107,0.127
1985-02-18T03:00,,24.5,77,0.107,0.127
1985-02-18T04:00,,27.3,67,0.107,0.127
1985-02-18T05:00,,29.1,58,0.107,0.127
1985-02-18T06:00,,30.5,53,0.107,0.127
1985-02-18T07:00,,31.6,51,0.107,0.127
1985-02-18T08:00,,31.8,49,0.107,0.127
1985-02-18T09:00,,31.5,50,0.107,0.127
1985-02-18T10:00,,30.5,53,0.107,0.127
1985-02-18T11:00,,29.7,55,0.107,0.127
1985-02-18T12:00,,29.0,56,0.107,0.127
1985-02-18T13:00,,28.2,59,0.107,0.127
1985-02-18T14:00,,27.2,63,0.107,0.127
1985-02-18T15:00,,26.5,67,0.107,0.127
1985-02-18T16:00,,25.6,73,0.107,0.127
1985-02-18T17:00,,24.7,77,0.107,0.127
1985-02-18T18:00,,24.0,81,0.107,0.127
1985-02-18T19:00,,23.7,82,0.107,0.127
1985-02-18T20:00,,23.4,83,0.107,0.127
1985-02-18T21:00,,23.0,85,0.107,0.127
1985-02-18T22:00,,22.7,87,0.107,0.127
1985-02-18T23:00,,22.0,90,0.107,0.127
1985-02-19T00:00,,21.5,93,0.107,0.127
1985-02-19T01:00,,21.3,94,0.107,0.127
1985-02-19T02:00,,21.6,93,0.107,0.127
1985-02-19T03:00,,24.4,80,0.107,0.127
1985-02-19T04:00,,26.2,66,0.107,0.127
1985-02-19T05:00,,27.3,60,0.107,0.127
1985-02-19T06:00,,28.0,56,0.107,0.127
1985-02-19T07:00,,29.1,53,0.107,0.127
1985-02-19T08:00,,29.5,51,0.107,0.127
1985-02-19T09:00,,29.6,51,0.107,0.127
1985-02-19T10:00,,29.5,51,0.107,0.127
1985-02-19T11:00,,29.3,52,0.107,0.127
1985-02-19T12:00,,28.7,54,0.107,0.127
1985-02-19T13:00,,27.8,59,0.107,0.127
1985-02-19T14:00,,26.9,63,0.107,0.127
1985-02-19T15:00,,26.3,65,0.107,0.127
1985-02-19T16:00,,25.6,68,0.107,0.127
1985-02-19T17:00,,25.0,70,0.107,0.127
1985-02-19T18:00,,24.3,73,0.107,0.127
1985-02-19T19:00,,23.2,77,0.107,0.127
1985-02-19T20:00,,21.9,83,0.107,0.127
1985-02-19T21:00,,21.1,88,0.107,0.127
1985-02-19T22:00,,20.6,89,0.107,0.127
1985-02-19T23:00,,20.4,88,0.107,0.127
1985-02-20T00:00,,20.0,88,0.107,0.127
1985-02-20T01:00,,19.7,88,0.107,0.127
1985-02-20T02:00,,19.6,88,0.107,0.127
1985-02-20T03:00,,23.5,70,0.107,0.127
1985-02-20T04:00,,27.0,52,0.107,0.127
1985-02-20T05:00,,29.3,43,0.107,0.127
1985-02-20T06:00,,31.0,39,0.107,0.127
1985-02-20T07:00,,32.3,37,0.107,0.127
1985-02-20T08:00,,32.6,39,0.107,0.127
1985-02-20T09:00,,32.2,42,0.107,0.127
1985-02-20T10:00,,31.3,46,0.107,0.127
1985-02-20T11:00,,30.1,51,0.107,0.127
1985-02-20T12:00,,28.7,57,0.107,0.127
1985-02-20T13:00,,27.4,62,0.107,0.127
1985-02-20T14:00,,26.4,66,0.107,0.127
1985-02-20T15:00,,25.6,69,0.107,0.127
1985-02-20T16:00,,25.0,72,0.107,0.127
1985-02-20T17:00,,24.4,74,0.107,0.127
1985-02-20T18:00,,23.8,77,0.107,0.127
1985-02-20T19:00,,23.2,80,0.107,0.127
1985-02-20T20:00,,22.5,84,0.107,0.127
1985-02-20T21:00,,21.8,87,0.107,0.127
1985-02-20T22:00,,21.4,89,0.107,0.127
1985-02-20T23:00,,21.2,90,0.107,0.127
1985-02-21T00:00,,20.9,91,0.107,0.127
1985-02-21T01:00,,20.9,91,0.107,0.127
1985-02-21T02:00,,20.8,91,0.107,0.127
1985-02-21T03:00,,24.0,75,0.107,0.127
1985-02-21T04:00,,27.0,59,0.107,0.127
1985-02-21T05:00,,29.2,51,0.107,0.127
1985-02-21T06:00,,30.8,47,0.107,0.127
1985-02-21T07:00,,32.2,45,0.107,0.127
1985-02-21T08:00,,32.4,46,0.107,0.127
1985-02-21T09:00,,32.0,50,0.107,0.127
1985-02-21T10:00,,31.0,54,0.107,0.127
1985-02-21T11:00,,29.8,59,0.107,0.127
1985-02-21T12:00,,28.6,63,0.107,0.127
1985-02-21T13:00,,27.6,66,0.107,0.127
1985-02-21T14:00,,26.8,71,0.107,0.127
1985-02-21T15:00,,26.1,74,0.107,0.127
1985-02-21T16:00,,25.2,80,0.107,0.127
1985-02-21T17:00,,24.8,83,0.107,0.127
1985-02-21T18:00,,24.5,84,0.107,0.127
1985-02-21T19:00,,23.7,88,0.107,0.127
1985-02-21T20:00,,22.8,93,0.107,0.127
1985-02-21T21:00,,22.2,96,0.107,0.127
1985-02-21T22:00,,22.0,96,0.107,0.127
1985-02-21T23:00,,22.0,96,0.107,0.127
1985-02-22T00:00,,21.6,97,0.107,0.127
1985-02-22T01:00,,21.4,96,0.107,0.127
1985-02-22T02:00,,21.7,96,0.107,0.127
1985-02-22T03:00,,24.9,81,0.107,0.127
1985-02-22T04:00,,27.7,65,0.107,0.127
1985-02-22T05:00,,30.0,56,0.107,0.127
1985-02-22T06:00,,31.7,51,0.107,0.127
1985-02-22T07:00,,33.1,45,0.107,0.126
1985-02-22T08:00,,33.2,46,0.107,0.126
1985-02-22T09:00,,32.4,53,0.107,0.126
1985-02-22T10:00,,31.4,57,0.107,0.126
1985-02-22T11:00,,30.2,61,0.107,0.126
1985-02-22T12:00,,28.9,67,0.107,0.126
1985-02-22T13:00,,27.6,72,0.107,0.126
1985-02-22T14:00,,26.9,76,0.107,0.126
1985-02-22T15:00,,26.2,81,0.107,0.126
1985-02-22T16:00,,25.3,87,0.107,0.126
1985-02-22T17:00,,24.5,91,0.107,0.126
1985-02-22T18:00,,23.9,94,0.107,0.126
1985-02-22T19:00,,23.8,95,0.107,0.126
1985-02-22T20:00,,23.4,96,0.107,0.126
1985-02-22T21:00,,22.9,97,0.107,0.126
1985-02-22T22:00,,22.4,98,0.107,0.126
1985-02-22T23:00,,22.2,98,0.107,0.126
1985-02-23T00:00,,21.9,98,0.107,0.126
1985-02-23T01:00,,21.6,98,0.107,0.126
1985-02-23T02:00,,21.5,98,0.107,0.126
1985-02-23T03:00,,24.8,84,0.107,0.126
1985-02-23T04:00,,27.6,68,0.107,0.126
1985-02-23T05:00,,30.0,55,0.106,0.126
1985-02-23T06:00,,31.7,49,0.106,0.126
1985-02-23T07:00,,33.0,46,0.106,0.126
1985-02-23T08:00,,33.1,48,0.106,0.126
1985-02-23T09:00,,32.5,52,0.106,0.126
1985-02-23T10:00,,31.7,55,0.106,0.126
1985-02-23T11:00,,30.4,60,0.106,0.126
1985-02-23T12:00,,29.0,66,0.106,0.126
1985-02-23T13:00,,27.8,69,0.106,0.126
1985-02-23T14:00,,26.9,74,0.106,0.126
1985-02-23T15:00,,26.1,79,0.106,0.126
1985-02-23T16:00,,25.8,81,0.106,0.126
1985-02-23T17:00,,24.9,85,0.106,0.126
1985-02-23T18:00,,23.9,90,0.106,0.126
1985-02-23T19:00,,22.6,96,0.106,0.126
1985-02-23T20:00,,21.7,98,0.106,0.126
1985-02-23T21:00,,21.4,98,0.106,0.126
1985-02-23T22:00,,21.3,98,0.106,0.126
1985-02-23T23:00,,21.0,98,0.106,0.126
1985-02-24T00:00,,20.8,97,0.106,0.126
1985-02-24T01:00,,20.6,96,0.107,0.126
1985-02-24T02:00,,20.6,95,0.107,0.126
1985-02-24T03:00,,24.0,76,0.107,0.126
1985-02-24T04:00,,26.9,62,0.107,0.126
1985-02-24T05:00,,29.3,54,0.107,0.126
1985-02-24T06:00,,31.1,48,0.106,0.126
1985-02-24T07:00,,32.8,45,0.106,0.126
1985-02-24T08:00,,33.3,46,0.106,0.126
1985-02-24T09:00,,33.0,48,0.106,0.126
1985-02-24T10:00,,32.1,50,0.106,0.126
1985-02-24T11:00,,30.8,53,0.106,0.126
1985-02-24T12:00,,29.3,57,0.106,0.126
1985-02-24T13:00,,27.9,62,0.106,0.126
1985-02-24T14:00,,26.9,67,0.106,0.126
1985-02-24T15:00,,25.8,75,0.106,0.126
1985-02-24T16:00,,24.1,84,0.106,0.126
1985-02-24T17:00,,23.1,90,0.106,0.126
1985-02-24T18:00,,22.4,92,0.106,0.126
1985-02-24T19:00,,21.9,94,0.106,0.126
1985-02-24T20:00,,21.2,96,0.106,0.126
1985-02-24T21:00,,20.8,97,0.106,0.126
1985-02-24T22:00,,20.4,97,0.106,0.126
1985-02-24T23:00,,19.9,97,0.106,0.126
1985-02-25T00:00,,19.7,96,0.106,0.126
1985-02-25T01:00,,19.7,95,0.106,0.126
1985-02-25T02:00,,20.1,93,0.106,0.126
1985-02-25T03:00,,23.3,80,0.106,0.126
1985-02-25T04:00,,26.1,71,0.106,0.126
1985-02-25T05:00,,28.6,61,0.106,0.126
1985-02-25T06:00,,30.5,54,0.106,0.126
1985-02-25T07:00,,31.8,51,0.106,0.126
1985-02-25T08:00,,32.2,52,0.106,0.126
1985-02-25T09:00,,31.9,54,0.106,0.126
1985-02-25T10:00,,31.1,56,0.106,0.126
1985-02-25T11:00,,29.9,60,0.106,0.126
1985-02-25T12:00,,28.3,67,0.106,0.126
1985-02-25T13:00,,27.0,72,0.106,0.126
1985-02-25T14:00,,26.1,77,0.106,0.126
1985-02-25T15:00,,25.4,83,0.106,0.126
1985-02-25T16:00,,24.4,88,0.106,0.126
1985-02-25T17:00,,23.4,93,0.106,0.126
1985-02-25T18:00,,22.6,95,0.106,0.126
1985-02-25T19:00,,22.1,96,0.106,0.126
1985-02-25T20:00,,21.3,98,0.106,0.126
1985-02-25T21:00,,21.0,98,0.106,0.126
1985-02-25T22:00,,20.7,98,0.106,0.126
1985-02-25T23:00,,20.6,97,0.106,0.126
1985-02-26T00:00,,20.5,95,0.106,0.126
1985-02-26T01:00,,20.3,94,0.106,0.126
1985-02-26T02:00,,20.3,91,0.106,0.126
1985-02-26T03:00,,23.7,74,0.106,0.126
1985-02-26T04:00,,27.3,56,0.106,0.126
1985-02-26T05:00,,29.7,50,0.106,0.126
1985-02-26T06:00,,31.7,46,0.106,0.126
1985-02-26T07:00,,32.9,43,0.106,0.126
1985-02-26T08:00,,33.0,47,0.106,0.126
1985-02-26T09:00,,32.6,50,0.106,0.126
1985-02-26T10:00,,31.9,53,0.106,0.126
1985-02-26T11:00,,30.6,57,0.106,0.126
1985-02-26T12:00,,28.9,65,0.106,0.126
1985-02-26T13:00,,27.4,72,0.106,0.126
1985-02-26T14:00,,26.4,77,0.106,0.126
1985-02-26T15:00,,25.6,85,0.106,0.126
1985-02-26T16:00,,25.2,85,0.106,0.126
1985-02-26T17:00,,24.1,91,0.106,0.126
1985-02-26T18:00,,23.1,95,0.106,0.126
1985-02-26T19:00,,22.8,96,0.106,0.126
1985-02-26T20:00,,22.2,98,0.106,0.126
1985-02-26T21:00,,21.5,99,0.106,0.126
1985-02-26T22:00,,21.2,99,0.106,0.126
1985-02-26T23:00,,21.0,99,0.106,0.126
1985-02-27T00:00,,20.5,99,0.106,0.126
1985-02-27T01:00,,20.3,99,0.106,0.126
1985-02-27T02:00,,20.5,98,0.106,0.126
1985-02-27T03:00,,24.3,83,0.106,0.126
1985-02-27T04:00,,26.7,71,0.106,0.126
1985-02-27T05:00,,28.8,62,0.106,0.126
1985-02-27T06:00,,30.5,56,0.106,0.126
1985-02-27T07:00,,31.5,55,0.106,0.126
1985-02-27T08:00,,31.6,56,0.106,0.126
1985-02-27T09:00,,31.3,58,0.106,0.126
1985-02-27T10:00,,30.5,61,0.106,0.125
1985-02-27T11:00,,29.3,65,0.106,0.125
1985-02-27T12:00,,28.2,68,0.106,0.125
1985-02-27T13:00,,27.1,73,0.106,0.125
1985-02-27T14:00,,26.4,78,0.106,0.125
1985-02-27T15:00,,25.8,82,0.106,0.125
1985-02-27T16:00,,25.0,88,0.106,0.125
1985-02-27T17:00,,24.1,92,0.106,0.125
1985-02-27T18:00,,23.8,92,0.106,0.126
1985-02-27T19:00,,22.9,96,0.106,0.126
1985-02-27T20:00,,22.4,97,0.106,0.126
1985-02-27T21:00,,21.9,98,0.106,0.126
1985-02-27T22:00,,21.8,97,0.106,0.126
1985-02-27T23:00,,21.6,97,0.106,0.126
1985-02-28T00:00,,21.5,97,0.106,0.126
1985-02-28T01:00,,21.5,96,0.106,0.126
1985-02-28T02:00,,21.3,97,0.106,0.126
1985-02-28T03:00,,24.4,85,0.106,0.126
1985-02-28T04:00,,26.7,74,0.106,0.126
1985-02-28T05:00,,28.7,65,0.106,0.126
1985-02-28T06:00,,30.3,59,0.106,0.125
1985-02-28T07:00,,31.5,56,0.106,0.125
1985-02-28T08:00,,31.7,55,0.106,0.125
1985-02-28T09:00,,31.3,56,0.106,0.125
1985-02-28T10:00,,30.1,60,0.106,0.125
1985-02-28T11:00,,29.0,62,0.106,0.125
1985-02-28T12:00,,28.1,62,0.106,0.125
1985-02-28T13:00,,27.3,64,0.106,0.125
1985-02-28T14:00,,26.5,68,0.106,0.125
1985-02-28T15:00,,25.7,73,0.106,0.125
1985-02-28T16:00,,24.6,79,0.106,0.125
1985-02-28T17:00,,24.1,82,0.106,0.125
1985-02-28T18:00,,24.3,82,0.106,0.125
1985-02-28T19:00,,24.0,84,0.106,0.125
1985-02-28T20:00,,22.1,93,0.106,0.125
1985-02-28T21:00,,21.4,95,0.106,0.125
1985-02-28T22:00,,21.1,96,0.106,0.125
1985-02-28T23:00,,20.6,98,0.106,0.125
1985-03-01T00:00,,20.1,98,0.106,0.125
1985-03-01T01:00,,19.7,98,0.106,0.125
1985-03-01T02:00,,20.2,97,0.106,0.125
1985-03-01T03:00,,23.5,84,0.106,0.125
1985-03-01T04:00,,26.3,72,0.106,0.125
1985-03-01T05:00,,28.8,62,0.106,0.125
1985-03-01T06:00,,30.8,55,0.106,0.125
1985-03-01T07:00,,32.0,54,0.106,0.125
1985-03-01T08:00,,32.2,55,0.106,0.125
1985-03-01T09:00,,31.7,56,0.106,0.125
1985-03-01T10:00,,30.8,60,0.106,0.125
1985-03-01T11:00,,29.5,64,0.106,0.125
1985-03-01T12:00,,28.2,67,0.106,0.125
1985-03-01T13:00,,27.3,70,0.106,0.125
1985-03-01T14:00,,26.5,74,0.106,0.125
1985-03-01T15:00,,25.5,83,0.106,0.125
1985-03-01T16:00,,25.2,81,0.106,0.125
1985-03-01T17:00,,24.8,84,0.106,0.125
1985-03-01T18:00,,23.6,90,0.106,0.125
1985-03-01T19:00,,23.2,93,0.106,0.125
1985-03-01T20:00,,22.2,96,0.106,0.125
1985-03-01T21:00,,21.6,96,0.106,0.125
1985-03-01T22:00,,20.7,99,0.106,0.125
1985-03-01T23:00,,20.4,99,0.106,0.125
1985-03-02T00:00,,20.1,99,0.106,0.125
1985-03-02T01:00,,19.6,100,0.106,0.125
1985-03-02T02:00,,20.1,99,0.106,0.125
1985-03-02T03:00,,23.6,86,0.106,0.125
1985-03-02T04:00,,26.3,73,0.106,0.125
1985-03-02T05:00,,28.6,63,0.106,0.125
1985-03-02T06:00,,30.3,57,0.106,0.125
1985-03-02T07:00,,31.3,57,0.106,0.125
1985-03-02T08:00,,31.3,58,0.106,0.125
1985-03-02T09:00,,30.7,60,0.106,0.125
1985-03-02T10:00,,29.9,63,0.106,0.125
1985-03-02T11:00,,29.1,65,0.106,0.125
1985-03-02T12:00,,28.2,67,0.106,0.125
1985-03-02T13:00,,27.3,70,0.106,0.125
1985-03-02T14:00,,26.3,74,0.106,0.125
1985-03-02T15:00,,25.5,80,0.106,0.125
1985-03-02T16:00,,25.2,81,0.106,0.125
1985-03-02T17:00,,24.6,86,0.106,0.125
1985-03-02T18:00,,23.6,91,0.106,0.125
1985-03-02T19:00,,22.8,95,0.106,0.125
1985-03-02T20:00,,21.6,98,0.106,0.125
1985-03-02T21:00,,21.1,98,0.106,0.125
1985-03-02T22:00,,20.7,99,0.106,0.125
1985-03-02T23:00,,20.4,99,0.106,0.125
1985-03-03T00:00,,19.9,100,0.106,0.125
1985-03-03T01:00,,19.7,100,0.106,0.125
1985-03-03T02:00,,20.0,99,0.106,0.125
1985-03-03T03:00,,24.0,84,0.106,0.125
1985-03-03T04:00,,26.5,71,0.106,0.125
1985-03-03T05:00,,28.9,60,0.106,0.125
1985-03-03T06:00,,30.9,53,0.106,0.125
1985-03-03T07:00,,32.3,52,0.106,0.125
1985-03-03T08:00,,32.5,52,0.106,0.125
1985-03-03T09:00,,32.0,55,0.106,0.125
1985-03-03T10:00,,31.1,58,0.106,0.125
1985-03-03T11:00,,30.0,61,0.106,0.125
1985-03-03T12:00,,29.1,62,0.106,0.125
1985-03-03T13:00,,28.2,64,0.106,0.125
1985-03-03T14:00,,27.1,70,0.106,0.125
1985-03-03T15:00,,26.4,74,0.106,0.125
1985-03-03T16:00,,25.9,77,0.106,0.125
1985-03-03T17:00,,25.2,81,0.106,0.125
1985-03-03T18:00,,23.1,90,0.106,0.125
1985-03-03T19:00,,22.6,93,0.106,0.125
1985-03-03T20:00,,21.6,96,0.106,0.125
1985-03-03T21:00,,21.2,98,0.106,0.125
1985-03-03T22:00,,21.0,98,0.106,0.125
1985-03-03T23:00,,20.9,99,0.106,0.125
1985-03-04T00:00,,20.9,99,0.106,0.125
1985-03-04T01:00,,20.9,99,0.106,0.125
1985-03-04T02:00,,21.1,98,0.106,0.125
1985-03-04T03:00,,24.2,86,0.106,0.125
1985-03-04T04:00,,26.8,72,0.106,0.125
1985-03-04T05:00,,29.1,63,0.106,0.125
1985-03-04T06:00,,30.9,56,0.106,0.125
1985-03-04T07:00,,31.4,56,0.106,0.125
1985-03-04T08:00,,31.7,56,0.106,0.125
1985-03-04T09:00,,31.2,57,0.106,0.125
1985-03-04T10:00,,30.5,59,0.106,0.125
1985-03-04T11:00,,29.5,60,0.106,0.125
1985-03-04T12:00,,28.7,61,0.106,0.125
1985-03-04T13:00,,27.9,63,0.106,0.125
1985-03-04T14:00,,26.9,67,0.106,0.125
1985-03-04T15:00,,25.9,77,0.106,0.125
1985-03-04T16:00,,25.8,75,0.106,0.125
1985-03-04T17:00,,25.2,79,0.106,0.125
1985-03-04T18:00,,24.1,85,0.106,0.125
1985-03-04T19:00,,23.9,88,0.106,0.125
1985-03-04T20:00,,23.0,93,0.106,0.125
1985-03-04T21:00,,22.0,96,0.106,0.125
1985-03-04T22:00,,21.1,98,0.106,0.125
1985-03-04T23:00,,20.3,99,0.106,0.125
1985-03-05T00:00,,20.0,99,0.106,0.125
1985-03-05T01:00,,20.1,99,0.106,0.125
1985-03-05T02:00,,20.9,97,0.106,0.125
1985-03-05T03:00,,23.9,84,0.106,0.125
1985-03-05T04:00,,26.7,71,0.106,0.125
1985-03-05T05:00,,28.9,62,0.106,0.125
1985-03-05T06:00,,30.7,56,0.106,0.125
1985-03-05T07:00,,32.0,54,0.106,0.125
1985-03-05T08:00,,32.0,55,0.106,0.125
1985-03-05T09:00,,31.5,58,0.106,0.125
1985-03-05T10:00,,30.4,62,0.106,0.125
1985-03-05T11:00,,29.0,68,0.106,0.125
1985-03-05T12:00,,28.1,71,0.106,0.125
1985-03-05T13:00,,27.4,74,0.106,0.125
1985-03-05T14:00,,26.7,77,0.106,0.125
1985-03-05T15:00,,26.1,81,0.106,0.125
1985-03-05T16:00,,25.6,86,0.106,0.125
1985-03-05T17:00,,24.6,90,0.106,0.125
1985-03-05T18:00,,24.0,95,0.106,0.125
1985-03-05T19:00,,23.7,95,0.106,0.125
1985-03-05T20:00,,23.3,96,0.106,0.125
1985-03-05T21:00,,22.9,97,0.106,0.125
1985-03-05T22:00,,22.8,97,0.106,0.125
1985-03-05T23:00,,22.7,97,0.106,0.125
1985-03-06T00:00,,22.6,97,0.106,0.125
1985-03-06T01:00,,22.4,98,0.106,0.125
1985-03-06T02:00,,22.9,97,0.106,0.125
1985-03-06T03:00,,25.3,85,0.106,0.125
1985-03-06T04:00,,27.4,74,0.106,0.125
1985-03-06T05:00,,29.0,64,0.106,0.125
1985-03-06T06:00,,30.5,57,0.106,0.125
1985-03-06T07:00,,31.1,55,0.106,0.125
1985-03-06T08:00,,31.6,54,0.106,0.125
1985-03-06T09:00,,31.4,54,0.106,0.125
1985-03-06T10:00,,31.2,56,0.106,0.125
1985-03-06T11:00,,29.9,63,0.106,0.125
1985-03-06T12:00,,28.6,69,0.106,0.125
1985-03-06T13:00,,27.5,74,0.106,0.125
1985-03-06T14:00,,26.7,78,0.106,0.125
1985-03-06T15:00,,26.3,80,0.106,0.125
1985-03-06T16:00,,25.9,82,0.106,0.125
1985-03-06T17:00,,25.5,87,0.106,0.125
1985-03-06T18:00,,25.5,85,0.106,0.125
1985-03-06T19:00,,25.5,85,0.106,0.125
1985-03-06T20:00,,24.5,91,0.106,0.125
1985-03-06T21:00,,24.3,92,0.106,0.125
1985-03-06T22:00,,24.0,93,0.106,0.125
1985-03-06T23:00,,23.8,94,0.106,0.125
1985-03-07T00:00,,23.6,94,0.106,0.125
1985-03-07T01:00,,23.3,95,0.106,0.125
1985-03-07T02:00,,23.4,96,0.106,0.125
1985-03-07T03:00,,25.5,84,0.106,0.125
1985-03-07T04:00,,27.3,74,0.106,0.125
1985-03-07T05:00,,28.9,66,0.106,0.125
1985-03-07T06:00,,30.6,59,0.106,0.125
1985-03-07T07:00,,32.2,55,0.106,0.125
1985-03-07T08:00,,32.8,53,0.106,0.125
1985-03-07T09:00,,32.5,56,0.106,0.124
1985-03-07T10:00,,31.5,61,0.106,0.124
1985-03-07T11:00,,30.1,67,0.106,0.124
1985-03-07T12:00,,28.9,71,0.106,0.124
1985-03-07T13:00,,28.0,75,0.106,0.124
1985-03-07T14:00,,27.2,78,0.106,0.124
1985-03-07T15:00,,26.7,81,0.106,0.124
1985-03-07T16:00,,26.3,83,0.106,0.124
1985-03-07T17:00,,26.0,85,0.106,0.124
1985-03-07T18:00,,25.3,91,0.106,0.124
1985-03-07T19:00,,25.4,88,0.106,0.124
1985-03-07T20:00,,25.2,89,0.106,0.124
1985-03-07T21:00,,25.0,90,0.106,0.124
1985-03-07T22:00,,24.6,92,0.106,0.124
1985-03-07T23:00,,24.0,94,0.106,0.124
1985-03-08T00:00,,23.2,97,0.106,0.124
1985-03-08T01:00,,22.8,98,0.106,0.125
1985-03-08T02:00,,23.2,98,0.106,0.125
1985-03-08T03:00,,26.1,84,0.106,0.125
1985-03-08T04:00,,27.9,74,0.106,0.125
1985-03-08T05:00,,30.0,64,0.106,0.124
1985-03-08T06:00,,31.5,58,0.106,0.124
1985-03-08T07:00,,32.7,55,0.106,0.124
1985-03-08T08:00,,33.3,54,0.106,0.124
1985-03-08T09:00,,32.7,56,0.106,0.124
1985-03-08T10:00,,31.8,60,0.106,0.124
1985-03-08T11:00,,30.4,66,0.106,0.124
1985-03-08T12:00,,29.1,73,0.106,0.124
1985-03-08T13:00,,27.9,78,0.106,0.124
1985-03-08T14:00,,27.2,81,0.106,0.124
1985-03-08T15:00,,26.6,84,0.106,0.124
1985-03-08T16:00,,26.2,87,0.106,0.124
1985-03-08T17:00,,25.7,89,0.106,0.124
1985-03-08T18:00,,25.2,92,0.106,0.124
1985-03-08T19:00,,24.8,94,0.106,0.124
1985-03-08T20:00,,24.8,93,0.106,0.124
1985-03-08T21:00,,23.5,98,0.106,0.124
1985-03-08T22:00,,23.2,98,0.106,0.124
1985-03-08T23:00,,23.1,98,0.106,0.124
1985-03-09T00:00,,22.7,99,0.106,0.124
1985-03-09T01:00,,22.6,99,0.106,0.124
1985-03-09T02:00,,23.2,98,0.106,0.124
1985-03-09T03:00,,26.2,85,0.106,0.124
1985-03-09T04:00,,28.5,70,0.106,0.124
1985-03-09T05:00,,30.7,58,0.106,0.124
1985-03-09T06:00,,32.7,49,0.106,0.124
1985-03-09T07:00,,33.7,47,0.106,0.124
1985-03-09T08:00,,34.2,47,0.106,0.124
1985-03-09T09:00,,34.1,47,0.106,0.124
1985-03-09T10:00,,33.3,50,0.106,0.124
1985-03-09T11:00,,32.3,54,0.106,0.124
1985-03-09T12:00,,30.7,61,0.106,0.124
1985-03-09T13:00,,28.8,70,0.106,0.124
1985-03-09T14:00,,27.6,77,0.106,0.124
1985-03-09T15:00,,26.9,81,0.106,0.124
1985-03-09T16:00,,26.2,85,0.106,0.124
1985-03-09T17:00,,25.3,90,0.106,0.124
1985-03-09T18:00,,24.7,92,0.106,0.124
1985-03-09T19:00,,23.5,95,0.106,0.124
1985-03-09T20:00,,22.8,96,0.106,0.124
1985-03-09T21:00,,22.3,96,0.106,0.124
1985-03-09T22:00,,22.0,94,0.106,0.124
1985-03-09T23:00,,21.7,91,0.106,0.124
1985-03-10T00:00,,21.4,88,0.106,0.124
1985-03-10T01:00,,21.0,84,0.106,0.124
1985-03-10T02:00,,21.5,81,0.106,0.124
1985-03-10T03:00,,26.1,61,0.106,0.124
1985-03-10T04:00,,30.3,43,0.106,0.124
1985-03-10T05:00,,32.5,39,0.106,0.124
1985-03-10T06:00,,33.9,38,0.106,0.124
1985-03-10T07:00,,34.8,37,0.106,0.124
1985-03-10T08:00,,35.2,38,0.106,0.124
1985-03-10T09:00,,35.2,39,0.106,0.124
1985-03-10T10:00,,34.5,41,0.106,0.124
1985-03-10T11:00,,33.4,45,0.106,0.124
1985-03-10T12:00,,31.7,53,0.106,0.124
1985-03-10T13:00,,29.7,63,0.106,0.124
1985-03-10T14:00,,28.6,69,0.106,0.124
1985-03-10T15:00,,27.8,73,0.106,0.124
1985-03-10T16:00,,27.0,76,0.106,0.124
1985-03-10T17:00,,26.1,80,0.106,0.124
1985-03-10T18:00,,25.1,85,0.106,0.124
1985-03-10T19:00,,24.7,87,0.106,0.124
1985-03-10T20:00,,23.6,92,0.106,0.124
1985-03-10T21:00,,23.1,93,0.106,0.124
1985-03-10T22:00,,22.9,91,0.106,0.124
1985-03-10T23:00,,22.6,88,0.106,0.124
1985-03-11T00:00,,22.3,84,0.106,0.124
1985-03-11T01:00,,21.9,82,0.106,0.124
1985-03-11T02:00,,22.3,80,0.106,0.124
1985-03-11T03:00,,26.8,59,0.106,0.124
1985-03-11T04:00,,30.8,42,0.106,0.124
1985-03-11T05:00,,33.3,35,0.106,0.124
1985-03-11T06:00,,34.8,34,0.106,0.124
1985-03-11T07:00,,34.6,43,0.106,0.124
1985-03-11T08:00,,34.5,47,0.106,0.124
1985-03-11T09:00,,34.1,50,0.106,0.124
1985-03-11T10:00,,33.2,53,0.106,0.124
1985-03-11T11:00,,32.2,57,0.106,0.124
1985-03-11T12:00,,30.7,65,0.106,0.124
1985-03-11T13:00,,28.8,73,0.106,0.124
1985-03-11T14:00,,27.6,80,0.106,0.124
1985-03-11T15:00,,26.9,84,0.106,0.124
1985-03-11T16:00,,26.3,88,0.106,0.124
1985-03-11T17:00,,25.6,93,0.106,0.124
1985-03-11T18:00,,25.0,94,0.106,0.124
1985-03-11T19:00,,24.8,96,0.106,0.124
1985-03-11T20:00,,23.9,97,0.106,0.124
1985-03-11T21:00,,23.2,95,0.106,0.124
1985-03-11T22:00,,22.6,93,0.106,0.124
1985-03-11T23:00,,22.4,86,0.106,0.124
1985-03-12T00:00,,22.2,79,0.106,0.124
1985-03-12T01:00,,21.8,73,0.106,0.124
1985-03-12T02:00,,22.5,66,0.106,0.124
1985-03-12T03:00,,26.1,50,0.106,0.124
1985-03-12T04:00,,30.2,37,0.106,0.124
1985-03-12T05:00,,33.4,28,0.106,0.124
1985-03-12T06:00,,35.5,24,0.106,0.124
1985-03-12T07:00,,36.3,25,0.106,0.124
1985-03-12T08:00,,36.6,28,0.106,0.124
1985-03-12T09:00,,35.9,33,0.106,0.124
1985-03-12T10:00,,34.9,38,0.106,0.124
1985-03-12T11:00,,33.8,42,0.106,0.124
1985-03-12T12:00,,32.5,48,0.106,0.124
1985-03-12T13:00,,30.6,57,0.106,0.124
1985-03-12T14:00,,29.3,63,0.106,0.124
1985-03-12T15:00,,28.1,71,0.106,0.124
1985-03-12T16:00,,27.9,69,0.106,0.124
1985-03-12T17:00,,26.4,75,0.106,0.124
1985-03-12T18:00,,24.5,81,0.106,0.124
1985-03-12T19:00,,24.0,83,0.106,0.124
1985-03-12T20:00,,22.9,87,0.106,0.124
1985-03-12T21:00,,22.0,88,0.106,0.124
1985-03-12T22:00,,21.7,85,0.106,0.124
1985-03-12T23:00,,21.5,81,0.106,0.124
1985-03-13T00:00,,21.3,76,0.106,0.124
1985-03-13T01:00,,21.1,72,0.106,0.124
1985-03-13T02:00,,21.6,71,0.106,0.124
1985-03-13T03:00,,25.4,56,0.106,0.124
1985-03-13T04:00,,29.5,43,0.106,0.124
1985-03-13T05:00,,32.1,37,0.106,0.124
1985-03-13T06:00,,33.9,35,0.106,0.124
1985-03-13T07:00,,34.1,39,0.106,0.124
1985-03-13T08:00,,34.2,42,0.106,0.124
1985-03-13T09:00,,33.8,46,0.106,0.124
1985-03-13T10:00,,33.0,49,0.106,0.124
1985-03-13T11:00,,31.7,54,0.106,0.124
1985-03-13T12:00,,30.0,62,0.106,0.124
1985-03-13T13:00,,28.6,68,0.106,0.124
1985-03-13T14:00,,27.7,74,0.106,0.124
1985-03-13T15:00,,27.0,78,0.106,0.124
1985-03-13T16:00,,26.4,83,0.106,0.124
1985-03-13T17:00,,25.7,87,0.106,0.124
1985-03-13T18:00,,24.8,91,0.106,0.124
1985-03-13T19:00,,25.6,89,0.106,0.124
1985-03-13T20:00,,25.2,92,0.106,0.124
1985-03-13T21:00,,24.8,94,0.106,0.124
1985-03-13T22:00,,23.7,96,0.106,0.124
1985-03-13T23:00,,22.8,98,0.106,0.124
1985-03-14T00:00,,22.5,99,0.106,0.124
1985-03-14T01:00,,22.0,99,0.106,0.124
1985-03-14T02:00,,22.7,99,0.106,0.124
1985-03-14T03:00,,25.7,88,0.106,0.124
1985-03-14T04:00,,27.6,76,0.106,0.124
1985-03-14T05:00,,29.5,66,0.106,0.124
1985-03-14T06:00,,31.0,60,0.106,0.124
1985-03-14T07:00,,31.7,58,0.106,0.124
1985-03-14T08:00,,32.0,57,0.106,0.124
1985-03-14T09:00,,32.0,57,0.106,0.124
1985-03-14T10:00,,31.7,58,0.106,0.124
1985-03-14T11:00,,30.7,61,0.106,0.124
1985-03-14T12:00,,29.5,65,0.106,0.124
1985-03-14T13:00,,28.3,69,0.106,0.124
1985-03-14T14:00,,27.6,74,0.106,0.124
1985-03-14T15:00,,26.9,78,0.106,0.124
1985-03-14T16:00,,26.3,82,0.106,0.124
1985-03-14T17:00,,25.7,86,0.106,0.124
1985-03-14T18:00,,24.9,90,0.106,0.124
1985-03-14T19:00,,24.0,95,0.106,0.124
1985-03-14T20:00,,23.4,97,0.106,0.124
1985-03-14T21:00,,23.0,98,0.106,0.124
1985-03-14T22:00,,22.8,98,0.106,0.124
1985-03-14T23:00,,22.9,98,0.106,0.124
1985-03-15T00:00,,22.8,98,0.106,0.124
1985-03-15T01:00,,22.8,98,0.106,0.124
1985-03-15T02:00,,23.5,98,0.106,0.124
1985-03-15T03:00,,26.2,85,0.106,0.124
1985-03-15T04:00,,28.0,74,0.106,0.124
1985-03-15T05:00,,29.9,66,0.106,0.124
1985-03-15T06:00,,31.2,60,0.106,0.124
1985-03-15T07:00,,32.2,57,0.106,0.124
1985-03-15T08:00,,32.7,55,0.106,0.124
1985-03-15T09:00,,32.8,56,0.106,0.124
1985-03-15T10:00,,32.1,59,0.106,0.124
1985-03-15T11:00,,30.9,64,0.106,0.123
1985-03-15T12:00,,29.3,71,0.106,0.123
1985-03-15T13:00,,28.2,76,0.106,0.123
1985-03-15T14:00,,27.6,79,0.106,0.124
1985-03-15T15:00,,27.0,83,0.106,0.124
1985-03-15T16:00,,26.4,86,0.106,0.124
1985-03-15T17:00,,25.7,90,0.106,0.124
1985-03-15T18:00,,25.0,94,0.106,0.124
1985-03-15T19:00,,25.0,94,0.106,0.124
1985-03-15T20:00,,25.3,93,0.106,0.124
1985-03-15T21:00,,25.1,94,0.106,0.124
1985-03-15T22:00,,23.6,98,0.106,0.124
1985-03-15T23:00,,23.5,98,0.106,0.124
1985-03-16T00:00,,23.6,98,0.106,0.124
1985-03-16T01:00,,23.9,98,0.106,0.124
1985-03-16T02:00,,24.7,96,0.106,0.124
1985-03-16T03:00,,26.2,87,0.106,0.124
1985-03-16T04:00,,28.0,75,0.106,0.124
1985-03-16T05:00,,29.9,66,0.106,0.124
1985-03-16T06:00,,31.5,60,0.106,0.124
1985-03-16T07:00,,32.6,57,0.106,0.123
1985-03-16T08:00,,33.0,55,0.106,0.123
1985-03-16T09:00,,32.6,56,0.107,0.123
1985-03-16T10:00,,31.6,61,0.107,0.123
1985-03-16T11:00,,30.8,65,0.107,0.123
1985-03-16T12:00,,29.4,70,0.107,0.123
1985-03-16T13:00,,28.4,73,0.107,0.123
1985-03-16T14:00,,27.6,77,0.107,0.123
1985-03-16T15:00,,27.0,79,0.107,0.123
1985-03-16T16:00,,26.4,83,0.107,0.123
1985-03-16T17:00,,25.7,88,0.107,0.123
1985-03-16T18:00,,25.6,88,0.107,0.123
1985-03-16T19:00,,25.2,90,0.107,0.123
1985-03-16T20:00,,24.7,93,0.107,0.123
1985-03-16T21:00,,24.4,94,0.107,0.123
1985-03-16T22:00,,24.3,95,0.107,0.123
1985-03-16T23:00,,24.5,93,0.107,0.123
1985-03-17T00:00,,24.5,94,0.107,0.123
1985-03-17T01:00,,24.4,95,0.107,0.123
1985-03-17T02:00,,24.8,93,0.107,0.123
1985-03-17T03:00,,26.1,85,0.107,0.123
1985-03-17T04:00,,27.6,75,0.107,0.123
1985-03-17T05:00,,29.4,65,0.107,0.123
1985-03-17T06:00,,30.8,59,0.107,0.123
1985-03-17T07:00,,31.3,59,0.108,0.123
1985-03-17T08:00,,31.2,60,0.108,0.123
1985-03-17T09:00,,30.8,63,0.109,0.123
1985-03-17T10:00,,30.2,65,0.109,0.123
1985-03-17T11:00,,29.2,71,0.11,0.123
1985-03-17T12:00,,28.5,74,0.11,0.123
1985-03-17T13:00,,27.7,78,0.11,0.123
1985-03-17T14:00,,27.2,80,0.11,0.123
1985-03-17T15:00,,26.8,82,0.11,0.123
1985-03-17T16:00,,26.4,84,0.111,0.123
1985-03-17T17:00,,26.1,86,0.111,0.123
1985-03-17T18:00,,25.7,88,0.111,0.123
1985-03-17T19:00,,25.7,88,0.111,0.123
1985-03-17T20:00,,25.6,88,0.111,0.123
1985-03-17T21:00,,25.2,91,0.112,0.123
1985-03-17T22:00,,25.1,92,0.112,0.123
1985-03-17T23:00,,25.3,90,0.112,0.123
1985-03-18T00:00,,25.2,90,0.112,0.123
1985-03-18T01:00,,25.0,91,0.112,0.123
1985-03-18T02:00,,25.2,90,0.112,0.123
1985-03-18T03:00,,25.9,86,0.113,0.123
1985-03-18T04:00,,27.1,79,0.113,0.123
1985-03-18T05:00,,29.0,68,0.113,0.123
1985-03-18T06:00,,30.6,60,0.112,0.123
1985-03-18T07:00,,31.9,55,0.112,0.123
1985-03-18T08:00,,31.9,55,0.113,0.123
1985-03-18T09:00,,31.3,59,0.113,0.123
1985-03-18T10:00,,31.4,59,0.114,0.123
1985-03-18T11:00,,30.4,63,0.114,0.123
1985-03-18T12:00,,29.2,67,0.113,0.123
1985-03-18T13:00,,28.0,72,0.113,0.123
1985-03-18T14:00,,27.1,74,0.113,0.123
1985-03-18T15:00,,26.6,76,0.113,0.123
1985-03-18T16:00,,26.1,78,0.113,0.123
1985-03-18T17:00,,25.7,80,0.113,0.123
1985-03-18T18:00,,25.2,82,0.113,0.123
1985-03-18T19:00,,24.7,85,0.113,0.123
1985-03-18T20:00,,24.1,88,0.113,0.123
1985-03-18T21:00,,23.8,90,0.113,0.123
1985-03-18T22:00,,23.8,90,0.113,0.123
1985-03-18T23:00,,23.5,91,0.113,0.123
1985-03-19T00:00,,23.1,93,0.113,0.123
1985-03-19T01:00,,22.9,95,0.113,0.123
1985-03-19T02:00,,23.6,94,0.113,0.123
1985-03-19T03:00,,25.7,80,0.113,0.123
1985-03-19T04:00,,27.8,69,0.113,0.123
1985-03-19T05:00,,29.4,62,0.113,0.123
1985-03-19T06:00,,30.7,57,0.113,0.123
1985-03-19T07:00,,31.4,57,0.113,0.123
1985-03-19T08:00,,31.7,56,0.113,0.123
1985-03-19T09:00,,31.6,57,0.113,0.123
1985-03-19T10:00,,30.9,60,0.112,0.123
1985-03-19T11:00,,30.1,63,0.112,0.123
1985-03-19T12:00,,29.1,65,0.112,0.123
1985-03-19T13:00,,28.0,69,0.112,0.123
1985-03-19T14:00,,27.3,72,0.112,0.123
1985-03-19T15:00,,26.7,75,0.112,0.123
1985-03-19T16:00,,26.2,79,0.112,0.123
1985-03-19T17:00,,25.7,82,0.112,0.123
1985-03-19T18:00,,25.0,87,0.112,0.123
1985-03-19T19:00,,24.6,89,0.112,0.123
1985-03-19T20:00,,24.2,90,0.112,0.123
1985-03-19T21:00,,23.8,92,0.112,0.123
1985-03-19T22:00,,23.6,93,0.112,0.123
1985-03-19T23:00,,23.9,92,0.112,0.123
1985-03-20T00:00,,24.1,91,0.112,0.123
1985-03-20T01:00,,23.3,94,0.112,0.123
1985-03-20T02:00,,23.2,95,0.112,0.123
1985-03-20T03:00,,25.5,82,0.112,0.123
1985-03-20T04:00,,27.5,73,0.112,0.123
1985-03-20T05:00,,29.4,64,0.112,0.123
1985-03-20T06:00,,30.9,58,0.112,0.123
1985-03-20T07:00,,31.8,56,0.112,0.123
1985-03-20T08:00,,32.3,54,0.112,0.123
1985-03-20T09:00,,31.9,56,0.111,0.123
1985-03-20T10:00,,30.5,61,0.111,0.123
1985-03-20T11:00,,29.7,64,0.111,0.123
1985-03-20T12:00,,28.9,67,0.111,0.123
1985-03-20T13:00,,27.9,70,0.111,0.123
1985-03-20T14:00,,27.3,73,0.111,0.123
1985-03-20T15:00,,26.8,76,0.111,0.123
1985-03-20T16:00,,26.4,78,0.111,0.123
1985-03-20T17:00,,25.9,82,0.111,0.123
1985-03-20T18:00,,25.3,86,0.111,0.123
1985-03-20T19:00,,25.6,85,0.111,0.123
1985-03-20T20:00,,25.2,87,0.111,0.123
1985-03-20T21:00,,24.9,89,0.111,0.123
1985-03-20T22:00,,24.0,93,0.111,0.123
1985-03-20T23:00,,23.0,96,0.111,0.123
1985-03-21T00:00,,22.3,98,0.111,0.123
1985-03-21T01:00,,22.1,98,0.111,0.123
1985-03-21T02:00,,22.9,97,0.111,0.123
1985-03-21T03:00,,25.7,83,0.111,0.123
1985-03-21T04:00,,27.6,72,0.111,0.123
1985-03-21T05:00,,29.5,64,0.111,0.123
1985-03-21T06:00,,31.2,57,0.111,0.123
1985-03-21T07:00,,32.7,52,0.111,0.123
1985-03-21T08:00,,33.3,51,0.111,0.123
1985-03-21T09:00,,33.1,52,0.111,0.123
1985-03-21T10:00,,32.3,55,0.11,0.123
1985-03-21T11:00,,31.1,59,0.11,0.123
1985-03-21T12:00,,30.2,60,0.11,0.123
1985-03-21T13:00,,29.3,63,0.11,0.123
1985-03-21T14:00,,28.2,68,0.11,0.123
1985-03-21T15:00,,27.4,71,0.11,0.123
1985-03-21T16:00,,26.4,79,0.11,0.123
1985-03-21T17:00,,26.5,78,0.11,0.123
1985-03-21T18:00,,25.1,87,0.11,0.123
1985-03-21T19:00,,24.3,91,0.11,0.123
1985-03-21T20:00,,23.5,94,0.11,0.123
1985-03-21T21:00,,22.9,96,0.11,0.123
1985-03-21T22:00,,22.6,96,0.11,0.123
1985-03-21T23:00,,22.3,97,0.11,0.123
1985-03-22T00:00,,22.2,96,0.11,0.123
1985-03-22T01:00,,22.1,96,0.11,0.123
1985-03-22T02:00,,23.2,93,0.11,0.123
1985-03-22T03:00,,26.5,77,0.11,0.123
1985-03-22T04:00,,29.2,67,0.11,0.123
1985-03-22T05:00,,31.1,60,0.11,0.123
1985-03-22T06:00,,32.4,56,0.11,0.123
1985-03-22T07:00,,32.8,56,0.11,0.123
1985-03-22T08:00,,33.0,54,0.11,0.123
1985-03-22T09:00,,32.5,56,0.111,0.123
1985-03-22T10:00,,31.9,58,0.111,0.123
1985-03-22T11:00,,30.7,62,0.111,0.123
1985-03-22T12:00,,29.8,64,0.111,0.123
1985-03-22T13:00,,28.7,69,0.111,0.123
1985-03-22T14:00,,27.9,73,0.111,0.123
1985-03-22T15:00,,27.4,76,0.111,0.123
1985-03-22T16:00,,26.7,84,0.111,0.123
1985-03-22T17:00,,26.1,86,0.111,0.123
1985-03-22T18:00,,25.3,90,0.111,0.123
1985-03-22T19:00,,24.9,95,0.111,0.123
1985-03-22T20:00,,24.5,96,0.111,0.123
1985-03-22T21:00,,24.3,97,0.111,0.123
1985-03-22T22:00,,24.1,97,0.111,0.123
1985-03-22T23:00,,24.1,97,0.111,0.123
1985-03-23T00:00,,24.1,96,0.111,0.123
1985-03-23T01:00,,23.7,97,0.111,0.123
1985-03-23T02:00,,24.3,97,0.111,0.123
1985-03-23T03:00,,27.1,83,0.111,0.123
1985-03-23T04:00,,28.8,72,0.111,0.123
1985-03-23T05:00,,30.1,65,0.111,0.123
1985-03-23T06:00,,30.8,60,0.111,0.123
1985-03-23T07:00,,30.6,62,0.111,0.123
1985-03-23T08:00,,30.7,61,0.111,0.123
1985-03-23T09:00,,31.1,59,0.111,0.123
1985-03-23T10:00,,31.0,59,0.11,0.123
1985-03-23T11:00,,30.3,62,0.11,0.123
1985-03-23T12:00,,29.6,65,0.11,0.123
1985-03-23T13:00,,28.5,70,0.11,0.123
1985-03-23T14:00,,27.6,75,0.11,0.123
1985-03-23T15:00,,27.1,79,0.11,0.123
1985-03-23T16:00,,26.6,83,0.11,0.123
1985-03-23T17:00,,26.2,86,0.11,0.123
1985-03-23T18:00,,25.6,90,0.11,0.123
1985-03-23T19:00,,25.5,91,0.11,0.123
1985-03-23T20:00,,25.4,91,0.11,0.123
1985-03-23T21:00,,25.5,91,0.11,0.123
1985-03-23T22:00,,25.4,91,0.11,0.123
1985-03-23T23:00,,25.1,93,0.111,0.123
1985-03-24T00:00,,24.4,96,0.111,0.123
1985-03-24T01:00,,24.1,97,0.111,0.123
1985-03-24T02:00,,25.2,91,0.111,0.123
1985-03-24T03:00,,26.4,82,0.111,0.123
1985-03-24T04:00,,28.2,72,0.111,0.123
1985-03-24T05:00,,29.7,64,0.111,0.123
1985-03-24T06:00,,31.0,57,0.111,0.123
1985-03-24T07:00,,32.0,53,0.111,0.123
1985-03-24T08:00,,32.4,51,0.11,0.123
1985-03-24T09:00,,32.4,52,0.11,0.123
1985-03-24T10:00,,31.8,55,0.11,0.123
1985-03-24T11:00,,30.9,59,0.11,0.123
1985-03-24T12:00,,29.7,64,0.11,0.123
1985-03-24T13:00,,28.4,70,0.11,0.123
1985-03-24T14:00,,27.3,76,0.11,0.123
1985-03-24T15:00,,26.6,79,0.11,0.123
1985-03-24T16:00,,26.0,82,0.11,0.123
1985-03-24T17:00,,25.4,85,0.11,0.123
1985-03-24T18:00,,24.8,89,0.11,0.123
1985-03-24T19:00,,24.4,88,0.11,0.123
1985-03-24T20:00,,24.5,87,0.11,0.123
1985-03-24T21:00,,24.3,89,0.11,0.123
1985-03-24T22:00,,24.0,91,0.11,0.123
1985-03-24T23:00,,23.6,93,0.11,0.123
1985-03-25T00:00,,22.3,97,0.11,0.123
1985-03-25T01:00,,21.3,98,0.11,0.123
1985-03-25T02:00,,22.0,98,0.11,0.123
1985-03-25T03:00,,25.0,82,0.11,0.123
1985-03-25T04:00,,27.2,68,0.11,0.123
1985-03-25T05:00,,29.3,58,0.11,0.123
1985-03-25T06:00,,30.9,52,0.11,0.123
1985-03-25T07:00,,32.7,46,0.11,0.123
1985-03-25T08:00,,33.2,46,0.11,0.123
1985-03-25T09:00,,32.7,48,0.11,0.123
1985-03-25T10:00,,31.8,52,0.11,0.123
1985-03-25T11:00,,30.8,56,0.11,0.123
1985-03-25T12:00,,29.7,59,0.11,0.123
1985-03-25T13:00,,28.5,64,0.11,0.123
1985-03-25T14:00,,27.4,69,0.11,0.123
1985-03-25T15:00,,26.7,74,0.11,0.123
1985-03-25T16:00,,26.1,77,0.11,0.123
1985-03-25T17:00,,25.3,82,0.11,0.123
1985-03-25T18:00,,24.5,87,0.11,0.123
1985-03-25T19:00,,24.5,86,0.11,0.123
1985-03-25T20:00,,24.2,87,0.11,0.123
1985-03-25T21:00,,24.4,87,0.11,0.123
1985-03-25T22:00,,24.1,88,0.11,0.123
1985-03-25T23:00,,23.1,93,0.11,0.123
1985-03-26T00:00,,22.4,96,0.11,0.123
1985-03-26T01:00,,21.8,98,0.11,0.123
1985-03-26T02:00,,23.1,95,0.11,0.123
1985-03-26T03:00,,25.5,80,0.11,0.123
1985-03-26T04:00,,27.5,70,0.109,0.123
1985-03-26T05:00,,29.7,60,0.109,0.123
1985-03-26T06:00,,31.7,53,0.109,0.123
1985-03-26T07:00,,33.8,46,0.109,0.123
1985-03-26T08:00,,34.0,48,0.109,0.123
1985-03-26T09:00,,33.0,52,0.109,0.123
1985-03-26T10:00,,31.6,57,0.109,0.123
1985-03-26T11:00,,30.8,58,0.109,0.123
1985-03-26T12:00,,30.0,59,0.109,0.123
1985-03-26T13:00,,29.0,63,0.109,0.123
1985-03-26T14:00,,28.1,67,0.109,0.123
1985-03-26T15:00,,27.4,73,0.109,0.123
1985-03-26T16:00,,26.6,78,0.109,0.123
1985-03-26T17:00,,25.7,84,0.109,0.123
1985-03-26T18:00,,25.7,84,0.109,0.123
1985-03-26T19:00,,25.4,86,0.109,0.123
1985-03-26T20:00,,24.3,91,0.109,0.123
1985-03-26T21:00,,23.5,94,0.109,0.123
1985-03-26T22:00,,23.3,96,0.109,0.123
1985-03-26T23:00,,23.8,95,0.109,0.123
1985-03-27T00:00,,24.4,95,0.109,0.123
1985-03-27T01:00,,24.5,96,0.109,0.123
1985-03-27T02:00,,24.7,96,0.109,0.123
1985-03-27T03:00,,26.3,87,0.11,0.123
1985-03-27T04:00,,28.2,75,0.11,0.123
1985-03-27T05:00,,30.1,65,0.11,0.123
1985-03-27T06:00,,31.3,59,0.109,0.123
1985-03-27T07:00,,32.1,55,0.109,0.123
1985-03-27T08:00,,32.3,55,0.109,0.123
1985-03-27T09:00,,32.0,56,0.109,0.123
1985-03-27T10:00,,31.6,57,0.109,0.123
1985-03-27T11:00,,31.1,59,0.109,0.123
1985-03-27T12:00,,30.0,64,0.109,0.123
1985-03-27T13:00,,28.6,70,0.109,0.123
1985-03-27T14:00,,27.7,74,0.109,0.123
1985-03-27T15:00,,27.1,77,0.109,0.123
1985-03-27T16:00,,26.6,81,0.109,0.123
1985-03-27T17:00,,26.1,85,0.109,0.123
1985-03-27T18:00,,25.9,86,0.109,0.123
1985-03-27T19:00,,25.2,91,0.109,0.123
1985-03-27T20:00,,25.2,91,0.109,0.123
1985-03-27T21:00,,25.1,92,0.109,0.123
1985-03-27T22:00,,24.8,93,0.109,0.123
1985-03-27T23:00,,24.4,95,0.109,0.123
1985-03-28T00:00,,24.0,97,0.109,0.123
1985-03-28T01:00,,23.8,97,0.109,0.123
1985-03-28T02:00,,25.0,93,0.109,0.123
1985-03-28T03:00,,26.7,82,0.109,0.123
1985-03-28T04:00,,27.9,76,0.109,0.123
1985-03-28T05:00,,29.6,68,0.109,0.123
1985-03-28T06:00,,30.9,62,0.109,0.123
1985-03-28T07:00,,31.5,60,0.109,0.123
1985-03-28T08:00,,32.1,57,0.109,0.123
1985-03-28T09:00,,32.2,56,0.109,0.123
1985-03-28T10:00,,32.1,56,0.109,0.123
1985-03-28T11:00,,31.3,59,0.109,0.123
1985-03-28T12:00,,30.2,64,0.109,0.123
1985-03-28T13:00,,28.8,70,0.109,0.123
1985-03-28T14:00,,27.8,75,0.109,0.123
1985-03-28T15:00,,27.2,78,0.109,0.123
1985-03-28T16:00,,26.9,80,0.109,0.123
1985-03-28T17:00,,26.5,82,0.109,0.123
1985-03-28T18:00,,26.0,87,0.109,0.123
1985-03-28T19:00,,26.0,86,0.109,0.123
1985-03-28T20:00,,25.8,87,0.109,0.123
1985-03-28T21:00,,25.1,91,0.109,0.123
1985-03-28T22:00,,24.8,94,0.109,0.123
1985-03-28T23:00,,24.7,94,0.109,0.123
1985-03-29T00:00,,24.3,95,0.109,0.123
1985-03-29T01:00,,24.4,95,0.109,0.123
1985-03-29T02:00,,25.5,90,0.109,0.123
1985-03-29T03:00,,26.9,81,0.109,0.123
1985-03-29T04:00,,28.5,72,0.109,0.123
1985-03-29T05:00,,30.1,63,0.109,0.123
1985-03-29T06:00,,31.1,59,0.109,0.123
1985-03-29T07:00,,32.1,57,0.109,0.123
1985-03-29T08:00,,32.7,55,0.109,0.123
1985-03-29T09:00,,32.6,54,0.11,0.123
1985-03-29T10:00,,32.2,55,0.11,0.123
1985-03-29T11:00,,31.1,62,0.11,0.123
1985-03-29T12:00,,30.0,68,0.11,0.123
1985-03-29T13:00,,28.7,74,0.11,0.123
1985-03-29T14:00,,27.8,78,0.11,0.123
1985-03-29T15:00,,27.3,81,0.11,0.123
1985-03-29T16:00,,26.8,83,0.11,0.123
1985-03-29T17:00,,26.4,86,0.11,0.123
1985-03-29T18:00,,26.0,89,0.11,0.123
1985-03-29T19:00,,26.1,89,0.11,0.123
1985-03-29T20:00,,26.0,89,0.11,0.123
1985-03-29T21:00,,25.9,90,0.11,0.123
1985-03-29T22:00,,25.7,90,0.11,0.123
1985-03-29T23:00,,25.5,91,0.11,0.123
1985-03-30T00:00,,25.3,92,0.11,0.123
1985-03-30T01:00,,25.3,93,0.11,0.123
1985-03-30T02:00,,25.6,90,0.11,0.123
1985-03-30T03:00,,26.7,82,0.11,0.123
1985-03-30T04:00,,28.4,72,0.11,0.123
1985-03-30T05:00,,30.2,63,0.11,0.123
1985-03-30T06:00,,31.6,59,0.11,0.123
1985-03-30T07:00,,32.6,56,0.11,0.123
1985-03-30T08:00,,31.6,61,0.115,0.123
1985-03-30T09:00,,31.6,62,0.116,0.123
1985-03-30T10:00,,31.5,62,0.116,0.123
1985-03-30T11:00,,30.5,65,0.118,0.123
1985-03-30T12:00,,29.6,70,0.118,0.123
1985-03-30T13:00,,28.7,73,0.118,0.123
1985-03-30T14:00,,27.9,77,0.118,0.123
1985-03-30T15:00,,27.5,79,0.118,0.123
1985-03-30T16:00,,27.1,81,0.118,0.123
1985-03-30T17:00,,26.8,83,0.118,0.123
1985-03-30T18:00,,26.3,87,0.118,0.123
1985-03-30T19:00,,26.2,88,0.118,0.123
1985-03-30T20:00,,25.7,91,0.118,0.123
1985-03-30T21:00,,25.3,93,0.118,0.123
1985-03-30T22:00,,25.0,94,0.118,0.123
1985-03-30T23:00,,24.6,95,0.118,0.123
1985-03-31T00:00,,24.7,95,0.118,0.123
1985-03-31T01:00,,24.5,96,0.118,0.123
1985-03-31T02:00,,25.1,95,0.118,0.123
1985-03-31T03:00,,27.1,82,0.118,0.123
1985-03-31T04:00,,28.9,72,0.118,0.123
1985-03-31T05:00,,30.6,64,0.118,0.123
1985-03-31T06:00,,31.9,58,0.117,0.123
1985-03-31T07:00,,33.1,54,0.117,0.123
1985-03-31T08:00,,32.8,53,0.117,0.123
1985-03-31T09:00,,32.7,55,0.118,0.123
1985-03-31T10:00,,32.5,57,0.119,0.123
1985-03-31T11:00,,31.8,59,0.119,0.123
1985-03-31T12:00,,31.1,61,0.119,0.123
1985-03-31T13:00,,29.6,68,0.119,0.123
1985-03-31T14:00,,28.4,73,0.119,0.123
1985-03-31T15:00,,27.8,77,0.119,0.123
1985-03-31T16:00,,27.3,80,0.118,0.123
1985-03-31T17:00,,26.8,83,0.118,0.123
1985-03-31T18:00,,26.2,87,0.118,0.123
1985-03-31T19:00,,25.9,91,0.118,0.123
1985-03-31T20:00,,25.9,91,0.118,0.123
1985-03-31T21:00,,25.2,94,0.118,0.123
1985-03-31T22:00,,24.8,95,0.118,0.123
1985-03-31T23:00,,24.7,96,0.118,0.123
1985-04-01T00:00,,24.4,97,0.118,0.123
1985-04-01T01:00,,24.2,97,0.119,0.123
1985-04-01T02:00,,25.5,91,0.119,0.123
1985-04-01T03:00,,28.0,76,0.119,0.123
1985-04-01T04:00,,29.9,66,0.118,0.123
1985-04-01T05:00,,31.7,59,0.118,0.123
1985-04-01T06:00,,32.9,54,0.118,0.123
1985-04-01T07:00,,33.6,47,0.118,0.123
1985-04-01T08:00,,32.6,52,0.121,0.123
1985-04-01T09:00,,31.8,58,0.122,0.123
1985-04-01T10:00,,31.6,59,0.124,0.123
1985-04-01T11:00,,30.9,62,0.124,0.123
1985-04-01T12:00,,30.5,64,0.124,0.123
1985-04-01T13:00,,29.7,68,0.124,0.123
1985-04-01T14:00,,28.8,74,0.124,0.123
1985-04-01T15:00,,28.1,79,0.124,0.123
1985-04-01T16:00,,27.6,83,0.124,0.123
1985-04-01T17:00,,27.1,86,0.124,0.123
1985-04-01T18:00,,26.6,89,0.124,0.123
1985-04-01T19:00,,26.4,89,0.124,0.123
1985-04-01T20:00,,26.1,91,0.124,0.123
1985-04-01T21:00,,25.7,93,0.124,0.123
1985-04-01T22:00,,25.3,95,0.124,0.123
1985-04-01T23:00,,24.9,96,0.124,0.123
1985-04-02T00:00,,24.5,97,0.124,0.123
1985-04-02T01:00,,24.2,98,0.124,0.123
1985-04-02T02:00,,25.4,91,0.124,0.123
1985-04-02T03:00,,27.7,77,0.124,0.123
1985-04-02T04:00,,30.0,64,0.124,0.123
1985-04-02T05:00,,31.9,56,0.124,0.123
1985-04-02T06:00,,33.4,51,0.123,0.123
1985-04-02T07:00,,34.6,43,0.122,0.123
1985-04-02T08:00,,34.0,47,0.124,0.123
1985-04-02T09:00,,33.7,51,0.123,0.122
1985-04-02T10:00,,32.9,55,0.123,0.122
1985-04-02T11:00,,31.9,60,0.123,0.122
1985-04-02T12:00,,30.7,65,0.123,0.122
1985-04-02T13:00,,29.7,69,0.123,0.122
1985-04-02T14:00,,28.7,75,0.123,0.122
1985-04-02T15:00,,28.0,78,0.122,0.122
1985-04-02T16:00,,27.5,81,0.122,0.122
1985-04-02T17:00,,27.0,83,0.122,0.122
1985-04-02T18:00,,26.6,86,0.122,0.122
1985-04-02T19:00,,26.4,87,0.122,0.123
1985-04-02T20:00,,25.9,90,0.122,0.123
1985-04-02T21:00,,25.5,92,0.122,0.123
1985-04-02T22:00,,25.3,92,0.122,0.123
1985-04-02T23:00,,25.3,92,0.122,0.123
1985-04-03T00:00,,25.0,93,0.122,0.123
1985-04-03T01:00,,24.7,94,0.122,0.123
1985-04-03T02:00,,25.6,90,0.122,0.123
1985-04-03T03:00,,27.3,80,0.122,0.123
1985-04-03T04:00,,29.3,68,0.122,0.123
1985-04-03T05:00,,31.0,59,0.122,0.123
1985-04-03T06:00,,32.3,53,0.121,0.122
1985-04-03T07:00,,33.4,51,0.121,0.122
1985-04-03T08:00,,33.8,49,0.121,0.122
1985-04-03T09:00,,33.8,49,0.12,0.122
1985-04-03T10:00,,33.7,49,0.12,0.122
1985-04-03T11:00,,32.7,53,0.12,0.122
1985-04-03T12:00,,31.4,59,0.12,0.122
1985-04-03T13:00,,29.9,66,0.12,0.122
1985-04-03T14:00,,28.8,71,0.12,0.122
1985-04-03T15:00,,28.1,74,0.12,0.122
1985-04-03T16:00,,27.5,77,0.12,0.122
1985-04-03T17:00,,26.9,80,0.12,0.122
1985-04-03T18:00,,26.2,84,0.119,0.122
1985-04-03T19:00,,25.8,86,0.119,0.122
1985-04-03T20:00,,25.4,87,0.119,0.122
1985-04-03T21:00,,25.1,89,0.119,0.122
1985-04-03T22:00,,24.9,89,0.119,0.122
1985-04-03T23:00,,25.2,88,0.119,0.122
1985-04-04T00:00,,24.7,91,0.119,0.122
1985-04-04T01:00,,24.0,93,0.119,0.122
1985-04-04T02:00,,25.0,91,0.119,0.122
1985-04-04T03:00,,27.8,73,0.119,0.122
1985-04-04T04:00,,29.9,62,0.119,0.122
1985-04-04T05:00,,31.9,52,0.119,0.122
1985-04-04T06:00,,33.7,45,0.119,0.122
1985-04-04T07:00,,34.3,42,0.118,0.122
1985-04-04T08:00,,34.6,41,0.118,0.122
1985-04-04T09:00,,34.4,43,0.118,0.122
1985-04-04T10:00,,33.8,44,0.117,0.122
1985-04-04T11:00,,32.8,47,0.117,0.122
1985-04-04T12:00,,31.5,52,0.117,0.122
1985-04-04T13:00,,30.0,58,0.117,0.122
1985-04-04T14:00,,28.8,64,0.117,0.122
1985-04-04T15:00,,27.9,68,0.117,0.122
1985-04-04T16:00,,27.2,72,0.117,0.122
1985-04-04T17:00,,26.3,76,0.117,0.122
1985-04-04T18:00,,25.2,82,0.117,0.122
1985-04-04T19:00,,24.6,82,0.117,0.122
1985-04-04T20:00,,24.3,83,0.117,0.122
1985-04-04T21:00,,23.9,85,0.117,0.122
1985-04-04T22:00,,23.3,87,0.117,0.122
1985-04-04T23:00,,22.4,91,0.117,0.122
1985-04-05T00:00,,22.2,91,0.117,0.122
1985-04-05T01:00,,22.1,91,0.117,0.122
1985-04-05T02:00,,23.0,90,0.117,0.122
1985-04-05T03:00,,27.0,63,0.117,0.122
1985-04-05T04:00,,29.5,49,0.117,0.122
1985-04-05T05:00,,31.7,38,0.116,0.122
1985-04-05T06:00,,33.4,31,0.116,0.122
1985-04-05T07:00,,34.4,28,0.116,0.122
1985-04-05T08:00,,34.7,30,0.115,0.122
1985-04-05T09:00,,34.3,34,0.115,0.122
1985-04-05T10:00,,33.5,38,0.115,0.122
1985-04-05T11:00,,32.2,44,0.115,0.122
1985-04-05T12:00,,30.7,49,0.115,0.122
1985-04-05T13:00,,29.2,56,0.115,0.122
1985-04-05T14:00,,28.1,62,0.115,0.122
1985-04-05T15:00,,27.3,66,0.114,0.122
1985-04-05T16:00,,26.6,70,0.114,0.122
1985-04-05T17:00,,25.9,73,0.114,0.122
1985-04-05T18:00,,25.1,77,0.114,0.122
1985-04-05T19:00,,24.2,83,0.114,0.122
1985-04-05T20:00,,24.0,83,0.114,0.122
1985-04-05T21:00,,23.6,85,0.114,0.122
1985-04-05T22:00,,23.1,88,0.114,0.122
1985-04-05T23:00,,22.7,90,0.114,0.122
1985-04-06T00:00,,22.5,91,0.114,0.122
1985-04-06T01:00,,22.3,91,0.114,0.122
1985-04-06T02:00,,23.1,91,0.114,0.122
1985-04-06T03:00,,26.7,65,0.114,0.122
1985-04-06T04:00,,28.8,54,0.114,0.122
1985-04-06T05:00,,30.7,46,0.114,0.122
1985-04-06T06:00,,32.2,41,0.114,0.122
1985-04-06T07:00,,32.6,42,0.114,0.122
1985-04-06T08:00,,33.0,42,0.113,0.122
1985-04-06T09:00,,32.9,43,0.113,0.122
1985-04-06T10:00,,32.3,46,0.113,0.122
1985-04-06T11:00,,31.2,48,0.113,0.122
1985-04-06T12:00,,30.1,51,0.113,0.122
1985-04-06T13:00,,28.8,57,0.113,0.122
1985-04-06T14:00,,27.6,63,0.113,0.122
1985-04-06T15:00,,26.8,68,0.113,0.122
1985-04-06T16:00,,26.1,72,0.113,0.122
1985-04-06T17:00,,25.3,76,0.113,0.122
1985-04-06T18:00,,24.4,80,0.113,0.122
1985-04-06T19:00,,23.8,84,0.113,0.122
1985-04-06T20:00,,23.6,85,0.113,0.122
1985-04-06T21:00,,23.0,88,0.113,0.122
1985-04-06T22:00,,22.6,90,0.113,0.122
1985-04-06T23:00,,22.6,89,0.113,0.122
1985-04-07T00:00,,22.9,89,0.113,0.122
1985-04-07T01:00,,22.7,90,0.113,0.122
1985-04-07T02:00,,23.5,88,0.113,0.122
1985-04-07T03:00,,26.2,69,0.113,0.122
1985-04-07T04:00,,28.3,57,0.113,0.122
1985-04-07T05:00,,30.0,49,0.112,0.122
1985-04-07T06:00,,31.4,45,0.112,0.122
1985-04-07T07:00,,32.6,40,0.112,0.122
1985-04-07T08:00,,32.9,41,0.112,0.122
1985-04-07T09:00,,32.8,42,0.112,0.122
1985-04-07T10:00,,32.4,43,0.112,0.122
1985-04-07T11:00,,31.4,47,0.111,0.122
1985-04-07T12:00,,30.1,53,0.111,0.122
1985-04-07T13:00,,28.7,59,0.111,0.122
1985-04-07T14:00,,27.5,65,0.111,0.122
1985-04-07T15:00,,26.7,69,0.111,0.122
1985-04-07T16:00,,26.1,72,0.111,0.122
1985-04-07T17:00,,25.5,75,0.111,0.122
1985-04-07T18:00,,24.8,79,0.111,0.122
1985-04-07T19:00,,25.1,80,0.111,0.122
1985-04-07T20:00,,24.8,82,0.111,0.122
1985-04-07T21:00,,24.4,85,0.111,0.122
1985-04-07T22:00,,24.1,88,0.111,0.122
1985-04-07T23:00,,23.9,89,0.111,0.122
1985-04-08T00:00,,23.0,93,0.111,0.122
1985-04-08T01:00,,22.0,96,0.111,0.122
1985-04-08T02:00,,23.7,90,0.111,0.122
1985-04-08T03:00,,26.5,72,0.111,0.122
1985-04-08T04:00,,28.4,63,0.111,0.122
1985-04-08T05:00,,30.0,54,0.111,0.122
1985-04-08T06:00,,31.5,47,0.111,0.122
1985-04-08T07:00,,32.6,43,0.111,0.122
1985-04-08T08:00,,33.0,42,0.111,0.122
1985-04-08T09:00,,32.9,42,0.111,0.122
1985-04-08T10:00,,32.3,44,0.11,0.122
1985-04-08T11:00,,31.5,47,0.11,0.122
1985-04-08T12:00,,30.4,51,0.11,0.122
1985-04-08T13:00,,29.0,57,0.11,0.122
1985-04-08T14:00,,27.8,64,0.11,0.122
1985-04-08T15:00,,26.9,70,0.11,0.122
1985-04-08T16:00,,26.3,74,0.11,0.122
1985-04-08T17:00,,25.7,78,0.11,0.122
1985-04-08T18:00,,25.0,82,0.11,0.122
1985-04-08T19:00,,24.4,84,0.11,0.122
1985-04-08T20:00,,23.9,88,0.11,0.122
1985-04-08T21:00,,23.4,91,0.11,0.122
1985-04-08T22:00,,23.1,92,0.11,0.122
1985-04-08T23:00,,23.1,92,0.11,0.122
1985-04-09T00:00,,22.9,93,0.11,0.122
1985-04-09T01:00,,22.6,94,0.11,0.122
1985-04-09T02:00,,24.1,87,0.11,0.122
1985-04-09T03:00,,26.4,73,0.11,0.122
1985-04-09T04:00,,28.2,64,0.11,0.122
1985-04-09T05:00,,29.8,57,0.11,0.122
1985-04-09T06:00,,31.2,53,0.11,0.122
1985-04-09T07:00,,32.2,52,0.11,0.122
1985-04-09T08:00,,32.4,52,0.11,0.122
1985-04-09T09:00,,32.3,53,0.11,0.122
1985-04-09T10:00,,31.8,55,0.11,0.122
1985-04-09T11:00,,30.7,60,0.11,0.122
1985-04-09T12:00,,29.5,64,0.11,0.122
1985-04-09T13:00,,28.2,69,0.11,0.122
1985-04-09T14:00,,27.4,72,0.11,0.122
1985-04-09T15:00,,26.8,74,0.11,0.122
1985-04-09T16:00,,26.4,76,0.11,0.122
1985-04-09T17:00,,25.9,78,0.11,0.122
1985-04-09T18:00,,25.5,81,0.11,0.122
1985-04-09T19:00,,25.2,83,0.11,0.122
1985-04-09T20:00,,24.8,86,0.11,0.122
1985-04-09T21:00,,24.7,87,0.11,0.122
1985-04-09T22:00,,24.4,88,0.11,0.122
1985-04-09T23:00,,24.2,89,0.11,0.122
1985-04-10T00:00,,24.0,90,0.11,0.122
1985-04-10T01:00,,23.8,91,0.11,0.122
1985-04-10T02:00,,24.7,85,0.11,0.122
1985-04-10T03:00,,26.9,72,0.11,0.122
1985-04-10T04:00,,29.0,60,0.11,0.122
1985-04-10T05:00,,30.9,52,0.109,0.122
1985-04-10T06:00,,32.4,48,0.109,0.122
1985-04-10T07:00,,33.3,47,0.109,0.122
1985-04-10T08:00,,33.5,47,0.109,0.122
1985-04-10T09:00,,33.3,49,0.109,0.122
1985-04-10T10:00,,32.8,51,0.109,0.122
1985-04-10T11:00,,31.9,55,0.109,0.122
1985-04-10T12:00,,30.7,60,0.109,0.122
1985-04-10T13:00,,29.2,66,0.109,0.122
1985-04-10T14:00,,28.1,72,0.109,0.122
1985-04-10T15:00,,27.4,76,0.109,0.122
1985-04-10T16:00,,26.8,80,0.109,0.122
1985-04-10T17:00,,26.3,83,0.109,0.122
1985-04-10T18:00,,25.9,84,0.109,0.122
1985-04-10T19:00,,25.6,87,0.109,0.122
1985-04-10T20:00,,25.2,89,0.109,0.122
1985-04-10T21:00,,24.8,91,0.109,0.122
1985-04-10T22:00,,24.5,93,0.109,0.122
1985-04-10T23:00,,24.5,93,0.109,0.122
1985-04-11T00:00,,24.4,93,0.109,0.122
1985-04-11T01:00,,24.0,95,0.109,0.122
1985-04-11T02:00,,25.1,88,0.109,0.122
1985-04-11T03:00,,26.8,79,0.109,0.122
1985-04-11T04:00,,29.0,66,0.109,0.122
1985-04-11T05:00,,31.4,55,0.109,0.122
1985-04-11T06:00,,33.3,47,0.109,0.122
1985-04-11T07:00,,34.0,50,0.109,0.122
1985-04-11T08:00,,33.9,51,0.109,0.122
1985-04-11T09:00,,33.2,54,0.109,0.122
1985-04-11T10:00,,32.1,57,0.109,0.122
1985-04-11T11:00,,31.2,57,0.109,0.122
1985-04-11T12:00,,30.0,59,0.109,0.122
1985-04-11T13:00,,28.9,64,0.109,0.122
1985-04-11T14:00,,28.0,68,0.109,0.122
1985-04-11T15:00,,27.3,72,0.109,0.122
1985-04-11T16:00,,26.7,75,0.109,0.122
1985-04-11T17:00,,26.1,78,0.109,0.122
1985-04-11T18:00,,25.5,82,0.109,0.122
1985-04-11T19:00,,25.1,84,0.109,0.122
1985-04-11T20:00,,24.5,88,0.109,0.122
1985-04-11T21:00,,24.2,90,0.109,0.122
1985-04-11T22:00,,24.1,90,0.109,0.122
1985-04-11T23:00,,24.2,89,0.109,0.122
1985-04-12T00:00,,24.0,89,0.109,0.122
1985-04-12T01:00,,23.0,93,0.109,0.122
1985-04-12T02:00,,24.5,88,0.109,0.122
1985-04-12T03:00,,26.9,73,0.109,0.122
1985-04-12T04:00,,29.0,60,0.109,0.122
1985-04-12T05:00,,30.8,51,0.108,0.122
1985-04-12T06:00,,32.3,45,0.108,0.122
1985-04-12T07:00,,33.1,47,0.108,0.122
1985-04-12T08:00,,33.4,47,0.108,0.122
1985-04-12T09:00,,33.0,49,0.108,0.122
1985-04-12T10:00,,32.1,52,0.108,0.122
1985-04-12T11:00,,31.2,54,0.108,0.122
1985-04-12T12:00,,30.1,57,0.108,0.122
1985-04-12T13:00,,28.8,62,0.108,0.122
1985-04-12T14:00,,27.7,67,0.108,0.122
1985-04-12T15:00,,26.9,72,0.108,0.122
1985-04-12T16:00,,26.3,76,0.108,0.122
1985-04-12T17:00,,25.8,79,0.108,0.122
1985-04-12T18:00,,25.3,83,0.108,0.122
1985-04-12T19:00,,25.0,86,0.108,0.122
1985-04-12T20:00,,24.6,89,0.108,0.122
1985-04-12T21:00,,24.5,89,0.108,0.122
1985-04-12T22:00,,24.5,89,0.108,0.122
1985-04-12T23:00,,24.3,90,0.108,0.122
1985-04-13T00:00,,24.1,92,0.108,0.122
1985-04-13T01:00,,24.0,92,0.108,0.122
1985-04-13T02:00,,24.8,87,0.108,0.122
1985-04-13T03:00,,26.4,76,0.108,0.122
1985-04-13T04:00,,28.1,66,0.108,0.122
1985-04-13T05:00,,30.0,56,0.108,0.122
1985-04-13T06:00,,31.6,51,0.108,0.122
1985-04-13T07:00,,32.6,51,0.108,0.122
1985-04-13T08:00,,32.6,52,0.108,0.122
1985-04-13T09:00,,32.0,54,0.108,0.122
1985-04-13T10:00,,31.4,55,0.108,0.122
1985-04-13T11:00,,30.5,57,0.108,0.122
1985-04-13T12:00,,29.6,60,0.108,0.122
1985-04-13T13:00,,28.5,64,0.108,0.122
1985-04-13T14:00,,27.6,69,0.108,0.122
1985-04-13T15:00,,27.1,72,0.108,0.122
1985-04-13T16:00,,26.5,76,0.108,0.122
1985-04-13T17:00,,26.0,79,0.108,0.122
1985-04-13T18:00,,25.6,82,0.108,0.122
1985-04-13T19:00,,25.6,83,0.108,0.122
1985-04-13T20:00,,25.4,84,0.108,0.122
1985-04-13T21:00,,25.1,85,0.108,0.122
1985-04-13T22:00,,24.7,88,0.108,0.122
1985-04-13T23:00,,24.5,90,0.108,0.122
1985-04-14T00:00,,24.3,91,0.108,0.122
1985-04-14T01:00,,24.2,92,0.108,0.122
1985-04-14T02:00,,25.1,86,0.108,0.122
1985-04-14T03:00,,26.6,74,0.108,0.122
1985-04-14T04:00,,28.4,65,0.108,0.122
1985-04-14T05:00,,29.7,58,0.108,0.122
1985-04-14T06:00,,31.0,53,0.108,0.122
1985-04-14T07:00,,31.8,50,0.108,0.122
1985-04-14T08:00,,32.1,50,0.108,0.122
1985-04-14T09:00,,32.1,50,0.108,0.122
1985-04-14T10:00,,31.6,52,0.108,0.122
1985-04-14T11:00,,30.8,55,0.108,0.122
1985-04-14T12:00,,29.7,59,0.108,0.122
1985-04-14T13:00,,28.5,64,0.108,0.122
1985-04-14T14:00,,27.6,69,0.108,0.122
1985-04-14T15:00,,27.0,73,0.108,0.122
1985-04-14T16:00,,26.4,76,0.108,0.122
1985-04-14T17:00,,26.0,78,0.108,0.122
1985-04-14T18:00,,25.5,81,0.108,0.122
1985-04-14T19:00,,25.0,80,0.108,0.122
1985-04-14T20:00,,24.4,84,0.108,0.122
1985-04-14T21:00,,23.6,88,0.108,0.122
1985-04-14T22:00,,23.1,91,0.108,0.122
1985-04-14T23:00,,22.9,91,0.108,0.122
1985-04-15T00:00,,22.7,92,0.108,0.122
1985-04-15T01:00,,22.1,94,0.108,0.122
1985-04-15T02:00,,23.3,92,0.108,0.122
1985-04-15T03:00,,25.9,72,0.108,0.122
1985-04-15T04:00,,28.1,58,0.108,0.122
1985-04-15T05:00,,29.8,49,0.108,0.122
1985-04-15T06:00,,31.2,44,0.108,0.122
1985-04-15T07:00,,31.7,48,0.108,0.122
1985-04-15T08:00,,32.2,46,0.108,0.122
1985-04-15T09:00,,32.3,46,0.108,0.122
1985-04-15T10:00,,31.8,47,0.108,0.122
1985-04-15T11:00,,31.1,49,0.108,0.122
1985-04-15T12:00,,30.0,52,0.108,0.122
1985-04-15T13:00,,28.6,57,0.107,0.122
1985-04-15T14:00,,27.6,62,0.107,0.122
1985-04-15T15:00,,26.9,65,0.107,0.122
1985-04-15T16:00,,26.3,69,0.107,0.122
1985-04-15T17:00,,25.7,72,0.107,0.122
1985-04-15T18:00,,25.2,74,0.107,0.122
1985-04-15T19:00,,24.6,79,0.107,0.122
1985-04-15T20:00,,24.0,82,0.107,0.122
1985-04-15T21:00,,23.4,85,0.107,0.122
1985-04-15T22:00,,22.8,88,0.107,0.122
1985-04-15T23:00,,22.3,90,0.107,0.122
1985-04-16T00:00,,22.0,90,0.107,0.122
1985-04-16T01:00,,21.5,92,0.107,0.122
1985-04-16T02:00,,23.4,84,0.108,0.122
1985-04-16T03:00,,26.7,60,0.107,0.122
1985-04-16T04:00,,29.2,46,0.107,0.122
1985-04-16T05:00,,31.1,38,0.107,0.122
1985-04-16T06:00,,32.9,34,0.107,0.122
1985-04-16T07:00,,33.6,37,0.107,0.122
1985-04-16T08:00,,33.9,39,0.107,0.122
1985-04-16T09:00,,33.3,43,0.107,0.122
1985-04-16T10:00,,32.3,47,0.107,0.122
1985-04-16T11:00,,31.3,49,0.107,0.122
1985-04-16T12:00,,30.3,51,0.107,0.122
1985-04-16T13:00,,29.0,56,0.107,0.122
1985-04-16T14:00,,27.9,62,0.107,0.122
1985-04-16T15:00,,27.1,66,0.107,0.122
1985-04-16T16:00,,26.4,70,0.107,0.122
1985-04-16T17:00,,25.8,74,0.107,0.122
1985-04-16T18:00,,25.1,78,0.107,0.122
1985-04-16T19:00,,24.2,85,0.107,0.122
1985-04-16T20:00,,23.9,87,0.107,0.122
1985-04-16T21:00,,23.7,88,0.107,0.122
1985-04-16T22:00,,23.7,88,0.107,0.122
1985-04-16T23:00,,23.3,90,0.107,0.122
1985-04-17T00:00,,22.8,91,0.107,0.122
1985-04-17T01:00,,22.3,94,0.107,0.122
1985-04-17T02:00,,23.9,88,0.107,0.122
1985-04-17T03:00,,26.1,74,0.107,0.122
1985-04-17T04:00,,28.2,61,0.107,0.122
1985-04-17T05:00,,30.3,51,0.107,0.122
1985-04-17T06:00,,31.8,45,0.107,0.122
1985-04-17T07:00,,32.5,47,0.107,0.122
1985-04-17T08:00,,32.6,48,0.107,0.122
1985-04-17T09:00,,32.2,49,0.107,0.122
1985-04-17T10:00,,31.7,50,0.107,0.122
1985-04-17T11:00,,30.8,53,0.107,0.122
1985-04-17T12:00,,29.8,56,0.107,0.122
1985-04-17T13:00,,28.6,61,0.107,0.122
1985-04-17T14:00,,27.5,66,0.107,0.122
1985-04-17T15:00,,26.7,71,0.107,0.122
1985-04-17T16:00,,26.1,75,0.107,0.122
1985-04-17T17:00,,25.5,78,0.107,0.122
1985-04-17T18:00,,25.0,82,0.107,0.122
1985-04-17T19:00,,24.3,88,0.107,0.122
1985-04-17T20:00,,24.6,87,0.107,0.122
1985-04-17T21:00,,24.4,88,0.107,0.122
1985-04-17T22:00,,24.2,90,0.107,0.122
1985-04-17T23:00,,24.1,91,0.107,0.122
1985-04-18T00:00,,23.7,93,0.107,0.122
1985-04-18T01:00,,23.5,94,0.107,0.122
1985-04-18T02:00,,24.5,88,0.107,0.122
1985-04-18T03:00,,25.9,79,0.107,0.122
1985-04-18T04:00,,27.8,68,0.107,0.122
1985-04-18T05:00,,29.5,60,0.107,0.122
1985-04-18T06:00,,31.0,52,0.107,0.122
1985-04-18T07:00,,32.4,51,0.107,0.122
1985-04-18T08:00,,32.6,51,0.107,0.122
1985-04-18T09:00,,32.2,53,0.107,0.122
1985-04-18T10:00,,31.7,55,0.107,0.122
1985-04-18T11:00,,30.8,58,0.107,0.122
1985-04-18T12:00,,29.6,62,0.107,0.122
1985-04-18T13:00,,28.4,66,0.107,0.122
1985-04-18T14:00,,27.4,71,0.107,0.122
1985-04-18T15:00,,26.8,75,0.107,0.122
1985-04-18T16:00,,26.3,78,0.107,0.122
1985-04-18T17:00,,26.0,80,0.107,0.122
1985-04-18T18:00,,25.7,82,0.107,0.122
1985-04-18T19:00,,25.7,83,0.107,0.122
1985-04-18T20:00,,25.1,86,0.107,0.122
1985-04-18T21:00,,25.0,87,0.107,0.122
1985-04-18T22:00,,25.1,86,0.107,0.122
1985-04-18T23:00,,25.0,87,0.107,0.122
1985-04-19T00:00,,24.8,89,0.107,0.122
1985-04-19T01:00,,24.4,92,0.107,0.122
1985-04-19T02:00,,25.2,85,0.107,0.122
1985-04-19T03:00,,26.7,77,0.107,0.122
1985-04-19T04:00,,28.5,67,0.107,0.122
1985-04-19T05:00,,29.9,60,0.107,0.122
1985-04-19T06:00,,31.4,54,0.107,0.122
1985-04-19T07:00,,32.3,53,0.107,0.122
1985-04-19T08:00,,32.6,52,0.107,0.122
1985-04-19T09:00,,32.7,52,0.107,0.122
1985-04-19T10:00,,32.5,53,0.107,0.122
1985-04-19T11:00,,31.7,56,0.107,0.122
1985-04-19T12:00,,29.9,64,0.107,0.122
1985-04-19T13:00,,28.5,70,0.107,0.122
1985-04-19T14:00,,27.6,74,0.107,0.122
1985-04-19T15:00,,27.2,76,0.107,0.122
1985-04-19T16:00,,26.8,78,0.107,0.122
1985-04-19T17:00,,26.5,79,0.107,0.122
1985-04-19T18:00,,26.2,81,0.107,0.122
1985-04-19T19:00,,25.9,83,0.107,0.122
1985-04-19T20:00,,25.3,87,0.107,0.122
1985-04-19T21:00,,25.1,87,0.107,0.122
1985-04-19T22:00,,24.7,89,0.107,0.122
1985-04-19T23:00,,24.4,91,0.107,0.122
1985-04-20T00:00,,24.3,92,0.107,0.122
1985-04-20T01:00,,24.2,93,0.107,0.122
1985-04-20T02:00,,25.5,84,0.107,0.122
1985-04-20T03:00,,27.0,75,0.107,0.122
1985-04-20T04:00,,28.7,66,0.107,0.122
1985-04-20T05:00,,30.8,58,0.107,0.122
1985-04-20T06:00,,32.6,52,0.107,0.122
1985-04-20T07:00,,33.7,50,0.107,0.122
1985-04-20T08:00,,33.7,51,0.108,0.122
1985-04-20T09:00,,32.8,55,0.109,0.122
1985-04-20T10:00,,32.1,57,0.109,0.122
1985-04-20T11:00,,31.2,60,0.109,0.122
1985-04-20T12:00,,30.4,63,0.109,0.122
1985-04-20T13:00,,29.3,68,0.109,0.122
1985-04-20T14:00,,28.4,73,0.109,0.122
1985-04-20T15:00,,27.9,77,0.109,0.122
1985-04-20T16:00,,27.6,79,0.109,0.122
1985-04-20T17:00,,27.3,81,0.109,0.122
1985-04-20T18:00,,26.7,85,0.109,0.122
1985-04-20T19:00,,26.3,90,0.109,0.122
1985-04-20T20:00,,25.9,91,0.109,0.122
1985-04-20T21:00,,26.1,91,0.109,0.122
1985-04-20T22:00,,25.6,94,0.109,0.122
1985-04-20T23:00,,25.6,94,0.109,0.122
1985-04-21T00:00,,25.3,95,0.109,0.122
1985-04-21T01:00,,25.0,96,0.109,0.122
1985-04-21T02:00,,26.1,92,0.109,0.122
1985-04-21T03:00,,28.0,80,0.109,0.122
1985-04-21T04:00,,29.9,70,0.109,0.122
1985-04-21T05:00,,31.9,61,0.109,0.122
1985-04-21T06:00,,33.4,56,0.108,0.122
1985-04-21T07:00,,34.3,53,0.108,0.122
1985-04-21T08:00,,34.7,52,0.108,0.122
1985-04-21T09:00,,34.0,55,0.109,0.122
1985-04-21T10:00,,33.3,58,0.109,0.122
1985-04-21T11:00,,32.4,62,0.109,0.122
1985-04-21T12:00,,31.4,66,0.109,0.122
1985-04-21T13:00,,30.1,71,0.109,0.122
1985-04-21T14:00,,29.2,75,0.109,0.122
1985-04-21T15:00,,28.6,78,0.109,0.122
1985-04-21T16:00,,28.2,81,0.109,0.122
1985-04-21T17:00,,27.7,83,0.11,0.122
1985-04-21T18:00,,27.2,85,0.111,0.122
1985-04-21T19:00,,27.0,90,0.111,0.122
1985-04-21T20:00,,26.7,90,0.111,0.122
1985-04-21T21:00,,26.3,91,0.111,0.122
1985-04-21T22:00,,25.9,91,0.112,0.122
1985-04-21T23:00,,25.7,91,0.112,0.122
1985-04-22T00:00,,25.6,92,0.113,0.122
1985-04-22T01:00,,25.5,93,0.113,0.122
1985-04-22T02:00,,26.5,89,0.113,0.122
1985-04-22T03:00,,28.2,79,0.114,0.122
1985-04-22T04:00,,30.2,69,0.113,0.122
1985-04-22T05:00,,31.6,63,0.113,0.122
1985-04-22T06:00,,33.1,57,0.113,0.122
1985-04-22T07:00,,34.0,54,0.113,0.122
1985-04-22T08:00,,34.3,54,0.113,0.122
1985-04-22T09:00,,33.9,55,0.113,0.122
1985-04-22T10:00,,33.2,58,0.113,0.122
1985-04-22T11:00,,31.9,63,0.113,0.122
1985-04-22T12:00,,30.6,69,0.113,0.122
1985-04-22T13:00,,29.5,73,0.113,0.122
1985-04-22T14:00,,28.7,76,0.113,0.122
1985-04-22T15:00,,28.3,78,0.113,0.122
1985-04-22T16:00,,28.0,80,0.113,0.122
1985-04-22T17:00,,27.7,82,0.113,0.122
1985-04-22T18:00,,27.6,84,0.113,0.122
1985-04-22T19:00,,27.3,84,0.113,0.122
1985-04-22T20:00,,27.1,85,0.113,0.122
1985-04-22T21:00,,26.8,87,0.113,0.122
1985-04-22T22:00,,26.7,87,0.113,0.122
1985-04-22T23:00,,26.5,88,0.113,0.122
1985-04-23T00:00,,26.4,89,0.113,0.122
1985-04-23T01:00,,26.3,90,0.113,0.122
1985-04-23T02:00,,27.1,84,0.113,0.122
1985-04-23T03:00,,28.5,76,0.113,0.122
1985-04-23T04:00,,29.7,69,0.113,0.122
1985-04-23T05:00,,30.6,64,0.113,0.122
1985-04-23T06:00,,32.2,57,0.113,0.122
1985-04-23T07:00,,32.8,56,0.114,0.122
1985-04-23T08:00,,32.8,57,0.115,0.122
1985-04-23T09:00,,32.7,58,0.115,0.122
1985-04-23T10:00,,32.1,61,0.116,0.122
1985-04-23T11:00,,31.6,62,0.116,0.122
1985-04-23T12:00,,30.8,65,0.116,0.122
1985-04-23T13:00,,29.8,70,0.116,0.122
1985-04-23T14:00,,28.9,76,0.116,0.122
1985-04-23T15:00,,28.5,79,0.116,0.122
1985-04-23T16:00,,28.1,82,0.116,0.122
1985-04-23T17:00,,27.8,84,0.116,0.122
1985-04-23T18:00,,27.5,86,0.116,0.122
1985-04-23T19:00,,27.3,84,0.116,0.122
1985-04-23T20:00,,27.2,84,0.116,0.122
1985-04-23T21:00,,27.1,85,0.116,0.122
1985-04-23T22:00,,27.0,85,0.117,0.122
1985-04-23T23:00,,26.8,86,0.117,0.122
1985-04-24T00:00,,26.5,88,0.117,0.122
1985-04-24T01:00,,26.4,89,0.117,0.122
1985-04-24T02:00,,26.8,87,0.118,0.122
1985-04-24T03:00,,27.9,81,0.118,0.122
1985-04-24T04:00,,29.3,72,0.118,0.122
1985-04-24T05:00,,30.9,62,0.117,0.122
1985-04-24T06:00,,32.4,53,0.117,0.122
1985-04-24T07:00,,32.8,53,0.117,0.122
1985-04-24T08:00,,33.4,50,0.116,0.122
1985-04-24T09:00,,33.2,50,0.116,0.122
1985-04-24T10:00,,32.8,50,0.116,0.122
1985-04-24T11:00,,31.9,51,0.116,0.122
1985-04-24T12:00,,30.7,55,0.115,0.122
1985-04-24T13:00,,29.4,60,0.115,0.122
1985-04-24T14:00,,28.3,67,0.115,0.122
1985-04-24T15:00,,27.6,72,0.115,0.122
1985-04-24T16:00,,27.1,76,0.115,0.122
1985-04-24T17:00,,26.5,80,0.115,0.122
1985-04-24T18:00,,25.7,86,0.115,0.122
1985-04-24T19:00,,25.0,91,0.115,0.122
1985-04-24T20:00,,24.8,91,0.115,0.122
1985-04-24T21:00,,24.9,91,0.115,0.122
1985-04-24T22:00,,25.1,90,0.115,0.122
1985-04-24T23:00,,24.6,92,0.115,0.122
1985-04-25T00:00,,24.1,94,0.115,0.122
1985-04-25T01:00,,23.9,96,0.115,0.122
1985-04-25T02:00,,25.3,88,0.115,0.122
1985-04-25T03:00,,27.1,77,0.115,0.122
1985-04-25T04:00,,28.8,67,0.115,0.122
1985-04-25T05:00,,30.9,57,0.115,0.122
1985-04-25T06:00,,32.5,51,0.115,0.122
1985-04-25T07:00,,33.1,52,0.114,0.122
1985-04-25T08:00,,33.4,53,0.114,0.122
1985-04-25T09:00,,32.8,56,0.115,0.122
1985-04-25T10:00,,32.7,57,0.115,0.122
1985-04-25T11:00,,31.8,59,0.115,0.122
1985-04-25T12:00,,30.8,62,0.115,0.122
1985-04-25T13:00,,29.5,67,0.115,0.122
1985-04-25T14:00,,28.5,72,0.115,0.122
1985-04-25T15:00,,27.8,76,0.115,0.122
1985-04-25T16:00,,27.3,79,0.115,0.122
1985-04-25T17:00,,26.7,83,0.115,0.122
1985-04-25T18:00,,25.9,88,0.115,0.122
1985-04-25T19:00,,25.6,89,0.115,0.122
1985-04-25T20:00,,25.9,88,0.115,0.122
1985-04-25T21:00,,25.7,89,0.115,0.122
1985-04-25T22:00,,25.4,91,0.115,0.122
1985-04-25T23:00,,25.3,93,0.115,0.122
1985-04-26T00:00,,25.0,94,0.115,0.122
1985-04-26T01:00,,24.7,95,0.115,0.122
1985-04-26T02:00,,25.5,90,0.115,0.122
1985-04-26T03:00,,27.1,79,0.115,0.122
1985-04-26T04:00,,28.8,69,0.114,0.122
1985-04-26T05:00,,30.5,59,0.114,0.122
1985-04-26T06:00,,32.1,52,0.114,0.122
1985-04-26T07:00,,32.7,50,0.114,0.122
1985-04-26T08:00,,33.3,49,0.114,0.122
1985-04-26T09:00,,33.0,50,0.113,0.122
1985-04-26T10:00,,32.7,52,0.113,0.122
1985-04-26T11:00,,31.7,56,0.113,0.122
1985-04-26T12:00,,30.6,61,0.113,0.122
1985-04-26T13:00,,29.3,67,0.113,0.122
1985-04-26T14:00,,28.3,72,0.113,0.122
1985-04-26T15:00,,27.6,76,0.113,0.122
1985-04-26T16:00,,27.1,78,0.113,0.122
1985-04-26T17:00,,26.6,80,0.113,0.122
1985-04-26T18:00,,26.1,82,0.113,0.122
1985-04-26T19:00,,25.8,84,0.113,0.122
1985-04-26T20:00,,25.1,88,0.113,0.122
1985-04-26T21:00,,24.7,91,0.113,0.122
1985-04-26T22:00,,25.0,89,0.113,0.122
1985-04-26T23:00,,24.6,91,0.113,0.122
1985-04-27T00:00,,23.8,95,0.113,0.122
1985-04-27T01:00,,23.5,96,0.113,0.122
1985-04-27T02:00,,25.2,86,0.113,0.122
1985-04-27T03:00,,27.1,75,0.113,0.122
1985-04-27T04:00,,29.3,61,0.113,0.122
1985-04-27T05:00,,31.5,50,0.113,0.122
1985-04-27T06:00,,33.2,44,0.112,0.122
1985-04-27T07:00,,34.3,42,0.112,0.122
1985-04-27T08:00,,34.7,42,0.112,0.122
1985-04-27T09:00,,34.3,44,0.112,0.122
1985-04-27T10:00,,33.7,47,0.112,0.122
1985-04-27T11:00,,32.7,51,0.112,0.122
1985-04-27T12:00,,31.3,55,0.112,0.122
1985-04-27T13:00,,29.9,61,0.112,0.122
1985-04-27T14:00,,28.7,66,0.112,0.122
1985-04-27T15:00,,27.9,70,0.112,0.122
1985-04-27T16:00,,27.2,74,0.112,0.122
1985-04-27T17:00,,26.7,76,0.112,0.122
1985-04-27T18:00,,26.1,78,0.112,0.122
1985-04-27T19:00,,25.9,79,0.112,0.122
1985-04-27T20:00,,25.2,83,0.112,0.122
1985-04-27T21:00,,24.4,88,0.112,0.122
1985-04-27T22:00,,24.9,86,0.112,0.122
1985-04-27T23:00,,24.7,88,0.112,0.122
1985-04-28T00:00,,24.3,89,0.112,0.122
1985-04-28T01:00,,23.4,93,0.112,0.122
1985-04-28T02:00,,25.2,85,0.112,0.122
1985-04-28T03:00,,27.3,73,0.112,0.122
1985-04-28T04:00,,29.6,60,0.111,0.122
1985-04-28T05:00,,31.8,51,0.111,0.122
1985-04-28T06:00,,33.6,45,0.111,0.122
1985-04-28T07:00,,34.7,44,0.111,0.122
1985-04-28T08:00,,34.9,45,0.111,0.122
1985-04-28T09:00,,34.4,48,0.111,0.122
1985-04-28T10:00,,33.1,53,0.111,0.122
1985-04-28T11:00,,32.3,55,0.111,0.122
1985-04-28T12:00,,31.1,57,0.111,0.122
1985-04-28T13:00,,30.0,62,0.111,0.122
1985-04-28T14:00,,28.8,68,0.111,0.122
1985-04-28T15:00,,28.0,73,0.111,0.122
1985-04-28T16:00,,27.4,78,0.111,0.122
1985-04-28T17:00,,26.9,81,0.111,0.122
1985-04-28T18:00,,26.1,87,0.111,0.122
1985-04-28T19:00,,25.7,90,0.111,0.122
1985-04-28T20:00,,25.1,93,0.111,0.122
1985-04-28T21:00,,25.2,93,0.111,0.122
1985-04-28T22:00,,25.5,92,0.111,0.122
1985-04-28T23:00,,25.6,92,0.111,0.122
1985-04-29T00:00,,25.4,93,0.111,0.122
1985-04-29T01:00,,25.6,93,0.111,0.122
1985-04-29T02:00,,26.3,88,0.111,0.122
1985-04-29T03:00,,27.8,79,0.111,0.122
1985-04-29T04:00,,28.9,72,0.111,0.122
1985-04-29T05:00,,30.6,64,0.111,0.122
1985-04-29T06:00,,32.1,58,0.111,0.122
1985-04-29T07:00,,33.6,55,0.11,0.122
1985-04-29T08:00,,33.4,57,0.111,0.122
1985-04-29T09:00,,33.6,56,0.111,0.122
1985-04-29T10:00,,33.1,58,0.111,0.122
1985-04-29T11:00,,32.1,61,0.111,0.122
1985-04-29T12:00,,31.0,64,0.111,0.122
1985-04-29T13:00,,29.7,70,0.111,0.122
1985-04-29T14:00,,28.6,76,0.111,0.122
1985-04-29T15:00,,28.1,79,0.111,0.122
1985-04-29T16:00,,27.7,81,0.111,0.122
1985-04-29T17:00,,27.4,83,0.111,0.122
1985-04-29T18:00,,27.3,84,0.111,0.122
1985-04-29T19:00,,26.9,87,0.111,0.122
1985-04-29T20:00,,26.8,87,0.112,0.122
1985-04-29T21:00,,26.6,88,0.112,0.122
1985-04-29T22:00,,26.5,89,0.112,0.122
1985-04-29T23:00,,26.1,92,0.112,0.122
1985-04-30T00:00,,26.5,90,0.113,0.122
1985-04-30T01:00,,26.4,90,0.113,0.122
1985-04-30T02:00,,26.7,87,0.113,0.122
1985-04-30T03:00,,28.3,78,0.113,0.122
1985-04-30T04:00,,30.0,67,0.112,0.122
1985-04-30T05:00,,31.3,60,0.112,0.122
1985-04-30T06:00,,32.5,55,0.112,0.122
1985-04-30T07:00,,33.0,54,0.112,0.122
1985-04-30T08:00,,33.2,53,0.112,0.122
1985-04-30T09:00,,33.0,54,0.112,0.122
1985-04-30T10:00,,32.5,56,0.112,0.122
1985-04-30T11:00,,31.8,59,0.111,0.122
1985-04-30T12:00,,30.8,62,0.111,0.122
1985-04-30T13:00,,29.6,67,0.111,0.122
1985-04-30T14:00,,28.7,72,0.111,0.122
1985-04-30T15:00,,28.0,75,0.111,0.122
1985-04-30T16:00,,27.5,77,0.111,0.122
1985-04-30T17:00,,26.9,81,0.111,0.122
1985-04-30T18:00,,26.4,84,0.111,0.122
1985-04-30T19:00,,26.3,86,0.111,0.122
1985-04-30T20:00,,26.1,87,0.111,0.122
1985-04-30T21:00,,26.0,87,0.111,0.122
1985-04-30T22:00,,25.7,88,0.112,0.122
1985-04-30T23:00,,25.8,87,0.112,0.122
1985-05-01T00:00,,25.8,86,0.112,0.122
1985-05-01T01:00,,25.5,88,0.112,0.122
1985-05-01T02:00,,26.2,83,0.112,0.122
1985-05-01T03:00,,27.8,74,0.112,0.122
1985-05-01T04:00,,28.8,67,0.112,0.122
1985-05-01T05:00,,30.4,59,0.112,0.122
1985-05-01T06:00,,31.3,55,0.112,0.122
1985-05-01T07:00,,32.1,52,0.112,0.122
1985-05-01T08:00,,32.4,52,0.112,0.122
1985-05-01T09:00,,32.2,53,0.112,0.122
1985-05-01T10:00,,31.7,54,0.111,0.122
1985-05-01T11:00,,31.0,57,0.111,0.122
1985-05-01T12:00,,30.1,60,0.111,0.122
1985-05-01T13:00,,29.0,65,0.111,0.122
1985-05-01T14:00,,28.1,69,0.111,0.122
1985-05-01T15:00,,27.6,72,0.111,0.122
1985-05-01T16:00,,27.0,76,0.111,0.122
1985-05-01T17:00,,26.6,79,0.111,0.122
1985-05-01T18:00,,26.3,81,0.111,0.122
1985-05-01T19:00,,25.9,82,0.111,0.122
1985-05-01T20:00,,25.3,86,0.111,0.122
1985-05-01T21:00,,25.2,87,0.111,0.122
1985-05-01T22:00,,25.6,84,0.111,0.122
1985-05-01T23:00,,25.5,85,0.111,0.122
1985-05-02T00:00,,25.1,88,0.111,0.122
1985-05-02T01:00,,25.0,90,0.111,0.122
1985-05-02T02:00,,26.1,82,0.111,0.122
1985-05-02T03:00,,27.6,72,0.112,0.122
1985-05-02T04:00,,29.1,64,0.112,0.122
1985-05-02T05:00,,30.7,56,0.112,0.122
1985-05-02T06:00,,31.5,52,0.111,0.122
1985-05-02T07:00,,32.0,51,0.111,0.122
1985-05-02T08:00,,32.6,48,0.111,0.122
1985-05-02T09:00,,32.6,49,0.111,0.121
1985-05-02T10:00,,32.1,51,0.111,0.121
1985-05-02T11:00,,31.2,54,0.111,0.121
1985-05-02T12:00,,30.1,58,0.111,0.121
1985-05-02T13:00,,28.9,64,0.111,0.121
1985-05-02T14:00,,27.9,69,0.111,0.121
1985-05-02T15:00,,27.2,73,0.111,0.121
1985-05-02T16:00,,26.6,76,0.111,0.121
1985-05-02T17:00,,26.0,79,0.111,0.121
1985-05-02T18:00,,25.2,83,0.111,0.121
1985-05-02T19:00,,24.8,84,0.111,0.121
1985-05-02T20:00,,25.2,81,0.111,0.121
1985-05-02T21:00,,25.0,83,0.111,0.121
1985-05-02T22:00,,24.6,86,0.111,0.121
1985-05-02T23:00,,23.9,89,0.111,0.122
1985-05-03T00:00,,23.4,93,0.111,0.122
1985-05-03T01:00,,23.4,94,0.111,0.122
1985-05-03T02:00,,25.0,83,0.111,0.122
1985-05-03T03:00,,26.6,72,0.111,0.122
1985-05-03T04:00,,28.3,63,0.111,0.122
1985-05-03T05:00,,29.7,56,0.111,0.121
1985-05-03T06:00,,30.8,51,0.111,0.121
1985-05-03T07:00,,31.4,48,0.111,0.121
1985-05-03T08:00,,31.9,45,0.111,0.121
1985-05-03T09:00,,31.9,45,0.11,0.121
1985-05-03T10:00,,31.4,47,0.11,0.121
1985-05-03T11:00,,30.6,50,0.11,0.121
1985-05-03T12:00,,29.6,53,0.11,0.121
1985-05-03T13:00,,28.4,58,0.11,0.121
1985-05-03T14:00,,27.4,63,0.11,0.121
1985-05-03T15:00,,26.8,67,0.11,0.121
1985-05-03T16:00,,26.3,70,0.11,0.121
1985-05-03T17:00,,25.8,73,0.11,0.121
1985-05-03T18:00,,25.3,75,0.11,0.121
1985-05-03T19:00,,25.0,80,0.11,0.121
1985-05-03T20:00,,24.5,83,0.11,0.121
1985-05-03T21:00,,24.0,86,0.11,0.121
1985-05-03T22:00,,23.5,89,0.11,0.121
1985-05-03T23:00,,22.9,92,0.11,0.121
1985-05-04T00:00,,22.5,93,0.11,0.121
1985-05-04T01:00,,22.5,93,0.11,0.121
1985-05-04T02:00,,25.1,80,0.11,0.121
1985-05-04T03:00,,27.2,68,0.11,0.121
1985-05-04T04:00,,29.2,59,0.11,0.121
1985-05-04T05:00,,30.8,51,0.11,0.121
1985-05-04T06:00,,32.1,47,0.11,0.121
1985-05-04T07:00,,33.1,45,0.11,0.121
1985-05-04T08:00,,33.4,45,0.11,0.121
1985-05-04T09:00,,33.2,47,0.11,0.121
1985-05-04T10:00,,32.5,51,0.11,0.121
1985-05-04T11:00,,31.7,54,0.11,0.121
1985-05-04T12:00,,30.6,58,0.109,0.121
1985-05-04T13:00,,29.2,64,0.109,0.121
1985-05-04T14:00,,28.2,70,0.109,0.121
1985-05-04T15:00,,27.5,74,0.109,0.121
1985-05-04T16:00,,27.1,77,0.109,0.121
1985-05-04T17:00,,26.6,80,0.109,0.121
1985-05-04T18:00,,26.2,82,0.109,0.121
1985-05-04T19:00,,25.8,84,0.109,0.121
1985-05-04T20:00,,25.3,87,0.109,0.121
1985-05-04T21:00,,24.9,89,0.109,0.121
1985-05-04T22:00,,24.6,91,0.109,0.121
1985-05-04T23:00,,24.4,92,0.109,0.121
1985-05-05T00:00,,24.3,92,0.109,0.121
1985-05-05T01:00,,24.1,93,0.109,0.121
1985-05-05T02:00,,25.4,84,0.11,0.121
1985-05-05T03:00,,27.1,73,0.109,0.121
1985-05-05T04:00,,29.0,63,0.109,0.121
1985-05-05T05:00,,30.6,56,0.109,0.121
1985-05-05T06:00,,32.0,51,0.109,0.121
1985-05-05T07:00,,32.7,48,0.109,0.121
1985-05-05T08:00,,33.1,47,0.109,0.121
1985-05-05T09:00,,33.0,47,0.109,0.121
1985-05-05T10:00,,32.4,49,0.109,0.121
1985-05-05T11:00,,31.5,51,0.109,0.121
1985-05-05T12:00,,30.4,53,0.109,0.121
1985-05-05T13:00,,29.1,59,0.109,0.121
1985-05-05T14:00,,28.0,65,0.109,0.121
1985-05-05T15:00,,27.2,70,0.109,0.121
1985-05-05T16:00,,26.6,75,0.109,0.121
1985-05-05T17:00,,26.0,78,0.109,0.121
1985-05-05T18:00,,25.5,82,0.109,0.121
1985-05-05T19:00,,24.8,85,0.109,0.121
1985-05-05T20:00,,24.0,90,0.109,0.121
1985-05-05T21:00,,23.6,92,0.109,0.121
1985-05-05T22:00,,23.2,93,0.109,0.121
1985-05-05T23:00,,22.7,95,0.109,0.121
1985-05-06T00:00,,22.6,96,0.109,0.121
1985-05-06T01:00,,23.0,94,0.109,0.121
1985-05-06T02:00,,24.2,86,0.109,0.121
1985-05-06T03:00,,26.1,75,0.109,0.121
1985-05-06T04:00,,28.1,63,0.109,0.121
1985-05-06T05:00,,30.2,53,0.109,0.121
1985-05-06T06:00,,31.5,47,0.109,0.121
1985-05-06T07:00,,32.6,45,0.109,0.121
1985-05-06T08:00,,33.1,44,0.109,0.121
1985-05-06T09:00,,33.0,44,0.109,0.121
1985-05-06T10:00,,32.5,45,0.109,0.121
1985-05-06T11:00,,31.6,48,0.109,0.121
1985-05-06T12:00,,30.3,53,0.108,0.121
1985-05-06T13:00,,28.8,60,0.108,0.121
1985-05-06T14:00,,27.6,67,0.108,0.121
1985-05-06T15:00,,26.8,73,0.108,0.121
1985-05-06T16:00,,26.2,76,0.108,0.121
1985-05-06T17:00,,25.5,81,0.108,0.121
1985-05-06T18:00,,24.8,85,0.108,0.121
1985-05-06T19:00,,24.5,89,0.108,0.121
1985-05-06T20:00,,24.5,89,0.108,0.121
1985-05-06T21:00,,24.4,90,0.108,0.121
1985-05-06T22:00,,24.2,92,0.108,0.121
1985-05-06T23:00,,24.1,93,0.108,0.121
1985-05-07T00:00,,23.7,95,0.109,0.121
1985-05-07T01:00,,23.9,95,0.109,0.121
1985-05-07T02:00,,25.4,87,0.109,0.121
1985-05-07T03:00,,27.3,76,0.108,0.121
1985-05-07T04:00,,29.0,67,0.108,0.121
1985-05-07T05:00,,30.8,59,0.108,0.121
1985-05-07T06:00,,32.4,53,0.108,0.121
1985-05-07T07:00,,33.5,52,0.108,0.121
1985-05-07T08:00,,33.3,53,0.109,0.121
1985-05-07T09:00,,33.0,55,0.109,0.121
1985-05-07T10:00,,32.4,58,0.109,0.121
1985-05-07T11:00,,31.4,62,0.109,0.121
1985-05-07T12:00,,30.3,66,0.109,0.121
1985-05-07T13:00,,29.1,70,0.108,0.121
1985-05-07T14:00,,28.1,75,0.108,0.121
1985-05-07T15:00,,27.6,77,0.108,0.121
1985-05-07T16:00,,27.2,79,0.108,0.121
1985-05-07T17:00,,26.8,82,0.108,0.121
1985-05-07T18:00,,26.5,84,0.108,0.121
1985-05-07T19:00,,25.8,88,0.108,0.121
1985-05-07T20:00,,25.5,90,0.108,0.121
1985-05-07T21:00,,25.3,91,0.108,0.121
1985-05-07T22:00,,25.2,91,0.108,0.121
1985-05-07T23:00,,25.2,91,0.109,0.121
1985-05-08T00:00,,25.0,93,0.109,0.121
1985-05-08T01:00,,25.1,92,0.109,0.121
1985-05-08T02:00,,26.3,85,0.109,0.121
1985-05-08T03:00,,27.9,76,0.109,0.121
1985-05-08T04:00,,29.7,68,0.109,0.121
1985-05-08T05:00,,31.4,60,0.108,0.121
1985-05-08T06:00,,32.8,56,0.108,0.121
1985-05-08T07:00,,33.8,53,0.108,0.121
1985-05-08T08:00,,33.9,53,0.108,0.121
1985-05-08T09:00,,33.6,55,0.108,0.121
1985-05-08T10:00,,32.9,58,0.108,0.121
1985-05-08T11:00,,31.5,63,0.108,0.121
1985-05-08T12:00,,30.5,67,0.108,0.121
1985-05-08T13:00,,29.2,72,0.108,0.121
1985-05-08T14:00,,28.5,76,0.108,0.121
1985-05-08T15:00,,28.0,78,0.108,0.121
1985-05-08T16:00,,27.8,79,0.108,0.121
1985-05-08T17:00,,27.4,81,0.108,0.121
1985-05-08T18:00,,27.2,83,0.108,0.121
1985-05-08T19:00,,26.8,83,0.108,0.121
1985-05-08T20:00,,26.6,84,0.108,0.121
1985-05-08T21:00,,26.4,85,0.108,0.121
1985-05-08T22:00,,26.2,87,0.108,0.121
1985-05-08T23:00,,25.9,89,0.108,0.121
1985-05-09T00:00,,25.7,90,0.109,0.121
1985-05-09T01:00,,25.8,91,0.109,0.121
1985-05-09T02:00,,26.7,85,0.109,0.121
1985-05-09T03:00,,28.2,77,0.109,0.121
1985-05-09T04:00,,29.8,68,0.109,0.121
1985-05-09T05:00,,31.7,60,0.109,0.121
1985-05-09T06:00,,33.0,55,0.109,0.121
1985-05-09T07:00,,33.5,53,0.109,0.121
1985-05-09T08:00,,33.8,53,0.109,0.121
1985-05-09T09:00,,33.5,54,0.11,0.121
1985-05-09T10:00,,33.4,55,0.11,0.121
1985-05-09T11:00,,32.4,59,0.11,0.121
1985-05-09T12:00,,31.3,64,0.11,0.121
1985-05-09T13:00,,30.0,70,0.11,0.121
1985-05-09T14:00,,29.1,74,0.11,0.121
1985-05-09T15:00,,28.5,78,0.11,0.121
1985-05-09T16:00,,28.0,81,0.11,0.121
1985-05-09T17:00,,27.6,84,0.11,0.121
1985-05-09T18:00,,27.2,86,0.11,0.121
1985-05-09T19:00,,27.0,88,0.11,0.121
1985-05-09T20:00,,26.6,90,0.11,0.121
1985-05-09T21:00,,26.5,91,0.11,0.121
1985-05-09T22:00,,26.4,91,0.11,0.121
1985-05-09T23:00,,26.3,92,0.11,0.121
1985-05-10T00:00,,26.2,92,0.11,0.121
1985-05-10T01:00,,26.0,95,0.11,0.121
1985-05-10T02:00,,27.2,87,0.11,0.121
1985-05-10T03:00,,28.8,78,0.111,0.121
1985-05-10T04:00,,30.5,70,0.111,0.121
1985-05-10T05:00,,31.9,63,0.111,0.121
1985-05-10T06:00,,33.1,59,0.11,0.121
1985-05-10T07:00,,34.1,55,0.11,0.121
1985-05-10T08:00,,34.4,54,0.11,0.121
1985-05-10T09:00,,33.8,57,0.11,0.121
1985-05-10T10:00,,33.5,58,0.11,0.121
1985-05-10T11:00,,32.2,64,0.11,0.121
1985-05-10T12:00,,30.5,71,0.11,0.121
1985-05-10T13:00,,29.2,77,0.11,0.121
1985-05-10T14:00,,28.5,80,0.11,0.121
1985-05-10T15:00,,28.1,82,0.11,0.121
1985-05-10T16:00,,27.7,83,0.11,0.121
1985-05-10T17:00,,27.5,84,0.11,0.121
1985-05-10T18:00,,27.2,85,0.11,0.121
1985-05-10T19:00,,27.1,85,0.11,0.121
1985-05-10T20:00,,26.9,86,0.11,0.121
1985-05-10T21:00,,26.6,87,0.111,0.121
1985-05-10T22:00,,26.4,88,0.111,0.121
1985-05-10T23:00,,26.0,90,0.111,0.121
1985-05-11T00:00,,25.9,91,0.111,0.121
1985-05-11T01:00,,25.9,91,0.111,0.121
1985-05-11T02:00,,26.7,87,0.112,0.121
1985-05-11T03:00,,27.5,82,0.112,0.121
1985-05-11T04:00,,29.0,73,0.112,0.121
1985-05-11T05:00,,30.5,65,0.111,0.121
1985-05-11T06:00,,31.7,58,0.111,0.121
1985-05-11T07:00,,33.0,55,0.111,0.121
1985-05-11T08:00,,33.2,54,0.111,0.121
1985-05-11T09:00,,33.0,55,0.111,0.121
1985-05-11T10:00,,32.6,56,0.111,0.121
1985-05-11T11:00,,31.7,59,0.111,0.121
1985-05-11T12:00,,30.5,65,0.111,0.121
1985-05-11T13:00,,28.9,71,0.111,0.121
1985-05-11T14:00,,28.0,76,0.111,0.121
1985-05-11T15:00,,27.5,78,0.111,0.121
1985-05-11T16:00,,27.2,80,0.111,0.121
1985-05-11T17:00,,27.0,81,0.111,0.121
1985-05-11T18:00,,26.7,83,0.111,0.121
1985-05-11T19:00,,26.3,86,0.111,0.121
1985-05-11T20:00,,25.8,89,0.111,0.121
1985-05-11T21:00,,25.8,88,0.111,0.121
1985-05-11T22:00,,25.7,89,0.111,0.121
1985-05-11T23:00,,25.5,90,0.111,0.121
1985-05-12T00:00,,25.4,91,0.111,0.121
1985-05-12T01:00,,25.3,93,0.111,0.121
1985-05-12T02:00,,26.7,83,0.111,0.121
1985-05-12T03:00,,27.8,76,0.111,0.121
1985-05-12T04:00,,29.1,70,0.111,0.121
1985-05-12T05:00,,31.0,62,0.111,0.121
1985-05-12T06:00,,32.6,56,0.11,0.121
1985-05-12T07:00,,33.9,54,0.11,0.121
1985-05-12T08:00,,34.0,54,0.11,0.121
1985-05-12T09:00,,33.8,54,0.11,0.121
1985-05-12T10:00,,32.2,61,0.11,0.121
1985-05-12T11:00,,30.9,66,0.11,0.121
1985-05-12T12:00,,29.8,70,0.11,0.121
1985-05-12T13:00,,29.0,73,0.11,0.121
1985-05-12T14:00,,28.4,75,0.11,0.121
1985-05-12T15:00,,28.1,77,0.11,0.121
1985-05-12T16:00,,28.0,77,0.11,0.121
1985-05-12T17:00,,27.9,77,0.11,0.121
1985-05-12T18:00,,27.6,79,0.11,0.121
1985-05-12T19:00,,27.2,80,0.11,0.121
1985-05-12T20:00,,27.1,81,0.11,0.121
1985-05-12T21:00,,26.7,83,0.11,0.121
1985-05-12T22:00,,26.1,87,0.11,0.121
1985-05-12T23:00,,25.6,90,0.11,0.121
1985-05-13T00:00,,25.3,92,0.11,0.121
1985-05-13T01:00,,25.0,94,0.11,0.121
1985-05-13T02:00,,26.8,83,0.11,0.121
1985-05-13T03:00,,28.2,75,0.11,0.121
1985-05-13T04:00,,30.0,65,0.11,0.121
1985-05-13T05:00,,31.6,57,0.11,0.121
1985-05-13T06:00,,33.0,53,0.11,0.121
1985-05-13T07:00,,33.9,52,0.11,0.121
1985-05-13T08:00,,34.0,53,0.11,0.121
1985-05-13T09:00,,33.2,56,0.112,0.121
1985-05-13T10:00,,33.0,56,0.112,0.121
1985-05-13T11:00,,31.8,62,0.112,0.121
1985-05-13T12:00,,30.6,67,0.111,0.121
1985-05-13T13:00,,29.3,73,0.111,0.121
1985-05-13T14:00,,28.4,77,0.111,0.121
1985-05-13T15:00,,27.9,79,0.111,0.121
1985-05-13T16:00,,27.7,80,0.111,0.121
1985-05-13T17:00,,27.2,84,0.111,0.121
1985-05-13T18:00,,26.8,86,0.112,0.121
1985-05-13T19:00,,26.7,85,0.112,0.121
1985-05-13T20:00,,26.6,85,0.112,0.121
1985-05-13T21:00,,26.3,87,0.112,0.121
1985-05-13T22:00,,26.1,89,0.113,0.121
1985-05-13T23:00,,25.7,92,0.113,0.121
1985-05-14T00:00,,25.5,93,0.113,0.121
1985-05-14T01:00,,25.6,93,0.113,0.121
1985-05-14T02:00,,26.5,87,0.113,0.121
1985-05-14T03:00,,27.9,79,0.113,0.121
1985-05-14T04:00,,29.6,69,0.113,0.121
1985-05-14T05:00,,30.9,62,0.113,0.121
1985-05-14T06:00,,32.3,56,0.113,0.121
1985-05-14T07:00,,33.3,51,0.113,0.121
1985-05-14T08:00,,33.6,51,0.112,0.121
1985-05-14T09:00,,33.5,51,0.112,0.121
1985-05-14T10:00,,32.9,54,0.112,0.121
1985-05-14T11:00,,32.0,57,0.112,0.121
1985-05-14T12:00,,30.6,61,0.112,0.121
1985-05-14T13:00,,29.3,67,0.112,0.121
1985-05-14T14:00,,28.3,73,0.112,0.121
1985-05-14T15:00,,27.7,77,0.112,0.121
1985-05-14T16:00,,27.3,79,0.112,0.121
1985-05-14T17:00,,27.0,82,0.112,0.121
1985-05-14T18:00,,26.7,83,0.112,0.121
1985-05-14T19:00,,26.7,82,0.112,0.121
1985-05-14T20:00,,26.7,81,0.112,0.121
1985-05-14T21:00,,26.7,81,0.112,0.121
1985-05-14T22:00,,26.5,82,0.112,0.121
1985-05-14T23:00,,26.3,83,0.112,0.121
1985-05-15T00:00,,26.3,84,0.113,0.121
1985-05-15T01:00,,25.8,90,0.113,0.121
1985-05-15T02:00,,26.9,81,0.113,0.121
1985-05-15T03:00,,28.2,74,0.113,0.121
1985-05-15T04:00,,29.8,65,0.112,0.121
1985-05-15T05:00,,31.1,59,0.112,0.121
1985-05-15T06:00,,32.5,54,0.112,0.121
1985-05-15T07:00,,33.3,52,0.112,0.121
1985-05-15T08:00,,33.4,52,0.112,0.121
1985-05-15T09:00,,33.8,51,0.112,0.121
1985-05-15T10:00,,33.5,52,0.112,0.121
1985-05-15T11:00,,32.3,57,0.112,0.121
1985-05-15T12:00,,30.7,63,0.111,0.121
1985-05-15T13:00,,29.4,67,0.111,0.121
1985-05-15T14:00,,28.6,71,0.111,0.121
1985-05-15T15:00,,28.2,74,0.111,0.121
1985-05-15T16:00,,28.0,75,0.111,0.121
1985-05-15T17:00,,27.9,76,0.111,0.121
1985-05-15T18:00,,27.7,78,0.111,0.121
1985-05-15T19:00,,27.6,78,0.111,0.121
1985-05-15T20:00,,27.4,79,0.111,0.121
1985-05-15T21:00,,27.2,80,0.111,0.121
1985-05-15T22:00,,27.2,80,0.112,0.121
1985-05-15T23:00,,27.1,81,0.112,0.121
1985-05-16T00:00,,27.1,82,0.113,0.121
1985-05-16T01:00,,26.9,86,0.113,0.121
1985-05-16T02:00,,27.7,79,0.113,0.121
1985-05-16T03:00,,28.7,74,0.113,0.121
1985-05-16T04:00,,30.4,66,0.113,0.121
1985-05-16T05:00,,32.1,59,0.113,0.121
1985-05-16T06:00,,33.6,54,0.113,0.121
1985-05-16T07:00,,34.0,52,0.113,0.121
1985-05-16T08:00,,34.0,53,0.113,0.121
1985-05-16T09:00,,33.9,54,0.112,0.121
1985-05-16T10:00,,33.7,56,0.112,0.121
1985-05-16T11:00,,32.4,61,0.112,0.121
1985-05-16T12:00,,31.0,65,0.112,0.121
1985-05-16T13:00,,29.8,70,0.112,0.121
1985-05-16T14:00,,28.8,75,0.112,0.121
1985-05-16T15:00,,28.3,78,0.112,0.121
1985-05-16T16:00,,28.1,78,0.112,0.121
1985-05-16T17:00,,27.9,80,0.112,0.121
1985-05-16T18:00,,27.7,80,0.112,0.121
1985-05-16T19:00,,27.5,79,0.112,0.121
1985-05-16T20:00,,27.1,82,0.112,0.121
1985-05-16T21:00,,27.0,84,0.112,0.121
1985-05-16T22:00,,26.6,85,0.112,0.121
1985-05-16T23:00,,26.4,85,0.112,0.121
1985-05-17T00:00,,26.3,86,0.112,0.121
1985-05-17T01:00,,26.5,87,0.112,0.121
1985-05-17T02:00,,27.2,81,0.112,0.121
1985-05-17T03:00,,28.3,75,0.112,0.121
1985-05-17T04:00,,30.0,66,0.112,0.121
1985-05-17T05:00,,31.6,58,0.112,0.121
1985-05-17T06:00,,33.8,50,0.112,0.121
1985-05-17T07:00,,34.6,50,0.112,0.121
1985-05-17T08:00,,34.9,50,0.111,0.121
1985-05-17T09:00,,34.5,52,0.111,0.121
1985-05-17T10:00,,33.9,54,0.111,0.121
1985-05-17T11:00,,32.7,58,0.111,0.121
1985-05-17T12:00,,31.5,63,0.111,0.121
1985-05-17T13:00,,30.3,69,0.111,0.121
1985-05-17T14:00,,29.2,75,0.111,0.121
1985-05-17T15:00,,28.6,79,0.111,0.121
1985-05-17T16:00,,28.3,80,0.111,0.121
1985-05-17T17:00,,28.0,82,0.111,0.121
1985-05-17T18:00,,27.7,84,0.111,0.121
1985-05-17T19:00,,27.6,84,0.111,0.121
1985-05-17T20:00,,27.3,85,0.111,0.121
1985-05-17T21:00,,27.2,87,0.111,0.121
1985-05-17T22:00,,27.1,86,0.111,0.121
1985-05-17T23:00,,27.0,87,0.111,0.121
1985-05-18T00:00,,26.8,88,0.111,0.121
1985-05-18T01:00,,26.9,88,0.111,0.121
1985-05-18T02:00,,27.6,84,0.112,0.121
1985-05-18T03:00,,28.9,76,0.112,0.121
1985-05-18T04:00,,30.0,70,0.112,0.121
1985-05-18T05:00,,31.4,63,0.112,0.121
1985-05-18T06:00,,32.4,58,0.112,0.121
1985-05-18T07:00,,33.2,55,0.112,0.121
1985-05-18T08:00,,33.7,54,0.112,0.121
1985-05-18T09:00,,33.6,55,0.112,0.121
1985-05-18T10:00,,34.0,53,0.112,0.121
1985-05-18T11:00,,33.2,58,0.112,0.121
1985-05-18T12:00,,31.5,66,0.112,0.121
1985-05-18T13:00,,30.0,72,0.112,0.121
1985-05-18T14:00,,29.1,77,0.112,0.121
1985-05-18T15:00,,28.6,80,0.112,0.121
1985-05-18T16:00,,28.4,81,0.112,0.121
1985-05-18T17:00,,28.2,82,0.112,0.121
1985-05-18T18:00,,28.0,83,0.112,0.121
1985-05-18T19:00,,28.1,85,0.112,0.121
1985-05-18T20:00,,28.0,86,0.112,0.121
1985-05-18T21:00,,27.8,86,0.112,0.121
1985-05-18T22:00,,27.5,88,0.112,0.121
1985-05-18T23:00,,27.5,89,0.112,0.121
1985-05-19T00:00,,27.2,90,0.112,0.121
1985-05-19T01:00,,27.1,93,0.112,0.121
1985-05-19T02:00,,28.0,85,0.112,0.121
1985-05-19T03:00,,29.4,77,0.112,0.121
1985-05-19T04:00,,30.7,70,0.113,0.121
1985-05-19T05:00,,31.8,65,0.114,0.121
1985-05-19T06:00,,32.0,64,0.115,0.121
1985-05-19T07:00,,33.8,56,0.114,0.121
1985-05-19T08:00,,33.6,57,0.114,0.121
1985-05-19T09:00,,32.6,62,0.114,0.121
1985-05-19T10:00,,32.1,64,0.114,0.121
1985-05-19T11:00,,31.3,67,0.114,0.121
1985-05-19T12:00,,30.3,71,0.114,0.121
1985-05-19T13:00,,29.5,75,0.115,0.121
1985-05-19T14:00,,29.0,78,0.115,0.121
1985-05-19T15:00,,28.6,79,0.115,0.121
1985-05-19T16:00,,28.6,80,0.116,0.121
1985-05-19T17:00,,28.3,81,0.117,0.121
1985-05-19T18:00,,28.0,83,0.118,0.121
1985-05-19T19:00,,27.5,89,0.118,0.121
1985-05-19T20:00,,27.3,90,0.118,0.121
1985-05-19T21:00,,26.9,92,0.118,0.121
1985-05-19T22:00,,26.7,93,0.118,0.121
1985-05-19T23:00,,26.6,93,0.118,0.121
1985-05-20T00:00,,26.6,93,0.118,0.121
1985-05-20T01:00,,26.6,93,0.119,0.121
1985-05-20T02:00,,27.2,89,0.119,0.121
1985-05-20T03:00,,28.2,83,0.119,0.121
1985-05-20T04:00,,30.1,70,0.118,0.121
1985-05-20T05:00,,31.3,62,0.118,0.121
1985-05-20T06:00,,31.9,59,0.118,0.121
1985-05-20T07:00,,32.4,56,0.118,0.121
1985-05-20T08:00,,32.9,53,0.118,0.121
1985-05-20T09:00,,33.2,50,0.117,0.121
1985-05-20T10:00,,32.8,50,0.117,0.121
1985-05-20T11:00,,32.2,53,0.117,0.121
1985-05-20T12:00,,31.0,58,0.117,0.121
1985-05-20T13:00,,29.8,66,0.117,0.121
1985-05-20T14:00,,28.7,72,0.117,0.121
1985-05-20T15:00,,28.1,76,0.117,0.121
1985-05-20T16:00,,27.8,78,0.117,0.121
1985-05-20T17:00,,27.5,81,0.117,0.121
1985-05-20T18:00,,27.3,82,0.117,0.121
1985-05-20T19:00,,27.3,81,0.117,0.121
1985-05-20T20:00,,27.0,82,0.117,0.121
1985-05-20T21:00,,26.9,83,0.117,0.121
1985-05-20T22:00,,26.7,84,0.117,0.121
1985-05-20T23:00,,26.5,86,0.117,0.121
1985-05-21T00:00,,26.2,88,0.117,0.121
1985-05-21T01:00,,26.2,88,0.117,0.121
1985-05-21T02:00,,27.1,82,0.117,0.121
1985-05-21T03:00,,28.5,74,0.117,0.121
1985-05-21T04:00,,30.1,66,0.117,0.121
1985-05-21T05:00,,31.2,60,0.117,0.121
1985-05-21T06:00,,32.0,56,0.117,0.121
1985-05-21T07:00,,31.9,59,0.117,0.121
1985-05-21T08:00,,32.0,59,0.117,0.121
1985-05-21T09:00,,32.0,59,0.118,0.121
1985-05-21T10:00,,31.7,61,0.118,0.121
1985-05-21T11:00,,31.3,62,0.118,0.121
1985-05-21T12:00,,30.3,66,0.118,0.121
1985-05-21T13:00,,29.4,70,0.118,0.121
1985-05-21T14:00,,28.5,75,0.118,0.121
1985-05-21T15:00,,28.0,78,0.118,0.121
1985-05-21T16:00,,27.6,81,0.118,0.121
1985-05-21T17:00,,27.5,82,0.118,0.121
1985-05-21T18:00,,27.2,83,0.118,0.121
1985-05-21T19:00,,26.9,82,0.118,0.121
1985-05-21T20:00,,26.8,82,0.118,0.121
1985-05-21T21:00,,26.6,83,0.118,0.121
1985-05-21T22:00,,26.5,84,0.118,0.121
1985-05-21T23:00,,26.2,85,0.118,0.121
1985-05-22T00:00,,26.1,86,0.118,0.121
1985-05-22T01:00,,26.1,86,0.119,0.121
1985-05-22T02:00,,26.8,82,0.119,0.121
1985-05-22T03:00,,28.0,75,0.119,0.121
1985-05-22T04:00,,29.4,67,0.119,0.121
1985-05-22T05:00,,30.4,61,0.119,0.121
1985-05-22T06:00,,31.4,56,0.119,0.121
1985-05-22T07:00,,31.5,56,0.119,0.121
1985-05-22T08:00,,32.4,53,0.12,0.121
1985-05-22T09:00,,32.2,55,0.12,0.121
1985-05-22T10:00,,31.9,57,0.12,0.121
1985-05-22T11:00,,31.3,61,0.12,0.121
1985-05-22T12:00,,30.3,65,0.12,0.121
1985-05-22T13:00,,29.2,70,0.12,0.121
1985-05-22T14:00,,28.5,74,0.12,0.121
1985-05-22T15:00,,28.0,77,0.12,0.121
1985-05-22T16:00,,27.7,79,0.12,0.121
1985-05-22T17:00,,27.4,81,0.12,0.121
1985-05-22T18:00,,27.0,83,0.12,0.121
1985-05-22T19:00,,27.1,81,0.12,0.121
1985-05-22T20:00,,26.8,82,0.12,0.121
1985-05-22T21:00,,26.6,84,0.12,0.121
1985-05-22T22:00,,26.4,85,0.12,0.121
1985-05-22T23:00,,26.2,86,0.12,0.121
1985-05-23T00:00,,26.1,86,0.12,0.121
1985-05-23T01:00,,26.2,86,0.12,0.121
1985-05-23T02:00,,26.9,82,0.12,0.121
1985-05-23T03:00,,28.4,73,0.12,0.121
1985-05-23T04:00,,29.8,65,0.12,0.121
1985-05-23T05:00,,31.0,60,0.12,0.121
1985-05-23T06:00,,31.8,55,0.12,0.121
1985-05-23T07:00,,32.5,51,0.119,0.121
1985-05-23T08:00,,32.7,51,0.119,0.121
1985-05-23T09:00,,32.4,52,0.119,0.121
1985-05-23T10:00,,31.6,54,0.118,0.121
1985-05-23T11:00,,31.2,56,0.118,0.121
1985-05-23T12:00,,30.3,59,0.118,0.121
1985-05-23T13:00,,29.3,65,0.118,0.121
1985-05-23T14:00,,28.4,71,0.118,0.121
1985-05-23T15:00,,27.8,75,0.118,0.121
1985-05-23T16:00,,27.4,78,0.118,0.121
1985-05-23T17:00,,27.1,80,0.118,0.121
1985-05-23T18:00,,26.9,82,0.118,0.121
1985-05-23T19:00,,26.8,85,0.118,0.121
1985-05-23T20:00,,26.6,87,0.118,0.121
1985-05-23T21:00,,26.4,88,0.119,0.121
1985-05-23T22:00,,26.2,89,0.119,0.121
1985-05-23T23:00,,26.0,90,0.12,0.121
1985-05-24T00:00,,25.9,91,0.121,0.121
1985-05-24T01:00,,25.6,93,0.121,0.121
1985-05-24T02:00,,26.6,86,0.122,0.121
1985-05-24T03:00,,27.4,81,0.124,0.121
1985-05-24T04:00,,28.4,76,0.127,0.121
1985-05-24T05:00,,29.9,68,0.128,0.121
1985-05-24T06:00,,31.2,62,0.127,0.121
1985-05-24T07:00,,31.2,63,0.129,0.121
1985-05-24T08:00,,31.7,60,0.129,0.121
1985-05-24T09:00,,32.0,59,0.129,0.121
1985-05-24T10:00,,31.5,60,0.128,0.121
1985-05-24T11:00,,31.0,62,0.128,0.121
1985-05-24T12:00,,29.9,67,0.128,0.121
1985-05-24T13:00,,29.0,71,0.128,0.121
1985-05-24T14:00,,28.2,75,0.128,0.121
1985-05-24T15:00,,27.7,79,0.128,0.121
1985-05-24T16:00,,27.2,83,0.128,0.121
1985-05-24T17:00,,26.9,85,0.129,0.121
1985-05-24T18:00,,26.7,87,0.129,0.121
1985-05-24T19:00,,26.8,85,0.13,0.121
1985-05-24T20:00,,26.7,86,0.13,0.121
1985-05-24T21:00,,26.6,86,0.131,0.121
1985-05-24T22:00,,26.3,88,0.131,0.121
1985-05-24T23:00,,26.2,89,0.131,0.121
1985-05-25T00:00,,26.0,89,0.131,0.121
1985-05-25T01:00,,25.8,91,0.131,0.121
1985-05-25T02:00,,26.9,84,0.132,0.121
1985-05-25T03:00,,28.3,75,0.132,0.121
1985-05-25T04:00,,29.7,67,0.131,0.121
1985-05-25T05:00,,31.0,58,0.131,0.121
1985-05-25T06:00,,32.2,52,0.13,0.121
1985-05-25T07:00,,32.8,52,0.129,0.121
1985-05-25T08:00,,32.9,51,0.128,0.121
1985-05-25T09:00,,32.6,53,0.128,0.121
1985-05-25T10:00,,32.2,54,0.127,0.121
1985-05-25T11:00,,31.5,58,0.127,0.121
1985-05-25T12:00,,30.7,63,0.127,0.121
1985-05-25T13:00,,29.4,71,0.127,0.121
1985-05-25T14:00,,28.5,77,0.127,0.121
1985-05-25T15:00,,28.0,80,0.127,0.121
1985-05-25T16:00,,27.4,84,0.128,0.121
1985-05-25T17:00,,26.9,88,0.13,0.121
1985-05-25T18:00,,26.4,90,0.131,0.121
1985-05-25T19:00,,25.7,93,0.132,0.121
1985-05-25T20:00,,25.7,93,0.133,0.121
1985-05-25T21:00,,25.6,94,0.133,0.121
1985-05-25T22:00,,25.6,94,0.133,0.121
1985-05-25T23:00,,25.6,94,0.134,0.121
1985-05-26T00:00,,25.7,93,0.134,0.121
1985-05-26T01:00,,25.8,93,0.135,0.121
1985-05-26T02:00,,26.2,91,0.137,0.121
1985-05-26T03:00,,26.8,88,0.141,0.121
1985-05-26T04:00,,28.2,79,0.144,0.121
1985-05-26T05:00,,29.4,73,0.145,0.121
1985-05-26T06:00,,30.6,67,0.146,0.121
1985-05-26T07:00,,31.9,58,0.145,0.121
1985-05-26T08:00,,32.2,57,0.144,0.121
1985-05-26T09:00,,32.2,58,0.143,0.121
1985-05-26T10:00,,31.9,59,0.143,0.121
1985-05-26T11:00,,31.1,63,0.143,0.121
1985-05-26T12:00,,30.2,67,0.143,0.121
1985-05-26T13:00,,29.4,72,0.143,0.121
1985-05-26T14:00,,28.6,76,0.144,0.121
1985-05-26T15:00,,28.1,79,0.145,0.121
1985-05-26T16:00,,27.7,83,0.145,0.121
1985-05-26T17:00,,27.2,86,0.146,0.121
1985-05-26T18:00,,26.8,88,0.146,0.121
1985-05-26T19:00,,26.7,89,0.148,0.121
1985-05-26T20:00,,26.5,87,0.148,0.121
1985-05-26T21:00,,26.3,88,0.149,0.121
1985-05-26T22:00,,26.2,88,0.149,0.121
1985-05-26T23:00,,26.2,88,0.149,0.121
1985-05-27T00:00,,26.1,88,0.15,0.121
1985-05-27T01:00,,26.0,89,0.151,0.121
1985-05-27T02:00,,26.5,86,0.151,0.121
1985-05-27T03:00,,27.5,80,0.151,0.121
1985-05-27T04:00,,28.5,74,0.152,0.121
1985-05-27T05:00,,29.7,68,0.152,0.121
1985-05-27T06:00,,30.4,66,0.153,0.121
1985-05-27T07:00,,30.9,62,0.153,0.121
1985-05-27T08:00,,31.6,61,0.152,0.121
1985-05-27T09:00,,31.8,61,0.152,0.121
1985-05-27T10:00,,30.8,64,0.154,0.121
1985-05-27T11:00,,29.1,72,0.17,0.121
1985-05-27T12:00,,28.0,80,0.186,0.122
1985-05-27T13:00,,26.5,84,0.192,0.122
1985-05-27T14:00,,26.2,87,0.192,0.122
1985-05-27T15:00,,26.0,88,0.192,0.122
1985-05-27T16:00,,26.0,88,0.192,0.122
1985-05-27T17:00,,26.0,89,0.193,0.122
1985-05-27T18:00,,25.9,91,0.193,0.122
1985-05-27T19:00,,25.5,93,0.195,0.122
1985-05-27T20:00,,25.3,93,0.196,0.122
1985-05-27T21:00,,25.2,94,0.196,0.122
1985-05-27T22:00,,25.2,94,0.197,0.122
1985-05-27T23:00,,25.1,95,0.198,0.122
1985-05-28T00:00,,25.1,94,0.198,0.122
1985-05-28T01:00,,25.1,94,0.199,0.122
1985-05-28T02:00,,25.5,91,0.2,0.122
1985-05-28T03:00,,26.3,87,0.201,0.122
1985-05-28T04:00,,27.1,83,0.205,0.122
1985-05-28T05:00,,27.1,85,0.213,0.122
1985-05-28T06:00,,28.3,81,0.213,0.122
1985-05-28T07:00,,29.5,68,0.212,0.122
1985-05-28T08:00,,29.3,71,0.215,0.122
1985-05-28T09:00,,28.8,73,0.217,0.123
1985-05-28T10:00,,27.6,78,0.221,0.123
1985-05-28T11:00,,27.2,81,0.228,0.123
1985-05-28T12:00,,26.3,87,0.233,0.123
1985-05-28T13:00,,25.9,90,0.237,0.123
1985-05-28T14:00,,25.8,92,0.239,0.123
1985-05-28T15:00,,25.7,93,0.242,0.123
1985-05-28T16:00,,25.5,95,0.247,0.123
1985-05-28T17:00,,25.7,94,0.25,0.124
1985-05-28T18:00,,25.7,91,0.251,0.124
1985-05-28T19:00,,25.7,89,0.254,0.124
1985-05-28T20:00,,25.6,90,0.255,0.124
1985-05-28T21:00,,25.4,91,0.257,0.125
1985-05-28T22:00,,25.2,93,0.268,0.125
1985-05-28T23:00,,25.0,93,0.283,0.125
1985-05-29T00:00,,24.7,95,0.286,0.126
1985-05-29T01:00,,25.0,94,0.287,0.127
1985-05-29T02:00,,25.2,93,0.289,0.127
1985-05-29T03:00,,25.3,92,0.294,0.128
1985-05-29T04:00,,25.7,90,0.294,0.129
1985-05-29T05:00,,26.8,85,0.294,0.13
1985-05-29T06:00,,27.7,79,0.3,0.13
1985-05-29T07:00,,29.4,71,0.298,0.131
1985-05-29T08:00,,28.5,77,0.305,0.132
1985-05-29T09:00,,28.8,79,0.305,0.133
1985-05-29T10:00,,28.3,81,0.312,0.134
1985-05-29T11:00,,28.0,83,0.316,0.135
1985-05-29T12:00,,27.2,84,0.322,0.136
1985-05-29T13:00,,26.7,87,0.32,0.138
1985-05-29T14:00,,26.2,89,0.319,0.139
1985-05-29T15:00,,25.8,91,0.327,0.14
1985-05-29T16:00,,25.5,92,0.331,0.142
1985-05-29T17:00,,25.2,94,0.34,0.144
1985-05-29T18:00,,25.0,94,0.342,0.146
1985-05-29T19:00,,24.8,96,0.343,0.148
1985-05-29T20:00,,25.0,94,0.341,0.15
1985-05-29T21:00,,24.9,95,0.342,0.153
1985-05-29T22:00,,24.8,95,0.342,0.155
1985-05-29T23:00,,24.7,94,0.343,0.157
1985-05-30T00:00,,24.7,95,0.34,0.159
1985-05-30T01:00,,24.7,96,0.337,0.161
1985-05-30T02:00,,24.9,94,0.334,0.163
1985-05-30T03:00,,25.3,94,0.332,0.164
1985-05-30T04:00,,26.6,91,0.328,0.166
1985-05-30T05:00,,28.0,82,0.325,0.167
1985-05-30T06:00,,27.3,80,0.336,0.168
1985-05-30T07:00,,28.9,77,0.332,0.17
1985-05-30T08:00,,27.7,81,0.357,0.171
1985-05-30T09:00,,28.0,81,0.361,0.174
1985-05-30T10:00,,26.6,83,0.406,0.178
1985-05-30T11:00,,26.6,85,0.359,0.194
1985-05-30T12:00,,26.6,85,0.352,0.197
1985-05-30T13:00,,26.7,84,0.346,0.199
1985-05-30T14:00,,26.4,86,0.341,0.201
1985-05-30T15:00,,26.2,88,0.337,0.202
1985-05-30T16:00,,26.2,89,0.334,0.203
1985-05-30T17:00,,25.9,92,0.332,0.205
1985-05-30T18:00,,25.6,93,0.33,0.206
1985-05-30T19:00,,25.2,94,0.329,0.207
1985-05-30T20:00,,25.1,96,0.328,0.208
1985-05-30T21:00,,24.6,96,0.329,0.209
1985-05-30T22:00,,24.8,95,0.328,0.21
1985-05-30T23:00,,24.8,96,0.326,0.211
1985-05-31T00:00,,24.8,95,0.325,0.212
1985-05-31T01:00,,24.9,94,0.323,0.213
1985-05-31T02:00,,25.3,93,0.321,0.214
1985-05-31T03:00,,26.1,90,0.32,0.214
1985-05-31T04:00,,27.0,86,0.32,0.215
1985-05-31T05:00,,28.0,85,0.318,0.215
1985-05-31T06:00,,29.2,79,0.315,0.216
1985-05-31T07:00,,29.3,79,0.312,0.216
1985-05-31T08:00,,29.2,81,0.309,0.216
1985-05-31T09:00,,29.6,79,0.306,0.216
1985-05-31T10:00,,27.4,83,0.355,0.217
1985-05-31T11:00,,26.9,89,0.354,0.219
1985-05-31T12:00,,27.0,88,0.35,0.221
1985-05-31T13:00,,26.3,89,0.346,0.222
1985-05-31T14:00,,25.4,91,0.344,0.224
1985-05-31T15:00,,25.5,92,0.343,0.225
1985-05-31T16:00,,25.4,94,0.339,0.227
1985-05-31T17:00,,25.4,94,0.337,0.228
1985-05-31T18:00,,25.0,96,0.337,0.229
1985-05-31T19:00,,25.3,93,0.344,0.23
1985-05-31T20:00,,24.8,95,0.355,0.231
1985-05-31T21:00,,24.8,96,0.351,0.233
1985-05-31T22:00,,25.1,94,0.348,0.235
1985-05-31T23:00,,24.9,96,0.352,0.236
1985-06-01T00:00,,24.7,95,0.359,0.238
1985-06-01T01:00,,24.8,95,0.355,0.24
1985-06-01T02:00,,25.4,91,0.35,0.242
1985-06-01T03:00,,25.7,91,0.347,0.243
1985-06-01T04:00,,26.6,90,0.344,0.244
1985-06-01T05:00,,27.8,86,0.341,0.245
1985-06-01T06:00,,28.9,78,0.337,0.245
1985-06-01T07:00,,28.5,76,0.361,0.246
1985-06-01T08:00,,27.8,80,0.359,0.248
1985-06-01T09:00,,28.3,78,0.354,0.249
1985-06-01T10:00,,28.4,77,0.352,0.251
1985-06-01T11:00,,27.5,80,0.351,0.252
1985-06-01T12:00,,26.5,84,0.353,0.253
1985-06-01T13:00,,26.2,87,0.352,0.254
1985-06-01T14:00,,25.6,91,0.356,0.256
1985-06-01T15:00,,25.2,94,0.356,0.257
1985-06-01T16:00,,25.2,94,0.354,0.259
1985-06-01T17:00,,25.0,95,0.352,0.26
1985-06-01T18:00,,25.2,94,0.351,0.261
1985-06-01T19:00,,25.0,95,0.352,0.262
1985-06-01T20:00,,24.9,95,0.359,0.264
1985-06-01T21:00,,24.7,94,0.363,0.265
1985-06-01T22:00,,24.5,97,0.361,0.267
1985-06-01T23:00,,24.4,96,0.358,0.268
1985-06-02T00:00,,24.5,95,0.358,0.27
1985-06-02T01:00,,24.5,96,0.362,0.271
1985-06-02T02:00,,24.9,94,0.36,0.273
1985-06-02T03:00,,25.9,87,0.357,0.274
1985-06-02T04:00,,27.0,84,0.354,0.275
1985-06-02T05:00,,27.7,82,0.351,0.276
1985-06-02T06:00,,28.6,81,0.346,0.276
1985-06-02T07:00,,28.2,78,0.364,0.277
1985-06-02T08:00,,27.5,83,0.363,0.278
1985-06-02T09:00,,27.8,81,0.36,0.279
1985-06-02T10:00,,26.9,87,0.37,0.281
1985-06-02T11:00,,27.4,87,0.365,0.282
1985-06-02T12:00,,27.0,88,0.362,0.283
1985-06-02T13:00,,26.2,90,0.361,0.285
1985-06-02T14:00,,25.8,91,0.358,0.286
1985-06-02T15:00,,25.7,92,0.355,0.287
1985-06-02T16:00,,25.7,93,0.353,0.288
1985-06-02T17:00,,25.3,94,0.353,0.288
1985-06-02T18:00,,25.0,96,0.352,0.289
1985-06-02T19:00,,25.2,92,0.35,0.29
1985-06-02T20:00,,25.1,93,0.349,0.29
1985-06-02T21:00,,25.0,92,0.351,0.291
1985-06-02T22:00,,24.9,94,0.354,0.292
1985-06-02T23:00,,24.7,94,0.36,0.293
1985-06-03T00:00,,24.8,93,0.364,0.294
1985-06-03T01:00,,24.7,94,0.363,0.295
1985-06-03T02:00,,24.9,93,0.36,0.296
1985-06-03T03:00,,25.5,90,0.359,0.297
1985-06-03T04:00,,26.5,85,0.357,0.298
1985-06-03T05:00,,27.8,82,0.354,0.298
1985-06-03T06:00,,27.5,83,0.358,0.298
1985-06-03T07:00,,29.0,80,0.359,0.299
1985-06-03T08:00,,27.5,83,0.381,0.3
1985-06-03T09:00,,28.0,82,0.377,0.302
1985-06-03T10:00,,26.7,86,0.392,0.304
1985-06-03T11:00,,26.9,89,0.383,0.307
1985-06-03T12:00,,26.8,90,0.377,0.309
1985-06-03T13:00,,25.8,87,0.391,0.311
1985-06-03T14:00,,25.3,90,0.384,0.314
1985-06-03T15:00,,25.3,91,0.381,0.315
1985-06-03T16:00,,24.9,95,0.378,0.317
1985-06-03T17:00,,25.0,95,0.374,0.318
1985-06-03T18:00,,25.0,96,0.371,0.319
1985-06-03T19:00,,24.9,96,0.37,0.32
1985-06-03T20:00,,24.9,96,0.37,0.321
1985-06-03T21:00,,24.8,97,0.37,0.322
1985-06-03T22:00,,24.8,98,0.368,0.322
1985-06-03T23:00,,24.8,97,0.365,0.323
1985-06-04T00:00,,24.6,97,0.363,0.323
1985-06-04T01:00,,24.7,98,0.361,0.324
1985-06-04T02:00,,25.5,93,0.36,0.324
1985-06-04T03:00,,25.8,91,0.361,0.324
1985-06-04T04:00,,26.7,87,0.361,0.324
1985-06-04T05:00,,27.8,86,0.359,0.324
1985-06-04T06:00,,28.7,84,0.356,0.324
1985-06-04T07:00,,29.7,76,0.353,0.323
1985-06-04T08:00,,29.9,77,0.351,0.322
1985-06-04T09:00,,29.4,76,0.364,0.322
1985-06-04T10:00,,28.5,78,0.366,0.322
1985-06-04T11:00,,27.6,83,0.369,0.323
1985-06-04T12:00,,26.9,89,0.37,0.323
1985-06-04T13:00,,26.4,89,0.375,0.324
1985-06-04T14:00,,25.4,96,0.376,0.325
1985-06-04T15:00,,25.5,96,0.376,0.326
1985-06-04T16:00,,25.4,96,0.381,0.327
1985-06-04T17:00,,25.3,97,0.38,0.328
1985-06-04T18:00,,25.1,98,0.377,0.329
1985-06-04T19:00,,25.2,98,0.377,0.33
1985-06-04T20:00,,25.3,97,0.376,0.331
1985-06-04T21:00,,25.2,97,0.374,0.332
1985-06-04T22:00,,25.1,97,0.372,0.332
1985-06-04T23:00,,24.9,95,0.373,0.333
1985-06-05T00:00,,24.9,95,0.376,0.333
1985-06-05T01:00,,24.8,95,0.378,0.334
1985-06-05T02:00,,25.1,96,0.378,0.335
1985-06-05T03:00,,25.4,91,0.375,0.336
1985-06-05T04:00,,26.7,87,0.373,0.336
1985-06-05T05:00,,27.2,86,0.37,0.336
1985-06-05T06:00,,28.5,84,0.367,0.336
1985-06-05T07:00,,29.6,76,0.363,0.335
1985-06-05T08:00,,29.6,76,0.362,0.334
1985-06-05T09:00,,29.0,80,0.363,0.334
1985-06-05T10:00,,28.4,85,0.367,0.334
1985-06-05T11:00,,27.1,84,0.378,0.334
1985-06-05T12:00,,26.2,88,0.379,0.335
1985-06-05T13:00,,25.8,92,0.377,0.336
1985-06-05T14:00,,25.6,94,0.375,0.336
1985-06-05T15:00,,25.6,94,0.373,0.337
1985-06-05T16:00,,25.3,97,0.372,0.337
1985-06-05T17:00,,25.4,96,0.37,0.337
1985-06-05T18:00,,25.3,95,0.374,0.338
1985-06-05T19:00,,25.2,96,0.373,0.338
1985-06-05T20:00,,25.1,96,0.379,0.339
1985-06-05T21:00,,24.9,96,0.385,0.34
1985-06-05T22:00,,24.9,97,0.385,0.341
1985-06-05T23:00,,24.9,96,0.385,0.342
1985-06-06T00:00,,24.7,95,0.389,0.343
1985-06-06T01:00,,24.8,94,0.39,0.344
1985-06-06T02:00,,25.1,93,0.39,0.346
1985-06-06T03:00,,25.2,91,0.39,0.347
1985-06-06T04:00,,25.9,89,0.386,0.348
1985-06-06T05:00,,27.3,83,0.383,0.349
1985-06-06T06:00,,27.7,79,0.384,0.349
1985-06-06T07:00,,28.5,78,0.382,0.349
1985-06-06T08:00,,27.4,81,0.389,0.349
1985-06-06T09:00,,26.7,86,0.39,0.35
1985-06-06T10:00,,26.7,86,0.39,0.351
1985-06-06T11:00,,26.0,88,0.403,0.352
1985-06-06T12:00,,25.8,89,0.404,0.356
1985-06-06T13:00,,25.0,94,0.401,0.358
1985-06-06T14:00,,24.6,96,0.4,0.361
1985-06-06T15:00,,24.7,96,0.397,0.362
1985-06-06T16:00,,24.9,94,0.396,0.363
1985-06-06T17:00,,24.8,95,0.395,0.364
1985-06-06T18:00,,24.8,95,0.396,0.365
1985-06-06T19:00,,24.7,94,0.4,0.366
1985-06-06T20:00,,24.6,94,0.405,0.367
1985-06-06T21:00,,24.3,96,0.405,0.369
1985-06-06T22:00,,24.3,96,0.402,0.371
1985-06-06T23:00,,24.4,96,0.399,0.372
1985-06-07T00:00,,24.4,95,0.399,0.372
1985-06-07T01:00,,24.3,95,0.402,0.373
1985-06-07T02:00,,24.5,94,0.406,0.374
1985-06-07T03:00,,24.9,92,0.406,0.376
1985-06-07T04:00,,24.7,92,0.416,0.378
1985-06-07T05:00,,25.6,90,0.404,0.386
1985-06-07T06:00,,25.3,93,0.418,0.387
1985-06-07T07:00,,25.0,92,0.408,0.394
1985-06-07T08:00,,25.2,91,0.414,0.393
1985-06-07T09:00,,25.6,92,0.413,0.395
1985-06-07T10:00,,25.1,93,0.417,0.397
1985-06-07T11:00,,24.8,93,0.417,0.402
1985-06-07T12:00,,24.3,95,0.419,0.404
1985-06-07T13:00,,24.4,94,0.419,0.408
1985-06-07T14:00,,24.3,96,0.418,0.409
1985-06-07T15:00,,24.4,95,0.413,0.407
1985-06-07T16:00,,24.6,95,0.418,0.405
1985-06-07T17:00,,24.4,95,0.415,0.406
1985-06-07T18:00,,24.3,96,0.419,0.405
1985-06-07T19:00,,24.2,97,0.419,0.408
1985-06-07T20:00,,23.9,98,0.421,0.412
1985-06-07T21:00,,23.8,98,0.422,0.415
1985-06-07T22:00,,23.8,97,0.423,0.417
1985-06-07T23:00,,23.9,97,0.423,0.419
1985-06-08T00:00,,24.2,96,0.423,0.418
1985-06-08T01:00,,24.2,96,0.421,0.417
1985-06-08T02:00,,24.3,96,0.421,0.417
1985-06-08T03:00,,24.6,94,0.421,0.415
1985-06-08T04:00,,24.9,94,0.42,0.414
1985-06-08T05:00,,25.1,93,0.419,0.413
1985-06-08T06:00,,25.4,93,0.419,0.412
1985-06-08T07:00,,24.8,93,0.42,0.414
1985-06-08T08:00,,24.7,94,0.419,0.413
1985-06-08T09:00,,25.2,94,0.413,0.411
1985-06-08T10:00,,25.5,94,0.412,0.406
1985-06-08T11:00,,25.7,92,0.408,0.403
1985-06-08T12:00,,26.1,86,0.408,0.401
1985-06-08T13:00,,24.6,94,0.412,0.4
1985-06-08T14:00,,24.5,96,0.414,0.4
1985-06-08T15:00,,24.5,95,0.411,0.401
1985-06-08T16:00,,24.4,98,0.415,0.4
1985-06-08T17:00,,24.6,95,0.413,0.402
1985-06-08T18:00,,24.6,95,0.416,0.402
1985-06-08T19:00,,24.4,95,0.411,0.404
1985-06-08T20:00,,24.5,95,0.409,0.402
1985-06-08T21:00,,24.5,95,0.408,0.4
1985-06-08T22:00,,24.4,94,0.41,0.399
1985-06-08T23:00,,24.1,96,0.409,0.398
1985-06-09T00:00,,24.2,96,0.414,0.398
1985-06-09T01:00,,24.2,96,0.417,0.4
1985-06-09T02:00,,24.5,93,0.413,0.404
1985-06-09T03:00,,24.7,96,0.414,0.403
1985-06-09T04:00,,25.5,88,0.409,0.402
1985-06-09T05:00,,24.9,92,0.409,0.401
1985-06-09T06:00,,26.0,87,0.407,0.399
1985-06-09T07:00,,26.9,82,0.405,0.398
1985-06-09T08:00,,27.7,82,0.402,0.396
1985-06-09T09:00,,26.6,84,0.402,0.394
1985-06-09T10:00,,27.3,82,0.4,0.393
1985-06-09T11:00,,25.6,88,0.403,0.392
1985-06-09T12:00,,25.7,90,0.399,0.391
1985-06-09T13:00,,25.3,90,0.4,0.39
1985-06-09T14:00,,24.7,93,0.4,0.39
1985-06-09T15:00,,24.5,95,0.401,0.389
1985-06-09T16:00,,24.4,96,0.405,0.389
1985-06-09T17:00,,24.2,97,0.405,0.389
1985-06-09T18:00,,24.2,94,0.407,0.39
1985-06-09T19:00,,24.1,95,0.405,0.39
1985-06-09T20:00,,23.9,96,0.404,0.39
1985-06-09T21:00,,23.9,95,0.405,0.39
1985-06-09T22:00,,23.7,96,0.405,0.391
1985-06-09T23:00,,23.7,96,0.402,0.39
1985-06-10T00:00,,23.8,97,0.403,0.39
1985-06-10T01:00,,23.7,97,0.406,0.39
1985-06-10T02:00,,24.1,92,0.41,0.391
1985-06-10T03:00,,24.5,92,0.408,0.392
1985-06-10T04:00,,25.2,91,0.405,0.392
1985-06-10T05:00,,25.9,87,0.406,0.392
1985-06-10T06:00,,25.9,85,0.414,0.393
1985-06-10T07:00,,26.4,83,0.401,0.396
1985-06-10T08:00,,26.5,86,0.401,0.395
1985-06-10T09:00,,25.9,86,0.41,0.394
1985-06-10T10:00,,26.1,86,0.411,0.395
1985-06-10T11:00,,25.3,86,0.417,0.398
1985-06-10T12:00,,24.8,93,0.407,0.401
1985-06-10T13:00,,24.3,96,0.415,0.4
1985-06-10T14:00,,24.1,97,0.414,0.402
1985-06-10T15:00,,24.1,96,0.413,0.402
1985-06-10T16:00,,23.9,96,0.413,0.402
1985-06-10T17:00,,24.0,95,0.41,0.402
1985-06-10T18:00,,24.1,95,0.409,0.401
1985-06-10T19:00,,24.1,96,0.412,0.4
1985-06-10T20:00,,24.1,96,0.412,0.401
1985-06-10T21:00,,24.3,94,0.409,0.401
1985-06-10T22:00,,24.1,95,0.409,0.4
1985-06-10T23:00,,24.0,94,0.411,0.4
1985-06-11T00:00,,23.9,95,0.413,0.4
1985-06-11T01:00,,23.6,96,0.413,0.401
1985-06-11T02:00,,24.1,94,0.41,0.402
1985-06-11T03:00,,24.9,90,0.41,0.401
1985-06-11T04:00,,24.9,89,0.413,0.401
1985-06-11T05:00,,25.5,89,0.408,0.401
1985-06-11T06:00,,25.4,91,0.409,0.4
1985-06-11T07:00,,27.3,81,0.411,0.4
1985-06-11T08:00,,26.1,86,0.41,0.4
1985-06-11T09:00,,27.1,80,0.407,0.399
1985-06-11T10:00,,25.9,87,0.414,0.399
1985-06-11T11:00,,25.8,88,0.404,0.402
1985-06-11T12:00,,24.8,88,0.417,0.402
1985-06-11T13:00,,24.1,96,0.411,0.405
1985-06-11T14:00,,24.1,96,0.41,0.404
1985-06-11T15:00,,24.1,97,0.408,0.402
1985-06-11T16:00,,24.2,95,0.409,0.401
1985-06-11T17:00,,24.3,95,0.41,0.401
1985-06-11T18:00,,24.0,97,0.414,0.401
1985-06-11T19:00,,24.3,95,0.416,0.403
1985-06-11T20:00,,24.0,97,0.408,0.405
1985-06-11T21:00,,24.0,97,0.41,0.403
1985-06-11T22:00,,24.0,96,0.41,0.402
1985-06-11T23:00,,24.2,94,0.409,0.402
1985-06-12T00:00,,24.0,96,0.408,0.401
1985-06-12T01:00,,24.0,97,0.407,0.4
1985-06-12T02:00,,24.4,93,0.409,0.4
1985-06-12T03:00,,24.7,92,0.406,0.399
1985-06-12T04:00,,26.3,86,0.405,0.399
1985-06-12T05:00,,25.6,90,0.414,0.398
1985-06-12T06:00,,26.8,84,0.405,0.4
1985-06-12T07:00,,26.4,83,0.413,0.399
1985-06-12T08:00,,26.9,84,0.406,0.399
1985-06-12T09:00,,27.1,81,0.408,0.399
1985-06-12T10:00,,26.5,84,0.409,0.399
1985-06-12T11:00,,25.8,86,0.409,0.399
1985-06-12T12:00,,25.4,91,0.415,0.4
1985-06-12T13:00,,24.6,92,0.408,0.403
1985-06-12T14:00,,24.5,94,0.406,0.402
1985-06-12T15:00,,24.5,94,0.404,0.4
1985-06-12T16:00,,24.5,94,0.404,0.399
1985-06-12T17:00,,24.6,93,0.402,0.398
1985-06-12T18:00,,24.6,94,0.401,0.397
1985-06-12T19:00,,24.6,95,0.404,0.397
1985-06-12T20:00,,24.3,96,0.405,0.396
1985-06-12T21:00,,24.3,95,0.405,0.396
1985-06-12T22:00,,24.2,96,0.404,0.396
1985-06-12T23:00,,24.1,96,0.404,0.396
1985-06-13T00:00,,24.1,97,0.401,0.395
1985-06-13T01:00,,24.0,97,0.399,0.395
1985-06-13T02:00,,24.4,96,0.398,0.394
1985-06-13T03:00,,25.1,96,0.397,0.393
1985-06-13T04:00,,26.0,90,0.396,0.392
1985-06-13T05:00,,27.2,86,0.395,0.391
1985-06-13T06:00,,27.7,86,0.392,0.39
1985-06-13T07:00,,28.2,83,0.39,0.389
1985-06-13T08:00,,27.9,85,0.392,0.388
1985-06-13T09:00,,27.6,84,0.4,0.388
1985-06-13T10:00,,27.2,84,0.407,0.388
1985-06-13T11:00,,26.3,89,0.413,0.39
1985-06-13T12:00,,26.1,89,0.402,0.393
1985-06-13T13:00,,25.5,89,0.404,0.393
1985-06-13T14:00,,25.2,91,0.402,0.393
1985-06-13T15:00,,24.7,94,0.408,0.393
1985-06-13T16:00,,24.4,96,0.415,0.395
1985-06-13T17:00,,24.4,96,0.403,0.397
1985-06-13T18:00,,24.4,95,0.407,0.397
1985-06-13T19:00,,24.6,95,0.409,0.397
1985-06-13T20:00,,24.4,95,0.405,0.397
1985-06-13T21:00,,24.4,96,0.402,0.397
1985-06-13T22:00,,24.2,96,0.402,0.396
1985-06-13T23:00,,24.2,97,0.401,0.396
1985-06-14T00:00,,24.3,96,0.4,0.395
1985-06-14T01:00,,24.3,94,0.401,0.395
1985-06-14T02:00,,24.5,94,0.402,0.395
1985-06-14T03:00,,24.7,94,0.403,0.394
1985-06-14T04:00,,25.4,94,0.4,0.394
1985-06-14T05:00,,26.9,84,0.4,0.394
1985-06-14T06:00,,26.6,85,0.4,0.393
1985-06-14T07:00,,27.0,84,0.4,0.393
1985-06-14T08:00,,27.1,80,0.409,0.393
1985-06-14T09:00,,26.1,86,0.412,0.395
1985-06-14T10:00,,27.3,85,0.404,0.396
1985-06-14T11:00,,26.6,83,0.409,0.396
1985-06-14T12:00,,25.8,87,0.418,0.4
1985-06-14T13:00,,24.8,93,0.419,0.408
1985-06-14T14:00,,24.4,96,0.412,0.409
1985-06-14T15:00,,24.3,96,0.412,0.408
1985-06-14T16:00,,24.2,96,0.414,0.407
1985-06-14T17:00,,24.2,96,0.416,0.407
1985-06-14T18:00,,24.2,96,0.409,0.409
1985-06-14T19:00,,24.1,95,0.413,0.407
1985-06-14T20:00,,24.0,96,0.413,0.407
1985-06-14T21:00,,23.9,95,0.414,0.407
1985-06-14T22:00,,23.9,94,0.414,0.407
1985-06-14T23:00,,24.0,94,0.412,0.407
1985-06-15T00:00,,23.9,95,0.411,0.406
1985-06-15T01:00,,24.0,95,0.413,0.406
1985-06-15T02:00,,24.1,95,0.415,0.406
1985-06-15T03:00,,24.2,93,0.415,0.408
1985-06-15T04:00,,24.8,93,0.41,0.407
1985-06-15T05:00,,25.9,86,0.409,0.406
1985-06-15T06:00,,25.3,87,0.417,0.407
1985-06-15T07:00,,26.6,84,0.42,0.413
1985-06-15T08:00,,25.1,91,0.424,0.417
1985-06-15T09:00,,25.4,93,0.418,0.415
1985-06-15T10:00,,25.1,90,0.421,0.419
1985-06-15T11:00,,24.7,95,0.422,0.418
1985-06-15T12:00,,24.6,95,0.419,0.419
1985-06-15T13:00,,24.1,97,0.422,0.42
1985-06-15T14:00,,24.0,97,0.417,0.415
1985-06-15T15:00,,24.0,96,0.419,0.414
1985-06-15T16:00,,24.0,96,0.418,0.416
1985-06-15T17:00,,24.2,94,0.42,0.416
1985-06-15T18:00,,24.1,95,0.422,0.419
1985-06-15T19:00,,24.2,95,0.419,0.416
1985-06-15T20:00,,24.1,96,0.421,0.418
1985-06-15T21:00,,23.9,95,0.423,0.421
1985-06-15T22:00,,23.5,96,0.423,0.422
1985-06-15T23:00,,23.5,97,0.424,0.423
1985-06-16T00:00,,23.3,96,0.424,0.424
1985-06-16T01:00,,23.5,95,0.424,0.423
1985-06-16T02:00,,23.7,94,0.424,0.423
1985-06-16T03:00,,23.8,94,0.423,0.423
1985-06-16T04:00,,24.0,94,0.423,0.423
1985-06-16T05:00,,24.3,94,0.423,0.423
1985-06-16T06:00,,24.6,92,0.422,0.422
1985-06-16T07:00,,24.3,94,0.422,0.422
1985-06-16T08:00,,24.3,95,0.422,0.422
1985-06-16T09:00,,24.7,95,0.422,0.422
1985-06-16T10:00,,25.0,93,0.422,0.422
1985-06-16T11:00,,24.3,96,0.422,0.422
1985-06-16T12:00,,24.2,95,0.421,0.422
1985-06-16T13:00,,24.1,95,0.42,0.421
1985-06-16T14:00,,24.2,95,0.418,0.421
1985-06-16T15:00,,24.3,95,0.419,0.419
1985-06-16T16:00,,24.4,96,0.42,0.42
1985-06-16T17:00,,24.4,97,0.42,0.42
1985-06-16T18:00,,24.5,97,0.421,0.42
1985-06-16T19:00,,24.6,96,0.424,0.421
1985-06-16T20:00,,24.2,96,0.422,0.423
1985-06-16T21:00,,23.9,95,0.42,0.422
1985-06-16T22:00,,24.0,96,0.419,0.421
1985-06-16T23:00,,24.2,96,0.419,0.42
1985-06-17T00:00,,24.1,97,0.42,0.42
1985-06-17T01:00,,24.3,97,0.423,0.421
1985-06-17T02:00,,24.4,96,0.425,0.422
1985-06-17T03:00,,24.6,96,0.424,0.425
1985-06-17T04:00,,25.0,94,0.42,0.422
1985-06-17T05:00,,24.7,95,0.426,0.423
1985-06-17T06:00,,25.2,92,0.422,0.424
1985-06-17T07:00,,24.9,93,0.425,0.424
1985-06-17T08:00,,24.9,93,0.423,0.424
1985-06-17T09:00,,24.6,96,0.424,0.424
1985-06-17T10:00,,24.6,95,0.421,0.423
1985-06-17T11:00,,24.8,93,0.422,0.423
1985-06-17T12:00,,24.8,94,0.419,0.422
1985-06-17T13:00,,24.5,96,0.421,0.422
1985-06-17T14:00,,24.6,96,0.424,0.422
1985-06-17T15:00,,24.5,96,0.424,0.425
1985-06-17T16:00,,24.4,96,0.421,0.423
1985-06-17T17:00,,24.4,96,0.424,0.424
1985-06-17T18:00,,24.3,97,0.423,0.423
1985-06-17T19:00,,24.2,96,0.425,0.425
1985-06-17T20:00,,24.2,95,0.421,0.423
1985-06-17T21:00,,24.1,95,0.423,0.423
1985-06-17T22:00,,23.9,96,0.42,0.422
1985-06-17T23:00,,23.7,95,0.423,0.423
1985-06-18T00:00,,23.8,94,0.419,0.421
1985-06-18T01:00,,23.7,95,0.419,0.421
1985-06-18T02:00,,23.9,94,0.417,0.42
1985-06-18T03:00,,23.9,96,0.418,0.419
1985-06-18T04:00,,24.4,95,0.416,0.418
1985-06-18T05:00,,24.5,96,0.417,0.417
1985-06-18T06:00,,25.2,93,0.418,0.417
1985-06-18T07:00,,25.1,92,0.418,0.416
1985-06-18T08:00,,25.3,93,0.417,0.416
1985-06-18T09:00,,25.5,90,0.414,0.416
1985-06-18T10:00,,25.7,92,0.409,0.414
1985-06-18T11:00,,24.8,92,0.413,0.413
1985-06-18T12:00,,24.6,94,0.415,0.413
1985-06-18T13:00,,24.3,96,0.412,0.414
1985-06-18T14:00,,24.2,96,0.411,0.412
1985-06-18T15:00,,24.2,95,0.411,0.411
1985-06-18T16:00,,24.3,95,0.41,0.411
1985-06-18T17:00,,24.3,96,0.41,0.41
1985-06-18T18:00,,24.0,97,0.412,0.41
1985-06-18T19:00,,24.0,95,0.412,0.41
1985-06-18T20:00,,23.8,97,0.411,0.41
1985-06-18T21:00,,23.9,96,0.412,0.409
1985-06-18T22:00,,23.8,96,0.411,0.409
1985-06-18T23:00,,23.9,96,0.41,0.409
1985-06-19T00:00,,23.9,96,0.409,0.408
1985-06-19T01:00,,24.0,96,0.408,0.408
1985-06-19T02:00,,24.4,95,0.408,0.407
1985-06-19T03:00,,24.8,92,0.408,0.407
1985-06-19T04:00,,25.7,89,0.408,0.407
1985-06-19T05:00,,26.2,86,0.408,0.406
1985-06-19T06:00,,26.5,87,0.406,0.406
1985-06-19T07:00,,27.4,86,0.404,0.405
1985-06-19T08:00,,28.0,80,0.402,0.404
1985-06-19T09:00,,26.9,80,0.405,0.403
1985-06-19T10:00,,26.7,83,0.405,0.403
1985-06-19T11:00,,25.5,84,0.408,0.403
1985-06-19T12:00,,25.0,86,0.407,0.403
1985-06-19T13:00,,24.4,91,0.407,0.403
1985-06-19T14:00,,24.1,94,0.406,0.403
1985-06-19T15:00,,24.1,95,0.406,0.403
1985-06-19T16:00,,24.2,93,0.404,0.403
1985-06-19T17:00,,24.3,94,0.403,0.403
1985-06-19T18:00,,24.2,94,0.405,0.403
1985-06-19T19:00,,24.1,96,0.407,0.403
1985-06-19T20:00,,24.0,96,0.409,0.403
1985-06-19T21:00,,24.2,94,0.409,0.404
1985-06-19T22:00,,24.0,94,0.412,0.405
1985-06-19T23:00,,23.8,94,0.409,0.407
1985-06-20T00:00,,23.7,95,0.408,0.406
1985-06-20T01:00,,23.8,94,0.409,0.406
1985-06-20T02:00,,23.9,93,0.408,0.405
1985-06-20T03:00,,24.0,93,0.408,0.405
1985-06-20T04:00,,24.1,92,0.407,0.405
1985-06-20T05:00,,25.0,92,0.405,0.404
1985-06-20T06:00,,26.7,82,0.405,0.404
1985-06-20T07:00,,27.3,86,0.403,0.403
1985-06-20T08:00,,28.1,79,0.401,0.402
1985-06-20T09:00,,26.3,81,0.409,0.402
1985-06-20T10:00,,26.8,80,0.406,0.403
1985-06-20T11:00,,25.6,85,0.412,0.404
1985-06-20T12:00,,24.7,89,0.41,0.406
1985-06-20T13:00,,24.3,93,0.409,0.406
1985-06-20T14:00,,23.9,96,0.412,0.406
1985-06-20T15:00,,23.9,96,0.407,0.407
1985-06-20T16:00,,24.0,95,0.406,0.406
1985-06-20T17:00,,24.1,95,0.407,0.406
1985-06-20T18:00,,23.9,95,0.409,0.406
1985-06-20T19:00,,23.8,97,0.408,0.406
1985-06-20T20:00,,23.8,96,0.408,0.405
1985-06-20T21:00,,23.6,97,0.408,0.405
1985-06-20T22:00,,23.6,96,0.409,0.405
1985-06-20T23:00,,23.3,97,0.409,0.406
1985-06-21T00:00,,23.4,97,0.408,0.406
1985-06-21T01:00,,23.5,96,0.408,0.405
1985-06-21T02:00,,23.7,94,0.408,0.405
1985-06-21T03:00,,24.8,91,0.407,0.405
1985-06-21T04:00,,25.2,88,0.413,0.406
1985-06-21T05:00,,25.6,88,0.409,0.408
1985-06-21T06:00,,26.1,86,0.414,0.408
1985-06-21T07:00,,26.9,82,0.406,0.408
1985-06-21T08:00,,27.2,84,0.404,0.406
1985-06-21T09:00,,27.1,86,0.403,0.405
1985-06-21T10:00,,26.2,85,0.404,0.404
1985-06-21T11:00,,25.6,85,0.406,0.404
1985-06-21T12:00,,25.2,88,0.406,0.404
1985-06-21T13:00,,24.5,91,0.408,0.404
1985-06-21T14:00,,24.2,92,0.408,0.405
1985-06-21T15:00,,24.0,94,0.407,0.405
1985-06-21T16:00,,23.7,95,0.408,0.405
1985-06-21T17:00,,23.7,96,0.408,0.405
1985-06-21T18:00,,23.7,96,0.407,0.405
1985-06-21T19:00,,23.8,94,0.408,0.405
1985-06-21T20:00,,23.6,94,0.409,0.405
1985-06-21T21:00,,23.6,95,0.41,0.406
1985-06-21T22:00,,23.5,94,0.409,0.406
1985-06-21T23:00,,23.6,94,0.408,0.406
1985-06-22T00:00,,23.7,92,0.409,0.406
1985-06-22T01:00,,23.5,94,0.41,0.407
1985-06-22T02:00,,23.9,94,0.408,0.406
1985-06-22T03:00,,24.3,91,0.407,0.406
1985-06-22T04:00,,24.7,91,0.408,0.406
1985-06-22T05:00,,25.8,85,0.412,0.407
1985-06-22T06:00,,25.8,84,0.409,0.409
1985-06-22T07:00,,26.3,81,0.414,0.409
1985-06-22T08:00,,26.4,84,0.409,0.41
1985-06-22T09:00,,26.0,83,0.41,0.409
1985-06-22T10:00,,25.7,87,0.414,0.409
1985-06-22T11:00,,25.3,88,0.412,0.411
1985-06-22T12:00,,24.8,90,0.413,0.41
1985-06-22T13:00,,24.4,93,0.415,0.411
1985-06-22T14:00,,24.1,94,0.416,0.412
1985-06-22T15:00,,24.1,94,0.411,0.411
1985-06-22T16:00,,24.1,94,0.413,0.411
1985-06-22T17:00,,23.9,95,0.414,0.411
1985-06-22T18:00,,23.8,95,0.412,0.413
1985-06-22T19:00,,23.8,96,0.412,0.412
1985-06-22T20:00,,23.6,96,0.41,0.411
1985-06-22T21:00,,23.4,96,0.41,0.411
1985-06-22T22:00,,23.6,96,0.412,0.411
1985-06-22T23:00,,23.5,96,0.414,0.411
1985-06-23T00:00,,23.6,96,0.412,0.413
1985-06-23T01:00,,23.7,96,0.414,0.413
1985-06-23T02:00,,24.3,94,0.415,0.413
1985-06-23T03:00,,25.0,93,0.412,0.414
1985-06-23T04:00,,25.7,87,0.417,0.414
1985-06-23T05:00,,25.5,89,0.419,0.415
1985-06-23T06:00,,25.8,87,0.42,0.416
1985-06-23T07:00,,27.5,81,0.41,0.414
1985-06-23T08:00,,26.4,85,0.418,0.416
1985-06-23T09:00,,26.2,85,0.42,0.417
1985-06-23T10:00,,25.4,91,0.42,0.418
1985-06-23T11:00,,24.6,92,0.419,0.418
1985-06-23T12:00,,24.6,94,0.419,0.419
1985-06-23T13:00,,24.2,96,0.417,0.418
1985-06-23T14:00,,23.9,95,0.418,0.418
1985-06-23T15:00,,23.7,96,0.415,0.417
1985-06-23T16:00,,23.8,96,0.414,0.416
1985-06-23T17:00,,23.9,95,0.414,0.416
1985-06-23T18:00,,24.0,94,0.415,0.416
1985-06-23T19:00,,24.2,93,0.414,0.415
1985-06-23T20:00,,24.2,93,0.414,0.415
1985-06-23T21:00,,24.0,93,0.415,0.416
1985-06-23T22:00,,23.9,93,0.414,0.416
1985-06-23T23:00,,23.9,93,0.412,0.415
1985-06-24T00:00,,23.5,94,0.416,0.415
1985-06-24T01:00,,23.6,94,0.414,0.416
1985-06-24T02:00,,24.0,95,0.411,0.415
1985-06-24T03:00,,24.5,94,0.411,0.414
1985-06-24T04:00,,25.0,91,0.42,0.416
1985-06-24T05:00,,24.9,94,0.418,0.417
1985-06-24T06:00,,25.0,92,0.42,0.417
1985-06-24T07:00,,25.6,92,0.418,0.417
1985-06-24T08:00,,25.4,91,0.423,0.419
1985-06-24T09:00,,25.2,93,0.421,0.421
1985-06-24T10:00,,25.0,95,0.42,0.421
1985-06-24T11:00,,24.7,92,0.419,0.42
1985-06-24T12:00,,24.7,92,0.42,0.42
1985-06-24T13:00,,24.3,94,0.418,0.419
1985-06-24T14:00,,24.1,96,0.418,0.419
1985-06-24T15:00,,24.0,96,0.418,0.419
1985-06-24T16:00,,24.2,95,0.415,0.418
1985-06-24T17:00,,24.1,96,0.416,0.418
1985-06-24T18:00,,24.0,97,0.417,0.418
1985-06-24T19:00,,24.3,94,0.414,0.418
1985-06-24T20:00,,24.3,95,0.412,0.416
1985-06-24T21:00,,24.2,95,0.415,0.416
1985-06-24T22:00,,24.1,97,0.417,0.417
1985-06-24T23:00,,24.1,97,0.416,0.417
1985-06-25T00:00,,23.9,95,0.417,0.417
1985-06-25T01:00,,24.0,96,0.417,0.417
1985-06-25T02:00,,24.4,96,0.415,0.417
1985-06-25T03:00,,24.7,97,0.413,0.416
1985-06-25T04:00,,25.3,91,0.422,0.417
1985-06-25T05:00,,25.7,90,0.418,0.419
1985-06-25T06:00,,25.3,94,0.421,0.419
1985-06-25T07:00,,25.6,90,0.419,0.419
1985-06-25T08:00,,26.3,85,0.421,0.42
1985-06-25T09:00,,25.3,91,0.421,0.421
1985-06-25T10:00,,25.2,94,0.419,0.421
1985-06-25T11:00,,25.2,94,0.42,0.421
1985-06-25T12:00,,24.8,95,0.419,0.42
1985-06-25T13:00,,24.4,95,0.421,0.42
1985-06-25T14:00,,24.4,94,0.418,0.42
1985-06-25T15:00,,24.1,95,0.419,0.42
1985-06-25T16:00,,24.1,96,0.417,0.42
1985-06-25T17:00,,24.3,94,0.415,0.419
1985-06-25T18:00,,24.5,93,0.417,0.419
1985-06-25T19:00,,24.4,94,0.417,0.419
1985-06-25T20:00,,24.3,95,0.418,0.418
1985-06-25T21:00,,24.0,97,0.422,0.42
1985-06-25T22:00,,23.9,95,0.42,0.42
1985-06-25T23:00,,24.2,93,0.422,0.421
1985-06-26T00:00,,24.1,95,0.421,0.422
1985-06-26T01:00,,24.0,95,0.421,0.421
1985-06-26T02:00,,23.9,94,0.423,0.422
1985-06-26T03:00,,24.1,96,0.42,0.422
1985-06-26T04:00,,24.5,95,0.422,0.422
1985-06-26T05:00,,24.2,96,0.421,0.422
1985-06-26T06:00,,24.4,96,0.419,0.421
1985-06-26T07:00,,24.4,91,0.421,0.422
1985-06-26T08:00,,24.1,94,0.419,0.421
1985-06-26T09:00,,24.4,94,0.421,0.421
1985-06-26T10:00,,24.1,95,0.419,0.421
1985-06-26T11:00,,24.7,95,0.417,0.42
1985-06-26T12:00,,24.5,93,0.419,0.42
1985-06-26T13:00,,24.3,94,0.416,0.419
1985-06-26T14:00,,24.5,94,0.418,0.419
1985-06-26T15:00,,24.5,94,0.417,0.419
1985-06-26T16:00,,24.5,94,0.417,0.417
1985-06-26T17:00,,24.4,95,0.42,0.418
1985-06-26T18:00,,24.4,94,0.417,0.417
1985-06-26T19:00,,24.3,94,0.419,0.418
1985-06-26T20:00,,24.4,93,0.417,0.418
1985-06-26T21:00,,24.2,93,0.416,0.417
1985-06-26T22:00,,24.2,93,0.419,0.417
1985-06-26T23:00,,23.5,97,0.418,0.418
1985-06-27T00:00,,23.9,93,0.418,0.417
1985-06-27T01:00,,23.6,94,0.421,0.418
1985-06-27T02:00,,23.8,96,0.42,0.42
1985-06-27T03:00,,24.3,95,0.419,0.419
1985-06-27T04:00,,24.2,94,0.422,0.421
1985-06-27T05:00,,24.2,96,0.42,0.421
1985-06-27T06:00,,24.5,95,0.419,0.421
1985-06-27T07:00,,24.8,94,0.42,0.421
1985-06-27T08:00,,24.7,93,0.418,0.421
1985-06-27T09:00,,24.9,93,0.416,0.42
1985-06-27T10:00,,24.5,94,0.419,0.42
1985-06-27T11:00,,24.6,94,0.416,0.42
1985-06-27T12:00,,24.3,95,0.415,0.418
1985-06-27T13:00,,24.5,94,0.417,0.418
1985-06-27T14:00,,24.2,95,0.415,0.418
1985-06-27T15:00,,24.3,94,0.414,0.416
1985-06-27T16:00,,24.3,94,0.416,0.416
1985-06-27T17:00,,24.1,96,0.414,0.416
1985-06-27T18:00,,24.2,95,0.413,0.415
1985-06-27T19:00,,24.3,95,0.416,0.415
1985-06-27T20:00,,23.9,96,0.416,0.415
1985-06-27T21:00,,24.0,94,0.413,0.414
1985-06-27T22:00,,24.0,96,0.416,0.414
1985-06-27T23:00,,24.2,96,0.416,0.414
1985-06-28T00:00,,24.1,95,0.418,0.414
1985-06-28T01:00,,24.1,93,0.417,0.415
1985-06-28T02:00,,24.5,93,0.412,0.415
1985-06-28T03:00,,25.2,93,0.409,0.413
1985-06-28T04:00,,25.3,92,0.414,0.413
1985-06-28T05:00,,25.7,89,0.417,0.414
1985-06-28T06:00,,26.3,87,0.415,0.414
1985-06-28T07:00,,27.5,82,0.408,0.412
1985-06-28T08:00,,26.3,88,0.416,0.412
1985-06-28T09:00,,26.3,87,0.419,0.414
1985-06-28T10:00,,27.0,84,0.412,0.413
1985-06-28T11:00,,25.7,87,0.418,0.414
1985-06-28T12:00,,25.1,91,0.417,0.415
1985-06-28T13:00,,24.8,93,0.412,0.414
1985-06-28T14:00,,24.3,94,0.416,0.414
1985-06-28T15:00,,24.2,96,0.414,0.415
1985-06-28T16:00,,24.2,95,0.412,0.413
1985-06-28T17:00,,24.2,97,0.413,0.413
1985-06-28T18:00,,24.1,96,0.415,0.413
1985-06-28T19:00,,24.4,95,0.415,0.414
1985-06-28T20:00,,24.3,96,0.414,0.413
1985-06-28T21:00,,24.2,94,0.416,0.414
1985-06-28T22:00,,24.1,95,0.414,0.413
1985-06-28T23:00,,23.8,96,0.416,0.414
1985-06-29T00:00,,23.6,96,0.414,0.415
1985-06-29T01:00,,23.8,96,0.413,0.414
1985-06-29T02:00,,24.1,96,0.416,0.414
1985-06-29T03:00,,24.2,96,0.414,0.415
1985-06-29T04:00,,24.7,93,0.412,0.414
1985-06-29T05:00,,24.8,94,0.415,0.414
1985-06-29T06:00,,25.3,92,0.413,0.415
1985-06-29T07:00,,25.3,89,0.413,0.414
1985-06-29T08:00,,26.3,87,0.414,0.414
1985-06-29T09:00,,25.6,87,0.416,0.414
1985-06-29T10:00,,26.3,85,0.414,0.415
1985-06-29T11:00,,24.6,94,0.413,0.414
1985-06-29T12:00,,24.9,94,0.413,0.414
1985-06-29T13:00,,24.9,94,0.415,0.414
1985-06-29T14:00,,25.0,94,0.412,0.415
1985-06-29T15:00,,25.1,93,0.409,0.413
1985-06-29T16:00,,25.0,93,0.411,0.413
1985-06-29T17:00,,25.0,93,0.411,0.412
1985-06-29T18:00,,24.9,92,0.414,0.413
1985-06-29T19:00,,24.5,92,0.412,0.414
1985-06-29T20:00,,24.7,92,0.41,0.413
1985-06-29T21:00,,24.6,91,0.413,0.413
1985-06-29T22:00,,24.6,93,0.412,0.413
1985-06-29T23:00,,24.4,93,0.414,0.413
1985-06-30T00:00,,24.5,94,0.41,0.414
1985-06-30T01:00,,24.3,94,0.41,0.413
1985-06-30T02:00,,24.8,93,0.412,0.413
1985-06-30T03:00,,25.6,91,0.412,0.413
1985-06-30T04:00,,25.9,86,0.413,0.413
1985-06-30T05:00,,26.6,82,0.411,0.413
1985-06-30T06:00,,27.2,80,0.411,0.412
1985-06-30T07:00,,27.4,81,0.41,0.412
1985-06-30T08:00,,27.6,79,0.41,0.411
1985-06-30T09:00,,27.1,83,0.413,0.411
1985-06-30T10:00,,27.0,81,0.411,0.413
1985-06-30T11:00,,26.4,84,0.409,0.412
1985-06-30T12:00,,25.6,85,0.412,0.411
1985-06-30T13:00,,24.9,92,0.413,0.412
1985-06-30T14:00,,24.6,94,0.414,0.412
1985-06-30T15:00,,24.4,94,0.411,0.413
1985-06-30T16:00,,24.5,94,0.408,0.411
1985-06-30T17:00,,24.8,94,0.409,0.411
1985-06-30T18:00,,24.8,93,0.414,0.411
1985-06-30T19:00,,24.4,94,0.413,0.413
1985-06-30T20:00,,24.5,94,0.411,0.412
1985-06-30T21:00,,24.4,94,0.415,0.413
1985-06-30T22:00,,24.2,96,0.414,0.414
1985-06-30T23:00,,24.0,97,0.413,0.413
1985-07-01T00:00,,23.7,96,0.415,0.413
1985-07-01T01:00,,23.7,96,0.413,0.414
1985-07-01T02:00,,23.7,97,0.412,0.413
1985-07-01T03:00,,24.4,94,0.413,0.413
1985-07-01T04:00,,25.3,90,0.413,0.413
1985-07-01T05:00,,26.5,84,0.413,0.413
1985-07-01T06:00,,26.7,85,0.414,0.413
1985-07-01T07:00,,27.6,80,0.409,0.413
1985-07-01T08:00,,26.2,86,0.411,0.412
1985-07-01T09:00,,26.1,84,0.414,0.413
1985-07-01T10:00,,26.5,84,0.41,0.413
1985-07-01T11:00,,25.4,87,0.411,0.412
1985-07-01T12:00,,24.8,90,0.414,0.412
1985-07-01T13:00,,23.6,96,0.414,0.414
1985-07-01T14:00,,23.5,97,0.412,0.413
1985-07-01T15:00,,23.7,96,0.413,0.413
1985-07-01T16:00,,23.6,97,0.414,0.413
1985-07-01T17:00,,23.6,96,0.413,0.414
1985-07-01T18:00,,23.8,95,0.411,0.413
1985-07-01T19:00,,23.8,95,0.415,0.413
1985-07-01T20:00,,23.7,95,0.413,0.414
1985-07-01T21:00,,23.7,94,0.412,0.413
1985-07-01T22:00,,23.1,94,0.415,0.413
1985-07-01T23:00,,23.1,95,0.413,0.414
1985-07-02T00:00,,23.0,94,0.412,0.413
1985-07-02T01:00,,23.3,94,0.415,0.413
1985-07-02T02:00,,23.6,92,0.413,0.414
1985-07-02T03:00,,24.0,93,0.411,0.413
1985-07-02T04:00,,24.9,89,0.415,0.413
1985-07-02T05:00,,24.9,89,0.414,0.414
1985-07-02T06:00,,25.0,91,0.413,0.413
1985-07-02T07:00,,25.3,85,0.414,0.413
1985-07-02T08:00,,25.3,89,0.415,0.414
1985-07-02T09:00,,25.1,89,0.415,0.415
1985-07-02T10:00,,25.2,88,0.413,0.414
1985-07-02T11:00,,24.3,94,0.417,0.414
1985-07-02T12:00,,24.3,94,0.414,0.415
1985-07-02T13:00,,23.9,94,0.412,0.414
1985-07-02T14:00,,23.6,95,0.416,0.414
1985-07-02T15:00,,23.6,96,0.413,0.415
1985-07-02T16:00,,23.7,95,0.411,0.413
1985-07-02T17:00,,23.8,96,0.411,0.413
1985-07-02T18:00,,24.0,96,0.414,0.413
1985-07-02T19:00,,24.1,94,0.416,0.414
1985-07-02T20:00,,24.1,95,0.414,0.415
1985-07-02T21:00,,23.8,96,0.416,0.414
1985-07-02T22:00,,23.6,95,0.417,0.415
1985-07-02T23:00,,23.5,96,0.415,0.416
1985-07-03T00:00,,23.5,96,0.413,0.415
1985-07-03T01:00,,23.5,96,0.414,0.414
1985-07-03T02:00,,23.9,94,0.415,0.414
1985-07-03T03:00,,24.2,94,0.415,0.414
1985-07-03T04:00,,25.6,88,0.414,0.415
1985-07-03T05:00,,25.5,90,0.414,0.414
1985-07-03T06:00,,25.1,91,0.417,0.415
1985-07-03T07:00,,26.1,82,0.413,0.416
1985-07-03T08:00,,26.5,83,0.409,0.413
1985-07-03T09:00,,25.1,87,0.415,0.413
1985-07-03T10:00,,25.7,90,0.412,0.413
1985-07-03T11:00,,25.1,87,0.415,0.413
1985-07-03T12:00,,24.7,89,0.412,0.414
1985-07-03T13:00,,24.2,94,0.411,0.413
1985-07-03T14:00,,24.2,94,0.413,0.413
1985-07-03T15:00,,23.8,97,0.415,0.413
1985-07-03T16:00,,23.7,97,0.412,0.414
1985-07-03T17:00,,23.7,94,0.412,0.413
1985-07-03T18:00,,23.7,95,0.413,0.413
1985-07-03T19:00,,23.8,96,0.415,0.414
1985-07-03T20:00,,23.8,96,0.413,0.414
1985-07-03T21:00,,23.7,95,0.412,0.413
1985-07-03T22:00,,23.6,95,0.416,0.413
1985-07-03T23:00,,23.4,94,0.414,0.414
1985-07-04T00:00,,23.4,95,0.412,0.413
1985-07-04T01:00,,23.1,96,0.417,0.414
1985-07-04T02:00,,23.5,96,0.414,0.415
1985-07-04T03:00,,24.1,96,0.41,0.413
1985-07-04T04:00,,25.2,91,0.411,0.412
1985-07-04T05:00,,25.3,91,0.415,0.413
1985-07-04T06:00,,26.0,86,0.413,0.414
1985-07-04T07:00,,27.0,82,0.409,0.413
1985-07-04T08:00,,26.7,81,0.41,0.412
1985-07-04T09:00,,26.4,83,0.409,0.411
1985-07-04T10:00,,26.4,84,0.408,0.41
1985-07-04T11:00,,26.0,86,0.408,0.409
1985-07-04T12:00,,25.4,88,0.409,0.409
1985-07-04T13:00,,24.9,91,0.41,0.409
1985-07-04T14:00,,24.3,95,0.413,0.409
1985-07-04T15:00,,24.3,95,0.411,0.41
1985-07-04T16:00,,24.3,96,0.412,0.411
1985-07-04T17:00,,24.1,97,0.414,0.411
1985-07-04T18:00,,23.9,97,0.412,0.413
1985-07-04T19:00,,24.0,95,0.41,0.411
1985-07-04T20:00,,24.0,96,0.414,0.412
1985-07-04T21:00,,24.1,95,0.414,0.412
1985-07-04T22:00,,23.8,97,0.414,0.412
1985-07-04T23:00,,23.6,96,0.413,0.413
1985-07-05T00:00,,23.4,96,0.412,0.412
1985-07-05T01:00,,23.5,97,0.412,0.412
1985-07-05T02:00,,23.9,95,0.412,0.412
1985-07-05T03:00,,24.2,95,0.411,0.412
1985-07-05T04:00,,24.9,91,0.412,0.412
1985-07-05T05:00,,25.1,88,0.411,0.412
1985-07-05T06:00,,25.3,90,0.411,0.411
1985-07-05T07:00,,25.8,85,0.413,0.412
1985-07-05T08:00,,26.5,86,0.408,0.412
1985-07-05T09:00,,25.6,87,0.414,0.412
1985-07-05T10:00,,26.3,87,0.41,0.412
1985-07-05T11:00,,25.5,86,0.412,0.412
1985-07-05T12:00,,24.6,90,0.416,0.412
1985-07-05T13:00,,24.5,92,0.412,0.413
1985-07-05T14:00,,24.3,94,0.407,0.411
1985-07-05T15:00,,24.2,96,0.408,0.41
1985-07-05T16:00,,24.1,97,0.41,0.41
1985-07-05T17:00,,24.1,96,0.414,0.41
1985-07-05T18:00,,24.3,96,0.41,0.412
1985-07-05T19:00,,24.1,94,0.414,0.412
1985-07-05T20:00,,23.8,96,0.412,0.413
1985-07-05T21:00,,23.7,96,0.411,0.412
1985-07-05T22:00,,23.5,96,0.413,0.412
1985-07-05T23:00,,23.5,95,0.414,0.412
1985-07-06T00:00,,23.5,94,0.412,0.413
1985-07-06T01:00,,23.3,95,0.41,0.412
1985-07-06T02:00,,23.5,94,0.413,0.412
1985-07-06T03:00,,23.8,93,0.412,0.412
1985-07-06T04:00,,24.1,92,0.413,0.412
1985-07-06T05:00,,24.8,91,0.411,0.413
1985-07-06T06:00,,24.8,87,0.409,0.411
1985-07-06T07:00,,25.8,86,0.41,0.411
1985-07-06T08:00,,25.7,88,0.412,0.411
1985-07-06T09:00,,25.7,87,0.414,0.411
1985-07-06T10:00,,24.5,93,0.414,0.413
1985-07-06T11:00,,24.1,95,0.412,0.412
1985-07-06T12:00,,24.0,96,0.415,0.412
1985-07-06T13:00,,23.6,97,0.413,0.413
1985-07-06T14:00,,23.4,99,0.411,0.412
1985-07-06T15:00,,23.3,99,0.414,0.412
1985-07-06T16:00,,23.2,99,0.415,0.413
1985-07-06T17:00,,23.1,98,0.413,0.414
1985-07-06T18:00,,23.1,98,0.412,0.413
1985-07-06T19:00,,23.8,96,0.415,0.413
1985-07-06T20:00,,23.7,96,0.415,0.413
1985-07-06T21:00,,23.8,94,0.413,0.414
1985-07-06T22:00,,23.7,95,0.411,0.413
1985-07-06T23:00,,23.6,94,0.413,0.411
1985-07-07T00:00,,23.5,96,0.415,0.411
1985-07-07T01:00,,23.5,95,0.417,0.414
1985-07-07T02:00,,23.6,95,0.415,0.415
1985-07-07T03:00,,23.8,95,0.413,0.414
1985-07-07T04:00,,24.5,96,0.416,0.413
1985-07-07T05:00,,24.8,92,0.416,0.414
1985-07-07T06:00,,25.7,87,0.412,0.415
1985-07-07T07:00,,26.2,85,0.414,0.414
1985-07-07T08:00,,25.7,89,0.425,0.415
1985-07-07T09:00,,25.4,89,0.417,0.42
1985-07-07T10:00,,24.6,94,0.417,0.418
1985-07-07T11:00,,24.7,96,0.419,0.418
1985-07-07T12:00,,24.2,94,0.416,0.419
1985-07-07T13:00,,23.6,97,0.415,0.417
1985-07-07T14:00,,23.3,97,0.418,0.415
1985-07-07T15:00,,23.3,97,0.418,0.416
1985-07-07T16:00,,23.2,98,0.416,0.417
1985-07-07T17:00,,23.2,98,0.413,0.416
1985-07-07T18:00,,23.2,98,0.414,0.413
1985-07-07T19:00,,23.8,96,0.416,0.414
1985-07-07T20:00,,23.9,96,0.416,0.416
1985-07-07T21:00,,23.9,96,0.416,0.416
1985-07-07T22:00,,23.9,96,0.416,0.416
1985-07-07T23:00,,24.0,95,0.416,0.416
1985-07-08T00:00,,23.7,97,0.419,0.416
1985-07-08T01:00,,23.9,96,0.418,0.416
1985-07-08T02:00,,24.2,94,0.417,0.416
1985-07-08T03:00,,24.7,93,0.416,0.416
1985-07-08T04:00,,25.2,90,0.416,0.416
1985-07-08T05:00,,26.1,87,0.418,0.416
1985-07-08T06:00,,25.8,88,0.418,0.416
1985-07-08T07:00,,25.6,86,0.421,0.417
1985-07-08T08:00,,26.3,87,0.42,0.418
1985-07-08T09:00,,25.6,92,0.417,0.419
1985-07-08T10:00,,25.4,88,0.419,0.418
1985-07-08T11:00,,25.3,93,0.418,0.417
1985-07-08T12:00,,24.8,94,0.422,0.419
1985-07-08T13:00,,24.4,94,0.419,0.42
1985-07-08T14:00,,23.9,96,0.415,0.418
1985-07-08T15:00,,24.1,96,0.414,0.415
1985-07-08T16:00,,23.9,97,0.417,0.414
1985-07-08T17:00,,24.0,95,0.414,0.416
1985-07-08T18:00,,24.1,96,0.413,0.415
1985-07-08T19:00,,23.9,96,0.415,0.415
1985-07-08T20:00,,23.9,96,0.415,0.415
1985-07-08T21:00,,24.0,96,0.413,0.416
1985-07-08T22:00,,24.0,97,0.415,0.416
1985-07-08T23:00,,24.0,97,0.415,0.416
1985-07-09T00:00,,23.7,97,0.413,0.416
1985-07-09T01:00,,24.0,97,0.409,0.414
1985-07-09T02:00,,24.7,95,0.41,0.412
1985-07-09T03:00,,25.6,91,0.409,0.411
1985-07-09T04:00,,26.6,84,0.41,0.411
1985-07-09T05:00,,27.0,84,0.412,0.411
1985-07-09T06:00,,26.8,84,0.41,0.411
1985-07-09T07:00,,27.7,78,0.41,0.41
1985-07-09T08:00,,27.0,85,0.413,0.411
1985-07-09T09:00,,26.0,87,0.416,0.414
1985-07-09T10:00,,26.8,84,0.411,0.415
1985-07-09T11:00,,25.4,90,0.412,0.414
1985-07-09T12:00,,26.2,87,0.41,0.413
1985-07-09T13:00,,25.5,91,0.411,0.412
1985-07-09T14:00,,25.1,93,0.412,0.412
1985-07-09T15:00,,24.9,95,0.413,0.412
1985-07-09T16:00,,25.0,96,0.41,0.414
1985-07-09T17:00,,24.8,94,0.414,0.414
1985-07-09T18:00,,24.8,95,0.411,0.414
1985-07-09T19:00,,24.5,95,0.41,0.413
1985-07-09T20:00,,24.6,96,0.41,0.411
1985-07-09T21:00,,24.7,96,0.412,0.411
1985-07-09T22:00,,24.7,95,0.413,0.411
1985-07-09T23:00,,24.6,95,0.413,0.411
1985-07-10T00:00,,24.6,95,0.412,0.412
1985-07-10T01:00,,24.3,95,0.414,0.412
1985-07-10T02:00,,24.9,94,0.409,0.413
1985-07-10T03:00,,25.4,92,0.411,0.413
1985-07-10T04:00,,25.5,87,0.414,0.413
1985-07-10T05:00,,25.7,90,0.411,0.414
1985-07-10T06:00,,26.2,89,0.409,0.412
1985-07-10T07:00,,26.6,85,0.411,0.41
1985-07-10T08:00,,26.9,88,0.409,0.41
1985-07-10T09:00,,26.0,87,0.414,0.41
1985-07-10T10:00,,26.3,90,0.408,0.411
1985-07-10T11:00,,25.7,87,0.414,0.411
1985-07-10T12:00,,25.3,91,0.412,0.412
1985-07-10T13:00,,25.1,93,0.41,0.411
1985-07-10T14:00,,24.7,93,0.409,0.411
1985-07-10T15:00,,24.2,95,0.413,0.411
1985-07-10T16:00,,24.1,97,0.411,0.413
1985-07-10T17:00,,24.1,97,0.411,0.412
1985-07-10T18:00,,24.2,97,0.411,0.412
1985-07-10T19:00,,24.4,96,0.411,0.412
1985-07-10T20:00,,24.3,98,0.411,0.412
1985-07-10T21:00,,24.3,97,0.413,0.412
1985-07-10T22:00,,24.2,98,0.412,0.412
1985-07-10T23:00,,24.2,97,0.411,0.412
1985-07-11T00:00,,24.2,97,0.412,0.412
1985-07-11T01:00,,24.4,96,0.411,0.412
1985-07-11T02:00,,24.7,96,0.409,0.411
1985-07-11T03:00,,25.5,91,0.408,0.411
1985-07-11T04:00,,26.3,87,0.408,0.41
1985-07-11T05:00,,26.5,86,0.408,0.41
1985-07-11T06:00,,27.3,82,0.406,0.409
1985-07-11T07:00,,27.9,83,0.405,0.408
1985-07-11T08:00,,28.3,83,0.403,0.407
1985-07-11T09:00,,28.0,83,0.401,0.406
1985-07-11T10:00,,28.0,83,0.4,0.405
1985-07-11T11:00,,27.3,84,0.4,0.405
1985-07-11T12:00,,26.5,87,0.4,0.404
1985-07-11T13:00,,25.8,91,0.4,0.404
1985-07-11T14:00,,25.3,93,0.399,0.403
1985-07-11T15:00,,25.0,92,0.4,0.403
1985-07-11T16:00,,24.7,94,0.402,0.403
1985-07-11T17:00,,24.6,95,0.404,0.403
1985-07-11T18:00,,24.5,96,0.405,0.403
1985-07-11T19:00,,24.7,94,0.405,0.403
1985-07-11T20:00,,24.4,96,0.405,0.404
1985-07-11T21:00,,24.3,95,0.405,0.404
1985-07-11T22:00,,24.2,96,0.405,0.404
1985-07-11T23:00,,24.2,97,0.406,0.404
1985-07-12T00:00,,24.2,97,0.408,0.405
1985-07-12T01:00,,24.3,96,0.407,0.405
1985-07-12T02:00,,24.6,95,0.406,0.405
1985-07-12T03:00,,25.3,92,0.405,0.405
1985-07-12T04:00,,26.0,90,0.405,0.405
1985-07-12T05:00,,27.0,85,0.403,0.405
1985-07-12T06:00,,28.0,80,0.401,0.404
1985-07-12T07:00,,27.7,83,0.4,0.403
1985-07-12T08:00,,27.6,83,0.4,0.402
1985-07-12T09:00,,27.4,85,0.399,0.402
1985-07-12T10:00,,27.2,87,0.398,0.401
1985-07-12T11:00,,25.8,90,0.405,0.401
1985-07-12T12:00,,25.8,87,0.404,0.402
1985-07-12T13:00,,25.4,88,0.403,0.402
1985-07-12T14:00,,25.1,89,0.402,0.402
1985-07-12T15:00,,24.5,92,0.403,0.402
1985-07-12T16:00,,24.0,96,0.403,0.402
1985-07-12T17:00,,24.0,97,0.402,0.402
1985-07-12T18:00,,24.0,97,0.402,0.402
1985-07-12T19:00,,24.1,95,0.405,0.402
1985-07-12T20:00,,24.0,96,0.404,0.402
1985-07-12T21:00,,23.9,95,0.405,0.403
1985-07-12T22:00,,23.7,94,0.406,0.403
1985-07-12T23:00,,23.6,95,0.408,0.404
1985-07-13T00:00,,23.6,97,0.408,0.404
1985-07-13T01:00,,23.7,95,0.409,0.405
1985-07-13T02:00,,23.9,95,0.409,0.406
1985-07-13T03:00,,24.6,92,0.407,0.406
1985-07-13T04:00,,25.3,93,0.405,0.406
1985-07-13T05:00,,26.4,90,0.404,0.405
1985-07-13T06:00,,27.3,88,0.402,0.404
1985-07-13T07:00,,27.5,81,0.402,0.404
1985-07-13T08:00,,27.2,82,0.402,0.403
1985-07-13T09:00,,26.3,80,0.41,0.404
1985-07-13T10:00,,26.3,84,0.407,0.405
1985-07-13T11:00,,25.6,90,0.413,0.406
1985-07-13T12:00,,25.2,86,0.412,0.409
1985-07-13T13:00,,24.4,90,0.413,0.409
1985-07-13T14:00,,24.0,94,0.412,0.409
1985-07-13T15:00,,23.9,96,0.411,0.409
1985-07-13T16:00,,23.7,96,0.413,0.409
1985-07-13T17:00,,23.7,96,0.409,0.41
1985-07-13T18:00,,23.8,96,0.408,0.409
1985-07-13T19:00,,23.6,96,0.409,0.409
1985-07-13T20:00,,23.6,96,0.41,0.409
1985-07-13T21:00,,23.4,95,0.412,0.409
1985-07-13T22:00,,23.3,96,0.407,0.41
1985-07-13T23:00,,23.2,97,0.408,0.409
1985-07-14T00:00,,23.3,96,0.408,0.409
1985-07-14T01:00,,23.5,96,0.409,0.409
1985-07-14T02:00,,24.0,94,0.408,0.408
1985-07-14T03:00,,24.7,89,0.408,0.408
1985-07-14T04:00,,25.2,87,0.409,0.408
1985-07-14T05:00,,25.6,84,0.411,0.408
1985-07-14T06:00,,26.2,83,0.409,0.408
1985-07-14T07:00,,27.4,81,0.405,0.408
1985-07-14T08:00,,26.6,83,0.404,0.407
1985-07-14T09:00,,26.9,83,0.403,0.406
1985-07-14T10:00,,25.9,87,0.405,0.406
1985-07-14T11:00,,26.2,84,0.404,0.405
1985-07-14T12:00,,25.3,83,0.408,0.405
1985-07-14T13:00,,24.6,88,0.407,0.406
1985-07-14T14:00,,24.4,90,0.405,0.405
1985-07-14T15:00,,24.2,92,0.404,0.405
1985-07-14T16:00,,23.9,94,0.403,0.405
1985-07-14T17:00,,23.6,95,0.404,0.405
1985-07-14T18:00,,23.6,96,0.404,0.405
1985-07-14T19:00,,23.5,96,0.407,0.405
1985-07-14T20:00,,23.5,95,0.407,0.405
1985-07-14T21:00,,23.7,95,0.408,0.405
1985-07-14T22:00,,23.7,94,0.412,0.406
1985-07-14T23:00,,23.4,95,0.411,0.409
1985-07-15T00:00,,23.4,95,0.411,0.409
1985-07-15T01:00,,23.4,95,0.411,0.409
1985-07-15T02:00,,23.7,94,0.411,0.409
1985-07-15T03:00,,24.5,89,0.411,0.409
1985-07-15T04:00,,24.7,88,0.41,0.409
1985-07-15T05:00,,25.4,82,0.413,0.409
1985-07-15T06:00,,25.6,85,0.408,0.41
1985-07-15T07:00,,26.4,82,0.413,0.41
1985-07-15T08:00,,25.9,86,0.41,0.411
1985-07-15T09:00,,27.0,80,0.405,0.408
1985-07-15T10:00,,25.2,89,0.418,0.411
1985-07-15T11:00,,25.4,89,0.418,0.413
1985-07-15T12:00,,24.4,92,0.424,0.414
1985-07-15T13:00,,23.9,95,0.414,0.417
1985-07-15T14:00,,23.8,95,0.415,0.416
1985-07-15T15:00,,23.8,95,0.415,0.416
1985-07-15T16:00,,23.7,95,0.413,0.415
1985-07-15T17:00,,23.5,96,0.415,0.415
1985-07-15T18:00,,23.6,95,0.412,0.414
1985-07-15T19:00,,23.6,94,0.415,0.414
1985-07-15T20:00,,23.5,97,0.41,0.415
1985-07-15T21:00,,23.6,96,0.411,0.413
1985-07-15T22:00,,23.3,97,0.417,0.413
1985-07-15T23:00,,23.3,96,0.414,0.415
1985-07-16T00:00,,23.4,94,0.411,0.413
1985-07-16T01:00,,23.3,94,0.415,0.412
1985-07-16T02:00,,23.4,95,0.413,0.411
1985-07-16T03:00,,23.4,96,0.414,0.409
1985-07-16T04:00,,24.1,92,0.411,0.41
1985-07-16T05:00,,24.9,89,0.41,0.41
1985-07-16T06:00,,25.2,87,0.412,0.41
1985-07-16T07:00,,24.9,88,0.415,0.411
1985-07-16T08:00,,25.3,87,0.411,0.412
1985-07-16T09:00,,24.6,90,0.415,0.413
1985-07-16T10:00,,24.7,88,0.413,0.414
1985-07-16T11:00,,24.5,90,0.411,0.413
1985-07-16T12:00,,23.9,93,0.414,0.411
1985-07-16T13:00,,23.9,94,0.414,0.412
1985-07-16T14:00,,23.7,95,0.412,0.412
1985-07-16T15:00,,23.6,96,0.412,0.412
1985-07-16T16:00,,23.6,97,0.415,0.412
1985-07-16T17:00,,23.7,96,0.413,0.414
1985-07-16T18:00,,23.5,96,0.411,0.413
1985-07-16T19:00,,23.6,96,0.415,0.411
1985-07-16T20:00,,23.5,96,0.416,0.411
1985-07-16T21:00,,23.2,96,0.413,0.411
1985-07-16T22:00,,23.3,95,0.415,0.411
1985-07-16T23:00,,23.2,97,0.412,0.413
1985-07-17T00:00,,23.4,95,0.415,0.413
1985-07-17T01:00,,23.2,97,0.416,0.415
1985-07-17T02:00,,23.4,94,0.416,0.414
1985-07-17T03:00,,23.5,93,0.416,0.415
1985-07-17T04:00,,24.3,95,0.41,0.413
1985-07-17T05:00,,25.8,85,0.415,0.413
1985-07-17T06:00,,25.5,89,0.416,0.415
1985-07-17T07:00,,26.2,84,0.415,0.414
1985-07-17T08:00,,25.5,87,0.418,0.415
1985-07-17T09:00,,25.7,85,0.417,0.415
1985-07-17T10:00,,25.6,86,0.416,0.415
1985-07-17T11:00,,25.3,88,0.416,0.415
1985-07-17T12:00,,24.5,91,0.414,0.415
1985-07-17T13:00,,23.9,93,0.416,0.415
1985-07-17T14:00,,23.6,94,0.413,0.414
1985-07-17T15:00,,23.5,96,0.416,0.415
1985-07-17T16:00,,23.4,97,0.413,0.415
1985-07-17T17:00,,23.6,96,0.411,0.414
1985-07-17T18:00,,23.6,95,0.413,0.413
1985-07-17T19:00,,23.5,94,0.415,0.413
1985-07-17T20:00,,23.4,95,0.413,0.415
1985-07-17T21:00,,23.3,95,0.411,0.413
1985-07-17T22:00,,23.2,95,0.414,0.412
1985-07-17T23:00,,23.1,95,0.414,0.41
1985-07-18T00:00,,23.3,94,0.411,0.409
1985-07-18T01:00,,23.1,98,0.41,0.409
1985-07-18T02:00,,23.3,96,0.415,0.409
1985-07-18T03:00,,23.8,95,0.41,0.412
1985-07-18T04:00,,24.9,88,0.416,0.413
1985-07-18T05:00,,24.5,93,0.416,0.415
1985-07-18T06:00,,25.8,84,0.416,0.414
1985-07-18T07:00,,25.7,87,0.415,0.415
1985-07-18T08:00,,25.5,86,0.417,0.415
1985-07-18T09:00,,25.4,87,0.417,0.415
1985-07-18T10:00,,25.6,84,0.413,0.414
1985-07-18T11:00,,24.1,92,0.418,0.416
1985-07-18T12:00,,24.2,94,0.415,0.415
1985-07-18T13:00,,23.9,94,0.415,0.415
1985-07-18T14:00,,23.5,95,0.416,0.415
1985-07-18T15:00,,23.6,95,0.415,0.416
1985-07-18T16:00,,23.6,96,0.413,0.415
1985-07-18T17:00,,23.2,97,0.416,0.415
1985-07-18T18:00,,23.4,96,0.413,0.415
1985-07-18T19:00,,23.5,97,0.413,0.415
1985-07-18T20:00,,23.4,97,0.416,0.415
1985-07-18T21:00,,23.4,96,0.414,0.416
1985-07-18T22:00,,23.4,96,0.412,0.414
1985-07-18T23:00,,23.5,95,0.413,0.414
1985-07-19T00:00,,23.5,95,0.414,0.414
1985-07-19T01:00,,23.5,96,0.414,0.413
1985-07-19T02:00,,23.9,95,0.416,0.414
1985-07-19T03:00,,24.8,92,0.412,0.415
1985-07-19T04:00,,26.2,83,0.408,0.413
1985-07-19T05:00,,26.7,81,0.408,0.41
1985-07-19T06:00,,27.5,78,0.406,0.409
1985-07-19T07:00,,25.4,86,0.418,0.411
1985-07-19T08:00,,26.1,84,0.421,0.416
1985-07-19T09:00,,25.5,84,0.417,0.416
1985-07-19T10:00,,25.1,89,0.418,0.417
1985-07-19T11:00,,24.4,91,0.415,0.417
1985-07-19T12:00,,24.5,93,0.413,0.415
1985-07-19T13:00,,24.3,90,0.412,0.415
1985-07-19T14:00,,23.7,96,0.413,0.414
1985-07-19T15:00,,24.0,96,0.413,0.414
1985-07-19T16:00,,23.9,96,0.414,0.414
1985-07-19T17:00,,23.8,97,0.412,0.414
1985-07-19T18:00,,24.0,93,0.414,0.414
1985-07-19T19:00,,23.7,96,0.411,0.415
1985-07-19T20:00,,23.6,96,0.412,0.414
1985-07-19T21:00,,23.4,96,0.415,0.414
1985-07-19T22:00,,23.0,97,0.416,0.415
1985-07-19T23:00,,23.1,96,0.411,0.413
1985-07-20T00:00,,23.2,94,0.411,0.413
1985-07-20T01:00,,23.0,94,0.412,0.413
1985-07-20T02:00,,23.3,94,0.411,0.412
1985-07-20T03:00,,24.1,91,0.409,0.412
1985-07-20T04:00,,24.8,87,0.408,0.411
1985-07-20T05:00,,25.2,88,0.407,0.411
1985-07-20T06:00,,26.1,84,0.406,0.41
1985-07-20T07:00,,26.7,85,0.404,0.409
1985-07-20T08:00,,26.9,85,0.403,0.408
1985-07-20T09:00,,26.8,80,0.413,0.409
1985-07-20T10:00,,25.3,87,0.419,0.414
1985-07-20T11:00,,25.2,91,0.41,0.413
1985-07-20T12:00,,24.9,91,0.409,0.412
1985-07-20T13:00,,24.4,91,0.415,0.412
1985-07-20T14:00,,24.0,92,0.411,0.414
1985-07-20T15:00,,23.7,95,0.411,0.413
1985-07-20T16:00,,23.6,96,0.411,0.412
1985-07-20T17:00,,23.7,95,0.412,0.412
1985-07-20T18:00,,23.6,95,0.415,0.413
1985-07-20T19:00,,23.7,93,0.409,0.413
1985-07-20T20:00,,23.7,94,0.41,0.413
1985-07-20T21:00,,23.6,95,0.41,0.412
1985-07-20T22:00,,23.4,96,0.41,0.412
1985-07-20T23:00,,23.5,96,0.408,0.411
1985-07-21T00:00,,23.4,95,0.407,0.411
1985-07-21T01:00,,23.3,95,0.411,0.411
1985-07-21T02:00,,23.7,95,0.414,0.411
1985-07-21T03:00,,24.3,94,0.408,0.412
1985-07-21T04:00,,24.7,91,0.408,0.411
1985-07-21T05:00,,26.2,84,0.407,0.411
1985-07-21T06:00,,25.6,83,0.417,0.413
1985-07-21T07:00,,26.4,86,0.413,0.414
1985-07-21T08:00,,26.8,85,0.408,0.412
1985-07-21T09:00,,25.8,88,0.419,0.414
1985-07-21T10:00,,24.9,91,0.421,0.416
1985-07-21T11:00,,24.6,94,0.418,0.417
1985-07-21T12:00,,24.4,93,0.418,0.417
1985-07-21T13:00,,23.8,96,0.418,0.418
1985-07-21T14:00,,23.6,96,0.414,0.417
1985-07-21T15:00,,23.6,96,0.414,0.416
1985-07-21T16:00,,23.6,97,0.413,0.416
1985-07-21T17:00,,23.5,97,0.412,0.415
1985-07-21T18:00,,23.5,97,0.412,0.414
1985-07-21T19:00,,23.5,95,0.416,0.415
1985-07-21T20:00,,23.4,96,0.416,0.416
1985-07-21T21:00,,23.4,96,0.413,0.415
1985-07-21T22:00,,23.6,95,0.418,0.416
1985-07-21T23:00,,23.5,95,0.415,0.417
1985-07-22T00:00,,23.5,94,0.413,0.416
1985-07-22T01:00,,23.4,96,0.417,0.414
1985-07-22T02:00,,23.7,95,0.418,0.413
1985-07-22T03:00,,24.4,92,0.414,0.414
1985-07-22T04:00,,25.0,93,0.412,0.413
1985-07-22T05:00,,25.8,88,0.411,0.413
1985-07-22T06:00,,25.5,88,0.417,0.414
1985-07-22T07:00,,25.5,93,0.416,0.416
1985-07-22T08:00,,26.4,86,0.418,0.417
1985-07-22T09:00,,26.3,86,0.421,0.417
1985-07-22T10:00,,25.2,91,0.423,0.419
1985-07-22T11:00,,25.0,96,0.419,0.42
1985-07-22T12:00,,24.6,94,0.422,0.42
1985-07-22T13:00,,24.2,96,0.423,0.421
1985-07-22T14:00,,23.9,96,0.421,0.422
1985-07-22T15:00,,23.9,95,0.419,0.421
1985-07-22T16:00,,23.5,95,0.423,0.421
1985-07-22T17:00,,23.6,95,0.419,0.421
1985-07-22T18:00,,23.7,94,0.422,0.421
1985-07-22T19:00,,23.7,96,0.417,0.421
1985-07-22T20:00,,23.6,96,0.413,0.419
1985-07-22T21:00,,23.6,95,0.414,0.418
1985-07-22T22:00,,23.4,96,0.416,0.417
1985-07-22T23:00,,23.3,96,0.411,0.418
1985-07-23T00:00,,23.4,96,0.411,0.416
1985-07-23T01:00,,23.3,97,0.41,0.415
1985-07-23T02:00,,23.6,96,0.412,0.414
1985-07-23T03:00,,23.8,96,0.411,0.413
1985-07-23T04:00,,24.5,93,0.409,0.413
1985-07-23T05:00,,25.3,90,0.414,0.412
1985-07-23T06:00,,25.5,91,0.418,0.414
1985-07-23T07:00,,25.9,87,0.418,0.416
1985-07-23T08:00,,25.6,87,0.422,0.417
1985-07-23T09:00,,25.2,90,0.421,0.423
1985-07-23T10:00,,24.8,92,0.423,0.424
1985-07-23T11:00,,24.4,95,0.418,0.423
1985-07-23T12:00,,24.2,95,0.422,0.42
1985-07-23T13:00,,24.1,95,0.424,0.422
1985-07-23T14:00,,23.8,96,0.424,0.424
1985-07-23T15:00,,23.8,96,0.42,0.423
1985-07-23T16:00,,23.9,96,0.422,0.423
1985-07-23T17:00,,23.9,96,0.421,0.423
1985-07-23T18:00,,24.0,94,0.419,0.421
1985-07-23T19:00,,23.3,96,0.419,0.421
1985-07-23T20:00,,23.3,96,0.418,0.419
1985-07-23T21:00,,23.3,96,0.418,0.419
1985-07-23T22:00,,23.3,95,0.416,0.417
1985-07-23T23:00,,23.2,95,0.417,0.416
1985-07-24T00:00,,23.3,94,0.415,0.416
1985-07-24T01:00,,23.3,96,0.413,0.414
1985-07-24T02:00,,23.4,96,0.415,0.413
1985-07-24T03:00,,24.0,94,0.417,0.413
1985-07-24T04:00,,24.6,94,0.416,0.414
1985-07-24T05:00,,25.3,88,0.418,0.414
1985-07-24T06:00,,25.2,91,0.423,0.415
1985-07-24T07:00,,25.6,86,0.416,0.417
1985-07-24T08:00,,25.7,91,0.418,0.417
1985-07-24T09:00,,26.0,89,0.415,0.417
1985-07-24T10:00,,24.7,88,0.421,0.416
1985-07-24T11:00,,24.5,95,0.418,0.419
1985-07-24T12:00,,24.6,94,0.415,0.419
1985-07-24T13:00,,24.3,94,0.416,0.417
1985-07-24T14:00,,24.0,95,0.42,0.416
1985-07-24T15:00,,24.1,94,0.421,0.418
1985-07-24T16:00,,23.7,95,0.422,0.42
1985-07-24T17:00,,23.7,96,0.419,0.421
1985-07-24T18:00,,23.6,96,0.421,0.421
1985-07-24T19:00,,23.8,97,0.419,0.421
1985-07-24T20:00,,23.8,97,0.418,0.42
1985-07-24T21:00,,23.7,98,0.42,0.421
1985-07-24T22:00,,23.7,98,0.421,0.42
1985-07-24T23:00,,23.7,97,0.423,0.421
1985-07-25T00:00,,23.7,98,0.422,0.422
1985-07-25T01:00,,23.6,98,0.424,0.423
1985-07-25T02:00,,23.9,96,0.421,0.423
1985-07-25T03:00,,24.4,93,0.421,0.422
1985-07-25T04:00,,24.5,93,0.417,0.421
1985-07-25T05:00,,24.7,90,0.419,0.421
1985-07-25T06:00,,24.8,91,0.417,0.42
1985-07-25T07:00,,24.8,91,0.423,0.42
1985-07-25T08:00,,24.8,89,0.421,0.422
1985-07-25T09:00,,24.9,91,0.418,0.422
1985-07-25T10:00,,24.1,94,0.421,0.421
1985-07-25T11:00,,24.6,94,0.418,0.422
1985-07-25T12:00,,23.9,96,0.418,0.421
1985-07-25T13:00,,23.7,96,0.424,0.42
1985-07-25T14:00,,23.6,96,0.424,0.42
1985-07-25T15:00,,23.4,96,0.422,0.421
1985-07-25T16:00,,23.4,95,0.423,0.42
1985-07-25T17:00,,23.4,95,0.423,0.422
1985-07-25T18:00,,23.6,94,0.42,0.423
1985-07-25T19:00,,23.4,94,0.417,0.421
1985-07-25T20:00,,23.3,96,0.419,0.42
1985-07-25T21:00,,23.4,95,0.415,0.42
1985-07-25T22:00,,23.4,96,0.411,0.417
1985-07-25T23:00,,23.5,96,0.415,0.415
1985-07-26T00:00,,23.4,98,0.418,0.416
1985-07-26T01:00,,23.5,98,0.419,0.416
1985-07-26T02:00,,23.9,95,0.418,0.416
1985-07-26T03:00,,24.3,92,0.418,0.415
1985-07-26T04:00,,24.7,91,0.416,0.414
1985-07-26T05:00,,25.7,85,0.418,0.415
1985-07-26T06:00,,25.6,88,0.419,0.415
1985-07-26T07:00,,25.3,91,0.413,0.414
1985-07-26T08:00,,25.6,87,0.419,0.415
1985-07-26T09:00,,25.1,91,0.412,0.414
1985-07-26T10:00,,24.7,89,0.417,0.414
1985-07-26T11:00,,24.4,94,0.415,0.415
1985-07-26T12:00,,24.4,94,0.416,0.414
1985-07-26T13:00,,24.1,95,0.418,0.415
1985-07-26T14:00,,23.7,95,0.415,0.415
1985-07-26T15:00,,23.7,95,0.413,0.414
1985-07-26T16:00,,23.5,97,0.413,0.414
1985-07-26T17:00,,23.6,96,0.415,0.414
1985-07-26T18:00,,23.5,97,0.415,0.414
1985-07-26T19:00,,23.5,94,0.412,0.414
1985-07-26T20:00,,23.6,95,0.411,0.413
1985-07-26T21:00,,23.4,96,0.414,0.413
1985-07-26T22:00,,23.3,97,0.416,0.414
1985-07-26T23:00,,23.3,96,0.413,0.415
1985-07-27T00:00,,23.3,96,0.409,0.413
1985-07-27T01:00,,23.2,96,0.409,0.412
1985-07-27T02:00,,23.5,95,0.408,0.412
1985-07-27T03:00,,24.0,93,0.407,0.411
1985-07-27T04:00,,25.2,90,0.405,0.41
1985-07-27T05:00,,26.5,80,0.405,0.409
1985-07-27T06:00,,26.0,80,0.411,0.409
1985-07-27T07:00,,26.3,87,0.413,0.41
1985-07-27T08:00,,26.6,88,0.408,0.412
1985-07-27T09:00,,25.0,90,0.416,0.413
1985-07-27T10:00,,25.3,93,0.414,0.414
1985-07-27T11:00,,25.5,87,0.41,0.413
1985-07-27T12:00,,24.5,89,0.416,0.413
1985-07-27T13:00,,23.7,95,0.414,0.415
1985-07-27T14:00,,23.5,96,0.41,0.413
1985-07-27T15:00,,23.4,97,0.412,0.413
1985-07-27T16:00,,23.4,96,0.413,0.412
1985-07-27T17:00,,23.4,97,0.412,0.412
1985-07-27T18:00,,23.7,95,0.41,0.412
1985-07-27T19:00,,23.6,94,0.409,0.411
1985-07-27T20:00,,23.6,95,0.408,0.41
1985-07-27T21:00,,23.5,96,0.408,0.41
1985-07-27T22:00,,23.2,96,0.409,0.409
1985-07-27T23:00,,23.3,95,0.407,0.409
1985-07-28T00:00,,23.5,94,0.406,0.408
1985-07-28T01:00,,23.5,95,0.405,0.408
1985-07-28T02:00,,23.8,94,0.404,0.407
1985-07-28T03:00,,24.4,91,0.403,0.407
1985-07-28T04:00,,25.1,89,0.402,0.406
1985-07-28T05:00,,26.3,84,0.402,0.405
1985-07-28T06:00,,26.8,80,0.408,0.405
1985-07-28T07:00,,25.9,84,0.414,0.407
1985-07-28T08:00,,26.2,85,0.41,0.41
1985-07-28T09:00,,25.9,86,0.417,0.411
1985-07-28T10:00,,25.6,87,0.417,0.413
1985-07-28T11:00,,25.0,88,0.414,0.413
1985-07-28T12:00,,24.5,89,0.415,0.413
1985-07-28T13:00,,24.2,92,0.411,0.414
1985-07-28T14:00,,23.8,95,0.408,0.412
1985-07-28T15:00,,24.0,95,0.409,0.411
1985-07-28T16:00,,23.9,96,0.409,0.411
1985-07-28T17:00,,23.9,95,0.408,0.41
1985-07-28T18:00,,23.8,95,0.409,0.41
1985-07-28T19:00,,23.9,96,0.408,0.409
1985-07-28T20:00,,23.4,97,0.409,0.409
1985-07-28T21:00,,23.5,96,0.409,0.409
1985-07-28T22:00,,23.6,96,0.409,0.409
1985-07-28T23:00,,23.3,97,0.409,0.408
1985-07-29T00:00,,23.4,94,0.41,0.408
1985-07-29T01:00,,23.2,96,0.409,0.408
1985-07-29T02:00,,23.7,96,0.408,0.408
1985-07-29T03:00,,24.4,92,0.408,0.408
1985-07-29T04:00,,25.3,86,0.414,0.409
1985-07-29T05:00,,25.5,87,0.414,0.412
1985-07-29T06:00,,26.6,81,0.408,0.41
1985-07-29T07:00,,26.3,82,0.409,0.409
1985-07-29T08:00,,26.8,81,0.407,0.409
1985-07-29T09:00,,25.6,86,0.41,0.409
1985-07-29T10:00,,25.5,85,0.412,0.409
1985-07-29T11:00,,25.3,89,0.414,0.411
1985-07-29T12:00,,24.2,93,0.416,0.412
1985-07-29T13:00,,24.1,93,0.413,0.412
1985-07-29T14:00,,23.8,94,0.414,0.412
1985-07-29T15:00,,23.7,95,0.415,0.412
1985-07-29T16:00,,23.5,96,0.413,0.413
1985-07-29T17:00,,23.6,95,0.41,0.411
1985-07-29T18:00,,23.6,95,0.412,0.411
1985-07-29T19:00,,23.7,94,0.416,0.412
1985-07-29T20:00,,23.6,95,0.415,0.413
1985-07-29T21:00,,23.4,97,0.412,0.413
1985-07-29T22:00,,23.5,96,0.414,0.412
1985-07-29T23:00,,23.3,97,0.416,0.413
1985-07-30T00:00,,23.4,96,0.415,0.414
1985-07-30T01:00,,23.2,96,0.413,0.413
1985-07-30T02:00,,23.4,96,0.416,0.412
1985-07-30T03:00,,23.8,94,0.417,0.412
1985-07-30T04:00,,23.6,94,0.416,0.412
1985-07-30T05:00,,24.1,91,0.418,0.413
1985-07-30T06:00,,23.9,95,0.416,0.416
1985-07-30T07:00,,24.0,94,0.412,0.414
1985-07-30T08:00,,23.8,94,0.415,0.414
1985-07-30T09:00,,24.1,95,0.415,0.414
1985-07-30T10:00,,23.6,92,0.418,0.415
1985-07-30T11:00,,24.0,93,0.417,0.415
1985-07-30T12:00,,23.8,94,0.418,0.416
1985-07-30T13:00,,23.6,96,0.416,0.415
1985-07-30T14:00,,23.6,96,0.418,0.416
1985-07-30T15:00,,23.4,95,0.416,0.415
1985-07-30T16:00,,23.3,96,0.418,0.416
1985-07-30T17:00,,23.4,96,0.416,0.417
1985-07-30T18:00,,23.2,97,0.414,0.415
1985-07-30T19:00,,23.7,96,0.417,0.415
1985-07-30T20:00,,23.7,96,0.418,0.415
1985-07-30T21:00,,24.0,95,0.415,0.416
1985-07-30T22:00,,23.5,96,0.416,0.415
1985-07-30T23:00,,23.4,96,0.419,0.415
1985-07-31T00:00,,23.5,96,0.42,0.415
1985-07-31T01:00,,23.6,97,0.418,0.415
1985-07-31T02:00,,23.9,96,0.421,0.415
1985-07-31T03:00,,24.4,93,0.422,0.418
1985-07-31T04:00,,24.7,92,0.421,0.42
1985-07-31T05:00,,24.3,94,0.423,0.421
1985-07-31T06:00,,24.1,94,0.422,0.424
1985-07-31T07:00,,24.5,92,0.421,0.421
1985-07-31T08:00,,24.4,94,0.424,0.421
1985-07-31T09:00,,24.4,94,0.421,0.424
1985-07-31T10:00,,24.3,94,0.42,0.421
1985-07-31T11:00,,24.3,94,0.422,0.421
1985-07-31T12:00,,24.1,96,0.422,0.421
1985-07-31T13:00,,23.9,95,0.423,0.422
1985-07-31T14:00,,23.9,96,0.423,0.422
1985-07-31T15:00,,24.1,94,0.422,0.422
1985-07-31T16:00,,23.9,96,0.422,0.421
1985-07-31T17:00,,23.9,96,0.423,0.421
1985-07-31T18:00,,24.1,93,0.422,0.421
1985-07-31T19:00,,23.9,95,0.423,0.422
1985-07-31T20:00,,23.7,96,0.421,0.422
1985-07-31T21:00,,23.8,96,0.423,0.422
1985-07-31T22:00,,23.9,96,0.421,0.422
1985-07-31T23:00,,23.9,97,0.423,0.423
1985-08-01T00:00,,23.9,95,0.422,0.423
1985-08-01T01:00,,23.9,96,0.42,0.423
1985-08-01T02:00,,23.8,96,0.424,0.422
1985-08-01T03:00,,24.1,96,0.419,0.423
1985-08-01T04:00,,24.2,94,0.417,0.421
1985-08-01T05:00,,24.4,94,0.421,0.419
1985-08-01T06:00,,24.5,92,0.422,0.419
1985-08-01T07:00,,24.4,94,0.422,0.42
1985-08-01T08:00,,24.7,93,0.422,0.42
1985-08-01T09:00,,24.2,92,0.422,0.422
1985-08-01T10:00,,24.3,93,0.419,0.422
1985-08-01T11:00,,24.1,91,0.418,0.421
1985-08-01T12:00,,24.1,91,0.422,0.421
1985-08-01T13:00,,24.0,92,0.423,0.422
1985-08-01T14:00,,23.8,90,0.423,0.423
1985-08-01T15:00,,23.9,90,0.423,0.424
1985-08-01T16:00,,23.7,89,0.421,0.423
1985-08-01T17:00,,23.8,89,0.421,0.423
1985-08-01T18:00,,23.9,89,0.42,0.422
1985-08-01T19:00,,23.9,90,0.421,0.421
1985-08-01T20:00,,23.7,90,0.421,0.421
1985-08-01T21:00,,23.8,91,0.42,0.42
1985-08-01T22:00,,23.9,91,0.42,0.42
1985-08-01T23:00,,23.8,92,0.42,0.419
1985-08-02T00:00,,24.0,92,0.42,0.419
1985-08-02T01:00,,23.9,92,0.42,0.418
1985-08-02T02:00,,23.8,93,0.421,0.419
1985-08-02T03:00,,24.2,93,0.417,0.418
1985-08-02T04:00,,24.2,95,0.423,0.419
1985-08-02T05:00,,24.5,94,0.419,0.42
1985-08-02T06:00,,24.3,93,0.42,0.42
1985-08-02T07:00,,24.5,96,0.422,0.421
1985-08-02T08:00,,24.2,93,0.42,0.423
1985-08-02T09:00,,24.1,94,0.418,0.421
1985-08-02T10:00,,24.0,93,0.422,0.42
1985-08-02T11:00,,23.9,96,0.422,0.419
1985-08-02T12:00,,23.6,96,0.42,0.42
1985-08-02T13:00,,23.8,96,0.421,0.418
1985-08-02T14:00,,23.8,97,0.421,0.42
1985-08-02T15:00,,24.0,96,0.42,0.421
1985-08-02T16:00,,23.9,97,0.419,0.42
1985-08-02T17:00,,24.0,97,0.423,0.421
1985-08-02T18:00,,23.8,96,0.421,0.422
1985-08-02T19:00,,23.6,96,0.42,0.421
1985-08-02T20:00,,23.8,96,0.421,0.422
1985-08-02T21:00,,23.7,95,0.42,0.421
1985-08-02T22:00,,23.6,96,0.419,0.42
1985-08-02T23:00,,23.6,96,0.418,0.419
1985-08-03T00:00,,23.7,96,0.418,0.419
1985-08-03T01:00,,23.5,97,0.419,0.418
1985-08-03T02:00,,23.9,96,0.418,0.417
1985-08-03T03:00,,24.2,96,0.418,0.417
1985-08-03T04:00,,24.1,91,0.42,0.417
1985-08-03T05:00,,24.9,91,0.417,0.417
1985-08-03T06:00,,25.5,88,0.416,0.416
1985-08-03T07:00,,26.1,88,0.414,0.415
1985-08-03T08:00,,26.7,82,0.416,0.415
1985-08-03T09:00,,26.1,85,0.415,0.415
1985-08-03T10:00,,26.6,82,0.41,0.413
1985-08-03T11:00,,26.0,85,0.415,0.413
1985-08-03T12:00,,25.8,85,0.414,0.414
1985-08-03T13:00,,24.8,92,0.411,0.413
1985-08-03T14:00,,24.4,95,0.416,0.413
1985-08-03T15:00,,24.4,95,0.415,0.414
1985-08-03T16:00,,24.3,95,0.414,0.413
1985-08-03T17:00,,24.3,96,0.418,0.412
1985-08-03T18:00,,24.3,96,0.419,0.412
1985-08-03T19:00,,24.3,94,0.414,0.413
1985-08-03T20:00,,24.2,96,0.417,0.414
1985-08-03T21:00,,24.0,94,0.417,0.416
1985-08-03T22:00,,23.9,94,0.415,0.416
1985-08-03T23:00,,23.7,94,0.418,0.417
1985-08-04T00:00,,23.5,96,0.417,0.417
1985-08-04T01:00,,23.5,98,0.415,0.416
1985-08-04T02:00,,24.2,96,0.415,0.416
1985-08-04T03:00,,24.9,91,0.416,0.416
1985-08-04T04:00,,25.0,89,0.417,0.417
1985-08-04T05:00,,25.6,89,0.413,0.415
1985-08-04T06:00,,26.9,89,0.41,0.414
1985-08-04T07:00,,26.9,84,0.415,0.414
1985-08-04T08:00,,27.2,79,0.417,0.416
1985-08-04T09:00,,26.7,81,0.413,0.415
1985-08-04T10:00,,26.7,81,0.417,0.416
1985-08-04T11:00,,25.6,88,0.418,0.416
1985-08-04T12:00,,25.4,87,0.418,0.416
1985-08-04T13:00,,24.1,95,0.421,0.417
1985-08-04T14:00,,23.8,96,0.419,0.418
1985-08-04T15:00,,23.8,97,0.421,0.419
1985-08-04T16:00,,23.7,97,0.418,0.418
1985-08-04T17:00,,23.7,95,0.42,0.419
1985-08-04T18:00,,23.6,96,0.416,0.419
1985-08-04T19:00,,23.8,95,0.414,0.417
1985-08-04T20:00,,23.4,97,0.417,0.417
1985-08-04T21:00,,23.5,96,0.414,0.418
1985-08-04T22:00,,23.4,97,0.413,0.416
1985-08-04T23:00,,23.4,96,0.418,0.414
1985-08-05T00:00,,23.6,94,0.418,0.414
1985-08-05T01:00,,23.4,96,0.418,0.415
1985-08-05T02:00,,23.8,94,0.419,0.414
1985-08-05T03:00,,24.5,94,0.416,0.416
1985-08-05T04:00,,24.9,88,0.419,0.417
1985-08-05T05:00,,25.7,86,0.418,0.418
1985-08-05T06:00,,25.8,89,0.415,0.417
1985-08-05T07:00,,26.9,81,0.411,0.415
1985-08-05T08:00,,26.3,80,0.413,0.415
1985-08-05T09:00,,26.1,84,0.414,0.414
1985-08-05T10:00,,26.5,83,0.412,0.414
1985-08-05T11:00,,26.1,85,0.411,0.413
1985-08-05T12:00,,25.8,85,0.411,0.413
1985-08-05T13:00,,25.3,86,0.41,0.412
1985-08-05T14:00,,24.5,89,0.41,0.412
1985-08-05T15:00,,23.9,93,0.411,0.412
1985-08-05T16:00,,23.6,95,0.412,0.412
1985-08-05T17:00,,23.7,96,0.413,0.412
1985-08-05T18:00,,23.8,97,0.414,0.413
1985-08-05T19:00,,23.7,94,0.412,0.414
1985-08-05T20:00,,23.6,96,0.408,0.412
1985-08-05T21:00,,23.6,97,0.413,0.412
1985-08-05T22:00,,23.7,96,0.418,0.414
1985-08-05T23:00,,23.4,97,0.418,0.415
1985-08-06T00:00,,23.5,96,0.418,0.415
1985-08-06T01:00,,23.6,95,0.416,0.415
1985-08-06T02:00,,23.5,96,0.415,0.415
1985-08-06T03:00,,24.4,92,0.416,0.415
1985-08-06T04:00,,24.8,91,0.417,0.416
1985-08-06T05:00,,24.9,88,0.416,0.415
1985-08-06T06:00,,25.1,90,0.418,0.416
1985-08-06T07:00,,26.2,84,0.413,0.416
1985-08-06T08:00,,26.2,83,0.411,0.414
1985-08-06T09:00,,26.0,83,0.417,0.414
1985-08-06T10:00,,25.6,89,0.414,0.416
1985-08-06T11:00,,24.8,86,0.413,0.414
1985-08-06T12:00,,24.6,92,0.411,0.412
1985-08-06T13:00,,24.3,91,0.417,0.411
1985-08-06T14:00,,23.6,96,0.419,0.415
1985-08-06T15:00,,23.5,95,0.416,0.417
1985-08-06T16:00,,23.5,95,0.415,0.415
1985-08-06T17:00,,23.3,96,0.418,0.416
1985-08-06T18:00,,23.2,97,0.419,0.417
1985-08-06T19:00,,23.6,96,0.417,0.417
1985-08-06T20:00,,23.6,95,0.419,0.417
1985-08-06T21:00,,23.5,96,0.416,0.417
1985-08-06T22:00,,23.5,97,0.415,0.416
1985-08-06T23:00,,23.5,98,0.417,0.416
1985-08-07T00:00,,23.5,98,0.417,0.416
1985-08-07T01:00,,23.5,98,0.419,0.417
1985-08-07T02:00,,23.9,97,0.419,0.417
1985-08-07T03:00,,24.1,95,0.418,0.417
1985-08-07T04:00,,24.7,91,0.419,0.418
1985-08-07T05:00,,25.4,89,0.418,0.417
1985-08-07T06:00,,25.6,88,0.422,0.418
1985-08-07T07:00,,25.9,84,0.418,0.418
1985-08-07T08:00,,25.9,86,0.419,0.419
1985-08-07T09:00,,25.0,91,0.42,0.42
1985-08-07T10:00,,25.2,92,0.416,0.419
1985-08-07T11:00,,24.2,93,0.422,0.419
1985-08-07T12:00,,24.2,94,0.417,0.42
1985-08-07T13:00,,23.8,94,0.415,0.418
1985-08-07T14:00,,23.6,95,0.419,0.416
1985-08-07T15:00,,23.4,96,0.419,0.415
1985-08-07T16:00,,23.3,97,0.417,0.416
1985-08-07T17:00,,23.4,96,0.418,0.414
1985-08-07T18:00,,23.6,96,0.417,0.417
1985-08-07T19:00,,23.7,96,0.417,0.417
1985-08-07T20:00,,23.6,98,0.416,0.417
1985-08-07T21:00,,23.4,95,0.417,0.416
1985-08-07T22:00,,23.6,96,0.417,0.417
1985-08-07T23:00,,23.6,97,0.416,0.416
1985-08-08T00:00,,23.7,96,0.421,0.417
1985-08-08T01:00,,23.7,96,0.421,0.418
1985-08-08T02:00,,23.9,96,0.421,0.419
1985-08-08T03:00,,24.3,95,0.42,0.419
1985-08-08T04:00,,24.4,91,0.423,0.42
1985-08-08T05:00,,24.9,91,0.42,0.421
1985-08-08T06:00,,24.9,91,0.42,0.42
1985-08-08T07:00,,24.8,91,0.423,0.42
1985-08-08T08:00,,25.1,89,0.419,0.421
1985-08-08T09:00,,24.6,91,0.418,0.419
1985-08-08T10:00,,24.9,91,0.422,0.42
1985-08-08T11:00,,24.1,96,0.419,0.42
1985-08-08T12:00,,23.7,94,0.422,0.42
1985-08-08T13:00,,23.7,96,0.418,0.421
1985-08-08T14:00,,23.7,97,0.419,0.42
1985-08-08T15:00,,23.6,96,0.422,0.421
1985-08-08T16:00,,23.7,95,0.418,0.421
1985-08-08T17:00,,23.7,95,0.415,0.419
1985-08-08T18:00,,23.6,97,0.42,0.417
1985-08-08T19:00,,23.8,95,0.422,0.417
1985-08-08T20:00,,23.7,95,0.419,0.418
1985-08-08T21:00,,23.6,96,0.42,0.417
1985-08-08T22:00,,23.5,96,0.42,0.419
1985-08-08T23:00,,23.5,96,0.418,0.42
1985-08-09T00:00,,23.4,96,0.417,0.419
1985-08-09T01:00,,23.3,96,0.42,0.419
1985-08-09T02:00,,23.2,95,0.419,0.42
1985-08-09T03:00,,23.6,95,0.418,0.419
1985-08-09T04:00,,24.3,94,0.418,0.419
1985-08-09T05:00,,23.7,95,0.418,0.419
1985-08-09T06:00,,23.8,94,0.418,0.418
1985-08-09T07:00,,24.2,93,0.421,0.419
1985-08-09T08:00,,24.6,94,0.42,0.419
1985-08-09T09:00,,24.7,91,0.42,0.419
1985-08-09T10:00,,24.0,94,0.421,0.419
1985-08-09T11:00,,23.8,94,0.421,0.42
1985-08-09T12:00,,23.6,95,0.421,0.42
1985-08-09T13:00,,23.4,96,0.422,0.421
1985-08-09T14:00,,23.2,97,0.419,0.42
1985-08-09T15:00,,23.3,97,0.419,0.42
1985-08-09T16:00,,23.4,96,0.415,0.419
1985-08-09T17:00,,23.4,98,0.417,0.419
1985-08-09T18:00,,23.3,97,0.415,0.419
1985-08-09T19:00,,23.5,94,0.412,0.418
1985-08-09T20:00,,23.5,94,0.416,0.417
1985-08-09T21:00,,23.3,94,0.414,0.418
1985-08-09T22:00,,23.3,95,0.411,0.416
1985-08-09T23:00,,23.3,95,0.413,0.414
1985-08-10T00:00,,23.2,95,0.416,0.412
1985-08-10T01:00,,23.3,95,0.41,0.412
1985-08-10T02:00,,23.4,95,0.414,0.412
1985-08-10T03:00,,23.6,95,0.417,0.413
1985-08-10T04:00,,24.0,92,0.417,0.416
1985-08-10T05:00,,24.0,94,0.415,0.415
1985-08-10T06:00,,24.8,88,0.415,0.415
1985-08-10T07:00,,25.2,84,0.418,0.416
1985-08-10T08:00,,26.1,84,0.412,0.414
1985-08-10T09:00,,25.3,85,0.418,0.416
1985-08-10T10:00,,25.9,86,0.413,0.414
1985-08-10T11:00,,24.8,88,0.418,0.416
1985-08-10T12:00,,24.5,91,0.415,0.415
1985-08-10T13:00,,24.0,93,0.416,0.415
1985-08-10T14:00,,23.7,95,0.411,0.415
1985-08-10T15:00,,23.6,96,0.412,0.414
1985-08-10T16:00,,23.5,97,0.414,0.413
1985-08-10T17:00,,23.7,96,0.415,0.414
1985-08-10T18:00,,23.4,98,0.414,0.415
1985-08-10T19:00,,23.4,94,0.417,0.414
1985-08-10T20:00,,23.2,96,0.414,0.414
1985-08-10T21:00,,23.2,96,0.416,0.414
1985-08-10T22:00,,23.2,95,0.417,0.415
1985-08-10T23:00,,23.2,96,0.415,0.414
1985-08-11T00:00,,23.3,95,0.416,0.415
1985-08-11T01:00,,23.1,97,0.415,0.415
1985-08-11T02:00,,23.3,96,0.413,0.414
1985-08-11T03:00,,23.8,94,0.413,0.414
1985-08-11T04:00,,24.0,94,0.413,0.414
1985-08-11T05:00,,24.9,90,0.416,0.414
1985-08-11T06:00,,25.8,85,0.413,0.415
1985-08-11T07:00,,26.8,83,0.407,0.413
1985-08-11T08:00,,25.8,82,0.415,0.412
1985-08-11T09:00,,26.5,85,0.409,0.413
1985-08-11T10:00,,25.4,86,0.416,0.413
1985-08-11T11:00,,25.6,88,0.411,0.414
1985-08-11T12:00,,24.7,88,0.415,0.414
1985-08-11T13:00,,24.0,92,0.412,0.415
1985-08-11T14:00,,23.6,97,0.411,0.413
1985-08-11T15:00,,23.7,97,0.415,0.412
1985-08-11T16:00,,23.6,95,0.419,0.411
1985-08-11T17:00,,23.4,96,0.413,0.412
1985-08-11T18:00,,23.5,96,0.414,0.412
1985-08-11T19:00,,23.6,96,0.414,0.412
1985-08-11T20:00,,23.3,98,0.416,0.414
1985-08-11T21:00,,23.4,96,0.414,0.416
1985-08-11T22:00,,23.2,97,0.415,0.415
1985-08-11T23:00,,23.2,96,0.416,0.415
1985-08-12T00:00,,23.0,96,0.414,0.416
1985-08-12T01:00,,22.9,96,0.411,0.414
1985-08-12T02:00,,23.4,95,0.412,0.414
1985-08-12T03:00,,24.2,93,0.412,0.414
1985-08-12T04:00,,24.8,88,0.416,0.415
1985-08-12T05:00,,24.8,88,0.416,0.416
1985-08-12T06:00,,25.5,84,0.414,0.415
1985-08-12T07:00,,25.2,89,0.417,0.416
1985-08-12T08:00,,26.3,83,0.414,0.415
1985-08-12T09:00,,24.9,91,0.417,0.415
1985-08-12T10:00,,25.1,88,0.415,0.416
1985-08-12T11:00,,24.7,89,0.413,0.415
1985-08-12T12:00,,24.1,94,0.415,0.415
1985-08-12T13:00,,24.2,94,0.414,0.415
1985-08-12T14:00,,24.1,94,0.416,0.415
1985-08-12T15:00,,24.1,94,0.414,0.416
1985-08-12T16:00,,23.9,95,0.413,0.415
1985-08-12T17:00,,23.9,95,0.416,0.413
1985-08-12T18:00,,23.7,97,0.417,0.413
1985-08-12T19:00,,23.6,96,0.416,0.415
1985-08-12T20:00,,23.6,96,0.418,0.416
1985-08-12T21:00,,23.5,95,0.416,0.417
1985-08-12T22:00,,23.5,94,0.415,0.416
1985-08-12T23:00,,23.4,96,0.417,0.416
1985-08-13T00:00,,23.5,95,0.415,0.417
1985-08-13T01:00,,23.3,97,0.417,0.416
1985-08-13T02:00,,23.7,94,0.418,0.417
1985-08-13T03:00,,24.0,94,0.418,0.417
1985-08-13T04:00,,24.2,93,0.418,0.417
1985-08-13T05:00,,24.8,92,0.418,0.417
1985-08-13T06:00,,25.1,92,0.418,0.417
1985-08-13T07:00,,24.7,87,0.423,0.418
1985-08-13T08:00,,25.2,88,0.417,0.419
1985-08-13T09:00,,25.2,89,0.418,0.419
1985-08-13T10:00,,24.5,93,0.417,0.419
1985-08-13T11:00,,24.2,93,0.415,0.418
1985-08-13T12:00,,23.9,95,0.418,0.418
1985-08-13T13:00,,23.8,95,0.414,0.418
1985-08-13T14:00,,23.5,95,0.412,0.417
1985-08-13T15:00,,23.7,94,0.415,0.416
1985-08-13T16:00,,23.7,95,0.415,0.416
1985-08-13T17:00,,23.7,96,0.413,0.417
1985-08-13T18:00,,23.6,97,0.411,0.415
1985-08-13T19:00,,23.3,96,0.414,0.413
1985-08-13T20:00,,23.4,95,0.415,0.412
1985-08-13T21:00,,23.6,94,0.413,0.411
1985-08-13T22:00,,23.5,94,0.416,0.411
1985-08-13T23:00,,23.3,96,0.412,0.414
1985-08-14T00:00,,23.4,95,0.414,0.414
1985-08-14T01:00,,23.3,96,0.416,0.415
1985-08-14T02:00,,23.6,95,0.416,0.416
1985-08-14T03:00,,24.1,94,0.413,0.415
1985-08-14T04:00,,24.2,92,0.416,0.415
1985-08-14T05:00,,25.2,87,0.417,0.416
1985-08-14T06:00,,25.1,93,0.415,0.415
1985-08-14T07:00,,25.5,87,0.417,0.416
1985-08-14T08:00,,25.7,89,0.418,0.416
1985-08-14T09:00,,25.2,91,0.419,0.417
1985-08-14T10:00,,25.3,88,0.418,0.417
1985-08-14T11:00,,24.7,88,0.417,0.417
1985-08-14T12:00,,24.1,94,0.416,0.416
1985-08-14T13:00,,24.0,95,0.416,0.416
1985-08-14T14:00,,23.7,95,0.414,0.417
1985-08-14T15:00,,23.8,95,0.412,0.415
1985-08-14T16:00,,23.7,97,0.415,0.415
1985-08-14T17:00,,23.7,96,0.416,0.416
1985-08-14T18:00,,23.6,96,0.413,0.415
1985-08-14T19:00,,23.7,94,0.416,0.415
1985-08-14T20:00,,23.7,94,0.415,0.415
1985-08-14T21:00,,23.8,93,0.413,0.416
1985-08-14T22:00,,23.5,96,0.411,0.415
1985-08-14T23:00,,23.5,95,0.415,0.413
1985-08-15T00:00,,23.6,95,0.416,0.414
1985-08-15T01:00,,23.5,94,0.417,0.416
1985-08-15T02:00,,23.7,96,0.414,0.415
1985-08-15T03:00,,24.3,94,0.417,0.416
1985-08-15T04:00,,24.5,93,0.416,0.416
1985-08-15T05:00,,24.8,89,0.413,0.415
1985-08-15T06:00,,25.9,86,0.412,0.414
1985-08-15T07:00,,25.9,88,0.411,0.414
1985-08-15T08:00,,25.5,85,0.416,0.415
1985-08-15T09:00,,24.6,94,0.414,0.416
1985-08-15T10:00,,24.6,88,0.412,0.414
1985-08-15T11:00,,24.2,93,0.413,0.414
1985-08-15T12:00,,24.6,92,0.412,0.413
1985-08-15T13:00,,23.8,96,0.412,0.413
1985-08-15T14:00,,23.9,96,0.411,0.413
1985-08-15T15:00,,24.1,96,0.41,0.412
1985-08-15T16:00,,24.1,97,0.411,0.412
1985-08-15T17:00,,24.2,97,0.411,0.412
1985-08-15T18:00,,24.1,97,0.412,0.412
1985-08-15T19:00,,23.8,95,0.413,0.413
1985-08-15T20:00,,23.9,95,0.41,0.413
1985-08-15T21:00,,23.7,96,0.411,0.413
1985-08-15T22:00,,23.5,97,0.414,0.413
1985-08-15T23:00,,23.4,95,0.413,0.414
1985-08-16T00:00,,23.4,96,0.412,0.413
1985-08-16T01:00,,23.5,94,0.416,0.414
1985-08-16T02:00,,23.6,94,0.412,0.413
1985-08-16T03:00,,24.3,93,0.411,0.413
1985-08-16T04:00,,25.2,90,0.411,0.412
1985-08-16T05:00,,25.9,87,0.41,0.412
1985-08-16T06:00,,26.5,84,0.409,0.411
1985-08-16T07:00,,27.3,82,0.407,0.41
1985-08-16T08:00,,26.2,85,0.408,0.41
1985-08-16T09:00,,27.1,85,0.406,0.409
1985-08-16T10:00,,26.6,88,0.405,0.409
1985-08-16T11:00,,26.0,86,0.405,0.408
1985-08-16T12:00,,25.2,88,0.406,0.408
1985-08-16T13:00,,24.6,92,0.406,0.408
1985-08-16T14:00,,24.2,94,0.409,0.408
1985-08-16T15:00,,24.0,95,0.411,0.408
1985-08-16T16:00,,24.0,96,0.411,0.41
1985-08-16T17:00,,24.0,95,0.411,0.41
1985-08-16T18:00,,23.9,94,0.412,0.41
1985-08-16T19:00,,23.7,96,0.412,0.411
1985-08-16T20:00,,23.7,95,0.412,0.411
1985-08-16T21:00,,23.7,94,0.413,0.411
1985-08-16T22:00,,23.6,95,0.41,0.412
1985-08-16T23:00,,23.8,94,0.408,0.41
1985-08-17T00:00,,23.7,94,0.41,0.41
1985-08-17T01:00,,23.5,96,0.413,0.41
1985-08-17T02:00,,23.7,95,0.412,0.411
1985-08-17T03:00,,24.2,94,0.414,0.411
1985-08-17T04:00,,25.1,92,0.408,0.412
1985-08-17T05:00,,25.8,88,0.409,0.411
1985-08-17T06:00,,26.8,81,0.409,0.41
1985-08-17T07:00,,27.1,88,0.408,0.41
1985-08-17T08:00,,27.1,87,0.405,0.409
1985-08-17T09:00,,27.4,86,0.403,0.408
1985-08-17T10:00,,26.5,90,0.403,0.407
1985-08-17T11:00,,26.4,91,0.403,0.406
1985-08-17T12:00,,25.8,92,0.403,0.406
1985-08-17T13:00,,24.7,90,0.405,0.406
1985-08-17T14:00,,24.1,94,0.408,0.406
1985-08-17T15:00,,23.8,97,0.409,0.407
1985-08-17T16:00,,23.9,96,0.409,0.407
1985-08-17T17:00,,23.9,96,0.41,0.408
1985-08-17T18:00,,23.7,97,0.41,0.408
1985-08-17T19:00,,23.8,96,0.41,0.408
1985-08-17T20:00,,23.8,97,0.409,0.409
1985-08-17T21:00,,23.8,96,0.408,0.408
1985-08-17T22:00,,23.7,95,0.408,0.408
1985-08-17T23:00,,23.7,96,0.409,0.408
1985-08-18T00:00,,23.7,96,0.411,0.408
1985-08-18T01:00,,23.6,96,0.411,0.409
1985-08-18T02:00,,23.7,96,0.413,0.41
1985-08-18T03:00,,24.0,96,0.414,0.411
1985-08-18T04:00,,24.6,91,0.41,0.41
1985-08-18T05:00,,25.9,91,0.408,0.41
1985-08-18T06:00,,27.5,84,0.405,0.408
1985-08-18T07:00,,27.9,83,0.403,0.407
1985-08-18T08:00,,27.2,85,0.402,0.406
1985-08-18T09:00,,27.4,85,0.401,0.405
1985-08-18T10:00,,27.5,80,0.401,0.404
1985-08-18T11:00,,26.0,85,0.403,0.404
1985-08-18T12:00,,25.5,87,0.404,0.404
1985-08-18T13:00,,24.7,92,0.407,0.404
1985-08-18T14:00,,24.1,94,0.41,0.405
1985-08-18T15:00,,24.1,94,0.408,0.406
1985-08-18T16:00,,24.1,94,0.407,0.406
1985-08-18T17:00,,23.9,95,0.409,0.406
1985-08-18T18:00,,23.8,95,0.411,0.407
1985-08-18T19:00,,23.8,97,0.408,0.407
1985-08-18T20:00,,23.9,96,0.407,0.407
1985-08-18T21:00,,23.7,96,0.408,0.407
1985-08-18T22:00,,23.5,97,0.409,0.407
1985-08-18T23:00,,23.5,96,0.411,0.407
1985-08-19T00:00,,23.5,94,0.414,0.409
1985-08-19T01:00,,23.3,97,0.411,0.411
1985-08-19T02:00,,23.5,96,0.412,0.41
1985-08-19T03:00,,24.0,94,0.415,0.411
1985-08-19T04:00,,25.0,95,0.409,0.411
1985-08-19T05:00,,26.4,93,0.408,0.41
1985-08-19T06:00,,26.3,84,0.413,0.41
1985-08-19T07:00,,27.3,84,0.406,0.41
1985-08-19T08:00,,27.2,85,0.404,0.409
1985-08-19T09:00,,27.5,84,0.402,0.407
1985-08-19T10:00,,26.2,85,0.405,0.407
1985-08-19T11:00,,26.0,85,0.406,0.406
1985-08-19T12:00,,25.7,87,0.406,0.406
1985-08-19T13:00,,25.3,88,0.406,0.406
1985-08-19T14:00,,24.6,90,0.409,0.406
1985-08-19T15:00,,24.2,93,0.41,0.407
1985-08-19T16:00,,24.2,93,0.41,0.408
1985-08-19T17:00,,24.3,93,0.409,0.408
1985-08-19T18:00,,24.2,93,0.41,0.408
1985-08-19T19:00,,23.9,95,0.408,0.408
1985-08-19T20:00,,23.5,97,0.408,0.408
1985-08-19T21:00,,23.6,96,0.407,0.407
1985-08-19T22:00,,23.6,96,0.406,0.407
1985-08-19T23:00,,23.8,94,0.406,0.407
1985-08-20T00:00,,23.6,96,0.406,0.406
1985-08-20T01:00,,23.8,94,0.406,0.406
1985-08-20T02:00,,24.1,94,0.406,0.406
1985-08-20T03:00,,24.5,92,0.406,0.406
1985-08-20T04:00,,25.1,93,0.404,0.406
1985-08-20T05:00,,26.6,83,0.404,0.405
1985-08-20T06:00,,26.9,82,0.404,0.405
1985-08-20T07:00,,27.7,86,0.403,0.404
1985-08-20T08:00,,27.7,86,0.401,0.403
1985-08-20T09:00,,27.7,87,0.399,0.403
1985-08-20T10:00,,27.7,86,0.398,0.402
1985-08-20T11:00,,26.6,85,0.4,0.401
1985-08-20T12:00,,26.2,85,0.4,0.401
1985-08-20T13:00,,25.3,89,0.4,0.401
1985-08-20T14:00,,25.0,90,0.399,0.401
1985-08-20T15:00,,24.6,94,0.399,0.401
1985-08-20T16:00,,24.8,91,0.398,0.4
1985-08-20T17:00,,24.6,92,0.397,0.4
1985-08-20T18:00,,24.4,93,0.397,0.4
1985-08-20T19:00,,24.3,93,0.397,0.4
1985-08-20T20:00,,24.0,94,0.397,0.399
1985-08-20T21:00,,24.0,93,0.397,0.399
1985-08-20T22:00,,23.7,94,0.397,0.399
1985-08-20T23:00,,23.3,96,0.396,0.399
1985-08-21T00:00,,23.4,96,0.397,0.398
1985-08-21T01:00,,23.2,96,0.399,0.398
1985-08-21T02:00,,23.7,95,0.403,0.399
1985-08-21T03:00,,24.5,92,0.403,0.399
1985-08-21T04:00,,25.3,93,0.401,0.399
1985-08-21T05:00,,26.6,91,0.399,0.399
1985-08-21T06:00,,27.4,86,0.397,0.398
1985-08-21T07:00,,27.7,84,0.395,0.398
1985-08-21T08:00,,27.7,84,0.393,0.397
1985-08-21T09:00,,27.2,83,0.393,0.396
1985-08-21T10:00,,27.1,80,0.393,0.396
1985-08-21T11:00,,27.0,79,0.393,0.395
1985-08-21T12:00,,26.1,83,0.394,0.395
1985-08-21T13:00,,25.2,86,0.394,0.395
1985-08-21T14:00,,25.0,88,0.394,0.395
1985-08-21T15:00,,24.7,90,0.393,0.395
1985-08-21T16:00,,24.5,92,0.393,0.394
1985-08-21T17:00,,24.3,93,0.393,0.394
1985-08-21T18:00,,24.2,94,0.393,0.394
1985-08-21T19:00,,23.9,96,0.392,0.394
1985-08-21T20:00,,23.8,96,0.392,0.394
1985-08-21T21:00,,23.6,96,0.393,0.394
1985-08-21T22:00,,23.5,97,0.393,0.394
1985-08-21T23:00,,23.4,96,0.394,0.394
1985-08-22T00:00,,23.3,96,0.395,0.394
1985-08-22T01:00,,23.3,97,0.395,0.394
1985-08-22T02:00,,23.7,96,0.396,0.394
1985-08-22T03:00,,24.2,94,0.396,0.394
1985-08-22T04:00,,25.0,94,0.395,0.394
1985-08-22T05:00,,26.5,91,0.394,0.394
1985-08-22T06:00,,27.4,87,0.392,0.393
1985-08-22T07:00,,27.6,79,0.392,0.392
1985-08-22T08:00,,27.8,79,0.391,0.392
1985-08-22T09:00,,27.5,80,0.391,0.391
1985-08-22T10:00,,26.7,83,0.392,0.391
1985-08-22T11:00,,26.6,82,0.393,0.391
1985-08-22T12:00,,25.7,86,0.394,0.391
1985-08-22T13:00,,25.2,88,0.394,0.391
1985-08-22T14:00,,24.7,91,0.393,0.391
1985-08-22T15:00,,24.5,90,0.393,0.391
1985-08-22T16:00,,24.4,92,0.392,0.391
1985-08-22T17:00,,24.1,95,0.391,0.391
1985-08-22T18:00,,24.2,95,0.391,0.391
1985-08-22T19:00,,24.1,95,0.391,0.391
1985-08-22T20:00,,23.8,96,0.391,0.391
1985-08-22T21:00,,23.7,96,0.392,0.391
1985-08-22T22:00,,23.8,95,0.393,0.391
1985-08-22T23:00,,23.6,95,0.394,0.391
1985-08-23T00:00,,23.6,95,0.394,0.391
1985-08-23T01:00,,23.5,96,0.394,0.391
1985-08-23T02:00,,23.9,94,0.398,0.392
1985-08-23T03:00,,24.2,92,0.399,0.392
1985-08-23T04:00,,24.9,92,0.398,0.393
1985-08-23T05:00,,26.2,89,0.396,0.393
1985-08-23T06:00,,27.0,86,0.393,0.392
1985-08-23T07:00,,27.3,84,0.391,0.392
1985-08-23T08:00,,27.6,83,0.389,0.391
1985-08-23T09:00,,26.7,84,0.39,0.39
1985-08-23T10:00,,26.8,85,0.389,0.39
1985-08-23T11:00,,26.4,86,0.388,0.39
1985-08-23T12:00,,25.4,87,0.391,0.39
1985-08-23T13:00,,24.8,90,0.392,0.39
1985-08-23T14:00,,24.5,91,0.392,0.39
1985-08-23T15:00,,24.4,91,0.391,0.39
1985-08-23T16:00,,24.3,93,0.391,0.39
1985-08-23T17:00,,23.7,96,0.391,0.39
1985-08-23T18:00,,23.8,95,0.391,0.39
1985-08-23T19:00,,24.1,94,0.39,0.39
1985-08-23T20:00,,24.0,94,0.39,0.39
1985-08-23T21:00,,23.6,96,0.391,0.39
1985-08-23T22:00,,23.6,97,0.391,0.39
1985-08-23T23:00,,23.3,97,0.391,0.39
1985-08-24T00:00,,23.5,95,0.391,0.39
1985-08-24T01:00,,23.1,97,0.392,0.39
1985-08-24T02:00,,24.1,93,0.392,0.39
1985-08-24T03:00,,24.7,89,0.392,0.39
1985-08-24T04:00,,25.4,86,0.392,0.39
1985-08-24T05:00,,26.2,82,0.391,0.39
1985-08-24T06:00,,27.0,79,0.391,0.389
1985-08-24T07:00,,27.6,78,0.39,0.389
1985-08-24T08:00,,27.9,76,0.388,0.388
1985-08-24T09:00,,27.7,77,0.388,0.388
1985-08-24T10:00,,27.5,78,0.388,0.387
1985-08-24T11:00,,27.0,80,0.389,0.387
1985-08-24T12:00,,26.3,81,0.39,0.387
1985-08-24T13:00,,25.7,84,0.39,0.387
1985-08-24T14:00,,25.1,87,0.39,0.387
1985-08-24T15:00,,24.7,89,0.39,0.387
1985-08-24T16:00,,24.6,89,0.39,0.387
1985-08-24T17:00,,24.2,91,0.391,0.387
1985-08-24T18:00,,23.8,95,0.392,0.388
1985-08-24T19:00,,23.4,96,0.394,0.388
1985-08-24T20:00,,23.4,96,0.394,0.388
1985-08-24T21:00,,23.4,97,0.394,0.388
1985-08-24T22:00,,23.1,97,0.395,0.389
1985-08-24T23:00,,23.0,97,0.395,0.389
1985-08-25T00:00,,23.4,95,0.395,0.389
1985-08-25T01:00,,23.3,96,0.395,0.39
1985-08-25T02:00,,23.7,94,0.395,0.39
1985-08-25T03:00,,24.4,89,0.394,0.39
1985-08-25T04:00,,25.4,85,0.394,0.39
1985-08-25T05:00,,26.6,81,0.393,0.39
1985-08-25T06:00,,27.2,82,0.391,0.389
1985-08-25T07:00,,27.4,83,0.389,0.389
1985-08-25T08:00,,28.0,82,0.386,0.388
1985-08-25T09:00,,27.7,83,0.385,0.387
1985-08-25T10:00,,27.2,84,0.384,0.387
1985-08-25T11:00,,26.3,85,0.385,0.386
1985-08-25T12:00,,26.0,85,0.385,0.386
1985-08-25T13:00,,25.6,86,0.385,0.386
1985-08-25T14:00,,25.1,88,0.385,0.386
1985-08-25T15:00,,24.8,91,0.384,0.386
1985-08-25T16:00,,24.4,94,0.384,0.385
1985-08-25T17:00,,24.0,95,0.384,0.385
1985-08-25T18:00,,23.9,96,0.384,0.385
1985-08-25T19:00,,24.0,95,0.384,0.385
1985-08-25T20:00,,23.8,95,0.385,0.385
1985-08-25T21:00,,23.6,95,0.385,0.385
1985-08-25T22:00,,23.3,96,0.386,0.385
1985-08-25T23:00,,23.2,97,0.387,0.385
1985-08-26T00:00,,23.3,97,0.388,0.385
1985-08-26T01:00,,23.1,98,0.388,0.385
1985-08-26T02:00,,23.7,96,0.389,0.385
1985-08-26T03:00,,24.4,95,0.389,0.385
1985-08-26T04:00,,25.3,93,0.388,0.385
1985-08-26T05:00,,26.2,89,0.387,0.385
1985-08-26T06:00,,26.5,87,0.386,0.385
1985-08-26T07:00,,27.3,78,0.385,0.384
1985-08-26T08:00,,27.0,81,0.385,0.384
1985-08-26T09:00,,27.2,83,0.384,0.383
1985-08-26T10:00,,26.7,85,0.384,0.383
1985-08-26T11:00,,25.7,88,0.387,0.383
1985-08-26T12:00,,25.3,89,0.388,0.383
1985-08-26T13:00,,24.6,91,0.388,0.383
1985-08-26T14:00,,24.3,93,0.388,0.383
1985-08-26T15:00,,24.2,93,0.387,0.383
1985-08-26T16:00,,24.1,94,0.386,0.383
1985-08-26T17:00,,24.0,94,0.385,0.383
1985-08-26T18:00,,24.2,93,0.384,0.383
1985-08-26T19:00,,23.9,95,0.384,0.383
1985-08-26T20:00,,23.7,96,0.384,0.383
1985-08-26T21:00,,23.6,95,0.386,0.383
1985-08-26T22:00,,23.6,94,0.388,0.383
1985-08-26T23:00,,23.6,95,0.388,0.384
1985-08-27T00:00,,23.7,94,0.389,0.384
1985-08-27T01:00,,23.5,96,0.388,0.384
1985-08-27T02:00,,24.0,93,0.389,0.384
1985-08-27T03:00,,24.6,91,0.388,0.384
1985-08-27T04:00,,25.7,86,0.392,0.384
1985-08-27T05:00,,26.2,83,0.397,0.385
1985-08-27T06:00,,26.1,85,0.399,0.385
1985-08-27T07:00,,27.4,85,0.395,0.386
1985-08-27T08:00,,27.4,84,0.394,0.386
1985-08-27T09:00,,27.0,86,0.396,0.386
1985-08-27T10:00,,26.5,86,0.398,0.386
1985-08-27T11:00,,26.4,87,0.396,0.387
1985-08-27T12:00,,25.8,88,0.395,0.387
1985-08-27T13:00,,25.3,89,0.393,0.388
1985-08-27T14:00,,24.9,91,0.392,0.388
1985-08-27T15:00,,24.4,94,0.391,0.388
1985-08-27T16:00,,24.2,95,0.39,0.388
1985-08-27T17:00,,23.9,95,0.39,0.388
1985-08-27T18:00,,24.0,95,0.389,0.387
1985-08-27T19:00,,23.7,94,0.391,0.387
1985-08-27T20:00,,23.6,95,0.394,0.388
1985-08-27T21:00,,23.5,95,0.396,0.388
1985-08-27T22:00,,23.4,96,0.397,0.388
1985-08-27T23:00,,23.6,94,0.4,0.389
1985-08-28T00:00,,23.5,93,0.402,0.39
1985-08-28T01:00,,23.5,94,0.405,0.391
1985-08-28T02:00,,23.6,94,0.406,0.392
1985-08-28T03:00,,23.9,93,0.407,0.394
1985-08-28T04:00,,24.0,93,0.411,0.396
1985-08-28T05:00,,24.6,94,0.408,0.4
1985-08-28T06:00,,24.5,95,0.409,0.4
1985-08-28T07:00,,25.1,89,0.414,0.403
1985-08-28T08:00,,25.2,88,0.413,0.406
1985-08-28T09:00,,25.6,84,0.408,0.405
1985-08-28T10:00,,25.7,83,0.407,0.404
1985-08-28T11:00,,25.7,82,0.406,0.403
1985-08-28T12:00,,25.3,86,0.404,0.403
1985-08-28T13:00,,24.8,87,0.403,0.402
1985-08-28T14:00,,24.4,90,0.401,0.401
1985-08-28T15:00,,24.1,92,0.401,0.401
1985-08-28T16:00,,24.0,94,0.4,0.4
1985-08-28T17:00,,23.7,95,0.399,0.4
1985-08-28T18:00,,23.6,96,0.398,0.399
1985-08-28T19:00,,23.5,94,0.398,0.399
1985-08-28T20:00,,23.2,95,0.398,0.398
1985-08-28T21:00,,23.3,95,0.399,0.398
1985-08-28T22:00,,23.2,96,0.398,0.398
1985-08-28T23:00,,23.1,96,0.398,0.397
1985-08-29T00:00,,23.0,96,0.398,0.397
1985-08-29T01:00,,22.9,97,0.397,0.397
1985-08-29T02:00,,23.2,96,0.397,0.397
1985-08-29T03:00,,23.9,96,0.396,0.396
1985-08-29T04:00,,25.4,91,0.396,0.396
1985-08-29T05:00,,26.0,86,0.397,0.395
1985-08-29T06:00,,26.7,85,0.395,0.395
1985-08-29T07:00,,26.4,86,0.394,0.394
1985-08-29T08:00,,26.7,87,0.393,0.394
1985-08-29T09:00,,26.5,88,0.394,0.393
1985-08-29T10:00,,26.1,90,0.397,0.393
1985-08-29T11:00,,25.7,86,0.406,0.394
1985-08-29T12:00,,25.2,88,0.405,0.396
1985-08-29T13:00,,24.6,90,0.403,0.396
1985-08-29T14:00,,24.3,90,0.404,0.397
1985-08-29T15:00,,24.0,93,0.402,0.397
1985-08-29T16:00,,23.7,96,0.4,0.397
1985-08-29T17:00,,23.7,96,0.399,0.397
1985-08-29T18:00,,23.6,96,0.397,0.397
1985-08-29T19:00,,23.7,96,0.398,0.396
1985-08-29T20:00,,23.6,96,0.403,0.397
1985-08-29T21:00,,23.6,96,0.402,0.397
1985-08-29T22:00,,23.5,97,0.401,0.397
1985-08-29T23:00,,23.6,96,0.4,0.397
1985-08-30T00:00,,23.6,93,0.401,0.397
1985-08-30T01:00,,23.5,96,0.4,0.397
1985-08-30T02:00,,24.0,94,0.4,0.397
1985-08-30T03:00,,24.6,91,0.399,0.397
1985-08-30T04:00,,25.4,87,0.399,0.397
1985-08-30T05:00,,26.2,87,0.398,0.396
1985-08-30T06:00,,26.9,87,0.397,0.396
1985-08-30T07:00,,27.8,83,0.394,0.395
1985-08-30T08:00,,27.9,82,0.391,0.394
1985-08-30T09:00,,27.8,82,0.389,0.393
1985-08-30T10:00,,26.9,82,0.389,0.392
1985-08-30T11:00,,27.0,80,0.389,0.392
1985-08-30T12:00,,26.5,81,0.388,0.391
1985-08-30T13:00,,25.9,82,0.388,0.391
1985-08-30T14:00,,25.4,85,0.387,0.39
1985-08-30T15:00,,24.9,89,0.387,0.39
1985-08-30T16:00,,24.5,91,0.387,0.39
1985-08-30T17:00,,24.2,94,0.387,0.39
1985-08-30T18:00,,24.0,95,0.386,0.389
1985-08-30T19:00,,24.1,94,0.386,0.389
1985-08-30T20:00,,23.4,96,0.386,0.389
1985-08-30T21:00,,23.3,96,0.386,0.389
1985-08-30T22:00,,23.2,96,0.386,0.388
1985-08-30T23:00,,23.1,97,0.386,0.388
1985-08-31T00:00,,23.3,97,0.386,0.388
1985-08-31T01:00,,23.7,94,0.385,0.388
1985-08-31T02:00,,23.9,93,0.385,0.388
1985-08-31T03:00,,24.9,89,0.385,0.387
1985-08-31T04:00,,25.7,86,0.385,0.387
1985-08-31T05:00,,26.6,84,0.384,0.387
1985-08-31T06:00,,27.5,82,0.382,0.386
1985-08-31T07:00,,28.2,76,0.38,0.385
1985-08-31T08:00,,28.6,75,0.378,0.384
1985-08-31T09:00,,28.4,75,0.377,0.383
1985-08-31T10:00,,28.1,77,0.375,0.382
1985-08-31T11:00,,27.5,79,0.374,0.381
1985-08-31T12:00,,26.8,81,0.374,0.381
1985-08-31T13:00,,25.9,85,0.375,0.381
1985-08-31T14:00,,25.3,87,0.376,0.38
1985-08-31T15:00,,25.0,89,0.377,0.38
1985-08-31T16:00,,24.5,93,0.377,0.38
1985-08-31T17:00,,24.3,93,0.377,0.38
1985-08-31T18:00,,24.6,91,0.377,0.38
1985-08-31T19:00,,24.3,92,0.377,0.38
1985-08-31T20:00,,23.5,96,0.376,0.38
1985-08-31T21:00,,23.3,96,0.376,0.379
1985-08-31T22:00,,23.0,97,0.376,0.379
1985-08-31T23:00,,22.7,97,0.375,0.379
1985-09-01T00:00,,22.5,98,0.375,0.379
1985-09-01T01:00,,22.6,98,0.375,0.379
1985-09-01T02:00,,23.4,96,0.375,0.379
1985-09-01T03:00,,24.6,89,0.375,0.378
1985-09-01T04:00,,25.9,82,0.374,0.378
1985-09-01T05:00,,27.2,76,0.373,0.378
1985-09-01T06:00,,28.0,73,0.372,0.377
1985-09-01T07:00,,28.5,74,0.37,0.376
1985-09-01T08:00,,28.6,75,0.369,0.375
1985-09-01T09:00,,28.5,75,0.367,0.374
1985-09-01T10:00,,28.1,76,0.366,0.373
1985-09-01T11:00,,27.8,77,0.366,0.373
1985-09-01T12:00,,27.1,79,0.365,0.372
1985-09-01T13:00,,26.5,81,0.365,0.372
1985-09-01T14:00,,25.8,86,0.366,0.372
1985-09-01T15:00,,25.2,90,0.366,0.372
1985-09-01T16:00,,24.8,92,0.366,0.372
1985-09-01T17:00,,24.4,94,0.367,0.371
1985-09-01T18:00,,24.0,96,0.367,0.371
1985-09-01T19:00,,24.2,96,0.367,0.371
1985-09-01T20:00,,23.8,97,0.367,0.371
1985-09-01T21:00,,23.7,97,0.367,0.371
1985-09-01T22:00,,23.6,97,0.367,0.371
1985-09-01T23:00,,24.0,96,0.367,0.371
1985-09-02T00:00,,24.0,96,0.367,0.371
1985-09-02T01:00,,23.9,96,0.367,0.371
1985-09-02T02:00,,24.1,96,0.366,0.37
1985-09-02T03:00,,25.2,89,0.367,0.37
1985-09-02T04:00,,26.5,83,0.367,0.37
1985-09-02T05:00,,27.4,80,0.367,0.37
1985-09-02T06:00,,27.8,80,0.366,0.369
1985-09-02T07:00,,28.6,71,0.364,0.368
1985-09-02T08:00,,28.7,71,0.364,0.368
1985-09-02T09:00,,28.6,72,0.363,0.367
1985-09-02T10:00,,28.1,75,0.363,0.366
1985-09-02T11:00,,27.4,79,0.363,0.366
1985-09-02T12:00,,26.7,81,0.363,0.366
1985-09-02T13:00,,26.0,85,0.364,0.366
1985-09-02T14:00,,25.5,88,0.364,0.366
1985-09-02T15:00,,25.2,90,0.365,0.366
1985-09-02T16:00,,24.8,92,0.365,0.366
1985-09-02T17:00,,24.3,95,0.365,0.366
1985-09-02T18:00,,24.3,94,0.364,0.366
1985-09-02T19:00,,24.0,95,0.364,0.365
1985-09-02T20:00,,23.9,96,0.364,0.365
1985-09-02T21:00,,23.5,96,0.364,0.365
1985-09-02T22:00,,23.4,97,0.364,0.365
1985-09-02T23:00,,23.3,96,0.363,0.365
1985-09-03T00:00,,23.3,96,0.363,0.365
1985-09-03T01:00,,23.2,96,0.363,0.365
1985-09-03T02:00,,23.8,94,0.363,0.365
1985-09-03T03:00,,25.3,86,0.362,0.365
1985-09-03T04:00,,26.8,78,0.362,0.365
1985-09-03T05:00,,27.9,73,0.36,0.364
1985-09-03T06:00,,28.5,70,0.358,0.363
1985-09-03T07:00,,28.9,69,0.356,0.363
1985-09-03T08:00,,28.8,70,0.355,0.362
1985-09-03T09:00,,28.8,70,0.354,0.361
1985-09-03T10:00,,28.4,72,0.352,0.36
1985-09-03T11:00,,27.8,76,0.352,0.36
1985-09-03T12:00,,27.1,79,0.352,0.359
1985-09-03T13:00,,26.4,83,0.353,0.359
1985-09-03T14:00,,25.6,87,0.354,0.359
1985-09-03T15:00,,25.1,91,0.354,0.359
1985-09-03T16:00,,24.8,93,0.355,0.359
1985-09-03T17:00,,24.5,95,0.355,0.359
1985-09-03T18:00,,24.4,95,0.356,0.359
1985-09-03T19:00,,24.0,96,0.357,0.359
1985-09-03T20:00,,23.7,96,0.357,0.359
1985-09-03T21:00,,23.4,97,0.357,0.359
1985-09-03T22:00,,23.5,96,0.357,0.359
1985-09-03T23:00,,23.2,96,0.357,0.359
1985-09-04T00:00,,23.0,96,0.357,0.359
1985-09-04T01:00,,22.5,96,0.357,0.359
1985-09-04T02:00,,23.5,95,0.357,0.359
1985-09-04T03:00,,25.1,86,0.357,0.359
1985-09-04T04:00,,26.2,80,0.356,0.359
1985-09-04T05:00,,27.4,74,0.355,0.358
1985-09-04T06:00,,27.9,73,0.354,0.357
1985-09-04T07:00,,28.2,71,0.352,0.357
1985-09-04T08:00,,28.5,70,0.351,0.356
1985-09-04T09:00,,28.1,71,0.35,0.355
1985-09-04T10:00,,27.8,73,0.349,0.355
1985-09-04T11:00,,27.5,74,0.349,0.355
1985-09-04T12:00,,26.7,78,0.35,0.354
1985-09-04T13:00,,25.6,83,0.351,0.354
1985-09-04T14:00,,24.8,88,0.352,0.354
1985-09-04T15:00,,24.4,90,0.355,0.354
1985-09-04T16:00,,24.3,91,0.356,0.354
1985-09-04T17:00,,24.3,93,0.357,0.354
1985-09-04T18:00,,24.1,95,0.357,0.354
1985-09-04T19:00,,23.9,97,0.36,0.354
1985-09-04T20:00,,24.1,95,0.361,0.355
1985-09-04T21:00,,24.0,95,0.362,0.355
1985-09-04T22:00,,24.0,95,0.364,0.355
1985-09-04T23:00,,23.5,97,0.366,0.355
1985-09-05T00:00,,23.4,97,0.368,0.355
1985-09-05T01:00,,23.4,96,0.37,0.356
1985-09-05T02:00,,23.7,95,0.371,0.356
1985-09-05T03:00,,24.3,93,0.37,0.357
1985-09-05T04:00,,24.8,93,0.369,0.357
1985-09-05T05:00,,25.4,93,0.369,0.357
1985-09-05T06:00,,26.3,90,0.368,0.357
1985-09-05T07:00,,27.3,87,0.366,0.357
1985-09-05T08:00,,27.4,87,0.365,0.357
1985-09-05T09:00,,27.4,86,0.363,0.356
1985-09-05T10:00,,26.8,85,0.364,0.356
1985-09-05T11:00,,25.8,86,0.365,0.356
1985-09-05T12:00,,26.1,83,0.366,0.356
1985-09-05T13:00,,25.3,87,0.367,0.356
1985-09-05T14:00,,24.7,90,0.367,0.357
1985-09-05T15:00,,23.9,93,0.37,0.357
1985-09-05T16:00,,23.8,94,0.372,0.357
1985-09-05T17:00,,23.8,94,0.372,0.358
1985-09-05T18:00,,23.7,94,0.375,0.358
1985-09-05T19:00,,23.4,94,0.376,0.359
1985-09-05T20:00,,23.3,93,0.377,0.359
1985-09-05T21:00,,23.1,94,0.379,0.36
1985-09-05T22:00,,23.1,94,0.379,0.36
1985-09-05T23:00,,23.1,94,0.378,0.361
1985-09-06T00:00,,23.2,94,0.377,0.361
1985-09-06T01:00,,23.0,96,0.377,0.362
1985-09-06T02:00,,23.2,96,0.379,0.362
1985-09-06T03:00,,23.8,92,0.385,0.363
1985-09-06T04:00,,24.3,88,0.389,0.364
1985-09-06T05:00,,25.2,88,0.387,0.365
1985-09-06T06:00,,25.9,85,0.389,0.366
1985-09-06T07:00,,26.8,80,0.385,0.366
1985-09-06T08:00,,26.8,81,0.383,0.367
1985-09-06T09:00,,25.8,83,0.382,0.367
1985-09-06T10:00,,25.5,84,0.384,0.367
1985-09-06T11:00,,25.0,84,0.392,0.368
1985-09-06T12:00,,24.2,90,0.392,0.369
1985-09-06T13:00,,23.8,93,0.391,0.37
1985-09-06T14:00,,23.7,94,0.389,0.371
1985-09-06T15:00,,23.9,92,0.387,0.372
1985-09-06T16:00,,23.8,93,0.386,0.372
1985-09-06T17:00,,23.7,92,0.39,0.373
1985-09-06T18:00,,23.7,93,0.388,0.374
1985-09-06T19:00,,23.5,95,0.388,0.374
1985-09-06T20:00,,23.5,96,0.387,0.375
1985-09-06T21:00,,23.2,97,0.386,0.375
1985-09-06T22:00,,23.0,96,0.39,0.375
1985-09-06T23:00,,23.1,96,0.392,0.376
1985-09-07T00:00,,23.1,96,0.392,0.377
1985-09-07T01:00,,23.3,94,0.391,0.377
1985-09-07T02:00,,23.6,93,0.392,0.378
1985-09-07T03:00,,24.0,89,0.397,0.379
1985-09-07T04:00,,24.2,88,0.396,0.38
1985-09-07T05:00,,25.1,88,0.393,0.38
1985-09-07T06:00,,26.3,83,0.392,0.381
1985-09-07T07:00,,26.3,81,0.41,0.382
1985-09-07T08:00,,25.5,88,0.404,0.388
1985-09-07T09:00,,25.9,84,0.413,0.391
1985-09-07T10:00,,25.0,91,0.415,0.4
1985-09-07T11:00,,24.9,90,0.412,0.403
1985-09-07T12:00,,24.1,92,0.413,0.403
1985-09-07T13:00,,23.8,92,0.408,0.404
1985-09-07T14:00,,23.6,94,0.406,0.402
1985-09-07T15:00,,23.6,95,0.404,0.401
1985-09-07T16:00,,23.6,95,0.404,0.4
1985-09-07T17:00,,23.6,95,0.403,0.4
1985-09-07T18:00,,23.5,96,0.401,0.399
1985-09-07T19:00,,23.3,97,0.402,0.399
1985-09-07T20:00,,23.4,96,0.404,0.398
1985-09-07T21:00,,23.3,96,0.407,0.399
1985-09-07T22:00,,23.4,93,0.41,0.399
1985-09-07T23:00,,23.2,95,0.408,0.401
1985-09-08T00:00,,23.2,95,0.408,0.401
1985-09-08T01:00,,23.3,95,0.406,0.401
1985-09-08T02:00,,23.5,95,0.404,0.401
1985-09-08T03:00,,24.1,91,0.403,0.4
1985-09-08T04:00,,25.2,89,0.402,0.4
1985-09-08T05:00,,25.9,84,0.403,0.399
1985-09-08T06:00,,26.3,83,0.407,0.399
1985-09-08T07:00,,27.4,85,0.402,0.399
1985-09-08T08:00,,26.4,91,0.41,0.399
1985-09-08T09:00,,27.1,82,0.403,0.401
1985-09-08T10:00,,25.5,85,0.411,0.401
1985-09-08T11:00,,25.6,86,0.406,0.403
1985-09-08T12:00,,25.0,88,0.405,0.403
1985-09-08T13:00,,24.6,91,0.404,0.402
1985-09-08T14:00,,24.2,92,0.405,0.401
1985-09-08T15:00,,24.0,94,0.403,0.401
1985-09-08T16:00,,23.9,95,0.402,0.4
1985-09-08T17:00,,23.6,97,0.401,0.4
1985-09-08T18:00,,23.6,97,0.4,0.399
1985-09-08T19:00,,23.6,96,0.399,0.399
1985-09-08T20:00,,23.4,95,0.4,0.398
1985-09-08T21:00,,23.3,96,0.401,0.398
1985-09-08T22:00,,23.3,96,0.401,0.398
1985-09-08T23:00,,23.3,97,0.399,0.398
1985-09-09T00:00,,23.3,96,0.398,0.397
1985-09-09T01:00,,23.3,96,0.397,0.397
1985-09-09T02:00,,23.6,94,0.396,0.396
1985-09-09T03:00,,24.4,91,0.396,0.396
1985-09-09T04:00,,25.3,87,0.395,0.396
1985-09-09T05:00,,26.3,84,0.395,0.395
1985-09-09T06:00,,26.9,84,0.393,0.394
1985-09-09T07:00,,27.6,82,0.391,0.393
1985-09-09T08:00,,27.8,83,0.389,0.392
1985-09-09T09:00,,27.2,86,0.389,0.391
1985-09-09T10:00,,26.8,89,0.391,0.391
1985-09-09T11:00,,26.4,86,0.398,0.391
1985-09-09T12:00,,25.0,88,0.412,0.393
1985-09-09T13:00,,24.3,91,0.404,0.397
1985-09-09T14:00,,24.0,93,0.402,0.397
1985-09-09T15:00,,23.9,95,0.4,0.397
1985-09-09T16:00,,23.8,95,0.398,0.397
1985-09-09T17:00,,24.0,95,0.397,0.397
1985-09-09T18:00,,23.8,97,0.396,0.396
1985-09-09T19:00,,24.2,91,0.395,0.396
1985-09-09T20:00,,24.1,91,0.394,0.395
1985-09-09T21:00,,24.0,91,0.393,0.395
1985-09-09T22:00,,23.6,94,0.393,0.395
1985-09-09T23:00,,23.3,96,0.392,0.394
1985-09-10T00:00,,23.2,96,0.391,0.394
1985-09-10T01:00,,22.9,97,0.391,0.393
1985-09-10T02:00,,23.9,94,0.39,0.393
1985-09-10T03:00,,24.6,90,0.39,0.393
1985-09-10T04:00,,25.4,87,0.39,0.392
1985-09-10T05:00,,26.2,83,0.39,0.392
1985-09-10T06:00,,26.9,83,0.388,0.391
1985-09-10T07:00,,26.7,89,0.392,0.39
1985-09-10T08:00,,27.4,84,0.391,0.39
1985-09-10T09:00,,26.0,87,0.412,0.391
1985-09-10T10:00,,26.3,86,0.403,0.395
1985-09-10T11:00,,25.6,84,0.405,0.396
1985-09-10T12:00,,25.0,87,0.405,0.396
1985-09-10T13:00,,24.2,91,0.402,0.397
1985-09-10T14:00,,23.9,94,0.4,0.397
1985-09-10T15:00,,23.7,95,0.399,0.397
1985-09-10T16:00,,23.7,96,0.398,0.396
1985-09-10T17:00,,23.7,96,0.398,0.396
1985-09-10T18:00,,23.6,94,0.401,0.396
1985-09-10T19:00,,23.7,95,0.4,0.396
1985-09-10T20:00,,23.5,95,0.399,0.396
1985-09-10T21:00,,23.3,97,0.4,0.396
1985-09-10T22:00,,23.2,97,0.4,0.396
1985-09-10T23:00,,23.3,96,0.399,0.396
1985-09-11T00:00,,23.3,95,0.398,0.396
1985-09-11T01:00,,23.2,96,0.398,0.396
1985-09-11T02:00,,23.5,95,0.397,0.396
1985-09-11T03:00,,24.1,93,0.396,0.395
1985-09-11T04:00,,25.0,88,0.396,0.395
1985-09-11T05:00,,26.0,84,0.395,0.395
1985-09-11T06:00,,26.6,84,0.393,0.394
1985-09-11T07:00,,26.9,86,0.391,0.393
1985-09-11T08:00,,26.6,86,0.391,0.392
1985-09-11T09:00,,26.9,85,0.389,0.391
1985-09-11T10:00,,26.4,85,0.389,0.391
1985-09-11T11:00,,25.9,85,0.389,0.39
1985-09-11T12:00,,25.3,87,0.389,0.39
1985-09-11T13:00,,24.5,90,0.39,0.39
1985-09-11T14:00,,23.9,91,0.393,0.39
1985-09-11T15:00,,23.6,91,0.395,0.39
1985-09-11T16:00,,23.5,93,0.394,0.39
1985-09-11T17:00,,23.4,94,0.393,0.39
1985-09-11T18:00,,23.2,96,0.392,0.39
1985-09-11T19:00,,23.2,96,0.393,0.39
1985-09-11T20:00,,23.1,95,0.394,0.39
1985-09-11T21:00,,23.1,94,0.395,0.39
1985-09-11T22:00,,22.9,96,0.396,0.391
1985-09-11T23:00,,22.9,94,0.398,0.391
1985-09-12T00:00,,23.0,94,0.397,0.391
1985-09-12T01:00,,23.0,95,0.396,0.391
1985-09-12T02:00,,23.2,94,0.395,0.391
1985-09-12T03:00,,23.7,94,0.394,0.391
1985-09-12T04:00,,24.5,93,0.393,0.391
1985-09-12T05:00,,25.1,92,0.392,0.391
1985-09-12T06:00,,25.9,90,0.391,0.391
1985-09-12T07:00,,26.7,83,0.389,0.39
1985-09-12T08:00,,26.9,84,0.386,0.389
1985-09-12T09:00,,26.6,86,0.385,0.388
1985-09-12T10:00,,26.2,87,0.384,0.387
1985-09-12T11:00,,26.0,88,0.383,0.387
1985-09-12T12:00,,25.0,88,0.385,0.387
1985-09-12T13:00,,24.4,90,0.385,0.386
1985-09-12T14:00,,23.7,92,0.387,0.386
1985-09-12T15:00,,23.4,94,0.388,0.386
1985-09-12T16:00,,23.4,94,0.387,0.386
1985-09-12T17:00,,23.5,93,0.387,0.386
1985-09-12T18:00,,23.4,95,0.388,0.386
1985-09-12T19:00,,23.2,97,0.389,0.386
1985-09-12T20:00,,23.2,98,0.391,0.386
1985-09-12T21:00,,23.1,98,0.39,0.386
1985-09-12T22:00,,23.1,95,0.393,0.387
1985-09-12T23:00,,23.0,94,0.395,0.387
1985-09-13T00:00,,23.0,94,0.395,0.387
1985-09-13T01:00,,23.0,95,0.394,0.388
1985-09-13T02:00,,23.1,96,0.393,0.388
1985-09-13T03:00,,23.7,92,0.392,0.388
1985-09-13T04:00,,24.4,88,0.392,0.388
1985-09-13T05:00,,25.6,82,0.392,0.388
1985-09-13T06:00,,26.7,79,0.39,0.388
1985-09-13T07:00,,27.2,84,0.388,0.387
1985-09-13T08:00,,27.4,84,0.386,0.386
1985-09-13T09:00,,27.3,84,0.384,0.386
1985-09-13T10:00,,26.2,88,0.385,0.385
1985-09-13T11:00,,26.0,88,0.384,0.385
1985-09-13T12:00,,25.5,90,0.384,0.384
1985-09-13T13:00,,24.6,91,0.385,0.384
1985-09-13T14:00,,24.1,93,0.385,0.384
1985-09-13T15:00,,23.9,95,0.385,0.384
1985-09-13T16:00,,23.7,96,0.385,0.384
1985-09-13T17:00,,23.7,96,0.384,0.384
1985-09-13T18:00,,23.5,97,0.384,0.384
1985-09-13T19:00,,23.5,96,0.384,0.384
1985-09-13T20:00,,23.3,97,0.384,0.384
1985-09-13T21:00,,23.1,98,0.384,0.384
1985-09-13T22:00,,22.8,98,0.384,0.384
1985-09-13T23:00,,22.7,98,0.384,0.384
1985-09-14T00:00,,22.9,98,0.384,0.384
1985-09-14T01:00,,22.9,98,0.384,0.384
1985-09-14T02:00,,23.6,96,0.387,0.384
1985-09-14T03:00,,24.3,93,0.389,0.384
1985-09-14T04:00,,24.9,94,0.389,0.384
1985-09-14T05:00,,25.7,94,0.388,0.384
1985-09-14T06:00,,26.4,92,0.387,0.384
1985-09-14T07:00,,27.2,88,0.384,0.383
1985-09-14T08:00,,27.4,84,0.382,0.382
1985-09-14T09:00,,26.8,86,0.381,0.382
1985-09-14T10:00,,26.9,85,0.379,0.381
1985-09-14T11:00,,26.7,85,0.378,0.381
1985-09-14T12:00,,25.7,85,0.38,0.38
1985-09-14T13:00,,24.9,88,0.381,0.38
1985-09-14T14:00,,24.5,90,0.381,0.38
1985-09-14T15:00,,24.1,93,0.381,0.38
1985-09-14T16:00,,23.7,94,0.381,0.38
1985-09-14T17:00,,23.7,95,0.381,0.38
1985-09-14T18:00,,23.7,95,0.381,0.38
1985-09-14T19:00,,23.7,96,0.38,0.38
1985-09-14T20:00,,23.9,94,0.38,0.38
1985-09-14T21:00,,23.5,97,0.38,0.38
1985-09-14T22:00,,23.3,96,0.381,0.38
1985-09-14T23:00,,23.4,96,0.384,0.38
1985-09-15T00:00,,23.4,96,0.383,0.38
1985-09-15T01:00,,23.2,98,0.384,0.38
1985-09-15T02:00,,23.6,97,0.383,0.38
1985-09-15T03:00,,24.2,97,0.383,0.38
1985-09-15T04:00,,25.5,96,0.383,0.38
1985-09-15T05:00,,26.0,95,0.382,0.38
1985-09-15T06:00,,26.6,91,0.381,0.38
1985-09-15T07:00,,27.4,84,0.379,0.379
1985-09-15T08:00,,27.7,84,0.378,0.379
1985-09-15T09:00,,27.5,86,0.377,0.378
1985-09-15T10:00,,26.3,86,0.379,0.378
1985-09-15T11:00,,26.1,87,0.38,0.377
1985-09-15T12:00,,25.6,88,0.38,0.377
1985-09-15T13:00,,25.0,90,0.38,0.377
1985-09-15T14:00,,24.7,91,0.38,0.378
1985-09-15T15:00,,24.2,95,0.379,0.378
1985-09-15T16:00,,24.5,92,0.379,0.378
1985-09-15T17:00,,23.7,96,0.379,0.378
1985-09-15T18:00,,23.5,97,0.379,0.378
1985-09-15T19:00,,23.4,96,0.378,0.378
1985-09-15T20:00,,23.3,96,0.378,0.378
1985-09-15T21:00,,23.2,96,0.377,0.377
1985-09-15T22:00,,23.1,97,0.377,0.377
1985-09-15T23:00,,23.2,96,0.376,0.377
1985-09-16T00:00,,23.0,96,0.376,0.377
1985-09-16T01:00,,23.0,96,0.375,0.377
1985-09-16T02:00,,23.8,92,0.375,0.377
1985-09-16T03:00,,24.9,87,0.375,0.377
1985-09-16T04:00,,26.2,81,0.375,0.377
1985-09-16T05:00,,27.1,77,0.375,0.376
1985-09-16T06:00,,27.9,74,0.375,0.376
1985-09-16T07:00,,28.5,70,0.373,0.375
1985-09-16T08:00,,28.7,70,0.371,0.374
1985-09-16T09:00,,28.7,70,0.37,0.373
1985-09-16T10:00,,28.3,72,0.368,0.373
1985-09-16T11:00,,27.8,74,0.367,0.372
1985-09-16T12:00,,27.2,77,0.367,0.372
1985-09-16T13:00,,26.4,81,0.367,0.371
1985-09-16T14:00,,25.8,84,0.367,0.371
1985-09-16T15:00,,25.0,91,0.367,0.371
1985-09-16T16:00,,25.1,89,0.367,0.371
1985-09-16T17:00,,25.2,89,0.367,0.371
1985-09-16T18:00,,25.0,91,0.367,0.371
1985-09-16T19:00,,24.5,93,0.367,0.371
1985-09-16T20:00,,23.5,96,0.367,0.371
1985-09-16T21:00,,23.1,98,0.367,0.371
1985-09-16T22:00,,23.0,98,0.367,0.37
1985-09-16T23:00,,22.8,98,0.367,0.37
1985-09-17T00:00,,22.9,98,0.366,0.37
1985-09-17T01:00,,23.1,97,0.366,0.37
1985-09-17T02:00,,23.6,95,0.366,0.37
1985-09-17T03:00,,25.2,87,0.366,0.37
1985-09-17T04:00,,26.6,80,0.365,0.369
1985-09-17T05:00,,27.8,74,0.364,0.369
1985-09-17T06:00,,28.3,72,0.364,0.368
1985-09-17T07:00,,28.7,69,0.362,0.367
1985-09-17T08:00,,28.8,69,0.36,0.366
1985-09-17T09:00,,28.9,69,0.358,0.365
1985-09-17T10:00,,28.6,71,0.357,0.364
1985-09-17T11:00,,28.2,72,0.355,0.364
1985-09-17T12:00,,27.4,76,0.355,0.363
1985-09-17T13:00,,26.6,81,0.355,0.363
1985-09-17T14:00,,25.8,86,0.355,0.363
1985-09-17T15:00,,25.2,90,0.356,0.363
1985-09-17T16:00,,24.5,94,0.357,0.363
1985-09-17T17:00,,24.7,92,0.357,0.363
1985-09-17T18:00,,25.0,91,0.357,0.363
1985-09-17T19:00,,24.7,93,0.357,0.362
1985-09-17T20:00,,24.5,94,0.357,0.362
1985-09-17T21:00,,23.5,97,0.357,0.362
1985-09-17T22:00,,23.0,98,0.357,0.362
1985-09-17T23:00,,22.7,98,0.357,0.362
1985-09-18T00:00,,22.8,98,0.357,0.362
1985-09-18T01:00,,22.7,98,0.357,0.362
1985-09-18T02:00,,23.0,95,0.357,0.362
1985-09-18T03:00,,24.6,86,0.356,0.362
1985-09-18T04:00,,26.6,76,0.355,0.361
1985-09-18T05:00,,28.2,70,0.353,0.36
1985-09-18T06:00,,29.1,67,0.351,0.359
1985-09-18T07:00,,29.4,66,0.348,0.358
1985-09-18T08:00,,29.6,66,0.346,0.357
1985-09-18T09:00,,29.1,70,0.344,0.356
1985-09-18T10:00,,28.8,71,0.343,0.355
1985-09-18T11:00,,28.1,74,0.342,0.355
1985-09-18T12:00,,27.2,79,0.342,0.354
1985-09-18T13:00,,26.4,83,0.342,0.354
1985-09-18T14:00,,25.8,87,0.342,0.354
1985-09-18T15:00,,25.3,90,0.342,0.354
1985-09-18T16:00,,24.9,92,0.343,0.354
1985-09-18T17:00,,24.3,95,0.343,0.354
1985-09-18T18:00,,23.8,96,0.343,0.354
1985-09-18T19:00,,23.9,96,0.344,0.353
1985-09-18T20:00,,23.8,96,0.344,0.353
1985-09-18T21:00,,23.7,96,0.344,0.353
1985-09-18T22:00,,23.6,96,0.345,0.353
1985-09-18T23:00,,23.5,96,0.345,0.353
1985-09-19T00:00,,23.3,96,0.345,0.353
1985-09-19T01:00,,23.1,96,0.345,0.353
1985-09-19T02:00,,24.1,92,0.345,0.353
1985-09-19T03:00,,25.3,85,0.345,0.353
1985-09-19T04:00,,26.9,76,0.344,0.352
1985-09-19T05:00,,27.9,71,0.343,0.351
1985-09-19T06:00,,28.6,68,0.341,0.351
1985-09-19T07:00,,29.0,67,0.339,0.35
1985-09-19T08:00,,29.0,67,0.337,0.349
1985-09-19T09:00,,28.8,68,0.336,0.348
1985-09-19T10:00,,28.4,70,0.336,0.347
1985-09-19T11:00,,27.8,73,0.336,0.347
1985-09-19T12:00,,27.1,76,0.336,0.346
1985-09-19T13:00,,26.2,80,0.337,0.346
1985-09-19T14:00,,25.7,83,0.338,0.346
1985-09-19T15:00,,25.2,87,0.339,0.346
1985-09-19T16:00,,25.0,89,0.339,0.346
1985-09-19T17:00,,24.8,90,0.34,0.346
1985-09-19T18:00,,24.4,92,0.34,0.346
1985-09-19T19:00,,24.1,93,0.34,0.346
1985-09-19T20:00,,23.9,94,0.341,0.346
1985-09-19T21:00,,23.6,95,0.341,0.346
1985-09-19T22:00,,23.3,96,0.341,0.346
1985-09-19T23:00,,23.0,96,0.341,0.346
1985-09-20T00:00,,22.5,98,0.341,0.346
1985-09-20T01:00,,22.4,98,0.341,0.346
1985-09-20T02:00,,23.3,94,0.341,0.346
1985-09-20T03:00,,24.8,85,0.341,0.346
1985-09-20T04:00,,26.2,77,0.34,0.346
1985-09-20T05:00,,27.2,72,0.339,0.345
1985-09-20T06:00,,28.3,68,0.337,0.344
1985-09-20T07:00,,28.7,66,0.334,0.343
1985-09-20T08:00,,28.7,65,0.332,0.343
1985-09-20T09:00,,28.8,66,0.33,0.342
1985-09-20T10:00,,28.6,67,0.328,0.341
1985-09-20T11:00,,27.7,72,0.327,0.34
1985-09-20T12:00,,27.0,76,0.327,0.34
1985-09-20T13:00,,26.1,81,0.327,0.34
1985-09-20T14:00,,25.5,85,0.327,0.34
1985-09-20T15:00,,24.7,90,0.327,0.34
1985-09-20T16:00,,24.1,93,0.327,0.34
1985-09-20T17:00,,24.0,92,0.328,0.34
1985-09-20T18:00,,24.1,92,0.328,0.34
1985-09-20T19:00,,24.0,92,0.328,0.34
1985-09-20T20:00,,23.8,93,0.329,0.339
1985-09-20T21:00,,23.4,94,0.329,0.339
1985-09-20T22:00,,23.0,96,0.329,0.339
1985-09-20T23:00,,22.6,97,0.329,0.339
1985-09-21T00:00,,22.5,97,0.33,0.339
1985-09-21T01:00,,22.6,95,0.33,0.339
1985-09-21T02:00,,23.3,91,0.33,0.339
1985-09-21T03:00,,24.6,85,0.33,0.339
1985-09-21T04:00,,26.4,76,0.329,0.339
1985-09-21T05:00,,27.6,71,0.327,0.338
1985-09-21T06:00,,28.6,68,0.325,0.337
1985-09-21T07:00,,29.1,64,0.322,0.336
1985-09-21T08:00,,29.5,63,0.32,0.335
1985-09-21T09:00,,29.3,64,0.317,0.334
1985-09-21T10:00,,28.8,67,0.316,0.333
1985-09-21T11:00,,28.0,71,0.314,0.333
1985-09-21T12:00,,27.0,76,0.314,0.332
1985-09-21T13:00,,26.1,81,0.314,0.332
1985-09-21T14:00,,25.4,87,0.314,0.332
1985-09-21T15:00,,24.5,93,0.315,0.332
1985-09-21T16:00,,24.4,92,0.315,0.332
1985-09-21T17:00,,24.4,92,0.316,0.332
1985-09-21T18:00,,23.7,94,0.316,0.332
1985-09-21T19:00,,24.3,92,0.317,0.332
1985-09-21T20:00,,24.1,93,0.317,0.332
1985-09-21T21:00,,23.9,94,0.317,0.331
1985-09-21T22:00,,23.3,96,0.318,0.331
1985-09-21T23:00,,22.5,98,0.318,0.331
1985-09-22T00:00,,22.4,98,0.318,0.331
1985-09-22T01:00,,22.6,97,0.319,0.331
1985-09-22T02:00,,23.4,94,0.319,0.331
1985-09-22T03:00,,24.7,85,0.319,0.331
1985-09-22T04:00,,26.2,78,0.319,0.331
1985-09-22T05:00,,27.2,73,0.318,0.33
1985-09-22T06:00,,28.2,69,0.317,0.33
1985-09-22T07:00,,28.6,67,0.316,0.329
1985-09-22T08:00,,28.5,68,0.316,0.328
1985-09-22T09:00,,28.5,68,0.315,0.327
1985-09-22T10:00,,28.2,70,0.314,0.327
1985-09-22T11:00,,27.5,74,0.313,0.327
1985-09-22T12:00,,26.9,78,0.313,0.326
1985-09-22T13:00,,26.2,81,0.313,0.326
1985-09-22T14:00,,25.4,86,0.313,0.326
1985-09-22T15:00,,24.9,89,0.314,0.326
1985-09-22T16:00,,24.1,93,0.314,0.326
1985-09-22T17:00,,23.9,93,0.314,0.326
1985-09-22T18:00,,23.8,92,0.314,0.326
1985-09-22T19:00,,24.4,91,0.315,0.326
1985-09-22T20:00,,23.9,93,0.315,0.326
1985-09-22T21:00,,22.9,97,0.315,0.326
1985-09-22T22:00,,22.4,98,0.315,0.326
1985-09-22T23:00,,22.0,99,0.315,0.326
1985-09-23T00:00,,22.1,98,0.315,0.326
1985-09-23T01:00,,22.0,98,0.316,0.326
1985-09-23T02:00,,22.6,95,0.316,0.326
1985-09-23T03:00,,24.5,85,0.315,0.326
1985-09-23T04:00,,26.4,76,0.314,0.325
1985-09-23T05:00,,27.8,70,0.313,0.325
1985-09-23T06:00,,28.6,66,0.311,0.324
1985-09-23T07:00,,29.0,64,0.308,0.323
1985-09-23T08:00,,29.4,63,0.306,0.322
1985-09-23T09:00,,29.3,63,0.304,0.321
1985-09-23T10:00,,28.6,66,0.302,0.321
1985-09-23T11:00,,27.8,72,0.301,0.32
1985-09-23T12:00,,26.9,78,0.301,0.32
1985-09-23T13:00,,26.0,83,0.301,0.32
1985-09-23T14:00,,25.4,87,0.301,0.32
1985-09-23T15:00,,24.6,92,0.301,0.32
1985-09-23T16:00,,24.1,94,0.302,0.32
1985-09-23T17:00,,24.3,93,0.302,0.32
1985-09-23T18:00,,24.4,93,0.302,0.32
1985-09-23T19:00,,24.3,93,0.302,0.319
1985-09-23T20:00,,23.7,95,0.303,0.319
1985-09-23T21:00,,22.8,98,0.303,0.319
1985-09-23T22:00,,22.8,98,0.303,0.319
1985-09-23T23:00,,22.9,97,0.304,0.319
1985-09-24T00:00,,22.9,97,0.304,0.319
1985-09-24T01:00,,23.0,96,0.304,0.319
1985-09-24T02:00,,23.6,92,0.304,0.319
1985-09-24T03:00,,24.8,83,0.304,0.319
1985-09-24T04:00,,25.9,76,0.303,0.319
1985-09-24T05:00,,27.2,69,0.302,0.318
1985-09-24T06:00,,28.3,65,0.3,0.317
1985-09-24T07:00,,29.0,61,0.297,0.316
1985-09-24T08:00,,29.3,60,0.295,0.315
1985-09-24T09:00,,29.1,63,0.293,0.314
1985-09-24T10:00,,28.5,66,0.291,0.314
1985-09-24T11:00,,27.6,70,0.29,0.313
1985-09-24T12:00,,26.7,73,0.29,0.313
1985-09-24T13:00,,25.8,77,0.29,0.313
1985-09-24T14:00,,25.1,82,0.29,0.313
1985-09-24T15:00,,24.3,87,0.29,0.313
1985-09-24T16:00,,23.5,91,0.291,0.313
1985-09-24T17:00,,23.0,93,0.291,0.313
1985-09-24T18:00,,22.7,94,0.291,0.313
1985-09-24T19:00,,22.5,94,0.292,0.313
1985-09-24T20:00,,22.7,95,0.292,0.312
1985-09-24T21:00,,22.4,96,0.292,0.312
1985-09-24T22:00,,22.6,96,0.292,0.312
1985-09-24T23:00,,22.5,96,0.293,0.312
1985-09-25T00:00,,22.5,96,0.293,0.312
1985-09-25T01:00,,22.3,96,0.293,0.312
1985-09-25T02:00,,23.6,91,0.293,0.312
1985-09-25T03:00,,25.4,79,0.293,0.312
1985-09-25T04:00,,26.7,72,0.292,0.312
1985-09-25T05:00,,27.9,67,0.291,0.311
1985-09-25T06:00,,28.9,64,0.289,0.31
1985-09-25T07:00,,29.6,65,0.287,0.309
1985-09-25T08:00,,30.1,64,0.285,0.308
1985-09-25T09:00,,29.8,66,0.283,0.308
1985-09-25T10:00,,29.1,70,0.282,0.307
1985-09-25T11:00,,28.6,72,0.281,0.307
1985-09-25T12:00,,27.5,77,0.281,0.306
1985-09-25T13:00,,26.7,81,0.281,0.306
1985-09-25T14:00,,26.2,85,0.281,0.306
1985-09-25T15:00,,25.8,87,0.281,0.306
1985-09-25T16:00,,25.6,88,0.282,0.306
1985-09-25T17:00,,25.3,90,0.282,0.306
1985-09-25T18:00,,25.0,91,0.282,0.306
1985-09-25T19:00,,24.7,93,0.283,0.306
1985-09-25T20:00,,24.5,94,0.283,0.306
1985-09-25T21:00,,24.2,96,0.283,0.306
1985-09-25T22:00,,24.0,96,0.283,0.306
1985-09-25T23:00,,23.8,96,0.284,0.306
1985-09-26T00:00,,23.7,96,0.284,0.306
1985-09-26T01:00,,23.5,97,0.284,0.306
1985-09-26T02:00,,24.8,93,0.284,0.306
1985-09-26T03:00,,26.5,85,0.284,0.306
1985-09-26T04:00,,28.1,79,0.284,0.305
1985-09-26T05:00,,29.5,72,0.282,0.305
1985-09-26T06:00,,30.3,70,0.281,0.304
1985-09-26T07:00,,31.4,68,0.279,0.303
1985-09-26T08:00,,29.5,74,0.282,0.302
1985-09-26T09:00,,29.6,75,0.282,0.302
1985-09-26T10:00,,29.3,77,0.284,0.302
1985-09-26T11:00,,29.2,77,0.284,0.302
1985-09-26T12:00,,28.6,80,0.286,0.301
1985-09-26T13:00,,28.0,84,0.286,0.301
1985-09-26T14:00,,27.4,88,0.286,0.301
1985-09-26T15:00,,26.9,90,0.286,0.301
1985-09-26T16:00,,26.6,91,0.286,0.301
1985-09-26T17:00,,26.1,94,0.286,0.301
1985-09-26T18:00,,25.5,96,0.286,0.302
1985-09-26T19:00,,26.2,93,0.287,0.302
1985-09-26T20:00,,25.9,94,0.287,0.302
1985-09-26T21:00,,25.6,96,0.287,0.302
1985-09-26T22:00,,24.9,98,0.287,0.302
1985-09-26T23:00,,24.4,97,0.289,0.302
1985-09-27T00:00,,24.5,96,0.292,0.302
1985-09-27T01:00,,24.5,96,0.292,0.302
1985-09-27T02:00,,24.9,94,0.292,0.302
1985-09-27T03:00,,26.0,89,0.292,0.302
1985-09-27T04:00,,27.4,83,0.292,0.302
1985-09-27T05:00,,28.2,79,0.293,0.301
1985-09-27T06:00,,28.7,79,0.292,0.301
1985-09-27T07:00,,29.9,74,0.291,0.3
1985-09-27T08:00,,28.8,80,0.292,0.3
1985-09-27T09:00,,28.9,82,0.295,0.3
1985-09-27T10:00,,27.9,86,0.313,0.3
1985-09-27T11:00,,27.5,88,0.315,0.3
1985-09-27T12:00,,26.5,89,0.331,0.3
1985-09-27T13:00,,25.7,91,0.341,0.3
1985-09-27T14:00,,25.6,92,0.34,0.301
1985-09-27T15:00,,25.5,93,0.338,0.302
1985-09-27T16:00,,25.3,94,0.337,0.302
1985-09-27T17:00,,25.2,95,0.336,0.303
1985-09-27T18:00,,25.1,95,0.335,0.303
1985-09-27T19:00,,25.3,94,0.334,0.304
1985-09-27T20:00,,25.2,93,0.334,0.304
1985-09-27T21:00,,24.8,94,0.34,0.304
1985-09-27T22:00,,24.5,96,0.34,0.305
1985-09-27T23:00,,24.4,95,0.338,0.305
1985-09-28T00:00,,24.2,96,0.337,0.306
1985-09-28T01:00,,23.7,97,0.336,0.306
1985-09-28T02:00,,25.0,94,0.335,0.307
1985-09-28T03:00,,26.3,86,0.334,0.307
1985-09-28T04:00,,27.7,79,0.333,0.307
1985-09-28T05:00,,28.9,74,0.331,0.307
1985-09-28T06:00,,29.9,70,0.328,0.307
1985-09-28T07:00,,30.2,71,0.326,0.306
1985-09-28T08:00,,29.9,71,0.327,0.306
1985-09-28T09:00,,28.8,78,0.338,0.306
1985-09-28T10:00,,28.3,78,0.366,0.306
1985-09-28T11:00,,27.8,81,0.362,0.308
1985-09-28T12:00,,27.3,82,0.359,0.309
1985-09-28T13:00,,26.8,85,0.356,0.31
1985-09-28T14:00,,26.4,87,0.356,0.311
1985-09-28T15:00,,26.3,89,0.354,0.312
1985-09-28T16:00,,26.0,93,0.352,0.312
1985-09-28T17:00,,25.9,91,0.35,0.313
1985-09-28T18:00,,25.5,94,0.349,0.314
1985-09-28T19:00,,25.3,92,0.347,0.314
1985-09-28T20:00,,25.2,92,0.347,0.315
1985-09-28T21:00,,25.0,93,0.351,0.315
1985-09-28T22:00,,24.9,94,0.351,0.316
1985-09-28T23:00,,24.7,94,0.351,0.316
1985-09-29T00:00,,24.5,94,0.352,0.317
1985-09-29T01:00,,24.7,93,0.352,0.317
1985-09-29T02:00,,25.0,93,0.35,0.318
1985-09-29T03:00,,25.8,88,0.349,0.318
1985-09-29T04:00,,27.0,82,0.348,0.319
1985-09-29T05:00,,28.5,76,0.346,0.319
1985-09-29T06:00,,29.7,72,0.343,0.318
1985-09-29T07:00,,29.4,73,0.35,0.318
1985-09-29T08:00,,29.6,74,0.347,0.318
1985-09-29T09:00,,28.3,80,0.356,0.318
1985-09-29T10:00,,28.5,79,0.356,0.319
1985-09-29T11:00,,27.8,81,0.36,0.319
1985-09-29T12:00,,27.5,83,0.358,0.32
1985-09-29T13:00,,27.0,86,0.356,0.321
1985-09-29T14:00,,26.6,89,0.354,0.321
1985-09-29T15:00,,26.4,91,0.353,0.322
1985-09-29T16:00,,26.3,92,0.351,0.322
1985-09-29T17:00,,26.5,90,0.35,0.323
1985-09-29T18:00,,25.9,93,0.349,0.323
1985-09-29T19:00,,26.1,93,0.349,0.323
1985-09-29T20:00,,25.8,92,0.365,0.324
1985-09-29T21:00,,24.9,95,0.398,0.326
1985-09-29T22:00,,24.1,96,0.413,0.335
1985-09-29T23:00,,23.9,96,0.392,0.35
1985-09-30T00:00,,24.0,95,0.387,0.351
1985-09-30T01:00,,23.8,96,0.396,0.353
1985-09-30T02:00,,24.1,94,0.4,0.355
1985-09-30T03:00,,24.8,89,0.393,0.358
1985-09-30T04:00,,26.2,85,0.388,0.359
1985-09-30T05:00,,27.6,81,0.384,0.359
1985-09-30T06:00,,29.2,75,0.379,0.359
1985-09-30T07:00,,30.8,71,0.375,0.359
1985-09-30T08:00,,30.2,74,0.376,0.358
1985-09-30T09:00,,28.6,81,0.38,0.358
1985-09-30T10:00,,28.6,83,0.38,0.358
1985-09-30T11:00,,28.3,85,0.38,0.359
1985-09-30T12:00,,26.2,88,0.411,0.361
1985-09-30T13:00,,25.8,90,0.39,0.369
1985-09-30T14:00,,25.8,94,0.387,0.369
1985-09-30T15:00,,25.9,89,0.385,0.37
1985-09-30T16:00,,25.3,94,0.383,0.37
1985-09-30T17:00,,25.1,95,0.381,0.37
1985-09-30T18:00,,25.0,96,0.38,0.37
1985-09-30T19:00,,25.8,93,0.38,0.37
1985-09-30T20:00,,25.0,97,0.396,0.37
1985-09-30T21:00,,24.6,97,0.417,0.374
1985-09-30T22:00,,24.4,96,0.418,0.389
1985-09-30T23:00,,24.1,96,0.41,0.395
1985-10-01T00:00,,24.3,94,0.405,0.395
1985-10-01T01:00,,24.3,95,0.402,0.395
1985-10-01T02:00,,24.5,95,0.412,0.395
1985-10-01T03:00,,24.6,96,0.415,0.401
1985-10-01T04:00,,25.4,93,0.41,0.403
1985-10-01T05:00,,27.0,83,0.406,0.401
1985-10-01T06:00,,28.0,81,0.403,0.399
1985-10-01T07:00,,29.9,77,0.398,0.397
1985-10-01T08:00,,28.9,82,0.406,0.396
1985-10-01T09:00,,28.4,85,0.408,0.398
1985-10-01T10:00,,27.9,87,0.404,0.4
1985-10-01T11:00,,27.1,89,0.411,0.401
1985-10-01T12:00,,26.7,90,0.403,0.401
1985-10-01T13:00,,26.6,91,0.401,0.4
1985-10-01T14:00,,26.2,94,0.399,0.398
1985-10-01T15:00,,25.8,96,0.397,0.397
1985-10-01T16:00,,26.1,94,0.396,0.396
1985-10-01T17:00,,26.0,95,0.395,0.395
1985-10-01T18:00,,25.8,96,0.394,0.394
1985-10-01T19:00,,24.9,98,0.392,0.393
1985-10-01T20:00,,25.4,97,0.391,0.393
1985-10-01T21:00,,25.2,96,0.391,0.392
1985-10-01T22:00,,24.9,98,0.392,0.391
1985-10-01T23:00,,25.2,95,0.397,0.391
1985-10-02T00:00,,25.1,95,0.397,0.391
1985-10-02T01:00,,25.4,93,0.396,0.391
1985-10-02T02:00,,25.5,95,0.394,0.39
1985-10-02T03:00,,26.5,90,0.392,0.39
1985-10-02T04:00,,27.7,84,0.391,0.389
1985-10-02T05:00,,29.0,78,0.389,0.389
1985-10-02T06:00,,29.8,76,0.386,0.387
1985-10-02T07:00,,29.6,81,0.384,0.386
1985-10-02T08:00,,29.5,82,0.384,0.385
1985-10-02T09:00,,29.0,85,0.392,0.385
1985-10-02T10:00,,27.4,85,0.41,0.387
1985-10-02T11:00,,26.6,89,0.419,0.403
1985-10-02T12:00,,25.8,91,0.421,0.408
1985-10-02T13:00,,24.9,94,0.42,0.412
1985-10-02T14:00,,24.7,96,0.41,0.408
1985-10-02T15:00,,24.7,96,0.408,0.407
1985-10-02T16:00,,24.7,96,0.408,0.405
1985-10-02T17:00,,24.6,96,0.41,0.405
1985-10-02T18:00,,24.6,97,0.413,0.405
1985-10-02T19:00,,24.3,96,0.416,0.407
1985-10-02T20:00,,24.3,96,0.408,0.408
1985-10-02T21:00,,24.4,95,0.407,0.407
1985-10-02T22:00,,24.2,96,0.405,0.406
1985-10-02T23:00,,24.0,98,0.404,0.404
1985-10-03T00:00,,24.1,95,0.405,0.404
1985-10-03T01:00,,24.0,96,0.404,0.403
1985-10-03T02:00,,24.2,96,0.402,0.402
1985-10-03T03:00,,24.8,92,0.401,0.401
1985-10-03T04:00,,25.3,90,0.402,0.401
1985-10-03T05:00,,25.9,90,0.402,0.4
1985-10-03T06:00,,25.8,91,0.413,0.4
1985-10-03T07:00,,26.5,90,0.415,0.406
1985-10-03T08:00,,26.0,92,0.417,0.411
1985-10-03T09:00,,25.7,93,0.416,0.411
1985-10-03T10:00,,25.4,93,0.416,0.412
1985-10-03T11:00,,25.1,94,0.413,0.41
1985-10-03T12:00,,25.1,92,0.411,0.409
1985-10-03T13:00,,25.0,90,0.409,0.408
1985-10-03T14:00,,24.9,92,0.408,0.407
1985-10-03T15:00,,24.6,96,0.414,0.407
1985-10-03T16:00,,24.5,96,0.416,0.41
1985-10-03T17:00,,24.4,96,0.411,0.411
1985-10-03T18:00,,24.3,96,0.412,0.41
1985-10-03T19:00,,24.0,96,0.41,0.409
1985-10-03T20:00,,24.0,96,0.409,0.408
1985-10-03T21:00,,23.8,97,0.408,0.407
1985-10-03T22:00,,23.8,97,0.407,0.406
1985-10-03T23:00,,23.7,98,0.406,0.406
1985-10-04T00:00,,23.8,97,0.406,0.405
1985-10-04T01:00,,23.7,98,0.406,0.404
1985-10-04T02:00,,24.0,96,0.404,0.404
1985-10-04T03:00,,24.7,94,0.402,0.403
1985-10-04T04:00,,25.7,92,0.401,0.402
1985-10-04T05:00,,26.4,91,0.401,0.402
1985-10-04T06:00,,27.1,89,0.402,0.401
1985-10-04T07:00,,27.9,82,0.401,0.4
1985-10-04T08:00,,28.5,78,0.399,0.4
1985-10-04T09:00,,27.5,82,0.399,0.399
1985-10-04T10:00,,26.4,85,0.402,0.399
1985-10-04T11:00,,26.5,87,0.402,0.399
1985-10-04T12:00,,25.6,88,0.41,0.399
1985-10-04T13:00,,24.8,90,0.409,0.403
1985-10-04T14:00,,24.4,94,0.412,0.404
1985-10-04T15:00,,24.2,95,0.413,0.405
1985-10-04T16:00,,24.3,96,0.406,0.406
1985-10-04T17:00,,24.3,96,0.408,0.406
1985-10-04T18:00,,24.5,94,0.412,0.406
1985-10-04T19:00,,24.4,95,0.408,0.407
1985-10-04T20:00,,24.5,94,0.407,0.406
1985-10-04T21:00,,24.4,95,0.407,0.406
1985-10-04T22:00,,24.2,96,0.411,0.406
1985-10-04T23:00,,24.1,96,0.41,0.406
1985-10-05T00:00,,24.1,96,0.411,0.406
1985-10-05T01:00,,23.9,97,0.412,0.407
1985-10-05T02:00,,23.9,98,0.41,0.407
1985-10-05T03:00,,24.2,97,0.408,0.407
1985-10-05T04:00,,24.7,95,0.406,0.406
1985-10-05T05:00,,25.8,92,0.405,0.405
1985-10-05T06:00,,26.7,84,0.41,0.405
1985-10-05T07:00,,26.3,84,0.413,0.407
1985-10-05T08:00,,26.5,85,0.408,0.408
1985-10-05T09:00,,25.7,90,0.412,0.408
1985-10-05T10:00,,25.8,89,0.412,0.408
1985-10-05T11:00,,25.9,88,0.41,0.408
1985-10-05T12:00,,24.8,93,0.415,0.409
1985-10-05T13:00,,24.4,96,0.415,0.411
1985-10-05T14:00,,24.2,97,0.417,0.411
1985-10-05T15:00,,24.1,97,0.42,0.412
1985-10-05T16:00,,24.0,97,0.422,0.415
1985-10-05T17:00,,24.0,97,0.421,0.417
1985-10-05T18:00,,23.8,98,0.422,0.418
1985-10-05T19:00,,24.3,95,0.413,0.417
1985-10-05T20:00,,24.1,96,0.413,0.415
1985-10-05T21:00,,24.0,96,0.414,0.414
1985-10-05T22:00,,24.2,94,0.415,0.414
1985-10-05T23:00,,23.9,94,0.414,0.416
1985-10-06T00:00,,23.8,94,0.413,0.414
1985-10-06T01:00,,23.7,94,0.415,0.414
1985-10-06T02:00,,24.1,94,0.414,0.414
1985-10-06T03:00,,24.4,93,0.416,0.415
1985-10-06T04:00,,25.2,93,0.411,0.413
1985-10-06T05:00,,25.9,87,0.415,0.413
1985-10-06T06:00,,26.3,89,0.411,0.414
1985-10-06T07:00,,26.8,89,0.407,0.411
1985-10-06T08:00,,26.9,85,0.415,0.411
1985-10-06T09:00,,27.0,81,0.413,0.413
1985-10-06T10:00,,25.8,88,0.413,0.413
1985-10-06T11:00,,25.6,88,0.416,0.413
1985-10-06T12:00,,24.8,94,0.414,0.413
1985-10-06T13:00,,24.2,95,0.419,0.414
1985-10-06T14:00,,24.2,96,0.415,0.415
1985-10-06T15:00,,24.3,95,0.412,0.414
1985-10-06T16:00,,24.3,94,0.414,0.413
1985-10-06T17:00,,24.3,96,0.413,0.413
1985-10-06T18:00,,24.2,96,0.414,0.413
1985-10-06T19:00,,24.4,96,0.416,0.414
1985-10-06T20:00,,24.2,94,0.414,0.414
1985-10-06T21:00,,24.0,93,0.411,0.413
1985-10-06T22:00,,23.9,96,0.414,0.413
1985-10-06T23:00,,23.8,97,0.415,0.414
1985-10-07T00:00,,23.7,96,0.412,0.414
1985-10-07T01:00,,23.8,96,0.408,0.412
1985-10-07T02:00,,24.2,96,0.41,0.412
1985-10-07T03:00,,25.3,89,0.409,0.411
1985-10-07T04:00,,26.1,88,0.407,0.41
1985-10-07T05:00,,27.0,87,0.405,0.409
1985-10-07T06:00,,27.7,85,0.403,0.408
1985-10-07T07:00,,26.8,84,0.41,0.407
1985-10-07T08:00,,27.9,80,0.406,0.407
1985-10-07T09:00,,27.4,82,0.404,0.406
1985-10-07T10:00,,26.5,81,0.405,0.406
1985-10-07T11:00,,26.2,84,0.405,0.405
1985-10-07T12:00,,25.3,85,0.405,0.405
1985-10-07T13:00,,24.7,89,0.406,0.405
1985-10-07T14:00,,24.5,92,0.41,0.405
1985-10-07T15:00,,24.0,94,0.416,0.409
1985-10-07T16:00,,24.0,95,0.416,0.412
1985-10-07T17:00,,24.1,94,0.412,0.411
1985-10-07T18:00,,24.1,94,0.412,0.411
1985-10-07T19:00,,24.1,94,0.413,0.411
1985-10-07T20:00,,23.7,96,0.417,0.413
1985-10-07T21:00,,23.6,96,0.416,0.414
1985-10-07T22:00,,23.6,97,0.414,0.413
1985-10-07T23:00,,23.7,97,0.415,0.413
1985-10-08T00:00,,23.9,94,0.414,0.413
1985-10-08T01:00,,23.9,95,0.415,0.414
1985-10-08T02:00,,24.0,96,0.414,0.414
1985-10-08T03:00,,24.2,95,0.414,0.413
1985-10-08T04:00,,24.4,94,0.422,0.415
1985-10-08T05:00,,24.6,94,0.416,0.417
1985-10-08T06:00,,25.7,89,0.412,0.416
1985-10-08T07:00,,25.1,90,0.417,0.414
1985-10-08T08:00,,25.4,88,0.418,0.415
1985-10-08T09:00,,24.6,92,0.416,0.417
1985-10-08T10:00,,24.6,93,0.413,0.415
1985-10-08T11:00,,24.2,92,0.417,0.414
1985-10-08T12:00,,24.0,95,0.417,0.415
1985-10-08T13:00,,24.0,96,0.416,0.416
1985-10-08T14:00,,24.1,95,0.413,0.415
1985-10-08T15:00,,24.0,96,0.416,0.413
1985-10-08T16:00,,24.0,97,0.416,0.414
1985-10-08T17:00,,23.9,97,0.414,0.415
1985-10-08T18:00,,24.0,97,0.414,0.415
1985-10-08T19:00,,24.2,94,0.414,0.415
1985-10-08T20:00,,24.1,95,0.414,0.415
1985-10-08T21:00,,24.2,94,0.414,0.415
1985-10-08T22:00,,24.0,95,0.415,0.415
1985-10-08T23:00,,23.9,96,0.412,0.415
1985-10-09T00:00,,24.0,95,0.41,0.413
1985-10-09T01:00,,24.0,95,0.41,0.412
1985-10-09T02:00,,24.1,96,0.409,0.412
1985-10-09T03:00,,24.8,94,0.408,0.411
1985-10-09T04:00,,25.5,90,0.407,0.41
1985-10-09T05:00,,26.3,88,0.406,0.41
1985-10-09T06:00,,26.9,87,0.405,0.409
1985-10-09T07:00,,26.9,86,0.403,0.408
1985-10-09T08:00,,27.0,87,0.401,0.407
1985-10-09T09:00,,27.3,87,0.4,0.406
1985-10-09T10:00,,26.8,88,0.406,0.405
1985-10-09T11:00,,26.2,88,0.407,0.405
1985-10-09T12:00,,25.8,89,0.405,0.405
1985-10-09T13:00,,25.1,92,0.404,0.405
1985-10-09T14:00,,24.8,93,0.403,0.405
1985-10-09T15:00,,24.7,94,0.403,0.405
1985-10-09T16:00,,24.6,95,0.402,0.405
1985-10-09T17:00,,24.6,94,0.4,0.404
1985-10-09T18:00,,24.5,94,0.399,0.404
1985-10-09T19:00,,24.4,95,0.399,0.403
1985-10-09T20:00,,23.7,97,0.4,0.403
1985-10-09T21:00,,23.7,97,0.4,0.403
1985-10-09T22:00,,23.5,97,0.4,0.402
1985-10-09T23:00,,23.6,97,0.399,0.402
1985-10-10T00:00,,23.9,96,0.398,0.402
1985-10-10T01:00,,23.6,97,0.398,0.402
1985-10-10T02:00,,24.4,95,0.397,0.401
1985-10-10T03:00,,25.5,88,0.397,0.401
1985-10-10T04:00,,26.7,81,0.396,0.401
1985-10-10T05:00,,27.9,75,0.395,0.4
1985-10-10T06:00,,28.8,70,0.392,0.399
1985-10-10T07:00,,29.2,68,0.389,0.397
1985-10-10T08:00,,29.5,66,0.387,0.396
1985-10-10T09:00,,29.4,66,0.385,0.395
1985-10-10T10:00,,29.0,69,0.383,0.393
1985-10-10T11:00,,28.3,73,0.382,0.392
1985-10-10T12:00,,27.4,79,0.381,0.392
1985-10-10T13:00,,26.5,83,0.381,0.391
1985-10-10T14:00,,26.0,86,0.381,0.391
1985-10-10T15:00,,25.6,88,0.381,0.391
1985-10-10T16:00,,25.2,90,0.381,0.39
1985-10-10T17:00,,25.0,91,0.381,0.39
1985-10-10T18:00,,24.9,91,0.381,0.389
1985-10-10T19:00,,24.7,91,0.381,0.389
1985-10-10T20:00,,24.6,92,0.381,0.389
1985-10-10T21:00,,24.5,92,0.382,0.389
1985-10-10T22:00,,24.5,92,0.381,0.388
1985-10-10T23:00,,24.2,93,0.381,0.388
1985-10-11T00:00,,24.1,93,0.381,0.388
1985-10-11T01:00,,23.8,94,0.381,0.388
1985-10-11T02:00,,24.1,92,0.381,0.387
1985-10-11T03:00,,25.4,86,0.38,0.387
1985-10-11T04:00,,26.7,79,0.379,0.386
1985-10-11T05:00,,27.7,74,0.377,0.385
1985-10-11T06:00,,28.3,71,0.376,0.384
1985-10-11T07:00,,28.2,70,0.375,0.383
1985-10-11T08:00,,28.2,68,0.377,0.383
1985-10-11T09:00,,28.0,68,0.378,0.382
1985-10-11T10:00,,27.5,72,0.378,0.382
1985-10-11T11:00,,27.1,71,0.378,0.381
1985-10-11T12:00,,26.4,75,0.378,0.381
1985-10-11T13:00,,25.6,81,0.377,0.381
1985-10-11T14:00,,25.3,83,0.377,0.381
1985-10-11T15:00,,25.0,85,0.377,0.381
1985-10-11T16:00,,24.8,86,0.376,0.381
1985-10-11T17:00,,24.6,88,0.376,0.381
1985-10-11T18:00,,24.2,89,0.376,0.38
1985-10-11T19:00,,24.3,90,0.376,0.38
1985-10-11T20:00,,24.0,91,0.375,0.38
1985-10-11T21:00,,23.8,92,0.375,0.38
1985-10-11T22:00,,23.5,94,0.375,0.38
1985-10-11T23:00,,23.3,95,0.375,0.38
1985-10-12T00:00,,23.2,94,0.375,0.38
1985-10-12T01:00,,23.3,94,0.376,0.38
1985-10-12T02:00,,23.8,91,0.376,0.38
1985-10-12T03:00,,24.6,87,0.376,0.379
1985-10-12T04:00,,25.3,86,0.376,0.379
1985-10-12T05:00,,25.9,86,0.375,0.379
1985-10-12T06:00,,26.2,85,0.374,0.378
1985-10-12T07:00,,27.0,83,0.372,0.378
1985-10-12T08:00,,27.4,81,0.37,0.377
1985-10-12T09:00,,26.6,82,0.371,0.376
1985-10-12T10:00,,26.6,80,0.371,0.376
1985-10-12T11:00,,26.5,79,0.371,0.376
1985-10-12T12:00,,26.0,81,0.371,0.375
1985-10-12T13:00,,25.6,84,0.37,0.375
1985-10-12T14:00,,24.9,89,0.37,0.375
1985-10-12T15:00,,25.0,87,0.37,0.375
1985-10-12T16:00,,25.0,87,0.37,0.375
1985-10-12T17:00,,24.7,88,0.37,0.375
1985-10-12T18:00,,24.4,91,0.37,0.375
1985-10-12T19:00,,24.4,89,0.37,0.375
1985-10-12T20:00,,23.7,92,0.37,0.375
1985-10-12T21:00,,23.6,93,0.37,0.375
1985-10-12T22:00,,23.5,93,0.37,0.375
1985-10-12T23:00,,23.2,94,0.37,0.375
1985-10-13T00:00,,22.7,96,0.369,0.374
1985-10-13T01:00,,22.3,98,0.369,0.374
1985-10-13T02:00,,23.2,95,0.369,0.374
1985-10-13T03:00,,24.1,89,0.369,0.374
1985-10-13T04:00,,25.7,82,0.368,0.374
1985-10-13T05:00,,27.1,73,0.366,0.373
1985-10-13T06:00,,27.8,69,0.364,0.372
1985-10-13T07:00,,28.5,66,0.362,0.371
1985-10-13T08:00,,28.5,66,0.359,0.37
1985-10-13T09:00,,28.2,68,0.358,0.369
1985-10-13T10:00,,28.0,68,0.358,0.368
1985-10-13T11:00,,27.3,73,0.357,0.368
1985-10-13T12:00,,26.7,76,0.357,0.367
1985-10-13T13:00,,26.0,81,0.357,0.367
1985-10-13T14:00,,24.9,89,0.357,0.367
1985-10-13T15:00,,25.3,85,0.357,0.367
1985-10-13T16:00,,25.2,85,0.357,0.367
1985-10-13T17:00,,24.7,89,0.357,0.367
1985-10-13T18:00,,23.1,95,0.357,0.366
1985-10-13T19:00,,23.1,96,0.357,0.366
1985-10-13T20:00,,22.5,97,0.358,0.366
1985-10-13T21:00,,22.0,97,0.358,0.366
1985-10-13T22:00,,21.6,97,0.358,0.366
1985-10-13T23:00,,21.4,97,0.358,0.366
1985-10-14T00:00,,21.1,97,0.358,0.366
1985-10-14T01:00,,21.1,96,0.358,0.366
1985-10-14T02:00,,22.2,93,0.358,0.366
1985-10-14T03:00,,24.6,78,0.358,0.365
1985-10-14T04:00,,26.0,69,0.357,0.365
1985-10-14T05:00,,27.1,63,0.355,0.364
1985-10-14T06:00,,27.8,59,0.352,0.363
1985-10-14T07:00,,28.5,60,0.35,0.362
1985-10-14T08:00,,28.6,61,0.347,0.361
1985-10-14T09:00,,28.4,63,0.345,0.36
1985-10-14T10:00,,28.0,66,0.343,0.359
1985-10-14T11:00,,27.3,70,0.342,0.358
1985-10-14T12:00,,26.5,73,0.341,0.358
1985-10-14T13:00,,25.5,78,0.342,0.357
1985-10-14T14:00,,24.6,84,0.342,0.357
1985-10-14T15:00,,23.6,89,0.342,0.357
1985-10-14T16:00,,24.3,85,0.343,0.357
1985-10-14T17:00,,24.2,86,0.343,0.357
1985-10-14T18:00,,23.7,89,0.344,0.357
1985-10-14T19:00,,23.6,91,0.344,0.357
1985-10-14T20:00,,23.3,92,0.344,0.357
1985-10-14T21:00,,22.3,96,0.344,0.356
1985-10-14T22:00,,21.7,97,0.345,0.356
1985-10-14T23:00,,21.2,98,0.345,0.356
1985-10-15T00:00,,21.4,98,0.345,0.356
1985-10-15T01:00,,21.5,98,0.345,0.356
1985-10-15T02:00,,22.4,94,0.346,0.356
1985-10-15T03:00,,23.9,86,0.345,0.356
1985-10-15T04:00,,25.5,76,0.344,0.355
1985-10-15T05:00,,26.8,69,0.343,0.355
1985-10-15T06:00,,27.7,65,0.34,0.354
1985-10-15T07:00,,28.4,63,0.338,0.353
1985-10-15T08:00,,28.5,64,0.335,0.351
1985-10-15T09:00,,28.2,65,0.333,0.35
1985-10-15T10:00,,27.4,69,0.332,0.35
1985-10-15T11:00,,26.8,71,0.331,0.349
1985-10-15T12:00,,26.0,74,0.331,0.349
1985-10-15T13:00,,25.1,79,0.331,0.349
1985-10-15T14:00,,24.0,88,0.331,0.348
1985-10-15T15:00,,24.6,81,0.332,0.348
1985-10-15T16:00,,23.2,88,0.332,0.348
1985-10-15T17:00,,22.2,93,0.333,0.348
1985-10-15T18:00,,21.9,95,0.333,0.348
1985-10-15T19:00,,22.8,92,0.333,0.348
1985-10-15T20:00,,22.1,95,0.334,0.348
1985-10-15T21:00,,21.3,97,0.334,0.348
1985-10-15T22:00,,20.9,98,0.334,0.348
1985-10-15T23:00,,21.0,97,0.335,0.348
1985-10-16T00:00,,21.0,96,0.335,0.348
1985-10-16T01:00,,21.0,95,0.335,0.348
1985-10-16T02:00,,21.7,93,0.335,0.348
1985-10-16T03:00,,23.5,86,0.335,0.347
1985-10-16T04:00,,25.1,78,0.334,0.347
1985-10-16T05:00,,26.3,71,0.333,0.346
1985-10-16T06:00,,27.0,68,0.331,0.346
1985-10-16T07:00,,27.3,69,0.33,0.345
1985-10-16T08:00,,26.9,71,0.33,0.344
1985-10-16T09:00,,26.7,72,0.334,0.343
1985-10-16T10:00,,25.9,78,0.335,0.343
1985-10-16T11:00,,25.8,78,0.335,0.343
1985-10-16T12:00,,25.2,80,0.336,0.343
1985-10-16T13:00,,24.6,81,0.337,0.343
1985-10-16T14:00,,23.9,89,0.337,0.343
1985-10-16T15:00,,24.1,84,0.337,0.343
1985-10-16T16:00,,23.8,87,0.337,0.343
1985-10-16T17:00,,23.2,90,0.338,0.343
1985-10-16T18:00,,22.5,93,0.338,0.343
1985-10-16T19:00,,22.4,94,0.338,0.343
1985-10-16T20:00,,22.1,95,0.338,0.343
1985-10-16T21:00,,22.1,95,0.338,0.343
1985-10-16T22:00,,21.9,96,0.338,0.343
1985-10-16T23:00,,21.9,96,0.338,0.343
1985-10-17T00:00,,22.0,96,0.338,0.343
1985-10-17T01:00,,22.3,96,0.339,0.344
1985-10-17T02:00,,22.8,93,0.34,0.344
1985-10-17T03:00,,23.4,91,0.341,0.344
1985-10-17T04:00,,24.3,88,0.341,0.344
1985-10-17T05:00,,25.6,84,0.34,0.343
1985-10-17T06:00,,26.4,81,0.339,0.343
1985-10-17T07:00,,27.6,75,0.337,0.342
1985-10-17T08:00,,27.7,75,0.335,0.341
1985-10-17T09:00,,27.1,75,0.333,0.341
1985-10-17T10:00,,26.5,76,0.333,0.34
1985-10-17T11:00,,26.0,77,0.335,0.34
1985-10-17T12:00,,25.0,80,0.336,0.34
1985-10-17T13:00,,24.5,83,0.337,0.34
1985-10-17T14:00,,23.9,87,0.339,0.34
1985-10-17T15:00,,23.2,92,0.339,0.34
1985-10-17T16:00,,22.9,92,0.339,0.34
1985-10-17T17:00,,23.3,90,0.338,0.34
1985-10-17T18:00,,23.3,90,0.338,0.341
1985-10-17T19:00,,24.2,87,0.338,0.341
1985-10-17T20:00,,24.0,87,0.338,0.341
1985-10-17T21:00,,23.9,88,0.338,0.341
1985-10-17T22:00,,23.3,91,0.338,0.341
1985-10-17T23:00,,22.8,94,0.338,0.341
1985-10-18T00:00,,22.4,96,0.338,0.341
1985-10-18T01:00,,22.6,95,0.338,0.341
1985-10-18T02:00,,23.5,92,0.338,0.341
1985-10-18T03:00,,24.6,85,0.338,0.341
1985-10-18T04:00,,25.7,80,0.337,0.341
1985-10-18T05:00,,26.6,77,0.336,0.341
1985-10-18T06:00,,27.7,74,0.335,0.34
1985-10-18T07:00,,28.6,72,0.332,0.339
1985-10-18T08:00,,27.5,74,0.334,0.339
1985-10-18T09:00,,26.4,78,0.34,0.338
1985-10-18T10:00,,26.6,80,0.341,0.338
1985-10-18T11:00,,26.2,81,0.341,0.338
1985-10-18T12:00,,25.6,83,0.343,0.338
1985-10-18T13:00,,25.0,85,0.345,0.338
1985-10-18T14:00,,24.4,87,0.348,0.339
1985-10-18T15:00,,23.8,93,0.348,0.339
1985-10-18T16:00,,24.1,89,0.348,0.339
1985-10-18T17:00,,24.0,89,0.347,0.339
1985-10-18T18:00,,23.9,90,0.347,0.339
1985-10-18T19:00,,24.4,90,0.346,0.34
1985-10-18T20:00,,23.5,93,0.346,0.34
1985-10-18T21:00,,22.9,96,0.346,0.34
1985-10-18T22:00,,22.7,96,0.345,0.34
1985-10-18T23:00,,22.7,96,0.345,0.34
1985-10-19T00:00,,22.6,96,0.345,0.34
1985-10-19T01:00,,22.7,96,0.345,0.34
1985-10-19T02:00,,23.9,91,0.344,0.341
1985-10-19T03:00,,25.1,84,0.344,0.341
1985-10-19T04:00,,26.3,79,0.344,0.341
1985-10-19T05:00,,27.3,75,0.343,0.341
1985-10-19T06:00,,28.1,74,0.341,0.34
1985-10-19T07:00,,26.8,79,0.347,0.34
1985-10-19T08:00,,26.6,82,0.349,0.34
1985-10-19T09:00,,26.0,88,0.351,0.34
1985-10-19T10:00,,26.4,89,0.354,0.34
1985-10-19T11:00,,25.9,86,0.364,0.34
1985-10-19T12:00,,25.1,89,0.374,0.341
1985-10-19T13:00,,24.4,92,0.38,0.342
1985-10-19T14:00,,24.2,93,0.378,0.343
1985-10-19T15:00,,24.1,93,0.375,0.344
1985-10-19T16:00,,23.9,95,0.373,0.345
1985-10-19T17:00,,23.7,96,0.371,0.346
1985-10-19T18:00,,23.7,96,0.37,0.347
1985-10-19T19:00,,23.5,98,0.368,0.347
1985-10-19T20:00,,22.8,99,0.367,0.348
1985-10-19T21:00,,22.7,98,0.365,0.348
1985-10-19T22:00,,22.8,98,0.364,0.348
1985-10-19T23:00,,22.9,97,0.363,0.349
1985-10-20T00:00,,23.0,96,0.362,0.349
1985-10-20T01:00,,22.9,97,0.361,0.349
1985-10-20T02:00,,24.0,93,0.36,0.35
1985-10-20T03:00,,25.4,87,0.36,0.35
1985-10-20T04:00,,26.7,80,0.359,0.35
1985-10-20T05:00,,27.7,75,0.357,0.35
1985-10-20T06:00,,28.5,73,0.355,0.349
1985-10-20T07:00,,28.6,73,0.353,0.349
1985-10-20T08:00,,28.7,73,0.351,0.348
1985-10-20T09:00,,28.1,75,0.35,0.348
1985-10-20T10:00,,27.1,79,0.352,0.348
1985-10-20T11:00,,26.9,79,0.353,0.348
1985-10-20T12:00,,26.5,81,0.353,0.348
1985-10-20T13:00,,26.1,84,0.352,0.348
1985-10-20T14:00,,25.4,91,0.352,0.348
1985-10-20T15:00,,25.2,91,0.351,0.348
1985-10-20T16:00,,25.1,91,0.351,0.348
1985-10-20T17:00,,25.3,90,0.351,0.348
1985-10-20T18:00,,25.1,91,0.35,0.348
1985-10-20T19:00,,24.9,91,0.35,0.348
1985-10-20T20:00,,24.1,93,0.35,0.348
1985-10-20T21:00,,23.4,96,0.35,0.348
1985-10-20T22:00,,22.8,98,0.349,0.348
1985-10-20T23:00,,22.8,98,0.349,0.348
1985-10-21T00:00,,22.9,97,0.349,0.348
1985-10-21T01:00,,22.9,97,0.349,0.348
1985-10-21T02:00,,23.5,95,0.348,0.348
1985-10-21T03:00,,25.3,87,0.348,0.348
1985-10-21T04:00,,27.3,78,0.347,0.348
1985-10-21T05:00,,28.6,70,0.345,0.347
1985-10-21T06:00,,29.4,67,0.343,0.346
1985-10-21T07:00,,29.9,66,0.34,0.345
1985-10-21T08:00,,29.7,67,0.339,0.345
1985-10-21T09:00,,29.3,69,0.338,0.344
1985-10-21T10:00,,28.0,73,0.339,0.344
1985-10-21T11:00,,27.0,78,0.34,0.343
1985-10-21T12:00,,26.6,79,0.339,0.343
1985-10-21T13:00,,26.2,82,0.339,0.343
1985-10-21T14:00,,25.4,90,0.339,0.343
1985-10-21T15:00,,25.6,87,0.339,0.343
1985-10-21T16:00,,25.3,88,0.339,0.343
1985-10-21T17:00,,24.6,92,0.339,0.343
1985-10-21T18:00,,24.0,94,0.339,0.343
1985-10-21T19:00,,23.7,97,0.339,0.343
1985-10-21T20:00,,23.4,97,0.339,0.343
1985-10-21T21:00,,23.4,97,0.339,0.343
1985-10-21T22:00,,23.3,97,0.339,0.343
1985-10-21T23:00,,23.4,97,0.339,0.343
1985-10-22T00:00,,23.3,96,0.339,0.343
1985-10-22T01:00,,23.1,95,0.339,0.343
1985-10-22T02:00,,23.4,91,0.339,0.343
1985-10-22T03:00,,25.0,81,0.338,0.343
1985-10-22T04:00,,26.8,71,0.337,0.342
1985-10-22T05:00,,28.6,59,0.335,0.342
1985-10-22T06:00,,29.9,52,0.333,0.341
1985-10-22T07:00,,30.7,48,0.33,0.34
1985-10-22T08:00,,30.9,50,0.327,0.338
1985-10-22T09:00,,30.4,56,0.325,0.338
1985-10-22T10:00,,29.4,64,0.323,0.337
1985-10-22T11:00,,28.5,70,0.322,0.336
1985-10-22T12:00,,27.4,76,0.321,0.336
1985-10-22T13:00,,26.3,82,0.321,0.336
1985-10-22T14:00,,25.3,88,0.322,0.336
1985-10-22T15:00,,24.2,93,0.322,0.336
1985-10-22T16:00,,23.4,95,0.322,0.336
1985-10-22T17:00,,22.7,96,0.322,0.335
1985-10-22T18:00,,22.2,96,0.323,0.335
1985-10-22T19:00,,21.7,96,0.323,0.335
1985-10-22T20:00,,21.3,96,0.323,0.335
1985-10-22T21:00,,20.9,97,0.323,0.335
1985-10-22T22:00,,20.5,97,0.324,0.335
1985-10-22T23:00,,19.9,96,0.324,0.335
1985-10-23T00:00,,19.8,94,0.324,0.335
1985-10-23T01:00,,19.9,92,0.324,0.335
1985-10-23T02:00,,20.7,89,0.324,0.335
1985-10-23T03:00,,23.3,78,0.324,0.335
1985-10-23T04:00,,26.1,67,0.323,0.334
1985-10-23T05:00,,28.3,57,0.321,0.333
1985-10-23T06:00,,29.8,51,0.319,0.332
1985-10-23T07:00,,30.8,43,0.316,0.331
1985-10-23T08:00,,31.0,46,0.313,0.33
1985-10-23T09:00,,30.4,51,0.311,0.329
1985-10-23T10:00,,29.4,57,0.309,0.328
1985-10-23T11:00,,28.3,63,0.308,0.328
1985-10-23T12:00,,27.1,70,0.308,0.328
1985-10-23T13:00,,25.9,76,0.308,0.327
1985-10-23T14:00,,24.8,83,0.308,0.327
1985-10-23T15:00,,23.6,90,0.309,0.327
1985-10-23T16:00,,22.8,91,0.309,0.327
1985-10-23T17:00,,22.1,93,0.309,0.327
1985-10-23T18:00,,21.3,95,0.31,0.327
1985-10-23T19:00,,20.9,95,0.31,0.327
1985-10-23T20:00,,20.4,95,0.31,0.327
1985-10-23T21:00,,19.9,95,0.311,0.327
1985-10-23T22:00,,19.4,94,0.311,0.327
1985-10-23T23:00,,19.0,93,0.311,0.327
1985-10-24T00:00,,18.7,91,0.311,0.327
1985-10-24T01:00,,18.5,88,0.312,0.327
1985-10-24T02:00,,19.7,87,0.312,0.327
1985-10-24T03:00,,23.6,74,0.312,0.326
1985-10-24T04:00,,26.8,63,0.311,0.326
1985-10-24T05:00,,29.4,47,0.309,0.325
1985-10-24T06:00,,30.9,40,0.307,0.324
1985-10-24T07:00,,31.5,36,0.304,0.323
1985-10-24T08:00,,31.9,36,0.302,0.322
1985-10-24T09:00,,31.5,40,0.299,0.321
1985-10-24T10:00,,30.2,49,0.298,0.32
1985-10-24T11:00,,28.8,59,0.296,0.32
1985-10-24T12:00,,27.5,67,0.296,0.319
1985-10-24T13:00,,26.2,74,0.296,0.319
1985-10-24T14:00,,24.9,84,0.297,0.319
1985-10-24T15:00,,24.0,86,0.297,0.319
1985-10-24T16:00,,22.9,89,0.297,0.319
1985-10-24T17:00,,21.9,91,0.298,0.319
1985-10-24T18:00,,21.3,92,0.298,0.319
1985-10-24T19:00,,20.7,91,0.298,0.319
1985-10-24T20:00,,20.3,91,0.299,0.319
1985-10-24T21:00,,20.0,88,0.299,0.319
1985-10-24T22:00,,19.6,85,0.299,0.319
1985-10-24T23:00,,19.3,82,0.299,0.319
1985-10-25T00:00,,19.2,78,0.3,0.319
1985-10-25T01:00,,19.2,73,0.3,0.319
1985-10-25T02:00,,20.0,71,0.3,0.318
1985-10-25T03:00,,22.8,67,0.3,0.318
1985-10-25T04:00,,26.3,56,0.299,0.318
1985-10-25T05:00,,28.7,49,0.297,0.317
1985-10-25T06:00,,30.3,45,0.295,0.316
1985-10-25T07:00,,31.2,40,0.292,0.315
1985-10-25T08:00,,31.8,38,0.29,0.314
1985-10-25T09:00,,32.1,38,0.288,0.313
1985-10-25T10:00,,31.3,44,0.286,0.312
1985-10-25T11:00,,29.7,56,0.285,0.312
1985-10-25T12:00,,27.8,68,0.285,0.311
1985-10-25T13:00,,26.5,72,0.285,0.311
1985-10-25T14:00,,25.5,80,0.285,0.311
1985-10-25T15:00,,26.0,74,0.285,0.311
1985-10-25T16:00,,24.0,81,0.286,0.311
1985-10-25T17:00,,22.5,86,0.286,0.311
1985-10-25T18:00,,21.5,89,0.286,0.311
1985-10-25T19:00,,21.0,89,0.287,0.311
1985-10-25T20:00,,20.9,88,0.287,0.311
1985-10-25T21:00,,20.8,83,0.287,0.311
1985-10-25T22:00,,20.6,80,0.288,0.311
1985-10-25T23:00,,20.5,77,0.288,0.311
1985-10-26T00:00,,20.4,74,0.288,0.311
1985-10-26T01:00,,20.5,76,0.288,0.311
1985-10-26T02:00,,21.5,77,0.288,0.311
1985-10-26T03:00,,24.8,72,0.288,0.31
1985-10-26T04:00,,27.7,66,0.287,0.31
1985-10-26T05:00,,29.6,61,0.286,0.309
1985-10-26T06:00,,31.1,54,0.284,0.308
1985-10-26T07:00,,32.1,48,0.281,0.307
1985-10-26T08:00,,32.3,49,0.279,0.306
1985-10-26T09:00,,31.6,54,0.277,0.305
1985-10-26T10:00,,30.2,63,0.276,0.305
1985-10-26T11:00,,29.1,69,0.275,0.304
1985-10-26T12:00,,27.9,75,0.275,0.304
1985-10-26T13:00,,26.8,81,0.275,0.304
1985-10-26T14:00,,25.7,89,0.275,0.304
1985-10-26T15:00,,24.6,92,0.276,0.304
1985-10-26T16:00,,23.8,93,0.276,0.304
1985-10-26T17:00,,23.4,93,0.277,0.304
1985-10-26T18:00,,23.1,94,0.277,0.304
1985-10-26T19:00,,22.3,95,0.277,0.304
1985-10-26T20:00,,21.8,96,0.278,0.304
1985-10-26T21:00,,21.3,95,0.278,0.304
1985-10-26T22:00,,21.0,94,0.278,0.304
1985-10-26T23:00,,20.6,93,0.278,0.304
1985-10-27T00:00,,20.5,90,0.279,0.304
1985-10-27T01:00,,20.6,86,0.279,0.304
1985-10-27T02:00,,21.8,82,0.279,0.304
1985-10-27T03:00,,24.8,72,0.279,0.303
1985-10-27T04:00,,27.5,63,0.278,0.303
1985-10-27T05:00,,29.5,58,0.277,0.302
1985-10-27T06:00,,30.7,57,0.275,0.301
1985-10-27T07:00,,31.1,56,0.273,0.301
1985-10-27T08:00,,31.2,58,0.271,0.3
1985-10-27T09:00,,30.3,65,0.269,0.299
1985-10-27T10:00,,29.4,72,0.268,0.298
1985-10-27T11:00,,28.3,77,0.267,0.298
1985-10-27T12:00,,27.3,81,0.267,0.298
1985-10-27T13:00,,26.4,86,0.267,0.298
1985-10-27T14:00,,25.4,94,0.267,0.298
1985-10-27T15:00,,25.3,92,0.268,0.298
1985-10-27T16:00,,24.2,95,0.268,0.298
1985-10-27T17:00,,23.8,96,0.268,0.297
1985-10-27T18:00,,23.6,96,0.269,0.297
1985-10-27T19:00,,22.6,98,0.269,0.297
1985-10-27T20:00,,21.8,98,0.269,0.297
1985-10-27T21:00,,21.2,98,0.27,0.297
1985-10-27T22:00,,21.1,96,0.27,0.297
1985-10-27T23:00,,21.2,93,0.27,0.297
1985-10-28T00:00,,20.9,88,0.271,0.297
1985-10-28T01:00,,20.7,81,0.271,0.297
1985-10-28T02:00,,21.4,74,0.271,0.297
1985-10-28T03:00,,23.9,65,0.271,0.297
1985-10-28T04:00,,26.9,53,0.27,0.297
1985-10-28T05:00,,29.3,46,0.268,0.296
1985-10-28T06:00,,30.9,44,0.266,0.295
1985-10-28T07:00,,32.0,39,0.264,0.294
1985-10-28T08:00,,32.7,36,0.261,0.293
1985-10-28T09:00,,32.7,38,0.26,0.292
1985-10-28T10:00,,31.6,45,0.258,0.292
1985-10-28T11:00,,30.0,55,0.257,0.291
1985-10-28T12:00,,28.4,65,0.257,0.291
1985-10-28T13:00,,26.9,72,0.257,0.291
1985-10-28T14:00,,26.1,78,0.257,0.291
1985-10-28T15:00,,26.3,75,0.257,0.291
1985-10-28T16:00,,24.8,80,0.258,0.291
1985-10-28T17:00,,23.2,85,0.258,0.291
1985-10-28T18:00,,21.9,89,0.258,0.291
1985-10-28T19:00,,20.9,92,0.259,0.291
1985-10-28T20:00,,20.3,92,0.259,0.291
1985-10-28T21:00,,19.8,90,0.259,0.291
1985-10-28T22:00,,19.5,87,0.26,0.291
1985-10-28T23:00,,19.3,84,0.26,0.291
1985-10-29T00:00,,19.2,80,0.26,0.291
1985-10-29T01:00,,19.1,76,0.261,0.291
1985-10-29T02:00,,20.1,73,0.261,0.291
1985-10-29T03:00,,23.3,66,0.26,0.29
1985-10-29T04:00,,26.6,56,0.26,0.29
1985-10-29T05:00,,29.1,48,0.258,0.289
1985-10-29T06:00,,30.7,45,0.256,0.288
1985-10-29T07:00,,31.8,41,0.254,0.288
1985-10-29T08:00,,32.4,39,0.252,0.287
1985-10-29T09:00,,32.2,42,0.25,0.286
1985-10-29T10:00,,31.1,48,0.249,0.285
1985-10-29T11:00,,29.8,58,0.248,0.285
1985-10-29T12:00,,28.3,66,0.248,0.284
1985-10-29T13:00,,26.8,73,0.248,0.284
1985-10-29T14:00,,25.6,82,0.248,0.284
1985-10-29T15:00,,26.0,77,0.248,0.284
1985-10-29T16:00,,24.0,84,0.249,0.284
1985-10-29T17:00,,22.3,88,0.249,0.284
1985-10-29T18:00,,21.2,91,0.249,0.284
1985-10-29T19:00,,20.6,91,0.25,0.284
1985-10-29T20:00,,20.2,89,0.25,0.284
1985-10-29T21:00,,19.9,85,0.25,0.284
1985-10-29T22:00,,19.9,80,0.251,0.284
1985-10-29T23:00,,19.7,75,0.251,0.284
1985-10-30T00:00,,19.7,70,0.251,0.284
1985-10-30T01:00,,19.6,70,0.251,0.284
1985-10-30T02:00,,20.4,71,0.251,0.284
1985-10-30T03:00,,23.7,62,0.251,0.284
1985-10-30T04:00,,26.8,53,0.25,0.284
1985-10-30T05:00,,29.1,48,0.249,0.283
1985-10-30T06:00,,30.8,44,0.247,0.282
1985-10-30T07:00,,32.1,37,0.245,0.281
1985-10-30T08:00,,32.9,34,0.243,0.28
1985-10-30T09:00,,33.1,34,0.241,0.28
1985-10-30T10:00,,32.2,41,0.239,0.279
1985-10-30T11:00,,30.3,54,0.239,0.278
1985-10-30T12:00,,28.3,66,0.238,0.278
1985-10-30T13:00,,26.9,73,0.239,0.278
1985-10-30T14:00,,25.8,81,0.239,0.278
1985-10-30T15:00,,26.4,75,0.239,0.278
1985-10-30T16:00,,25.6,78,0.239,0.278
1985-10-30T17:00,,22.7,88,0.24,0.278
1985-10-30T18:00,,21.4,92,0.24,0.278
1985-10-30T19:00,,20.6,85,0.24,0.278
1985-10-30T20:00,,20.3,79,0.241,0.278
1985-10-30T21:00,,20.1,73,0.241,0.278
1985-10-30T22:00,,19.9,68,0.241,0.278
1985-10-30T23:00,,19.8,64,0.241,0.278
1985-10-31T00:00,,19.7,63,0.241,0.278
1985-10-31T01:00,,19.7,65,0.242,0.278
1985-10-31T02:00,,20.7,67,0.242,0.278
1985-10-31T03:00,,24.2,59,0.241,0.278
1985-10-31T04:00,,27.3,50,0.241,0.277
1985-10-31T05:00,,29.5,45,0.239,0.277
1985-10-31T06:00,,31.1,39,0.237,0.276
1985-10-31T07:00,,32.1,34,0.235,0.275
1985-10-31T08:00,,32.9,30,0.233,0.274
1985-10-31T09:00,,33.3,28,0.231,0.273
1985-10-31T10:00,,32.9,31,0.23,0.273
1985-10-31T11:00,,31.1,45,0.229,0.272
1985-10-31T12:00,,28.6,60,0.229,0.272
1985-10-31T13:00,,27.0,68,0.229,0.272
1985-10-31T14:00,,25.6,78,0.229,0.272
1985-10-31T15:00,,24.9,79,0.229,0.272
1985-10-31T16:00,,23.3,84,0.23,0.272
1985-10-31T17:00,,22.0,87,0.23,0.272
1985-10-31T18:00,,21.1,88,0.23,0.272
1985-10-31T19:00,,20.8,79,0.231,0.272
1985-10-31T20:00,,20.5,73,0.231,0.272
1985-10-31T21:00,,20.2,67,0.231,0.272
1985-10-31T22:00,,20.0,62,0.231,0.272
1985-10-31T23:00,,19.9,60,0.231,0.272
1985-11-01T00:00,,19.8,60,0.231,0.272
1985-11-01T01:00,,19.9,63,0.232,0.272
1985-11-01T02:00,,20.8,64,0.232,0.272
1985-11-01T03:00,,24.2,58,0.232,0.272
1985-11-01T04:00,,27.3,50,0.231,0.271
1985-11-01T05:00,,29.5,45,0.229,0.271
1985-11-01T06:00,,31.2,39,0.228,0.27
1985-11-01T07:00,,32.3,34,0.226,0.269
1985-11-01T08:00,,33.0,30,0.224,0.268
1985-11-01T09:00,,33.2,30,0.222,0.267
1985-11-01T10:00,,32.6,33,0.221,0.267
1985-11-01T11:00,,30.7,47,0.22,0.266
1985-11-01T12:00,,28.6,60,0.22,0.266
1985-11-01T13:00,,27.0,68,0.22,0.266
1985-11-01T14:00,,25.6,77,0.22,0.266
1985-11-01T15:00,,24.8,78,0.22,0.266
1985-11-01T16:00,,23.4,81,0.22,0.266
1985-11-01T17:00,,21.8,85,0.221,0.266
1985-11-01T18:00,,20.7,87,0.221,0.266
1985-11-01T19:00,,20.3,85,0.221,0.266
1985-11-01T20:00,,20.0,79,0.222,0.266
1985-11-01T21:00,,19.7,72,0.222,0.266
1985-11-01T22:00,,19.5,68,0.222,0.266
1985-11-01T23:00,,19.4,64,0.222,0.266
1985-11-02T00:00,,19.4,62,0.222,0.266
1985-11-02T01:00,,19.4,63,0.223,0.266
1985-11-02T02:00,,20.1,66,0.223,0.266
1985-11-02T03:00,,23.3,61,0.222,0.266
1985-11-02T04:00,,26.8,52,0.222,0.265
1985-11-02T05:00,,29.3,47,0.221,0.265
1985-11-02T06:00,,31.1,42,0.219,0.264
1985-11-02T07:00,,32.2,36,0.217,0.263
1985-11-02T08:00,,32.9,32,0.215,0.262
1985-11-02T09:00,,33.1,32,0.214,0.261
1985-11-02T10:00,,32.2,38,0.212,0.261
1985-11-02T11:00,,30.3,51,0.212,0.261
1985-11-02T12:00,,28.5,61,0.211,0.26
1985-11-02T13:00,,27.0,67,0.212,0.26
1985-11-02T14:00,,25.7,76,0.212,0.26
1985-11-02T15:00,,25.4,75,0.212,0.26
1985-11-02T16:00,,23.9,80,0.212,0.26
1985-11-02T17:00,,22.4,84,0.213,0.26
1985-11-02T18:00,,21.2,87,0.213,0.26
1985-11-02T19:00,,20.7,74,0.213,0.26
1985-11-02T20:00,,20.4,67,0.213,0.26
1985-11-02T21:00,,20.1,62,0.214,0.26
1985-11-02T22:00,,20.0,59,0.214,0.26
1985-11-02T23:00,,20.0,57,0.214,0.26
1985-11-03T00:00,,20.4,55,0.214,0.26
1985-11-03T01:00,,21.1,54,0.214,0.26
1985-11-03T02:00,,22.0,57,0.214,0.26
1985-11-03T03:00,,24.5,57,0.214,0.26
1985-11-03T04:00,,27.1,53,0.213,0.26
1985-11-03T05:00,,29.3,47,0.212,0.259
1985-11-03T06:00,,30.8,38,0.21,0.258
1985-11-03T07:00,,31.6,36,0.209,0.257
1985-11-03T08:00,,32.4,32,0.207,0.257
1985-11-03T09:00,,32.8,31,0.206,0.256
1985-11-03T10:00,,32.6,32,0.205,0.255
1985-11-03T11:00,,31.8,39,0.204,0.255
1985-11-03T12:00,,29.5,51,0.204,0.255
1985-11-03T13:00,,27.5,60,0.204,0.255
1985-11-03T14:00,,26.0,69,0.204,0.255
1985-11-03T15:00,,24.7,75,0.204,0.255
1985-11-03T16:00,,23.4,77,0.205,0.255
1985-11-03T17:00,,22.2,80,0.205,0.255
1985-11-03T18:00,,21.4,79,0.205,0.255
1985-11-03T19:00,,21.2,64,0.205,0.255
1985-11-03T20:00,,21.0,60,0.205,0.255
1985-11-03T21:00,,21.1,60,0.206,0.255
1985-11-03T22:00,,21.2,60,0.206,0.255
1985-11-03T23:00,,21.4,61,0.206,0.255
1985-11-04T00:00,,21.4,63,0.206,0.255
1985-11-04T01:00,,21.6,67,0.206,0.255
1985-11-04T02:00,,22.3,70,0.206,0.255
1985-11-04T03:00,,25.1,62,0.206,0.255
1985-11-04T04:00,,27.1,56,0.206,0.255
1985-11-04T05:00,,28.8,53,0.205,0.254
1985-11-04T06:00,,30.7,48,0.204,0.253
1985-11-04T07:00,,31.0,47,0.203,0.253
1985-11-04T08:00,,31.4,46,0.202,0.252
1985-11-04T09:00,,31.2,47,0.201,0.252
1985-11-04T10:00,,31.2,47,0.2,0.251
1985-11-04T11:00,,30.5,53,0.2,0.251
1985-11-04T12:00,,28.7,63,0.2,0.251
1985-11-04T13:00,,27.7,70,0.2,0.251
1985-11-04T14:00,,27.0,71,0.201,0.251
1985-11-04T15:00,,26.0,77,0.202,0.251
1985-11-04T16:00,,25.2,79,0.202,0.251
1985-11-04T17:00,,24.6,83,0.203,0.251
1985-11-04T18:00,,24.0,85,0.203,0.251
1985-11-04T19:00,,23.8,86,0.203,0.251
1985-11-04T20:00,,23.0,90,0.204,0.251
1985-11-04T21:00,,22.7,90,0.204,0.251
1985-11-04T22:00,,22.5,90,0.204,0.251
1985-11-04T23:00,,22.4,88,0.204,0.251
1985-11-05T00:00,,22.2,88,0.205,0.251
1985-11-05T01:00,,22.1,88,0.205,0.251
1985-11-05T02:00,,23.0,86,0.205,0.251
1985-11-05T03:00,,26.3,74,0.205,0.251
1985-11-05T04:00,,28.4,63,0.205,0.251
1985-11-05T05:00,,29.9,58,0.204,0.25
1985-11-05T06:00,,31.3,53,0.202,0.25
1985-11-05T07:00,,32.3,49,0.201,0.249
1985-11-05T08:00,,32.8,48,0.199,0.248
1985-11-05T09:00,,32.5,50,0.198,0.248
1985-11-05T10:00,,30.7,59,0.201,0.247
1985-11-05T11:00,,30.0,63,0.2,0.247
1985-11-05T12:00,,28.8,70,0.2,0.247
1985-11-05T13:00,,27.8,75,0.2,0.247
1985-11-05T14:00,,26.8,84,0.2,0.247
1985-11-05T15:00,,27.0,80,0.201,0.247
1985-11-05T16:00,,26.6,82,0.201,0.247
1985-11-05T17:00,,26.1,85,0.201,0.247
1985-11-05T18:00,,25.6,88,0.201,0.247
1985-11-05T19:00,,24.4,90,0.202,0.247
1985-11-05T20:00,,24.0,91,0.202,0.247
1985-11-05T21:00,,23.4,93,0.202,0.247
1985-11-05T22:00,,23.3,93,0.202,0.247
1985-11-05T23:00,,23.1,91,0.203,0.247
1985-11-06T00:00,,23.1,89,0.203,0.247
1985-11-06T01:00,,22.9,89,0.203,0.247
1985-11-06T02:00,,23.8,86,0.203,0.247
1985-11-06T03:00,,26.6,75,0.203,0.247
1985-11-06T04:00,,28.6,65,0.203,0.247
1985-11-06T05:00,,30.0,60,0.202,0.247
1985-11-06T06:00,,31.3,56,0.2,0.246
1985-11-06T07:00,,32.2,52,0.199,0.245
1985-11-06T08:00,,32.7,50,0.197,0.245
1985-11-06T09:00,,32.8,50,0.196,0.244
1985-11-06T10:00,,31.4,56,0.196,0.243
1985-11-06T11:00,,30.2,63,0.196,0.243
1985-11-06T12:00,,28.8,70,0.195,0.243
1985-11-06T13:00,,27.8,75,0.195,0.243
1985-11-06T14:00,,27.0,81,0.196,0.243
1985-11-06T15:00,,26.7,83,0.196,0.243
1985-11-06T16:00,,25.6,90,0.196,0.243
1985-11-06T17:00,,25.1,91,0.196,0.243
1985-11-06T18:00,,24.9,92,0.197,0.243
1985-11-06T19:00,,24.8,92,0.197,0.243
1985-11-06T20:00,,24.4,94,0.197,0.243
1985-11-06T21:00,,24.0,95,0.197,0.243
1985-11-06T22:00,,23.5,96,0.197,0.243
1985-11-06T23:00,,23.2,96,0.198,0.243
1985-11-07T00:00,,23.1,95,0.198,0.243
1985-11-07T01:00,,23.1,94,0.198,0.243
1985-11-07T02:00,,24.0,91,0.198,0.243
1985-11-07T03:00,,26.7,77,0.198,0.243
1985-11-07T04:00,,28.5,66,0.198,0.243
1985-11-07T05:00,,29.9,61,0.197,0.243
1985-11-07T06:00,,30.8,58,0.196,0.242
1985-11-07T07:00,,31.7,54,0.195,0.242
1985-11-07T08:00,,32.0,53,0.193,0.241
1985-11-07T09:00,,30.9,59,0.201,0.241
1985-11-07T10:00,,28.7,73,0.207,0.24
1985-11-07T11:00,,27.7,79,0.21,0.24
1985-11-07T12:00,,27.3,79,0.211,0.24
1985-11-07T13:00,,26.9,80,0.211,0.241
1985-11-07T14:00,,26.3,84,0.211,0.241
1985-11-07T15:00,,25.6,87,0.214,0.241
1985-11-07T16:00,,24.8,92,0.22,0.241
1985-11-07T17:00,,24.3,94,0.221,0.241
1985-11-07T18:00,,24.1,94,0.221,0.241
1985-11-07T19:00,,25.2,90,0.221,0.241
1985-11-07T20:00,,25.0,91,0.222,0.241
1985-11-07T21:00,,25.1,89,0.222,0.241
1985-11-07T22:00,,24.7,91,0.222,0.241
1985-11-07T23:00,,24.1,93,0.222,0.241
1985-11-08T00:00,,23.6,94,0.222,0.241
1985-11-08T01:00,,23.2,95,0.222,0.241
1985-11-08T02:00,,24.2,91,0.222,0.241
1985-11-08T03:00,,26.4,80,0.222,0.241
1985-11-08T04:00,,27.9,72,0.222,0.242
1985-11-08T05:00,,28.9,68,0.222,0.241
1985-11-08T06:00,,30.0,65,0.22,0.241
1985-11-08T07:00,,30.7,60,0.219,0.24
1985-11-08T08:00,,30.4,63,0.219,0.24
1985-11-08T09:00,,29.4,67,0.219,0.24
1985-11-08T10:00,,28.7,71,0.219,0.239
1985-11-08T11:00,,28.1,74,0.218,0.239
1985-11-08T12:00,,27.4,76,0.22,0.239
1985-11-08T13:00,,26.9,80,0.22,0.239
1985-11-08T14:00,,26.2,85,0.22,0.239
1985-11-08T15:00,,25.5,89,0.22,0.239
1985-11-08T16:00,,25.1,91,0.22,0.239
1985-11-08T17:00,,24.8,92,0.22,0.239
1985-11-08T18:00,,24.4,94,0.221,0.239
1985-11-08T19:00,,25.3,88,0.222,0.24
1985-11-08T20:00,,24.8,90,0.223,0.24
1985-11-08T21:00,,24.1,94,0.224,0.24
1985-11-08T22:00,,23.8,94,0.224,0.24
1985-11-08T23:00,,23.7,95,0.224,0.24
1985-11-09T00:00,,23.4,95,0.224,0.24
1985-11-09T01:00,,23.2,95,0.224,0.24
1985-11-09T02:00,,23.8,94,0.224,0.24
1985-11-09T03:00,,25.9,82,0.224,0.24
1985-11-09T04:00,,27.3,74,0.224,0.24
1985-11-09T05:00,,28.8,67,0.223,0.24
1985-11-09T06:00,,29.7,63,0.222,0.239
1985-11-09T07:00,,30.9,58,0.22,0.239
1985-11-09T08:00,,31.3,57,0.218,0.238
1985-11-09T09:00,,30.8,59,0.218,0.238
1985-11-09T10:00,,29.5,64,0.219,0.238
1985-11-09T11:00,,28.7,69,0.219,0.237
1985-11-09T12:00,,27.7,74,0.219,0.237
1985-11-09T13:00,,27.1,78,0.219,0.237
1985-11-09T14:00,,26.4,84,0.219,0.238
1985-11-09T15:00,,25.9,88,0.219,0.238
1985-11-09T16:00,,25.6,89,0.219,0.238
1985-11-09T17:00,,25.7,87,0.219,0.238
1985-11-09T18:00,,25.8,87,0.219,0.238
1985-11-09T19:00,,24.6,92,0.219,0.238
1985-11-09T20:00,,23.8,95,0.219,0.238
1985-11-09T21:00,,23.4,97,0.219,0.238
1985-11-09T22:00,,23.2,97,0.219,0.238
1985-11-09T23:00,,23.0,97,0.219,0.238
1985-11-10T00:00,,22.6,97,0.219,0.238
1985-11-10T01:00,,22.4,97,0.219,0.238
1985-11-10T02:00,,23.4,96,0.22,0.238
1985-11-10T03:00,,26.5,80,0.219,0.238
1985-11-10T04:00,,28.3,68,0.219,0.238
1985-11-10T05:00,,29.5,60,0.217,0.238
1985-11-10T06:00,,30.5,55,0.216,0.237
1985-11-10T07:00,,31.0,51,0.214,0.237
1985-11-10T08:00,,31.2,51,0.213,0.236
1985-11-10T09:00,,31.2,52,0.211,0.236
1985-11-10T10:00,,30.6,56,0.21,0.235
1985-11-10T11:00,,29.2,65,0.21,0.235
1985-11-10T12:00,,28.1,72,0.209,0.235
1985-11-10T13:00,,27.1,78,0.209,0.235
1985-11-10T14:00,,26.5,83,0.209,0.235
1985-11-10T15:00,,26.0,86,0.209,0.235
1985-11-10T16:00,,25.3,90,0.209,0.235
1985-11-10T17:00,,24.6,92,0.209,0.235
1985-11-10T18:00,,24.2,92,0.21,0.235
1985-11-10T19:00,,23.9,94,0.21,0.235
1985-11-10T20:00,,23.1,95,0.21,0.235
1985-11-10T21:00,,22.5,94,0.21,0.235
1985-11-10T22:00,,22.2,91,0.21,0.235
1985-11-10T23:00,,21.9,85,0.21,0.235
1985-11-11T00:00,,21.6,79,0.21,0.236
1985-11-11T01:00,,21.3,76,0.21,0.236
1985-11-11T02:00,,21.7,75,0.21,0.236
1985-11-11T03:00,,24.6,65,0.21,0.236
1985-11-11T04:00,,27.2,54,0.209,0.235
1985-11-11T05:00,,29.2,48,0.208,0.235
1985-11-11T06:00,,30.9,44,0.206,0.234
1985-11-11T07:00,,32.1,38,0.204,0.234
1985-11-11T08:00,,33.1,34,0.202,0.233
1985-11-11T09:00,,33.5,32,0.201,0.232
1985-11-11T10:00,,32.7,36,0.199,0.232
1985-11-11T11:00,,31.0,47,0.198,0.232
1985-11-11T12:00,,29.2,57,0.198,0.231
1985-11-11T13:00,,27.8,64,0.198,0.231
1985-11-11T14:00,,27.0,68,0.198,0.231
1985-11-11T15:00,,25.9,75,0.198,0.232
1985-11-11T16:00,,25.0,80,0.198,0.232
1985-11-11T17:00,,23.6,83,0.198,0.232
1985-11-11T18:00,,22.4,87,0.198,0.232
1985-11-11T19:00,,22.1,69,0.198,0.232
1985-11-11T20:00,,21.8,64,0.198,0.232
1985-11-11T21:00,,21.6,62,0.198,0.232
1985-11-11T22:00,,21.5,61,0.198,0.232
1985-11-11T23:00,,21.3,62,0.198,0.232
1985-11-12T00:00,,21.0,65,0.198,0.232
1985-11-12T01:00,,20.8,69,0.198,0.232
1985-11-12T02:00,,21.2,74,0.198,0.232
1985-11-12T03:00,,25.0,60,0.198,0.232
1985-11-12T04:00,,27.5,51,0.197,0.232
1985-11-12T05:00,,29.6,44,0.196,0.231
1985-11-12T06:00,,31.5,38,0.195,0.23
1985-11-12T07:00,,32.6,32,0.193,0.23
1985-11-12T08:00,,33.1,31,0.191,0.229
1985-11-12T09:00,,32.5,35,0.19,0.229
1985-11-12T10:00,,31.1,44,0.189,0.228
1985-11-12T11:00,,29.7,51,0.188,0.228
1985-11-12T12:00,,28.2,57,0.187,0.228
1985-11-12T13:00,,26.9,63,0.187,0.228
1985-11-12T14:00,,26.1,68,0.187,0.228
1985-11-12T15:00,,25.2,72,0.187,0.228
1985-11-12T16:00,,24.4,74,0.188,0.228
1985-11-12T17:00,,23.6,77,0.188,0.228
1985-11-12T18:00,,22.7,79,0.188,0.228
1985-11-12T19:00,,21.8,80,0.188,0.228
1985-11-12T20:00,,21.0,79,0.188,0.228
1985-11-12T21:00,,20.8,73,0.188,0.228
1985-11-12T22:00,,20.6,68,0.188,0.228
1985-11-12T23:00,,20.6,63,0.188,0.228
1985-11-13T00:00,,20.9,60,0.188,0.228
1985-11-13T01:00,,21.2,59,0.188,0.228
1985-11-13T02:00,,22.0,59,0.188,0.228
1985-11-13T03:00,,24.6,54,0.188,0.228
1985-11-13T04:00,,27.5,44,0.187,0.228
1985-11-13T05:00,,29.2,39,0.186,0.227
1985-11-13T06:00,,30.6,36,0.185,0.227
1985-11-13T07:00,,31.6,33,0.184,0.226
1985-11-13T08:00,,32.4,30,0.182,0.225
1985-11-13T09:00,,32.7,29,0.181,0.225
1985-11-13T10:00,,32.5,31,0.18,0.225
1985-11-13T11:00,,30.9,40,0.179,0.224
1985-11-13T12:00,,29.1,51,0.179,0.224
1985-11-13T13:00,,27.6,59,0.179,0.224
1985-11-13T14:00,,26.4,66,0.179,0.224
1985-11-13T15:00,,25.3,74,0.179,0.224
1985-11-13T16:00,,24.3,80,0.179,0.224
1985-11-13T17:00,,23.7,81,0.179,0.224
1985-11-13T18:00,,23.2,81,0.179,0.224
1985-11-13T19:00,,22.7,80,0.179,0.224
1985-11-13T20:00,,21.9,82,0.179,0.224
1985-11-13T21:00,,21.1,85,0.18,0.224
1985-11-13T22:00,,20.3,87,0.18,0.224
1985-11-13T23:00,,20.0,87,0.18,0.224
1985-11-14T00:00,,19.7,83,0.18,0.224
1985-11-14T01:00,,19.5,80,0.18,0.224
1985-11-14T02:00,,20.6,74,0.18,0.224
1985-11-14T03:00,,23.9,58,0.18,0.224
1985-11-14T04:00,,27.0,45,0.179,0.224
1985-11-14T05:00,,29.6,40,0.178,0.224
1985-11-14T06:00,,31.3,38,0.177,0.223
1985-11-14T07:00,,32.2,29,0.176,0.222
1985-11-14T08:00,,32.8,28,0.174,0.222
1985-11-14T09:00,,33.0,27,0.173,0.221
1985-11-14T10:00,,32.3,31,0.172,0.221
1985-11-14T11:00,,30.6,42,0.172,0.221
1985-11-14T12:00,,28.7,53,0.171,0.22
1985-11-14T13:00,,27.2,62,0.171,0.22
1985-11-14T14:00,,25.7,74,0.171,0.22
1985-11-14T15:00,,25.3,74,0.172,0.221
1985-11-14T16:00,,24.9,75,0.172,0.221
1985-11-14T17:00,,24.6,76,0.172,0.221
1985-11-14T18:00,,23.4,79,0.172,0.221
1985-11-14T19:00,,21.6,84,0.172,0.221
1985-11-14T20:00,,20.6,87,0.172,0.221
1985-11-14T21:00,,19.8,89,0.173,0.221
1985-11-14T22:00,,19.1,91,0.173,0.221
1985-11-14T23:00,,18.6,89,0.173,0.221
1985-11-15T00:00,,18.4,84,0.173,0.221
1985-11-15T01:00,,18.4,79,0.173,0.221
1985-11-15T02:00,,19.3,73,0.173,0.221
1985-11-15T03:00,,23.0,57,0.173,0.221
1985-11-15T04:00,,26.5,46,0.173,0.22
1985-11-15T05:00,,29.4,37,0.172,0.22
1985-11-15T06:00,,31.2,32,0.171,0.219
1985-11-15T07:00,,32.1,28,0.169,0.219
1985-11-15T08:00,,32.6,28,0.168,0.218
1985-11-15T09:00,,32.1,32,0.167,0.218
1985-11-15T10:00,,30.8,40,0.166,0.217
1985-11-15T11:00,,29.3,49,0.165,0.217
1985-11-15T12:00,,27.7,57,0.165,0.217
1985-11-15T13:00,,26.2,66,0.165,0.217
1985-11-15T14:00,,25.2,73,0.165,0.217
1985-11-15T15:00,,24.3,76,0.166,0.217
1985-11-15T16:00,,23.0,81,0.166,0.217
1985-11-15T17:00,,21.9,84,0.166,0.217
1985-11-15T18:00,,20.9,87,0.166,0.217
1985-11-15T19:00,,20.2,88,0.166,0.217
1985-11-15T20:00,,19.4,90,0.166,0.217
1985-11-15T21:00,,18.8,90,0.166,0.217
1985-11-15T22:00,,18.3,91,0.167,0.217
1985-11-15T23:00,,17.9,90,0.167,0.217
1985-11-16T00:00,,17.8,88,0.167,0.217
1985-11-16T01:00,,17.7,84,0.167,0.217
1985-11-16T02:00,,18.6,76,0.167,0.217
1985-11-16T03:00,,22.4,58,0.167,0.217
1985-11-16T04:00,,26.0,44,0.167,0.217
1985-11-16T05:00,,29.1,35,0.166,0.216
1985-11-16T06:00,,31.1,30,0.165,0.216
1985-11-16T07:00,,32.1,27,0.164,0.215
1985-11-16T08:00,,32.7,26,0.162,0.215
1985-11-16T09:00,,32.6,28,0.161,0.214
1985-11-16T10:00,,31.3,35,0.16,0.214
1985-11-16T11:00,,29.8,44,0.16,0.214
1985-11-16T12:00,,28.1,53,0.16,0.213
1985-11-16T13:00,,26.4,62,0.16,0.213
1985-11-16T14:00,,25.1,72,0.16,0.213
1985-11-16T15:00,,24.3,74,0.16,0.214
1985-11-16T16:00,,23.0,79,0.16,0.214
1985-11-16T17:00,,22.0,81,0.16,0.214
1985-11-16T18:00,,20.9,84,0.16,0.214
1985-11-16T19:00,,19.6,86,0.161,0.214
1985-11-16T20:00,,18.9,87,0.161,0.214
1985-11-16T21:00,,18.4,84,0.161,0.214
1985-11-16T22:00,,18.1,80,0.161,0.214
1985-11-16T23:00,,18.0,73,0.161,0.214
1985-11-17T00:00,,17.9,68,0.161,0.214
1985-11-17T01:00,,17.9,66,0.161,0.214
1985-11-17T02:00,,18.7,64,0.161,0.214
1985-11-17T03:00,,22.1,55,0.161,0.214
1985-11-17T04:00,,25.9,45,0.161,0.213
1985-11-17T05:00,,29.0,37,0.16,0.213
1985-11-17T06:00,,30.9,33,0.159,0.213
1985-11-17T07:00,,32.0,29,0.158,0.212
1985-11-17T08:00,,32.6,28,0.157,0.211
1985-11-17T09:00,,32.3,31,0.156,0.211
1985-11-17T10:00,,30.9,38,0.155,0.211
1985-11-17T11:00,,29.4,47,0.155,0.21
1985-11-17T12:00,,27.8,56,0.155,0.21
1985-11-17T13:00,,26.3,64,0.155,0.21
1985-11-17T14:00,,24.6,77,0.155,0.21
1985-11-17T15:00,,23.8,78,0.155,0.21
1985-11-17T16:00,,22.8,81,0.155,0.21
1985-11-17T17:00,,21.9,83,0.155,0.21
1985-11-17T18:00,,21.0,84,0.156,0.21
1985-11-17T19:00,,20.0,86,0.156,0.21
1985-11-17T20:00,,19.4,87,0.156,0.21
1985-11-17T21:00,,18.9,87,0.156,0.21
1985-11-17T22:00,,18.2,88,0.156,0.21
1985-11-17T23:00,,17.6,89,0.156,0.21
1985-11-18T00:00,,17.3,88,0.156,0.21
1985-11-18T01:00,,17.0,87,0.157,0.211
1985-11-18T02:00,,17.8,85,0.157,0.211
1985-11-18T03:00,,22.5,67,0.157,0.211
1985-11-18T04:00,,26.2,52,0.156,0.21
1985-11-18T05:00,,28.8,41,0.156,0.21
1985-11-18T06:00,,30.2,38,0.155,0.209
1985-11-18T07:00,,31.2,36,0.154,0.209
1985-11-18T08:00,,31.3,38,0.153,0.208
1985-11-18T09:00,,30.8,41,0.152,0.208
1985-11-18T10:00,,29.9,45,0.152,0.207
1985-11-18T11:00,,28.7,51,0.151,0.207
1985-11-18T12:00,,27.5,58,0.151,0.207
1985-11-18T13:00,,25.8,71,0.151,0.207
1985-11-18T14:00,,25.5,70,0.151,0.207
1985-11-18T15:00,,23.7,79,0.151,0.207
1985-11-18T16:00,,22.3,84,0.151,0.207
1985-11-18T17:00,,21.4,86,0.152,0.207
1985-11-18T18:00,,20.4,90,0.152,0.207
1985-11-18T19:00,,19.7,91,0.152,0.207
1985-11-18T20:00,,19.1,93,0.152,0.207
1985-11-18T21:00,,18.7,93,0.152,0.207
1985-11-18T22:00,,18.1,92,0.152,0.207
1985-11-18T23:00,,17.6,92,0.152,0.207
1985-11-19T00:00,,17.4,89,0.153,0.207
1985-11-19T01:00,,17.3,87,0.153,0.207
1985-11-19T02:00,,18.1,84,0.153,0.207
1985-11-19T03:00,,22.7,65,0.153,0.207
1985-11-19T04:00,,26.3,50,0.153,0.207
1985-11-19T05:00,,28.8,39,0.152,0.207
1985-11-19T06:00,,30.4,34,0.151,0.206
1985-11-19T07:00,,31.3,33,0.15,0.206
1985-11-19T08:00,,31.5,36,0.149,0.205
1985-11-19T09:00,,31.0,40,0.149,0.205
1985-11-19T10:00,,30.1,47,0.148,0.205
1985-11-19T11:00,,28.8,55,0.148,0.204
1985-11-19T12:00,,27.4,62,0.148,0.204
1985-11-19T13:00,,26.0,70,0.148,0.204
1985-11-19T14:00,,25.2,77,0.148,0.204
1985-11-19T15:00,,25.2,76,0.148,0.204
1985-11-19T16:00,,24.7,79,0.148,0.204
1985-11-19T17:00,,24.2,82,0.148,0.204
1985-11-19T18:00,,22.0,90,0.148,0.204
1985-11-19T19:00,,20.7,94,0.148,0.204
1985-11-19T20:00,,19.9,96,0.149,0.204
1985-11-19T21:00,,19.2,98,0.149,0.204
1985-11-19T22:00,,18.9,98,0.149,0.204
1985-11-19T23:00,,18.7,98,0.149,0.205
1985-11-20T00:00,,18.9,97,0.149,0.205
1985-11-20T01:00,,18.9,96,0.149,0.205
1985-11-20T02:00,,19.6,94,0.149,0.205
1985-11-20T03:00,,22.9,80,0.149,0.205
1985-11-20T04:00,,25.7,64,0.149,0.204
1985-11-20T05:00,,27.6,57,0.149,0.204
1985-11-20T06:00,,29.1,51,0.148,0.204
1985-11-20T07:00,,30.2,46,0.147,0.203
1985-11-20T08:00,,30.3,49,0.146,0.203
1985-11-20T09:00,,29.8,55,0.146,0.202
1985-11-20T10:00,,29.1,59,0.145,0.202
1985-11-20T11:00,,27.9,64,0.145,0.202
1985-11-20T12:00,,26.7,69,0.145,0.202
1985-11-20T13:00,,25.7,75,0.145,0.202
1985-11-20T14:00,,24.4,85,0.145,0.202
1985-11-20T15:00,,24.6,81,0.145,0.202
1985-11-20T16:00,,24.3,83,0.145,0.202
1985-11-20T17:00,,23.6,87,0.145,0.202
1985-11-20T18:00,,21.7,94,0.146,0.202
1985-11-20T19:00,,20.9,96,0.146,0.202
1985-11-20T20:00,,20.0,98,0.146,0.202
1985-11-20T21:00,,19.6,99,0.146,0.202
1985-11-20T22:00,,19.3,99,0.146,0.202
1985-11-20T23:00,,19.2,98,0.146,0.202
1985-11-21T00:00,,19.2,98,0.146,0.202
1985-11-21T01:00,,19.0,98,0.146,0.202
1985-11-21T02:00,,19.7,96,0.147,0.202
1985-11-21T03:00,,23.0,81,0.147,0.202
1985-11-21T04:00,,25.7,68,0.146,0.202
1985-11-21T05:00,,27.7,59,0.146,0.202
1985-11-21T06:00,,29.1,55,0.145,0.201
1985-11-21T07:00,,30.7,46,0.145,0.201
1985-11-21T08:00,,30.6,49,0.144,0.2
1985-11-21T09:00,,29.9,55,0.143,0.2
1985-11-21T10:00,,28.9,59,0.143,0.199
1985-11-21T11:00,,27.8,64,0.143,0.199
1985-11-21T12:00,,26.7,68,0.143,0.199
1985-11-21T13:00,,25.7,73,0.143,0.199
1985-11-21T14:00,,24.7,80,0.143,0.199
1985-11-21T15:00,,23.8,86,0.143,0.199
1985-11-21T16:00,,23.7,85,0.143,0.199
1985-11-21T17:00,,23.3,87,0.143,0.199
1985-11-21T18:00,,22.3,90,0.143,0.199
1985-11-21T19:00,,21.2,94,0.143,0.199
1985-11-21T20:00,,20.5,97,0.143,0.199
1985-11-21T21:00,,20.1,98,0.143,0.199
1985-11-21T22:00,,19.6,98,0.144,0.199
1985-11-21T23:00,,19.0,98,0.144,0.2
1985-11-22T00:00,,18.8,98,0.144,0.2
1985-11-22T01:00,,18.7,98,0.144,0.2
1985-11-22T02:00,,19.7,95,0.144,0.2
1985-11-22T03:00,,22.7,84,0.144,0.2
1985-11-22T04:00,,25.5,70,0.144,0.199
1985-11-22T05:00,,27.4,61,0.144,0.199
1985-11-22T06:00,,28.8,56,0.143,0.199
1985-11-22T07:00,,29.6,53,0.142,0.198
1985-11-22T08:00,,29.8,54,0.142,0.198
1985-11-22T09:00,,29.5,56,0.141,0.197
1985-11-22T10:00,,28.7,59,0.141,0.197
1985-11-22T11:00,,27.7,63,0.14,0.197
1985-11-22T12:00,,26.7,66,0.14,0.197
1985-11-22T13:00,,25.7,72,0.14,0.197
1985-11-22T14:00,,24.6,79,0.14,0.197
1985-11-22T15:00,,23.7,84,0.141,0.197
1985-11-22T16:00,,23.1,86,0.141,0.197
1985-11-22T17:00,,22.5,88,0.141,0.197
1985-11-22T18:00,,21.4,93,0.141,0.197
1985-11-22T19:00,,20.6,95,0.141,0.197
1985-11-22T20:00,,20.2,96,0.141,0.197
1985-11-22T21:00,,19.7,98,0.141,0.197
1985-11-22T22:00,,19.3,98,0.141,0.197
1985-11-22T23:00,,19.0,98,0.142,0.197
1985-11-23T00:00,,18.6,98,0.142,0.197
1985-11-23T01:00,,18.3,97,0.142,0.197
1985-11-23T02:00,,19.2,96,0.142,0.197
1985-11-23T03:00,,23.0,82,0.142,0.197
1985-11-23T04:00,,26.1,64,0.142,0.197
1985-11-23T05:00,,28.0,56,0.141,0.197
1985-11-23T06:00,,29.3,52,0.141,0.196
1985-11-23T07:00,,30.1,50,0.14,0.196
1985-11-23T08:00,,30.1,52,0.139,0.196
1985-11-23T09:00,,29.6,55,0.139,0.195
1985-11-23T10:00,,28.9,59,0.139,0.195
1985-11-23T11:00,,27.8,63,0.138,0.195
1985-11-23T12:00,,26.7,68,0.138,0.195
1985-11-23T13:00,,25.7,73,0.138,0.195
1985-11-23T14:00,,24.8,78,0.138,0.195
1985-11-23T15:00,,23.9,83,0.138,0.195
1985-11-23T16:00,,22.8,89,0.139,0.195
1985-11-23T17:00,,22.0,90,0.139,0.195
1985-11-23T18:00,,21.4,91,0.139,0.195
1985-11-23T19:00,,20.9,93,0.139,0.195
1985-11-23T20:00,,20.4,95,0.139,0.195
1985-11-23T21:00,,19.7,97,0.139,0.195
1985-11-23T22:00,,19.2,97,0.139,0.195
1985-11-23T23:00,,18.8,96,0.139,0.195
1985-11-24T00:00,,18.4,96,0.139,0.195
1985-11-24T01:00,,18.3,95,0.14,0.195
1985-11-24T02:00,,19.1,93,0.14,0.195
1985-11-24T03:00,,23.1,77,0.14,0.195
1985-11-24T04:00,,26.5,58,0.14,0.195
1985-11-24T05:00,,28.8,48,0.139,0.195
1985-11-24T06:00,,30.2,44,0.139,0.194
1985-11-24T07:00,,30.8,44,0.138,0.194
1985-11-24T08:00,,30.7,46,0.137,0.193
1985-11-24T09:00,,30.2,49,0.137,0.193
1985-11-24T10:00,,29.4,53,0.136,0.193
1985-11-24T11:00,,28.4,57,0.136,0.192
1985-11-24T12:00,,27.3,61,0.136,0.192
1985-11-24T13:00,,26.1,67,0.136,0.192
1985-11-24T14:00,,25.1,72,0.136,0.192
1985-11-24T15:00,,24.1,77,0.136,0.192
1985-11-24T16:00,,23.0,82,0.136,0.192
1985-11-24T17:00,,22.0,85,0.136,0.192
1985-11-24T18:00,,21.5,86,0.136,0.192
1985-11-24T19:00,,21.1,89,0.137,0.193
1985-11-24T20:00,,20.5,90,0.137,0.193
1985-11-24T21:00,,20.0,92,0.137,0.193
1985-11-24T22:00,,19.5,93,0.137,0.193
1985-11-24T23:00,,19.0,94,0.137,0.193
1985-11-25T00:00,,18.6,94,0.137,0.193
1985-11-25T01:00,,18.1,94,0.137,0.193
1985-11-25T02:00,,18.9,93,0.137,0.193
1985-11-25T03:00,,23.2,77,0.137,0.193
1985-11-25T04:00,,26.1,60,0.137,0.193
1985-11-25T05:00,,28.0,54,0.137,0.192
1985-11-25T06:00,,29.4,50,0.136,0.192
1985-11-25T07:00,,30.5,46,0.136,0.191
1985-11-25T08:00,,30.7,47,0.135,0.191
1985-11-25T09:00,,30.3,50,0.135,0.191
1985-11-25T10:00,,29.4,55,0.134,0.19
1985-11-25T11:00,,28.3,60,0.134,0.19
1985-11-25T12:00,,27.0,66,0.134,0.19
1985-11-25T13:00,,25.9,73,0.134,0.19
1985-11-25T14:00,,25.0,78,0.134,0.19
1985-11-25T15:00,,24.0,83,0.134,0.19
1985-11-25T16:00,,23.0,89,0.134,0.19
1985-11-25T17:00,,22.2,91,0.134,0.19
1985-11-25T18:00,,21.7,91,0.135,0.19
1985-11-25T19:00,,21.0,95,0.135,0.19
1985-11-25T20:00,,20.3,97,0.135,0.19
1985-11-25T21:00,,19.9,97,0.135,0.19
1985-11-25T22:00,,19.5,97,0.135,0.19
1985-11-25T23:00,,19.3,96,0.135,0.19
1985-11-26T00:00,,19.5,93,0.135,0.191
1985-11-26T01:00,,19.5,88,0.135,0.191
1985-11-26T02:00,,20.1,81,0.135,0.191
1985-11-26T03:00,,22.9,69,0.135,0.191
1985-11-26T04:00,,26.3,54,0.135,0.19
1985-11-26T05:00,,28.7,44,0.135,0.19
1985-11-26T06:00,,30.2,40,0.134,0.19
1985-11-26T07:00,,31.1,36,0.134,0.189
1985-11-26T08:00,,31.6,36,0.133,0.189
1985-11-26T09:00,,31.3,39,0.132,0.188
1985-11-26T10:00,,30.1,46,0.132,0.188
1985-11-26T11:00,,28.8,54,0.132,0.188
1985-11-26T12:00,,27.2,63,0.132,0.188
1985-11-26T13:00,,25.8,70,0.132,0.188
1985-11-26T14:00,,24.8,77,0.132,0.188
1985-11-26T15:00,,23.6,85,0.132,0.188
1985-11-26T16:00,,22.7,88,0.132,0.188
1985-11-26T17:00,,21.9,90,0.132,0.188
1985-11-26T18:00,,21.2,91,0.132,0.188
1985-11-26T19:00,,20.7,93,0.132,0.188
1985-11-26T20:00,,20.1,93,0.132,0.188
1985-11-26T21:00,,19.6,93,0.133,0.188
1985-11-26T22:00,,19.3,90,0.133,0.188
1985-11-26T23:00,,19.1,86,0.133,0.188
1985-11-27T00:00,,18.9,82,0.133,0.188
1985-11-27T01:00,,18.7,79,0.133,0.188
1985-11-27T02:00,,19.2,77,0.133,0.188
1985-11-27T03:00,,23.0,62,0.133,0.188
1985-11-27T04:00,,26.5,48,0.133,0.188
1985-11-27T05:00,,28.8,41,0.132,0.188
1985-11-27T06:00,,30.3,38,0.132,0.187
1985-11-27T07:00,,31.4,36,0.131,0.187
1985-11-27T08:00,,32.2,33,0.131,0.187
1985-11-27T09:00,,32.5,33,0.13,0.186
1985-11-27T10:00,,31.3,40,0.13,0.186
1985-11-27T11:00,,29.5,49,0.13,0.186
1985-11-27T12:00,,27.8,57,0.13,0.186
1985-11-27T13:00,,26.5,63,0.13,0.186
1985-11-27T14:00,,25.6,69,0.13,0.186
1985-11-27T15:00,,24.6,75,0.13,0.186
1985-11-27T16:00,,23.5,81,0.13,0.186
1985-11-27T17:00,,22.6,84,0.13,0.186
1985-11-27T18:00,,21.8,86,0.13,0.186
1985-11-27T19:00,,20.9,86,0.13,0.186
1985-11-27T20:00,,20.2,86,0.13,0.186
1985-11-27T21:00,,19.7,84,0.13,0.186
1985-11-27T22:00,,19.2,82,0.13,0.186
1985-11-27T23:00,,18.9,78,0.13,0.186
1985-11-28T00:00,,18.6,76,0.13,0.186
1985-11-28T01:00,,18.5,74,0.13,0.186
1985-11-28T02:00,,19.2,72,0.13,0.186
1985-11-28T03:00,,22.7,59,0.13,0.186
1985-11-28T04:00,,26.6,46,0.13,0.186
1985-11-28T05:00,,29.1,39,0.13,0.186
1985-11-28T06:00,,30.6,35,0.13,0.185
1985-11-28T07:00,,31.5,32,0.129,0.185
1985-11-28T08:00,,32.3,30,0.129,0.184
1985-11-28T09:00,,32.7,30,0.128,0.184
1985-11-28T10:00,,31.7,35,0.128,0.184
1985-11-28T11:00,,29.9,45,0.128,0.183
1985-11-28T12:00,,28.2,54,0.127,0.183
1985-11-28T13:00,,26.7,61,0.127,0.183
1985-11-28T14:00,,25.6,68,0.128,0.183
1985-11-28T15:00,,24.3,77,0.128,0.183
1985-11-28T16:00,,23.0,81,0.128,0.184
1985-11-28T17:00,,22.0,83,0.128,0.184
1985-11-28T18:00,,21.1,84,0.128,0.184
1985-11-28T19:00,,20.3,82,0.128,0.184
1985-11-28T20:00,,19.6,79,0.128,0.184
1985-11-28T21:00,,19.1,75,0.128,0.184
1985-11-28T22:00,,18.8,68,0.128,0.184
1985-11-28T23:00,,18.4,65,0.128,0.184
1985-11-29T00:00,,18.2,62,0.128,0.184
1985-11-29T01:00,,18.0,63,0.128,0.184
1985-11-29T02:00,,18.4,65,0.128,0.184
1985-11-29T03:00,,22.0,55,0.128,0.184
1985-11-29T04:00,,25.8,44,0.128,0.184
1985-11-29T05:00,,28.4,38,0.128,0.183
1985-11-29T06:00,,30.2,34,0.127,0.183
1985-11-29T07:00,,31.2,31,0.127,0.183
1985-11-29T08:00,,32.0,29,0.126,0.182
1985-11-29T09:00,,32.4,28,0.126,0.182
1985-11-29T10:00,,31.6,32,0.126,0.182
1985-11-29T11:00,,29.9,42,0.126,0.181
1985-11-29T12:00,,28.3,51,0.126,0.181
1985-11-29T13:00,,26.6,58,0.126,0.181
1985-11-29T14:00,,25.4,64,0.126,0.181
1985-11-29T15:00,,23.9,74,0.126,0.181
1985-11-29T16:00,,22.7,77,0.126,0.181
1985-11-29T17:00,,21.4,79,0.126,0.181
1985-11-29T18:00,,20.4,79,0.126,0.181
1985-11-29T19:00,,19.7,80,0.126,0.181
1985-11-29T20:00,,19.1,75,0.126,0.182
1985-11-29T21:00,,18.7,69,0.126,0.182
1985-11-29T22:00,,18.4,62,0.126,0.182
1985-11-29T23:00,,18.1,60,0.126,0.182
1985-11-30T00:00,,18.0,58,0.126,0.182
1985-11-30T01:00,,17.9,58,0.126,0.182
1985-11-30T02:00,,18.4,60,0.126,0.182
1985-11-30T03:00,,21.6,53,0.126,0.182
1985-11-30T04:00,,25.4,41,0.126,0.181
1985-11-30T05:00,,27.9,38,0.126,0.181
1985-11-30T06:00,,29.7,32,0.125,0.181
1985-11-30T07:00,,30.7,29,0.125,0.18
1985-11-30T08:00,,31.7,26,0.125,0.18
1985-11-30T09:00,,32.2,25,0.124,0.18
1985-11-30T10:00,,32.1,25,0.124,0.179
1985-11-30T11:00,,30.6,33,0.124,0.179
1985-11-30T12:00,,28.7,44,0.124,0.179
1985-11-30T13:00,,26.8,53,0.124,0.179
1985-11-30T14:00,,25.5,59,0.124,0.179
1985-11-30T15:00,,24.0,66,0.124,0.179
1985-11-30T16:00,,22.3,70,0.124,0.179
1985-11-30T17:00,,20.9,70,0.124,0.179
1985-11-30T18:00,,19.9,69,0.124,0.179
1985-11-30T19:00,,19.4,58,0.124,0.179
1985-11-30T20:00,,19.0,52,0.124,0.179
1985-11-30T21:00,,18.7,51,0.124,0.179
1985-11-30T22:00,,18.4,52,0.124,0.179
1985-11-30T23:00,,18.1,53,0.124,0.179
1985-12-01T00:00,,18.0,54,0.124,0.179
1985-12-01T01:00,,17.8,57,0.124,0.18
1985-12-01T02:00,,18.3,60,0.124,0.18
1985-12-01T03:00,,21.5,53,0.124,0.179
1985-12-01T04:00,,25.4,43,0.124,0.179
1985-12-01T05:00,,27.9,39,0.124,0.179
1985-12-01T06:00,,29.8,34,0.124,0.179
1985-12-01T07:00,,31.1,31,0.123,0.178
1985-12-01T08:00,,31.9,30,0.123,0.178
1985-12-01T09:00,,32.4,30,0.123,0.178
1985-12-01T10:00,,31.8,33,0.122,0.177
1985-12-01T11:00,,30.0,42,0.122,0.177
1985-12-01T12:00,,27.9,51,0.122,0.177
1985-12-01T13:00,,26.6,56,0.122,0.177
1985-12-01T14:00,,25.7,59,0.122,0.177
1985-12-01T15:00,,24.9,63,0.122,0.177
1985-12-01T16:00,,24.0,66,0.122,0.177
1985-12-01T17:00,,22.7,71,0.122,0.177
1985-12-01T18:00,,21.6,75,0.122,0.177
1985-12-01T19:00,,21.3,71,0.122,0.177
1985-12-01T20:00,,20.9,70,0.122,0.177
1985-12-01T21:00,,20.8,66,0.123,0.177
1985-12-01T22:00,,20.9,65,0.123,0.177
1985-12-01T23:00,,21.0,64,0.123,0.177
1985-12-02T00:00,,21.2,64,0.123,0.178
1985-12-02T01:00,,21.2,65,0.123,0.178
1985-12-02T02:00,,21.6,68,0.123,0.178
1985-12-02T03:00,,24.5,61,0.123,0.178
1985-12-02T04:00,,27.7,51,0.123,0.177
1985-12-02T05:00,,29.8,47,0.122,0.177
1985-12-02T06:00,,31.5,42,0.122,0.177
1985-12-02T07:00,,32.5,42,0.122,0.176
1985-12-02T08:00,,33.0,41,0.122,0.176
1985-12-02T09:00,,32.6,43,0.121,0.176
1985-12-02T10:00,,31.8,47,0.121,0.176
1985-12-02T11:00,,30.7,53,0.121,0.175
1985-12-02T12:00,,29.5,59,0.121,0.175
1985-12-02T13:00,,28.1,66,0.121,0.175
1985-12-02T14:00,,27.2,71,0.121,0.175
1985-12-02T15:00,,26.5,75,0.121,0.176
1985-12-02T16:00,,25.6,80,0.121,0.176
1985-12-02T17:00,,25.2,82,0.121,0.176
1985-12-02T18:00,,24.4,84,0.121,0.176
1985-12-02T19:00,,23.2,86,0.121,0.176
1985-12-02T20:00,,22.8,86,0.121,0.176
1985-12-02T21:00,,22.5,85,0.121,0.176
1985-12-02T22:00,,22.4,81,0.122,0.176
1985-12-02T23:00,,22.1,80,0.122,0.176
1985-12-03T00:00,,21.9,79,0.122,0.176
1985-12-03T01:00,,21.8,80,0.122,0.176
1985-12-03T02:00,,22.1,80,0.122,0.176
1985-12-03T03:00,,25.1,70,0.122,0.176
1985-12-03T04:00,,28.1,57,0.122,0.176
1985-12-03T05:00,,30.0,50,0.121,0.175
1985-12-03T06:00,,31.5,46,0.121,0.175
1985-12-03T07:00,,32.7,42,0.121,0.175
1985-12-03T08:00,,33.2,40,0.121,0.174
1985-12-03T09:00,,33.0,42,0.12,0.174
1985-12-03T10:00,,32.1,46,0.12,0.174
1985-12-03T11:00,,31.0,52,0.12,0.174
1985-12-03T12:00,,29.5,60,0.12,0.174
1985-12-03T13:00,,28.3,67,0.12,0.174
1985-12-03T14:00,,27.5,71,0.12,0.174
1985-12-03T15:00,,26.8,75,0.12,0.174
1985-12-03T16:00,,26.1,81,0.12,0.174
1985-12-03T17:00,,25.9,80,0.12,0.174
1985-12-03T18:00,,25.7,80,0.12,0.174
1985-12-03T19:00,,24.7,83,0.12,0.174
1985-12-03T20:00,,24.4,81,0.12,0.174
1985-12-03T21:00,,24.3,79,0.121,0.174
1985-12-03T22:00,,24.1,76,0.121,0.174
1985-12-03T23:00,,23.7,75,0.121,0.174
1985-12-04T00:00,,23.6,72,0.121,0.174
1985-12-04T01:00,,23.2,73,0.121,0.174
1985-12-04T02:00,,23.2,76,0.121,0.174
1985-12-04T03:00,,26.0,66,0.121,0.174
1985-12-04T04:00,,28.8,54,0.121,0.174
1985-12-04T05:00,,30.6,49,0.12,0.174
1985-12-04T06:00,,32.1,45,0.12,0.173
1985-12-04T07:00,,33.3,40,0.12,0.173
1985-12-04T08:00,,33.9,38,0.12,0.173
1985-12-04T09:00,,34.0,39,0.119,0.172
1985-12-04T10:00,,32.6,45,0.119,0.172
1985-12-04T11:00,,31.1,53,0.119,0.172
1985-12-04T12:00,,29.5,61,0.119,0.172
1985-12-04T13:00,,28.1,68,0.119,0.172
1985-12-04T14:00,,27.3,73,0.119,0.172
1985-12-04T15:00,,26.3,83,0.119,0.172
1985-12-04T16:00,,25.7,85,0.119,0.172
1985-12-04T17:00,,25.5,85,0.119,0.172
1985-12-04T18:00,,25.0,86,0.119,0.172
1985-12-04T19:00,,24.5,88,0.119,0.172
1985-12-04T20:00,,23.9,90,0.119,0.172
1985-12-04T21:00,,23.3,92,0.12,0.172
1985-12-04T22:00,,22.6,94,0.12,0.172
1985-12-04T23:00,,22.2,92,0.12,0.172
1985-12-05T00:00,,22.1,90,0.12,0.172
1985-12-05T01:00,,22.1,87,0.12,0.172
1985-12-05T02:00,,22.4,84,0.12,0.172
1985-12-05T03:00,,25.6,69,0.12,0.172
1985-12-05T04:00,,28.4,56,0.12,0.172
1985-12-05T05:00,,30.2,49,0.12,0.172
1985-12-05T06:00,,31.7,44,0.119,0.172
1985-12-05T07:00,,32.7,40,0.119,0.171
1985-12-05T08:00,,33.0,39,0.119,0.171
1985-12-05T09:00,,32.6,42,0.119,0.171
1985-12-05T10:00,,31.5,49,0.119,0.171
1985-12-05T11:00,,30.2,57,0.118,0.17
1985-12-05T12:00,,28.8,65,0.118,0.17
1985-12-05T13:00,,27.4,73,0.118,0.17
1985-12-05T14:00,,26.6,78,0.119,0.171
1985-12-05T15:00,,25.6,87,0.119,0.171
1985-12-05T16:00,,25.1,88,0.119,0.171
1985-12-05T17:00,,24.6,89,0.119,0.171
1985-12-05T18:00,,24.3,89,0.119,0.171
1985-12-05T19:00,,23.5,87,0.119,0.171
1985-12-05T20:00,,22.8,87,0.119,0.171
1985-12-05T21:00,,22.3,84,0.119,0.171
1985-12-05T22:00,,22.0,79,0.119,0.171
1985-12-05T23:00,,21.9,74,0.119,0.171
1985-12-06T00:00,,21.7,69,0.119,0.171
1985-12-06T01:00,,21.6,65,0.119,0.171
1985-12-06T02:00,,21.7,65,0.119,0.171
1985-12-06T03:00,,24.3,58,0.119,0.171
1985-12-06T04:00,,27.9,45,0.119,0.171
1985-12-06T05:00,,30.2,40,0.119,0.17
1985-12-06T06:00,,31.7,36,0.119,0.17
1985-12-06T07:00,,32.7,31,0.118,0.17
1985-12-06T08:00,,33.2,30,0.118,0.169
1985-12-06T09:00,,33.4,30,0.118,0.169
1985-12-06T10:00,,32.9,32,0.118,0.169
1985-12-06T11:00,,31.4,41,0.117,0.169
1985-12-06T12:00,,29.5,52,0.117,0.169
1985-12-06T13:00,,27.9,61,0.117,0.169
1985-12-06T14:00,,26.7,69,0.118,0.169
1985-12-06T15:00,,25.6,76,0.118,0.169
1985-12-06T16:00,,24.6,81,0.118,0.169
1985-12-06T17:00,,23.8,85,0.118,0.169
1985-12-06T18:00,,23.1,87,0.118,0.169
1985-12-06T19:00,,22.4,88,0.118,0.169
1985-12-06T20:00,,21.7,89,0.118,0.169
1985-12-06T21:00,,21.1,88,0.118,0.169
1985-12-06T22:00,,20.6,85,0.118,0.169
1985-12-06T23:00,,20.2,81,0.118,0.169
1985-12-07T00:00,,20.0,75,0.118,0.169
1985-12-07T01:00,,19.9,70,0.118,0.169
1985-12-07T02:00,,20.2,67,0.118,0.169
1985-12-07T03:00,,23.1,56,0.118,0.169
1985-12-07T04:00,,27.0,43,0.118,0.169
1985-12-07T05:00,,29.9,34,0.118,0.169
1985-12-07T06:00,,31.5,32,0.118,0.169
1985-12-07T07:00,,32.3,30,0.117,0.168
1985-12-07T08:00,,32.7,30,0.117,0.168
1985-12-07T09:00,,32.1,34,0.117,0.168
1985-12-07T10:00,,30.9,42,0.117,0.167
1985-12-07T11:00,,29.5,49,0.117,0.167
1985-12-07T12:00,,28.1,56,0.117,0.167
1985-12-07T13:00,,26.8,62,0.117,0.167
1985-12-07T14:00,,25.6,69,0.117,0.167
1985-12-07T15:00,,24.4,75,0.117,0.167
1985-12-07T16:00,,23.3,81,0.117,0.167
1985-12-07T17:00,,22.7,82,0.117,0.167
1985-12-07T18:00,,22.0,84,0.117,0.167
1985-12-07T19:00,,21.0,88,0.117,0.167
1985-12-07T20:00,,20.1,91,0.117,0.167
1985-12-07T21:00,,19.5,92,0.117,0.167
1985-12-07T22:00,,19.1,91,0.117,0.168
1985-12-07T23:00,,18.8,89,0.117,0.168
1985-12-08T00:00,,18.7,85,0.117,0.168
1985-12-08T01:00,,18.7,78,0.117,0.168
1985-12-08T02:00,,19.3,71,0.117,0.168
1985-12-08T03:00,,22.5,57,0.117,0.168
1985-12-08T04:00,,26.3,43,0.117,0.167
1985-12-08T05:00,,29.2,35,0.117,0.167
1985-12-08T06:00,,30.9,32,0.117,0.167
1985-12-08T07:00,,32.3,31,0.117,0.167
1985-12-08T08:00,,32.4,32,0.116,0.166
1985-12-08T09:00,,31.6,37,0.116,0.166
1985-12-08T10:00,,30.6,42,0.116,0.166
1985-12-08T11:00,,29.4,47,0.116,0.166
1985-12-08T12:00,,28.0,52,0.116,0.166
1985-12-08T13:00,,26.8,58,0.116,0.166
1985-12-08T14:00,,25.4,69,0.116,0.166
1985-12-08T15:00,,24.9,71,0.116,0.166
1985-12-08T16:00,,25.3,68,0.116,0.166
1985-12-08T17:00,,24.6,72,0.116,0.166
1985-12-08T18:00,,21.8,85,0.116,0.166
1985-12-08T19:00,,21.3,85,0.116,0.166
1985-12-08T20:00,,20.4,88,0.116,0.166
1985-12-08T21:00,,19.7,89,0.116,0.166
1985-12-08T22:00,,19.3,88,0.116,0.166
1985-12-08T23:00,,18.8,87,0.116,0.166
1985-12-09T00:00,,18.6,84,0.116,0.166
1985-12-09T01:00,,18.5,80,0.117,0.166
1985-12-09T02:00,,18.9,78,0.117,0.166
1985-12-09T03:00,,22.5,63,0.117,0.166
1985-12-09T04:00,,26.1,50,0.117,0.166
1985-12-09T05:00,,28.2,48,0.116,0.166
1985-12-09T06:00,,29.7,45,0.116,0.166
1985-12-09T07:00,,30.8,42,0.116,0.165
1985-12-09T08:00,,30.6,47,0.116,0.165
1985-12-09T09:00,,29.9,53,0.116,0.165
1985-12-09T10:00,,28.9,59,0.116,0.165
1985-12-09T11:00,,27.8,63,0.116,0.165
1985-12-09T12:00,,26.7,67,0.116,0.165
1985-12-09T13:00,,25.9,73,0.116,0.165
1985-12-09T14:00,,25.3,77,0.116,0.165
1985-12-09T15:00,,24.8,79,0.116,0.165
1985-12-09T16:00,,23.0,89,0.116,0.165
1985-12-09T17:00,,22.0,93,0.116,0.165
1985-12-09T18:00,,21.3,95,0.116,0.165
1985-12-09T19:00,,20.8,97,0.116,0.165
1985-12-09T20:00,,20.4,98,0.116,0.165
1985-12-09T21:00,,20.2,98,0.116,0.165
1985-12-09T22:00,,20.3,97,0.116,0.165
1985-12-09T23:00,,20.5,97,0.116,0.165
1985-12-10T00:00,,20.3,97,0.116,0.165
1985-12-10T01:00,,20.4,97,0.116,0.165
1985-12-10T02:00,,20.7,95,0.116,0.165
1985-12-10T03:00,,23.3,84,0.116,0.165
1985-12-10T04:00,,25.9,72,0.116,0.165
1985-12-10T05:00,,27.6,61,0.116,0.165
1985-12-10T06:00,,28.6,58,0.116,0.165
1985-12-10T07:00,,29.6,54,0.116,0.164
1985-12-10T08:00,,29.8,56,0.116,0.164
1985-12-10T09:00,,29.3,60,0.116,0.164
1985-12-10T10:00,,28.7,64,0.116,0.164
1985-12-10T11:00,,27.8,68,0.116,0.164
1985-12-10T12:00,,26.8,72,0.116,0.164
1985-12-10T13:00,,25.9,78,0.116,0.164
1985-12-10T14:00,,25.4,81,0.116,0.164
1985-12-10T15:00,,24.6,87,0.116,0.164
1985-12-10T16:00,,24.1,90,0.116,0.164
1985-12-10T17:00,,23.7,91,0.116,0.164
1985-12-10T18:00,,23.6,91,0.116,0.164
1985-12-10T19:00,,23.1,92,0.116,0.164
1985-12-10T20:00,,22.8,94,0.116,0.164
1985-12-10T21:00,,22.4,95,0.116,0.164
1985-12-10T22:00,,22.5,94,0.116,0.164
1985-12-10T23:00,,22.6,93,0.117,0.164
1985-12-11T00:00,,22.4,94,0.117,0.164
1985-12-11T01:00,,22.1,94,0.117,0.164
1985-12-11T02:00,,22.3,94,0.117,0.164
1985-12-11T03:00,,24.7,81,0.117,0.164
1985-12-11T04:00,,26.3,71,0.117,0.164
1985-12-11T05:00,,27.5,65,0.117,0.164
1985-12-11T06:00,,28.1,62,0.118,0.164
1985-12-11T07:00,,28.3,61,0.119,0.164
1985-12-11T08:00,,28.3,63,0.12,0.163
1985-12-11T09:00,,27.3,68,0.123,0.163
1985-12-11T10:00,,27.0,69,0.125,0.163
1985-12-11T11:00,,26.2,74,0.126,0.163
1985-12-11T12:00,,25.8,74,0.127,0.163
1985-12-11T13:00,,25.4,76,0.127,0.163
1985-12-11T14:00,,25.0,78,0.127,0.163
1985-12-11T15:00,,24.6,80,0.127,0.163
1985-12-11T16:00,,24.0,85,0.127,0.163
1985-12-11T17:00,,23.7,85,0.128,0.163
1985-12-11T18:00,,23.5,86,0.128,0.163
1985-12-11T19:00,,23.0,86,0.128,0.164
1985-12-11T20:00,,22.6,89,0.128,0.164
1985-12-11T21:00,,22.5,89,0.128,0.164
1985-12-11T22:00,,22.3,90,0.128,0.164
1985-12-11T23:00,,21.9,92,0.128,0.164
1985-12-12T00:00,,21.7,93,0.128,0.164
1985-12-12T01:00,,21.4,95,0.128,0.164
1985-12-12T02:00,,21.5,95,0.128,0.164
1985-12-12T03:00,,24.2,80,0.128,0.164
1985-12-12T04:00,,25.9,69,0.128,0.164
1985-12-12T05:00,,27.6,63,0.128,0.164
1985-12-12T06:00,,29.1,57,0.128,0.163
1985-12-12T07:00,,29.2,56,0.127,0.163
1985-12-12T08:00,,29.4,56,0.127,0.163
1985-12-12T09:00,,29.2,57,0.127,0.163
1985-12-12T10:00,,28.9,58,0.126,0.163
1985-12-12T11:00,,28.0,62,0.126,0.163
1985-12-12T12:00,,26.9,67,0.126,0.163
1985-12-12T13:00,,26.0,71,0.126,0.163
1985-12-12T14:00,,25.3,75,0.126,0.163
1985-12-12T15:00,,24.7,78,0.126,0.163
1985-12-12T16:00,,24.1,81,0.126,0.163
1985-12-12T17:00,,23.7,82,0.126,0.163
1985-12-12T18:00,,23.2,84,0.126,0.163
1985-12-12T19:00,,22.5,86,0.126,0.163
1985-12-12T20:00,,21.9,89,0.126,0.163
1985-12-12T21:00,,21.2,93,0.126,0.163
1985-12-12T22:00,,20.8,94,0.126,0.163
1985-12-12T23:00,,20.4,95,0.126,0.163
1985-12-13T00:00,,20.3,94,0.126,0.163
1985-12-13T01:00,,20.2,93,0.126,0.163
1985-12-13T02:00,,20.3,90,0.126,0.163
1985-12-13T03:00,,22.7,77,0.126,0.163
1985-12-13T04:00,,25.6,62,0.126,0.163
1985-12-13T05:00,,27.8,51,0.126,0.163
1985-12-13T06:00,,29.5,44,0.125,0.163
1985-12-13T07:00,,30.9,39,0.125,0.162
1985-12-13T08:00,,31.6,36,0.124,0.162
1985-12-13T09:00,,31.7,37,0.124,0.162
1985-12-13T10:00,,30.6,44,0.124,0.162
1985-12-13T11:00,,28.9,54,0.124,0.161
1985-12-13T12:00,,27.3,63,0.124,0.161
1985-12-13T13:00,,25.9,70,0.124,0.161
1985-12-13T14:00,,25.0,76,0.124,0.161
1985-12-13T15:00,,24.3,81,0.124,0.162
1985-12-13T16:00,,23.9,83,0.124,0.162
1985-12-13T17:00,,23.5,85,0.124,0.162
1985-12-13T18:00,,23.1,87,0.124,0.162
1985-12-13T19:00,,22.8,91,0.124,0.162
1985-12-13T20:00,,22.2,94,0.124,0.162
1985-12-13T21:00,,21.7,95,0.124,0.162
1985-12-13T22:00,,21.3,96,0.124,0.162
1985-12-13T23:00,,21.0,95,0.124,0.162
1985-12-14T00:00,,20.7,95,0.124,0.162
1985-12-14T01:00,,20.5,94,0.124,0.162
1985-12-14T02:00,,20.8,92,0.124,0.162
1985-12-14T03:00,,24.3,75,0.124,0.162
1985-12-14T04:00,,27.2,61,0.124,0.162
1985-12-14T05:00,,29.1,55,0.124,0.162
1985-12-14T06:00,,30.5,50,0.123,0.161
1985-12-14T07:00,,31.1,48,0.123,0.161
1985-12-14T08:00,,31.4,49,0.122,0.161
1985-12-14T09:00,,30.3,54,0.122,0.161
1985-12-14T10:00,,29.3,60,0.122,0.161
1985-12-14T11:00,,28.0,65,0.122,0.161
1985-12-14T12:00,,27.0,71,0.122,0.161
1985-12-14T13:00,,26.1,75,0.122,0.161
1985-12-14T14:00,,25.4,80,0.122,0.161
1985-12-14T15:00,,24.9,82,0.122,0.161
1985-12-14T16:00,,24.5,85,0.122,0.161
1985-12-14T17:00,,23.9,88,0.122,0.161
1985-12-14T18:00,,23.4,91,0.122,0.161
1985-12-14T19:00,,23.1,93,0.122,0.161
1985-12-14T20:00,,22.9,94,0.122,0.161
1985-12-14T21:00,,22.3,96,0.122,0.161
1985-12-14T22:00,,21.8,96,0.122,0.161
1985-12-14T23:00,,21.4,96,0.122,0.161
1985-12-15T00:00,,21.1,95,0.122,0.161
1985-12-15T01:00,,20.9,95,0.122,0.161
1985-12-15T02:00,,21.0,94,0.122,0.161
1985-12-15T03:00,,24.5,77,0.122,0.161
1985-12-15T04:00,,26.7,64,0.122,0.161
1985-12-15T05:00,,28.3,59,0.122,0.161
1985-12-15T06:00,,29.5,56,0.122,0.16
1985-12-15T07:00,,30.5,52,0.121,0.16
1985-12-15T08:00,,30.5,54,0.121,0.16
1985-12-15T09:00,,30.1,57,0.121,0.16
1985-12-15T10:00,,29.3,61,0.121,0.16
1985-12-15T11:00,,28.2,66,0.121,0.16
1985-12-15T12:00,,27.1,71,0.121,0.16
1985-12-15T13:00,,26.1,76,0.121,0.16
1985-12-15T14:00,,25.5,80,0.121,0.16
1985-12-15T15:00,,25.0,83,0.121,0.16
1985-12-15T16:00,,24.5,86,0.121,0.16
1985-12-15T17:00,,24.0,90,0.121,0.16
1985-12-15T18:00,,23.5,92,0.121,0.16
1985-12-15T19:00,,22.7,92,0.121,0.16
1985-12-15T20:00,,22.4,92,0.121,0.16
1985-12-15T21:00,,21.7,94,0.121,0.16
1985-12-15T22:00,,21.2,95,0.121,0.16
1985-12-15T23:00,,20.8,95,0.121,0.16
1985-12-16T00:00,,20.7,94,0.121,0.16
1985-12-16T01:00,,20.4,93,0.121,0.16
1985-12-16T02:00,,20.7,92,0.121,0.16
1985-12-16T03:00,,24.1,77,0.121,0.16
1985-12-16T04:00,,26.8,64,0.121,0.16
1985-12-16T05:00,,28.8,57,0.121,0.16
1985-12-16T06:00,,30.3,52,0.12,0.16
1985-12-16T07:00,,31.1,50,0.12,0.159
1985-12-16T08:00,,31.4,50,0.12,0.159
1985-12-16T09:00,,31.0,52,0.12,0.159
1985-12-16T10:00,,30.0,57,0.12,0.159
1985-12-16T11:00,,28.9,62,0.12,0.159
1985-12-16T12:00,,27.6,69,0.12,0.159
1985-12-16T13:00,,26.6,74,0.12,0.159
1985-12-16T14:00,,25.8,79,0.12,0.159
1985-12-16T15:00,,25.3,82,0.12,0.159
1985-12-16T16:00,,24.6,87,0.12,0.159
1985-12-16T17:00,,23.9,92,0.12,0.159
1985-12-16T18:00,,23.4,94,0.12,0.159
1985-12-16T19:00,,23.1,94,0.12,0.159
1985-12-16T20:00,,22.7,94,0.12,0.159
1985-12-16T21:00,,22.5,93,0.12,0.159
1985-12-16T22:00,,22.2,93,0.12,0.159
1985-12-16T23:00,,21.9,92,0.12,0.159
1985-12-17T00:00,,21.8,89,0.12,0.159
1985-12-17T01:00,,21.7,86,0.12,0.159
1985-12-17T02:00,,22.1,83,0.12,0.159
1985-12-17T03:00,,25.1,71,0.12,0.159
1985-12-17T04:00,,28.0,61,0.12,0.159
1985-12-17T05:00,,30.1,54,0.12,0.159
1985-12-17T06:00,,31.7,48,0.119,0.159
1985-12-17T07:00,,32.8,43,0.119,0.158
1985-12-17T08:00,,33.4,40,0.119,0.158
1985-12-17T09:00,,33.2,42,0.118,0.158
1985-12-17T10:00,,31.9,49,0.118,0.158
1985-12-17T11:00,,30.4,57,0.118,0.158
1985-12-17T12:00,,28.7,66,0.118,0.158
1985-12-17T13:00,,27.3,73,0.118,0.158
1985-12-17T14:00,,26.6,78,0.118,0.158
1985-12-17T15:00,,25.8,82,0.118,0.158
1985-12-17T16:00,,25.0,88,0.118,0.158
1985-12-17T17:00,,25.2,86,0.118,0.158
1985-12-17T18:00,,24.8,88,0.118,0.158
1985-12-17T19:00,,23.2,92,0.118,0.158
1985-12-17T20:00,,22.5,94,0.118,0.158
1985-12-17T21:00,,22.0,95,0.118,0.158
1985-12-17T22:00,,21.6,94,0.118,0.158
1985-12-17T23:00,,21.2,93,0.118,0.158
1985-12-18T00:00,,20.7,92,0.118,0.158
1985-12-18T01:00,,20.5,90,0.118,0.158
1985-12-18T02:00,,20.7,87,0.118,0.158
1985-12-18T03:00,,23.7,72,0.118,0.158
1985-12-18T04:00,,27.0,56,0.118,0.158
1985-12-18T05:00,,29.3,48,0.118,0.158
1985-12-18T06:00,,31.0,42,0.118,0.158
1985-12-18T07:00,,32.4,37,0.118,0.157
1985-12-18T08:00,,33.2,35,0.118,0.157
1985-12-18T09:00,,33.1,37,0.117,0.157
1985-12-18T10:00,,32.0,43,0.117,0.157
1985-12-18T11:00,,30.7,50,0.117,0.157
1985-12-18T12:00,,29.3,57,0.117,0.157
1985-12-18T13:00,,27.9,64,0.117,0.157
1985-12-18T14:00,,26.9,70,0.117,0.157
1985-12-18T15:00,,25.6,80,0.117,0.157
1985-12-18T16:00,,24.7,81,0.117,0.157
1985-12-18T17:00,,23.5,84,0.117,0.157
1985-12-18T18:00,,22.1,86,0.117,0.157
1985-12-18T19:00,,21.3,82,0.117,0.157
1985-12-18T20:00,,21.0,74,0.117,0.157
1985-12-18T21:00,,20.7,66,0.117,0.157
1985-12-18T22:00,,20.3,61,0.117,0.157
1985-12-18T23:00,,20.0,59,0.117,0.157
1985-12-19T00:00,,19.9,59,0.117,0.157
1985-12-19T01:00,,19.8,61,0.117,0.157
1985-12-19T02:00,,20.0,63,0.117,0.157
1985-12-19T03:00,,22.7,59,0.117,0.157
1985-12-19T04:00,,26.8,47,0.117,0.157
1985-12-19T05:00,,29.7,39,0.117,0.157
1985-12-19T06:00,,31.8,34,0.117,0.156
1985-12-19T07:00,,33.2,29,0.116,0.156
1985-12-19T08:00,,34.0,27,0.116,0.156
1985-12-19T09:00,,33.8,29,0.116,0.156
1985-12-19T10:00,,32.4,36,0.116,0.156
1985-12-19T11:00,,30.8,44,0.116,0.155
1985-12-19T12:00,,29.0,54,0.116,0.155
1985-12-19T13:00,,27.4,62,0.116,0.155
1985-12-19T14:00,,26.3,71,0.116,0.155
1985-12-19T15:00,,25.2,76,0.116,0.155
1985-12-19T16:00,,23.7,82,0.116,0.155
1985-12-19T17:00,,23.0,83,0.116,0.156
1985-12-19T18:00,,21.8,87,0.116,0.156
1985-12-19T19:00,,20.8,89,0.116,0.156
1985-12-19T20:00,,19.9,91,0.116,0.156
1985-12-19T21:00,,19.5,89,0.116,0.156
1985-12-19T22:00,,19.2,84,0.116,0.156
1985-12-19T23:00,,19.1,78,0.116,0.156
1985-12-20T00:00,,18.8,73,0.116,0.156
1985-12-20T01:00,,18.6,70,0.116,0.156
1985-12-20T02:00,,18.7,69,0.116,0.156
1985-12-20T03:00,,22.1,59,0.116,0.156
1985-12-20T04:00,,26.7,42,0.116,0.156
1985-12-20T05:00,,29.8,31,0.116,0.156
1985-12-20T06:00,,31.7,28,0.115,0.155
1985-12-20T07:00,,32.8,29,0.115,0.155
1985-12-20T08:00,,33.2,29,0.115,0.155
1985-12-20T09:00,,32.9,32,0.115,0.155
1985-12-20T10:00,,32.0,36,0.115,0.154
1985-12-20T11:00,,30.7,42,0.115,0.154
1985-12-20T12:00,,29.0,51,0.115,0.154
1985-12-20T13:00,,27.4,58,0.115,0.154
1985-12-20T14:00,,26.1,72,0.115,0.154
1985-12-20T15:00,,26.2,67,0.115,0.154
1985-12-20T16:00,,23.8,78,0.115,0.154
1985-12-20T17:00,,22.9,79,0.115,0.154
1985-12-20T18:00,,22.1,80,0.115,0.154
1985-12-20T19:00,,21.4,76,0.115,0.154
1985-12-20T20:00,,21.0,72,0.115,0.155
1985-12-20T21:00,,20.8,67,0.115,0.155
1985-12-20T22:00,,20.6,65,0.115,0.155
1985-12-20T23:00,,20.5,63,0.115,0.155
1985-12-21T00:00,,20.3,62,0.115,0.155
1985-12-21T01:00,,20.3,62,0.115,0.155
1985-12-21T02:00,,20.5,63,0.115,0.155
1985-12-21T03:00,,23.0,57,0.115,0.155
1985-12-21T04:00,,27.0,45,0.115,0.155
1985-12-21T05:00,,29.8,37,0.115,0.154
1985-12-21T06:00,,31.8,33,0.114,0.154
1985-12-21T07:00,,33.1,32,0.114,0.154
1985-12-21T08:00,,34.0,29,0.114,0.154
1985-12-21T09:00,,34.4,28,0.114,0.154
1985-12-21T10:00,,33.9,31,0.114,0.153
1985-12-21T11:00,,32.0,40,0.114,0.153
1985-12-21T12:00,,30.2,51,0.114,0.153
1985-12-21T13:00,,28.4,59,0.114,0.153
1985-12-21T14:00,,27.3,65,0.114,0.153
1985-12-21T15:00,,26.3,71,0.114,0.153
1985-12-21T16:00,,25.0,78,0.114,0.153
1985-12-21T17:00,,23.9,80,0.114,0.153
1985-12-21T18:00,,22.9,80,0.114,0.153
1985-12-21T19:00,,22.1,70,0.114,0.153
1985-12-21T20:00,,21.7,65,0.114,0.153
1985-12-21T21:00,,21.4,61,0.114,0.153
1985-12-21T22:00,,21.2,60,0.114,0.153
1985-12-21T23:00,,21.0,62,0.114,0.153
1985-12-22T00:00,,20.8,64,0.114,0.154
1985-12-22T01:00,,20.7,66,0.114,0.154
1985-12-22T02:00,,20.8,69,0.114,0.154
1985-12-22T03:00,,23.3,64,0.114,0.154
1985-12-22T04:00,,26.6,55,0.114,0.153
1985-12-22T05:00,,28.9,48,0.114,0.153
1985-12-22T06:00,,30.6,42,0.113,0.153
1985-12-22T07:00,,31.9,38,0.113,0.153
1985-12-22T08:00,,32.7,35,0.113,0.153
1985-12-22T09:00,,33.0,34,0.113,0.153
1985-12-22T10:00,,32.7,36,0.113,0.152
1985-12-22T11:00,,31.2,45,0.113,0.152
1985-12-22T12:00,,29.4,56,0.113,0.152
1985-12-22T13:00,,27.9,64,0.113,0.152
1985-12-22T14:00,,26.8,70,0.113,0.152
1985-12-22T15:00,,25.9,77,0.113,0.152
1985-12-22T16:00,,25.1,80,0.113,0.152
1985-12-22T17:00,,24.0,84,0.113,0.152
1985-12-22T18:00,,23.0,86,0.113,0.152
1985-12-22T19:00,,21.9,82,0.113,0.152
1985-12-22T20:00,,21.3,81,0.113,0.152
1985-12-22T21:00,,20.9,77,0.113,0.152
1985-12-22T22:00,,20.6,73,0.113,0.152
1985-12-22T23:00,,20.3,72,0.113,0.152
1985-12-23T00:00,,20.1,72,0.113,0.152
1985-12-23T01:00,,20.0,72,0.113,0.153
1985-12-23T02:00,,20.1,73,0.113,0.153
1985-12-23T03:00,,22.8,64,0.113,0.153
1985-12-23T04:00,,26.7,51,0.113,0.152
1985-12-23T05:00,,29.4,41,0.113,0.152
1985-12-23T06:00,,31.0,34,0.113,0.152
1985-12-23T07:00,,31.8,32,0.113,0.152
1985-12-23T08:00,,32.4,31,0.112,0.152
1985-12-23T09:00,,32.6,31,0.112,0.152
1985-12-23T10:00,,31.8,36,0.112,0.151
1985-12-23T11:00,,30.4,43,0.112,0.151
1985-12-23T12:00,,28.8,52,0.112,0.151
1985-12-23T13:00,,27.2,61,0.112,0.151
1985-12-23T14:00,,26.2,67,0.112,0.151
1985-12-23T15:00,,25.0,76,0.112,0.151
1985-12-23T16:00,,23.8,82,0.112,0.151
1985-12-23T17:00,,23.0,85,0.112,0.151
1985-12-23T18:00,,22.2,87,0.112,0.151
1985-12-23T19:00,,21.4,90,0.112,0.151
1985-12-23T20:00,,20.5,93,0.112,0.151
1985-12-23T21:00,,19.9,93,0.112,0.151
1985-12-23T22:00,,19.6,91,0.112,0.151
1985-12-23T23:00,,19.4,87,0.112,0.151
1985-12-24T00:00,,19.3,82,0.112,0.152
1985-12-24T01:00,,19.1,79,0.112,0.152
1985-12-24T02:00,,19.3,77,0.112,0.152
1985-12-24T03:00,,22.3,66,0.112,0.152
1985-12-24T04:00,,26.3,49,0.112,0.151
1985-12-24T05:00,,28.8,40,0.112,0.151
1985-12-24T06:00,,30.5,36,0.112,0.151
1985-12-24T07:00,,31.5,34,0.112,0.151
1985-12-24T08:00,,32.1,33,0.112,0.151
1985-12-24T09:00,,31.8,36,0.112,0.151
1985-12-24T10:00,,30.8,41,0.112,0.15
1985-12-24T11:00,,29.7,47,0.112,0.15
1985-12-24T12:00,,28.1,55,0.112,0.15
1985-12-24T13:00,,26.7,62,0.112,0.15
1985-12-24T14:00,,25.6,69,0.112,0.15
1985-12-24T15:00,,24.2,79,0.112,0.15
1985-12-24T16:00,,23.2,81,0.112,0.15
1985-12-24T17:00,,22.5,83,0.112,0.15
1985-12-24T18:00,,21.7,85,0.112,0.15
1985-12-24T19:00,,21.0,87,0.112,0.15
1985-12-24T20:00,,20.4,89,0.112,0.15
1985-12-24T21:00,,19.9,90,0.112,0.15
1985-12-24T22:00,,19.5,89,0.112,0.151
1985-12-24T23:00,,19.3,86,0.112,0.151
1985-12-25T00:00,,19.1,83,0.112,0.151
1985-12-25T01:00,,19.0,79,0.112,0.151
1985-12-25T02:00,,19.2,76,0.112,0.151
1985-12-25T03:00,,22.1,64,0.112,0.151
1985-12-25T04:00,,26.1,48,0.112,0.151
1985-12-25T05:00,,28.5,39,0.112,0.15
1985-12-25T06:00,,30.2,35,0.112,0.15
1985-12-25T07:00,,31.2,34,0.112,0.15
1985-12-25T08:00,,31.7,34,0.111,0.15
1985-12-25T09:00,,31.5,36,0.111,0.15
1985-12-25T10:00,,30.5,40,0.111,0.15
1985-12-25T11:00,,29.4,45,0.111,0.149
1985-12-25T12:00,,27.9,53,0.111,0.149
1985-12-25T13:00,,26.5,60,0.111,0.149
1985-12-25T14:00,,25.2,71,0.111,0.149
1985-12-25T15:00,,24.4,73,0.111,0.149
1985-12-25T16:00,,22.8,81,0.111,0.149
1985-12-25T17:00,,22.0,83,0.111,0.15
1985-12-25T18:00,,21.3,85,0.111,0.15
1985-12-25T19:00,,20.6,89,0.111,0.15
1985-12-25T20:00,,19.9,91,0.111,0.15
1985-12-25T21:00,,19.3,92,0.111,0.15
1985-12-25T22:00,,18.9,91,0.111,0.15
1985-12-25T23:00,,18.7,88,0.111,0.15
1985-12-26T00:00,,18.5,83,0.111,0.15
1985-12-26T01:00,,18.4,77,0.111,0.15
1985-12-26T02:00,,18.6,73,0.111,0.15
1985-12-26T03:00,,21.5,63,0.111,0.15
1985-12-26T04:00,,25.5,50,0.111,0.15
1985-12-26T05:00,,28.1,45,0.111,0.15
1985-12-26T06:00,,30.0,40,0.111,0.149
1985-12-26T07:00,,31.2,37,0.111,0.149
1985-12-26T08:00,,31.8,36,0.111,0.149
1985-12-26T09:00,,31.5,39,0.111,0.149
1985-12-26T10:00,,30.6,43,0.111,0.149
1985-12-26T11:00,,29.5,48,0.111,0.149
1985-12-26T12:00,,28.0,54,0.111,0.149
1985-12-26T13:00,,26.6,62,0.111,0.149
1985-12-26T14:00,,25.3,73,0.111,0.149
1985-12-26T15:00,,24.6,74,0.111,0.149
1985-12-26T16:00,,23.4,79,0.111,0.149
1985-12-26T17:00,,22.4,82,0.111,0.149
1985-12-26T18:00,,21.4,86,0.111,0.149
1985-12-26T19:00,,20.5,89,0.111,0.149
1985-12-26T20:00,,19.6,93,0.111,0.149
1985-12-26T21:00,,19.1,93,0.111,0.149
1985-12-26T22:00,,18.9,90,0.111,0.149
1985-12-26T23:00,,19.0,84,0.111,0.149
1985-12-27T00:00,,18.9,78,0.111,0.149
1985-12-27T01:00,,18.9,72,0.111,0.149
1985-12-27T02:00,,19.1,69,0.111,0.149
1985-12-27T03:00,,21.8,61,0.111,0.149
1985-12-27T04:00,,26.0,50,0.111,0.149
1985-12-27T05:00,,29.0,42,0.111,0.149
1985-12-27T06:00,,31.0,38,0.111,0.149
1985-12-27T07:00,,32.1,36,0.111,0.148
1985-12-27T08:00,,32.5,35,0.111,0.148
1985-12-27T09:00,,32.1,38,0.111,0.148
1985-12-27T10:00,,31.3,42,0.111,0.148
1985-12-27T11:00,,30.1,47,0.111,0.148
1985-12-27T12:00,,28.5,54,0.111,0.148
1985-12-27T13:00,,27.1,62,0.111,0.148
1985-12-27T14:00,,26.0,68,0.111,0.148
1985-12-27T15:00,,24.7,76,0.111,0.148
1985-12-27T16:00,,24.2,76,0.111,0.148
1985-12-27T17:00,,23.5,78,0.111,0.148
1985-12-27T18:00,,22.3,83,0.111,0.148
1985-12-27T19:00,,20.6,89,0.111,0.148
1985-12-27T20:00,,19.8,92,0.111,0.148
1985-12-27T21:00,,19.6,90,0.111,0.148
1985-12-27T22:00,,19.5,87,0.111,0.148
1985-12-27T23:00,,19.4,82,0.111,0.148
1985-12-28T00:00,,19.3,77,0.111,0.148
1985-12-28T01:00,,19.4,73,0.111,0.148
1985-12-28T02:00,,19.7,69,0.111,0.148
1985-12-28T03:00,,22.2,61,0.111,0.148
1985-12-28T04:00,,26.4,49,0.111,0.148
1985-12-28T05:00,,29.6,39,0.111,0.148
1985-12-28T06:00,,31.5,35,0.111,0.148
1985-12-28T07:00,,32.5,33,0.11,0.148
1985-12-28T08:00,,32.9,33,0.11,0.147
1985-12-28T09:00,,32.6,35,0.11,0.147
1985-12-28T10:00,,31.9,39,0.11,0.147
1985-12-28T11:00,,30.8,43,0.11,0.147
1985-12-28T12:00,,29.3,52,0.11,0.147
1985-12-28T13:00,,27.7,60,0.11,0.147
1985-12-28T14:00,,26.6,66,0.11,0.147
1985-12-28T15:00,,25.3,73,0.11,0.147
1985-12-28T16:00,,24.0,78,0.11,0.147
1985-12-28T17:00,,23.1,78,0.11,0.147
1985-12-28T18:00,,22.0,80,0.11,0.147
1985-12-28T19:00,,21.1,85,0.11,0.147
1985-12-28T20:00,,20.4,83,0.11,0.147
1985-12-28T21:00,,20.1,78,0.11,0.147
1985-12-28T22:00,,19.9,72,0.11,0.147
1985-12-28T23:00,,19.7,68,0.11,0.147
1985-12-29T00:00,,19.5,68,0.11,0.147
1985-12-29T01:00,,19.2,70,0.11,0.147
1985-12-29T02:00,,19.3,73,0.11,0.147
1985-12-29T03:00,,22.2,64,0.11,0.147
1985-12-29T04:00,,26.5,50,0.11,0.147
1985-12-29T05:00,,29.6,40,0.11,0.147
1985-12-29T06:00,,31.5,36,0.11,0.147
1985-12-29T07:00,,32.6,33,0.11,0.147
1985-12-29T08:00,,33.3,32,0.11,0.147
1985-12-29T09:00,,33.0,35,0.11,0.146
1985-12-29T10:00,,31.9,40,0.11,0.146
1985-12-29T11:00,,30.7,45,0.11,0.146
1985-12-29T12:00,,29.2,53,0.11,0.146
1985-12-29T13:00,,27.5,61,0.11,0.146
1985-12-29T14:00,,26.4,68,0.11,0.146
1985-12-29T15:00,,25.4,75,0.11,0.146
1985-12-29T16:00,,24.1,80,0.11,0.146
1985-12-29T17:00,,23.0,82,0.11,0.146
1985-12-29T18:00,,22.1,83,0.11,0.146
1985-12-29T19:00,,21.3,84,0.11,0.146
1985-12-29T20:00,,20.7,82,0.11,0.146
1985-12-29T21:00,,20.4,76,0.11,0.146
1985-12-29T22:00,,20.1,71,0.11,0.146
1985-12-29T23:00,,19.9,68,0.11,0.146
1985-12-30T00:00,,19.7,65,0.11,0.146
1985-12-30T01:00,,19.5,65,0.11,0.146
1985-12-30T02:00,,19.6,65,0.11,0.146
1985-12-30T03:00,,22.2,59,0.11,0.146
1985-12-30T04:00,,26.5,47,0.11,0.146
1985-12-30T05:00,,29.8,38,0.11,0.146
1985-12-30T06:00,,31.8,33,0.11,0.146
1985-12-30T07:00,,33.0,30,0.11,0.146
1985-12-30T08:00,,33.8,28,0.11,0.146
1985-12-30T09:00,,34.2,27,0.11,0.146
1985-12-30T10:00,,33.6,30,0.11,0.145
1985-12-30T11:00,,31.8,39,0.11,0.145
1985-12-30T12:00,,30.0,49,0.11,0.145
1985-12-30T13:00,,28.3,57,0.11,0.145
1985-12-30T14:00,,27.1,61,0.11,0.145
1985-12-30T15:00,,26.0,66,0.11,0.145
1985-12-30T16:00,,24.6,71,0.11,0.145
1985-12-30T17:00,,23.3,73,0.11,0.145
1985-12-30T18:00,,22.1,74,0.11,0.145
1985-12-30T19:00,,21.5,71,0.11,0.145
1985-12-30T20:00,,21.0,66,0.11,0.145
1985-12-30T21:00,,20.5,61,0.11,0.145
1985-12-30T22:00,,20.1,57,0.11,0.145
1985-12-30T23:00,,19.8,55,0.11,0.145
1985-12-31T00:00,,19.4,55,0.11,0.145
1985-12-31T01:00,,19.2,56,0.11,0.146
1985-12-31T02:00,,19.4,57,0.11,0.146
1985-12-31T03:00,,21.8,52,0.11,0.146
1985-12-31T04:00,,26.0,41,0.11,0.145
1985-12-31T05:00,,28.9,37,0.11,0.145
1985-12-31T06:00,,31.0,32,0.11,0.145
1985-12-31T07:00,,32.3,29,0.109,0.145
1985-12-31T08:00,,33.3,26,0.109,0.145
1985-12-31T09:00,,33.8,25,0.109,0.145
1985-12-31T10:00,,33.4,27,0.109,0.145
1985-12-31T11:00,,31.7,36,0.109,0.144
1985-12-31T12:00,,29.9,46,0.109,0.144
1985-12-31T13:00,,28.0,54,0.109,0.144
1985-12-31T14:00,,26.7,60,0.109,0.144
1985-12-31T15:00,,25.4,67,0.109,0.144
1985-12-31T16:00,,23.8,73,0.109,0.144
1985-12-31T17:00,,22.4,75,0.109,0.145
1985-12-31T18:00,,21.2,76,0.109,0.145
1985-12-31T19:00,,20.6,71,0.109,0.145
1985-12-31T20:00,,20.0,68,0.109,0.145
1985-12-31T21:00,,19.7,63,0.109,0.145
1985-12-31T22:00,,19.4,60,0.109,0.145
1985-12-31T23:00,,19.1,60,0.109,0.145
