time,precipitation,temperature_2m,relative_humidity_2m,soil_moisture_0_to_7cm,soil_moisture_7_to_28cm
1985-01-01T00:00,,16.9,54,0.186,0.283
1985-01-01T01:00,,16.5,55,0.186,0.283
1985-01-01T02:00,,16.2,56,0.186,0.283
1985-01-01T03:00,,17.0,53,0.186,0.283
1985-01-01T04:00,,19.0,46,0.186,0.283
1985-01-01T05:00,,21.1,39,0.186,0.283
1985-01-01T06:00,,23.1,33,0.186,0.283
1985-01-01T07:00,,24.5,29,0.186,0.283
1985-01-01T08:00,,25.5,26,0.186,0.283
1985-01-01T09:00,,26.0,25,0.186,0.283
1985-01-01T10:00,,26.0,25,0.186,0.283
1985-01-01T11:00,,25.5,26,0.186,0.283
1985-01-01T12:00,,24.4,31,0.186,0.283
1985-01-01T13:00,,22.6,36,0.186,0.283
1985-01-01T14:00,,21.4,40,0.186,0.283
1985-01-01T15:00,,20.5,42,0.186,0.283
1985-01-01T16:00,,19.9,42,0.186,0.283
1985-01-01T17:00,,19.2,42,0.186,0.283
1985-01-01T18:00,,18.5,42,0.186,0.283
1985-01-01T19:00,,17.9,44,0.186,0.283
1985-01-01T20:00,,17.2,46,0.186,0.283
1985-01-01T21:00,,16.6,48,0.186,0.283
1985-01-01T22:00,,16.0,49,0.186,0.283
1985-01-01T23:00,,15.6,50,0.186,0.283
1985-01-02T00:00,,15.1,52,0.186,0.283
1985-01-02T01:00,,14.7,54,0.186,0.283
1985-01-02T02:00,,14.3,56,0.186,0.283
1985-01-02T03:00,,15.2,53,0.186,0.283
1985-01-02T04:00,,17.4,46,0.186,0.283
1985-01-02T05:00,,19.9,40,0.186,0.283
1985-01-02T06:00,,22.2,35,0.186,0.283
1985-01-02T07:00,,24.0,32,0.186,0.283
1985-01-02T08:00,,25.2,30,0.186,0.283
1985-01-02T09:00,,26.1,29,0.186,0.283
1985-01-02T10:00,,26.5,29,0.186,0.283
1985-01-02T11:00,,26.4,30,0.186,0.283
1985-01-02T12:00,,25.6,33,0.186,0.283
1985-01-02T13:00,,23.8,40,0.186,0.283
1985-01-02T14:00,,22.4,44,0.186,0.283
1985-01-02T15:00,,21.6,45,0.186,0.283
1985-01-02T16:00,,20.8,46,0.186,0.283
1985-01-02T17:00,,20.1,47,0.186,0.283
1985-01-02T18:00,,19.4,48,0.186,0.283
1985-01-02T19:00,,18.6,51,0.186,0.283
1985-01-02T20:00,,18.0,53,0.186,0.283
1985-01-02T21:00,,17.5,55,0.186,0.283
1985-01-02T22:00,,17.1,57,0.186,0.283
1985-01-02T23:00,,16.9,58,0.186,0.283
1985-01-03T00:00,,16.7,60,0.186,0.283
1985-01-03T01:00,,16.7,62,0.186,0.283
1985-01-03T02:00,,16.7,64,0.186,0.283
1985-01-03T03:00,,18.3,62,0.186,0.283
1985-01-03T04:00,,21.4,56,0.186,0.283
1985-01-03T05:00,,24.1,53,0.186,0.283
1985-01-03T06:00,,26.4,50,0.186,0.283
1985-01-03T07:00,,27.5,46,0.186,0.283
1985-01-03T08:00,,28.7,42,0.186,0.283
1985-01-03T09:00,,29.2,41,0.186,0.283
1985-01-03T10:00,,29.3,42,0.186,0.283
1985-01-03T11:00,,28.6,45,0.186,0.283
1985-01-03T12:00,,27.1,52,0.186,0.283
1985-01-03T13:00,,25.3,57,0.186,0.283
1985-01-03T14:00,,24.2,60,0.186,0.283
1985-01-03T15:00,,23.5,61,0.186,0.283
1985-01-03T16:00,,22.9,62,0.186,0.283
1985-01-03T17:00,,22.1,63,0.186,0.283
1985-01-03T18:00,,21.3,65,0.186,0.283
1985-01-03T19:00,,20.5,69,0.186,0.283
1985-01-03T20:00,,19.8,72,0.186,0.283
1985-01-03T21:00,,19.1,74,0.186,0.283
1985-01-03T22:00,,18.6,75,0.186,0.283
1985-01-03T23:00,,18.2,77,0.186,0.283
1985-01-04T00:00,,17.9,79,0.186,0.283
1985-01-04T01:00,,17.7,80,0.186,0.283
1985-01-04T02:00,,17.4,83,0.186,0.283
1985-01-04T03:00,,18.7,78,0.186,0.283
1985-01-04T04:00,,21.5,67,0.186,0.283
1985-01-04T05:00,,24.2,58,0.186,0.283
1985-01-04T06:00,,26.3,51,0.186,0.283
1985-01-04T07:00,,27.0,50,0.186,0.283
1985-01-04T08:00,,27.7,48,0.186,0.283
1985-01-04T09:00,,27.8,47,0.186,0.283
1985-01-04T10:00,,27.6,48,0.186,0.283
1985-01-04T11:00,,26.9,51,0.186,0.283
1985-01-04T12:00,,25.7,57,0.186,0.283
1985-01-04T13:00,,24.0,65,0.186,0.283
1985-01-04T14:00,,22.8,71,0.186,0.283
1985-01-04T15:00,,21.8,78,0.186,0.283
1985-01-04T16:00,,21.0,82,0.186,0.283
1985-01-04T17:00,,20.0,87,0.186,0.283
1985-01-04T18:00,,19.1,92,0.186,0.283
1985-01-04T19:00,,18.6,95,0.186,0.283
1985-01-04T20:00,,18.7,95,0.186,0.283
1985-01-04T21:00,,18.6,95,0.186,0.283
1985-01-04T22:00,,18.2,96,0.186,0.283
1985-01-04T23:00,,16.8,98,0.186,0.283
1985-01-05T00:00,,17.0,97,0.186,0.283
1985-01-05T01:00,,16.8,97,0.187,0.283
1985-01-05T02:00,,16.7,94,0.187,0.283
1985-01-05T03:00,,17.8,84,0.187,0.283
1985-01-05T04:00,,20.4,64,0.187,0.283
1985-01-05T05:00,,22.9,45,0.187,0.283
1985-01-05T06:00,,24.9,36,0.186,0.283
1985-01-05T07:00,,26.1,35,0.186,0.283
1985-01-05T08:00,,27.0,33,0.186,0.283
1985-01-05T09:00,,27.5,32,0.186,0.283
1985-01-05T10:00,,27.5,32,0.186,0.283
1985-01-05T11:00,,27.0,33,0.186,0.283
1985-01-05T12:00,,25.9,36,0.186,0.283
1985-01-05T13:00,,24.2,40,0.186,0.283
1985-01-05T14:00,,23.1,41,0.186,0.283
1985-01-05T15:00,,22.3,43,0.186,0.283
1985-01-05T16:00,,21.6,44,0.186,0.283
1985-01-05T17:00,,20.8,46,0.186,0.283
1985-01-05T18:00,,20.2,47,0.186,0.283
1985-01-05T19:00,,19.7,48,0.186,0.283
1985-01-05T20:00,,19.2,49,0.186,0.283
1985-01-05T21:00,,18.7,51,0.186,0.283
1985-01-05T22:00,,18.3,53,0.186,0.283
1985-01-05T23:00,,18.0,55,0.186,0.283
1985-01-06T00:00,,17.8,56,0.186,0.283
1985-01-06T01:00,,17.6,57,0.186,0.283
1985-01-06T02:00,,17.3,58,0.186,0.283
1985-01-06T03:00,,17.9,57,0.186,0.283
1985-01-06T04:00,,19.9,50,0.186,0.283
1985-01-06T05:00,,22.2,44,0.186,0.283
1985-01-06T06:00,,24.3,38,0.186,0.283
1985-01-06T07:00,,25.5,35,0.186,0.283
1985-01-06T08:00,,26.4,35,0.186,0.283
1985-01-06T09:00,,26.8,35,0.186,0.283
1985-01-06T10:00,,27.0,36,0.186,0.283
1985-01-06T11:00,,26.7,37,0.186,0.283
1985-01-06T12:00,,25.9,41,0.186,0.283
1985-01-06T13:00,,24.2,47,0.186,0.283
1985-01-06T14:00,,23.0,52,0.186,0.283
1985-01-06T15:00,,22.2,54,0.186,0.283
1985-01-06T16:00,,21.5,56,0.186,0.283
1985-01-06T17:00,,20.9,57,0.186,0.283
1985-01-06T18:00,,20.3,58,0.186,0.283
1985-01-06T19:00,,19.4,58,0.186,0.283
1985-01-06T20:00,,18.8,60,0.186,0.283
1985-01-06T21:00,,18.2,62,0.186,0.283
1985-01-06T22:00,,17.7,64,0.186,0.283
1985-01-06T23:00,,17.2,66,0.186,0.283
1985-01-07T00:00,,16.7,68,0.186,0.283
1985-01-07T01:00,,16.2,71,0.186,0.283
1985-01-07T02:00,,15.8,73,0.186,0.283
1985-01-07T03:00,,17.0,69,0.186,0.283
1985-01-07T04:00,,19.5,57,0.186,0.283
1985-01-07T05:00,,21.8,51,0.186,0.283
1985-01-07T06:00,,23.7,46,0.186,0.283
1985-01-07T07:00,,24.6,43,0.186,0.282
1985-01-07T08:00,,25.4,40,0.186,0.282
1985-01-07T09:00,,25.7,38,0.186,0.282
1985-01-07T10:00,,25.6,38,0.186,0.282
1985-01-07T11:00,,25.3,39,0.186,0.282
1985-01-07T12:00,,24.4,43,0.186,0.282
1985-01-07T13:00,,22.8,50,0.186,0.282
1985-01-07T14:00,,21.6,55,0.186,0.282
1985-01-07T15:00,,20.9,59,0.186,0.282
1985-01-07T16:00,,20.4,60,0.186,0.282
1985-01-07T17:00,,19.9,60,0.186,0.282
1985-01-07T18:00,,19.4,62,0.186,0.282
1985-01-07T19:00,,19.0,64,0.186,0.282
1985-01-07T20:00,,18.5,66,0.186,0.282
1985-01-07T21:00,,18.0,67,0.186,0.282
1985-01-07T22:00,,17.5,69,0.186,0.282
1985-01-07T23:00,,17.1,70,0.186,0.282
1985-01-08T00:00,,16.7,71,0.186,0.282
1985-01-08T01:00,,16.4,72,0.186,0.282
1985-01-08T02:00,,16.1,72,0.186,0.282
1985-01-08T03:00,,17.1,67,0.186,0.282
1985-01-08T04:00,,19.4,57,0.186,0.282
1985-01-08T05:00,,21.7,47,0.186,0.282
1985-01-08T06:00,,23.7,42,0.186,0.282
1985-01-08T07:00,,25.0,38,0.186,0.282
1985-01-08T08:00,,26.1,35,0.186,0.282
1985-01-08T09:00,,26.7,33,0.186,0.282
1985-01-08T10:00,,26.9,32,0.186,0.282
1985-01-08T11:00,,26.7,32,0.186,0.282
1985-01-08T12:00,,25.8,36,0.186,0.282
1985-01-08T13:00,,24.1,41,0.186,0.282
1985-01-08T14:00,,22.8,45,0.186,0.282
1985-01-08T15:00,,22.0,47,0.186,0.282
1985-01-08T16:00,,21.3,48,0.186,0.282
1985-01-08T17:00,,20.7,48,0.186,0.282
1985-01-08T18:00,,20.1,50,0.186,0.282
1985-01-08T19:00,,19.3,52,0.186,0.282
1985-01-08T20:00,,18.7,54,0.186,0.282
1985-01-08T21:00,,18.2,56,0.186,0.282
1985-01-08T22:00,,17.6,58,0.186,0.282
1985-01-08T23:00,,17.2,60,0.186,0.282
1985-01-09T00:00,,16.7,60,0.186,0.282
1985-01-09T01:00,,16.4,61,0.186,0.282
1985-01-09T02:00,,16.0,63,0.186,0.282
1985-01-09T03:00,,17.0,60,0.186,0.282
1985-01-09T04:00,,19.4,51,0.186,0.282
1985-01-09T05:00,,22.0,44,0.186,0.282
1985-01-09T06:00,,24.4,37,0.186,0.282
1985-01-09T07:00,,25.6,34,0.186,0.282
1985-01-09T08:00,,26.7,31,0.186,0.282
1985-01-09T09:00,,27.3,30,0.186,0.282
1985-01-09T10:00,,27.2,31,0.186,0.282
1985-01-09T11:00,,26.7,33,0.186,0.282
1985-01-09T12:00,,25.6,37,0.186,0.282
1985-01-09T13:00,,23.9,42,0.186,0.282
1985-01-09T14:00,,22.8,45,0.186,0.282
1985-01-09T15:00,,21.9,47,0.186,0.282
1985-01-09T16:00,,21.3,49,0.186,0.282
1985-01-09T17:00,,20.6,50,0.186,0.282
1985-01-09T18:00,,19.9,52,0.186,0.282
1985-01-09T19:00,,19.1,55,0.186,0.282
1985-01-09T20:00,,18.5,57,0.186,0.282
1985-01-09T21:00,,18.0,59,0.186,0.282
1985-01-09T22:00,,17.5,61,0.186,0.282
1985-01-09T23:00,,17.1,63,0.186,0.282
1985-01-10T00:00,,16.7,65,0.186,0.282
1985-01-10T01:00,,16.4,66,0.186,0.282
1985-01-10T02:00,,16.1,68,0.186,0.282
1985-01-10T03:00,,17.1,65,0.186,0.282
1985-01-10T04:00,,19.6,56,0.186,0.282
1985-01-10T05:00,,22.2,48,0.186,0.282
1985-01-10T06:00,,24.5,42,0.186,0.282
1985-01-10T07:00,,25.9,38,0.186,0.282
1985-01-10T08:00,,26.9,35,0.186,0.282
1985-01-10T09:00,,27.4,35,0.186,0.282
1985-01-10T10:00,,27.3,35,0.186,0.282
1985-01-10T11:00,,26.9,36,0.186,0.282
1985-01-10T12:00,,25.9,40,0.186,0.282
1985-01-10T13:00,,24.2,45,0.186,0.282
1985-01-10T14:00,,23.0,48,0.186,0.282
1985-01-10T15:00,,22.3,50,0.186,0.282
1985-01-10T16:00,,21.6,51,0.186,0.282
1985-01-10T17:00,,21.0,52,0.186,0.282
1985-01-10T18:00,,20.3,54,0.186,0.282
1985-01-10T19:00,,19.8,55,0.186,0.282
1985-01-10T20:00,,19.1,57,0.186,0.282
1985-01-10T21:00,,18.5,56,0.186,0.282
1985-01-10T22:00,,17.9,56,0.186,0.282
1985-01-10T23:00,,17.4,57,0.186,0.282
1985-01-11T00:00,,16.8,58,0.186,0.282
1985-01-11T01:00,,16.4,60,0.186,0.282
1985-01-11T02:00,,15.9,62,0.186,0.282
1985-01-11T03:00,,16.9,60,0.186,0.282
1985-01-11T04:00,,19.4,51,0.186,0.282
1985-01-11T05:00,,21.9,44,0.186,0.282
1985-01-11T06:00,,24.0,39,0.186,0.282
1985-01-11T07:00,,25.3,38,0.186,0.282
1985-01-11T08:00,,26.2,36,0.186,0.282
1985-01-11T09:00,,26.7,34,0.186,0.282
1985-01-11T10:00,,26.9,33,0.186,0.282
1985-01-11T11:00,,26.6,34,0.186,0.282
1985-01-11T12:00,,25.6,39,0.186,0.282
1985-01-11T13:00,,23.8,45,0.186,0.282
1985-01-11T14:00,,22.5,49,0.186,0.282
1985-01-11T15:00,,21.7,51,0.186,0.282
1985-01-11T16:00,,21.0,53,0.186,0.282
1985-01-11T17:00,,20.4,55,0.186,0.282
1985-01-11T18:00,,19.7,57,0.186,0.282
1985-01-11T19:00,,19.1,58,0.186,0.282
1985-01-11T20:00,,18.5,60,0.186,0.282
1985-01-11T21:00,,17.9,61,0.186,0.282
1985-01-11T22:00,,17.3,62,0.186,0.282
1985-01-11T23:00,,16.8,63,0.186,0.282
1985-01-12T00:00,,16.2,64,0.186,0.282
1985-01-12T01:00,,15.7,66,0.186,0.282
1985-01-12T02:00,,15.2,68,0.186,0.282
1985-01-12T03:00,,16.3,64,0.186,0.282
1985-01-12T04:00,,18.8,53,0.186,0.282
1985-01-12T05:00,,21.1,47,0.186,0.282
1985-01-12T06:00,,23.2,42,0.186,0.282
1985-01-12T07:00,,24.7,39,0.186,0.282
1985-01-12T08:00,,25.8,36,0.186,0.282
1985-01-12T09:00,,26.4,34,0.186,0.282
1985-01-12T10:00,,26.5,34,0.186,0.282
1985-01-12T11:00,,26.3,35,0.186,0.282
1985-01-12T12:00,,25.4,39,0.186,0.282
1985-01-12T13:00,,23.6,46,0.186,0.282
1985-01-12T14:00,,22.3,51,0.186,0.282
1985-01-12T15:00,,21.5,53,0.186,0.282
1985-01-12T16:00,,20.9,54,0.186,0.282
1985-01-12T17:00,,20.3,55,0.186,0.282
1985-01-12T18:00,,19.6,57,0.186,0.282
1985-01-12T19:00,,18.9,59,0.186,0.282
1985-01-12T20:00,,18.2,61,0.186,0.282
1985-01-12T21:00,,17.7,63,0.186,0.282
1985-01-12T22:00,,17.1,65,0.186,0.282
1985-01-12T23:00,,16.6,66,0.186,0.282
1985-01-13T00:00,,16.1,68,0.186,0.282
1985-01-13T01:00,,15.6,70,0.186,0.282
1985-01-13T02:00,,15.1,73,0.186,0.282
1985-01-13T03:00,,16.3,69,0.186,0.282
1985-01-13T04:00,,19.1,58,0.186,0.282
1985-01-13T05:00,,21.8,50,0.186,0.282
1985-01-13T06:00,,24.4,43,0.186,0.282
1985-01-13T07:00,,26.3,38,0.186,0.282
1985-01-13T08:00,,27.7,33,0.186,0.282
1985-01-13T09:00,,28.5,31,0.186,0.282
1985-01-13T10:00,,28.7,30,0.186,0.282
1985-01-13T11:00,,28.5,31,0.186,0.282
1985-01-13T12:00,,27.4,36,0.186,0.282
1985-01-13T13:00,,25.5,41,0.186,0.282
1985-01-13T14:00,,24.1,44,0.186,0.282
1985-01-13T15:00,,23.0,46,0.186,0.282
1985-01-13T16:00,,22.1,47,0.186,0.282
1985-01-13T17:00,,21.3,49,0.186,0.282
1985-01-13T18:00,,20.5,51,0.186,0.282
1985-01-13T19:00,,19.9,52,0.186,0.282
1985-01-13T20:00,,19.3,54,0.186,0.282
1985-01-13T21:00,,18.7,56,0.186,0.282
1985-01-13T22:00,,18.2,58,0.186,0.282
1985-01-13T23:00,,17.7,60,0.186,0.282
1985-01-14T00:00,,17.3,61,0.186,0.282
1985-01-14T01:00,,16.9,63,0.186,0.282
1985-01-14T02:00,,16.7,64,0.186,0.282
1985-01-14T03:00,,18.1,61,0.186,0.282
1985-01-14T04:00,,21.3,51,0.186,0.282
1985-01-14T05:00,,24.4,46,0.186,0.282
1985-01-14T06:00,,26.8,43,0.186,0.282
1985-01-14T07:00,,28.2,40,0.186,0.282
1985-01-14T08:00,,29.3,37,0.186,0.282
1985-01-14T09:00,,29.8,36,0.186,0.282
1985-01-14T10:00,,29.8,36,0.186,0.282
1985-01-14T11:00,,29.3,38,0.186,0.282
1985-01-14T12:00,,27.8,45,0.186,0.282
1985-01-14T13:00,,25.8,51,0.186,0.282
1985-01-14T14:00,,24.7,53,0.186,0.282
1985-01-14T15:00,,23.9,54,0.186,0.282
1985-01-14T16:00,,23.2,55,0.186,0.282
1985-01-14T17:00,,22.5,56,0.186,0.282
1985-01-14T18:00,,21.8,57,0.186,0.282
1985-01-14T19:00,,21.1,59,0.186,0.282
1985-01-14T20:00,,20.4,60,0.186,0.282
1985-01-14T21:00,,19.7,62,0.186,0.282
1985-01-14T22:00,,19.3,63,0.186,0.282
1985-01-14T23:00,,19.0,64,0.186,0.282
1985-01-15T00:00,,18.7,65,0.186,0.282
1985-01-15T01:00,,18.5,65,0.186,0.282
1985-01-15T02:00,,18.2,66,0.186,0.282
1985-01-15T03:00,,19.0,65,0.186,0.282
1985-01-15T04:00,,21.4,57,0.186,0.282
1985-01-15T05:00,,23.8,50,0.186,0.281
1985-01-15T06:00,,26.2,45,0.186,0.281
1985-01-15T07:00,,27.2,41,0.186,0.281
1985-01-15T08:00,,28.3,38,0.186,0.281
1985-01-15T09:00,,29.0,37,0.186,0.281
1985-01-15T10:00,,29.1,36,0.186,0.281
1985-01-15T11:00,,28.7,38,0.186,0.281
1985-01-15T12:00,,27.6,43,0.186,0.281
1985-01-15T13:00,,25.7,49,0.186,0.281
1985-01-15T14:00,,24.3,53,0.186,0.281
1985-01-15T15:00,,23.3,57,0.186,0.281
1985-01-15T16:00,,22.5,59,0.186,0.281
1985-01-15T17:00,,21.8,60,0.186,0.281
1985-01-15T18:00,,21.2,60,0.186,0.281
1985-01-15T19:00,,20.6,61,0.186,0.281
1985-01-15T20:00,,20.1,61,0.186,0.281
1985-01-15T21:00,,19.7,61,0.186,0.281
1985-01-15T22:00,,19.3,62,0.186,0.281
1985-01-15T23:00,,19.0,64,0.186,0.281
1985-01-16T00:00,,18.5,66,0.186,0.281
1985-01-16T01:00,,18.1,68,0.186,0.281
1985-01-16T02:00,,17.8,69,0.186,0.281
1985-01-16T03:00,,19.1,66,0.186,0.281
1985-01-16T04:00,,22.4,54,0.186,0.281
1985-01-16T05:00,,25.7,44,0.186,0.281
1985-01-16T06:00,,28.4,36,0.186,0.281
1985-01-16T07:00,,30.0,31,0.186,0.281
1985-01-16T08:00,,30.9,29,0.186,0.281
1985-01-16T09:00,,31.2,29,0.186,0.281
1985-01-16T10:00,,31.1,31,0.186,0.281
1985-01-16T11:00,,30.7,32,0.186,0.281
1985-01-16T12:00,,29.5,37,0.186,0.281
1985-01-16T13:00,,27.5,43,0.186,0.281
1985-01-16T14:00,,26.1,47,0.186,0.281
1985-01-16T15:00,,25.1,49,0.186,0.281
1985-01-16T16:00,,24.2,51,0.186,0.281
1985-01-16T17:00,,23.4,53,0.186,0.281
1985-01-16T18:00,,22.6,55,0.186,0.281
1985-01-16T19:00,,22.0,56,0.186,0.281
1985-01-16T20:00,,21.3,57,0.186,0.281
1985-01-16T21:00,,20.9,58,0.186,0.281
1985-01-16T22:00,,20.7,58,0.186,0.281
1985-01-16T23:00,,20.6,57,0.186,0.281
1985-01-17T00:00,,20.8,55,0.186,0.281
1985-01-17T01:00,,20.9,54,0.186,0.281
1985-01-17T02:00,,20.8,54,0.186,0.281
1985-01-17T03:00,,22.0,53,0.186,0.281
1985-01-17T04:00,,24.8,46,0.186,0.281
1985-01-17T05:00,,27.6,41,0.186,0.281
1985-01-17T06:00,,29.8,36,0.186,0.281
1985-01-17T07:00,,30.9,33,0.186,0.281
1985-01-17T08:00,,31.5,33,0.186,0.281
1985-01-17T09:00,,31.4,34,0.186,0.281
1985-01-17T10:00,,30.9,36,0.186,0.281
1985-01-17T11:00,,30.3,38,0.186,0.281
1985-01-17T12:00,,29.1,44,0.186,0.281
1985-01-17T13:00,,27.0,51,0.186,0.281
1985-01-17T14:00,,25.4,56,0.186,0.281
1985-01-17T15:00,,24.6,59,0.186,0.281
1985-01-17T16:00,,23.9,62,0.186,0.281
1985-01-17T17:00,,23.8,61,0.186,0.281
1985-01-17T18:00,,23.0,63,0.186,0.281
1985-01-17T19:00,,21.3,72,0.186,0.281
1985-01-17T20:00,,20.9,74,0.186,0.281
1985-01-17T21:00,,20.6,75,0.186,0.281
1985-01-17T22:00,,20.0,79,0.186,0.281
1985-01-17T23:00,,19.6,82,0.186,0.281
1985-01-18T00:00,,19.2,84,0.186,0.281
1985-01-18T01:00,,18.8,85,0.186,0.281
1985-01-18T02:00,,18.6,86,0.186,0.281
1985-01-18T03:00,,20.2,80,0.186,0.281
1985-01-18T04:00,,23.7,64,0.186,0.281
1985-01-18T05:00,,26.3,50,0.186,0.281
1985-01-18T06:00,,27.9,45,0.186,0.281
1985-01-18T07:00,,29.0,41,0.186,0.281
1985-01-18T08:00,,29.6,39,0.186,0.281
1985-01-18T09:00,,29.7,38,0.186,0.281
1985-01-18T10:00,,29.3,39,0.186,0.281
1985-01-18T11:00,,28.4,44,0.186,0.281
1985-01-18T12:00,,26.9,51,0.186,0.281
1985-01-18T13:00,,25.0,60,0.186,0.281
1985-01-18T14:00,,23.6,67,0.186,0.281
1985-01-18T15:00,,22.8,73,0.186,0.281
1985-01-18T16:00,,22.1,78,0.186,0.281
1985-01-18T17:00,,21.6,81,0.186,0.281
1985-01-18T18:00,,21.2,83,0.186,0.281
1985-01-18T19:00,,21.0,83,0.186,0.281
1985-01-18T20:00,,20.7,83,0.186,0.281
1985-01-18T21:00,,20.4,84,0.186,0.281
1985-01-18T22:00,,19.9,86,0.186,0.281
1985-01-18T23:00,,19.3,89,0.186,0.281
1985-01-19T00:00,,18.6,91,0.186,0.281
1985-01-19T01:00,,19.3,87,0.186,0.281
1985-01-19T02:00,,19.4,85,0.186,0.281
1985-01-19T03:00,,19.2,85,0.186,0.281
1985-01-19T04:00,,22.3,64,0.186,0.281
1985-01-19T05:00,,23.8,49,0.186,0.281
1985-01-19T06:00,,25.0,43,0.186,0.281
1985-01-19T07:00,,25.7,40,0.186,0.281
1985-01-19T08:00,,26.3,37,0.186,0.281
1985-01-19T09:00,,26.6,35,0.186,0.281
1985-01-19T10:00,,26.5,34,0.186,0.281
1985-01-19T11:00,,26.2,34,0.186,0.281
1985-01-19T12:00,,25.3,37,0.186,0.281
1985-01-19T13:00,,23.8,45,0.186,0.281
1985-01-19T14:00,,22.5,53,0.186,0.281
1985-01-19T15:00,,21.4,60,0.186,0.281
1985-01-19T16:00,,21.2,63,0.186,0.281
1985-01-19T17:00,,20.5,67,0.186,0.281
1985-01-19T18:00,,19.6,71,0.186,0.281
1985-01-19T19:00,,18.9,74,0.186,0.281
1985-01-19T20:00,,18.5,77,0.186,0.281
1985-01-19T21:00,,18.1,80,0.186,0.281
1985-01-19T22:00,,17.8,82,0.186,0.281
1985-01-19T23:00,,17.4,83,0.186,0.281
1985-01-20T00:00,,16.5,87,0.186,0.281
1985-01-20T01:00,,15.7,91,0.186,0.281
1985-01-20T02:00,,15.9,88,0.186,0.281
1985-01-20T03:00,,17.4,81,0.186,0.281
1985-01-20T04:00,,20.5,67,0.186,0.281
1985-01-20T05:00,,23.0,56,0.186,0.281
1985-01-20T06:00,,24.8,48,0.186,0.281
1985-01-20T07:00,,25.8,44,0.186,0.281
1985-01-20T08:00,,26.5,41,0.186,0.281
1985-01-20T09:00,,26.9,40,0.186,0.281
1985-01-20T10:00,,26.9,39,0.186,0.281
1985-01-20T11:00,,26.5,40,0.186,0.281
1985-01-20T12:00,,25.7,43,0.186,0.281
1985-01-20T13:00,,24.1,49,0.186,0.281
1985-01-20T14:00,,22.8,53,0.186,0.281
1985-01-20T15:00,,22.0,55,0.186,0.281
1985-01-20T16:00,,21.3,56,0.186,0.281
1985-01-20T17:00,,20.6,57,0.186,0.281
1985-01-20T18:00,,19.7,60,0.186,0.281
1985-01-20T19:00,,18.6,63,0.186,0.281
1985-01-20T20:00,,17.7,67,0.186,0.281
1985-01-20T21:00,,17.0,71,0.186,0.281
1985-01-20T22:00,,16.3,75,0.186,0.281
1985-01-20T23:00,,15.8,78,0.186,0.281
1985-01-21T00:00,,15.5,78,0.186,0.281
1985-01-21T01:00,,15.4,78,0.186,0.281
1985-01-21T02:00,,15.3,78,0.186,0.281
1985-01-21T03:00,,17.0,71,0.186,0.281
1985-01-21T04:00,,19.9,58,0.186,0.281
1985-01-21T05:00,,22.4,48,0.186,0.281
1985-01-21T06:00,,24.5,40,0.186,0.281
1985-01-21T07:00,,25.8,35,0.186,0.281
1985-01-21T08:00,,26.8,33,0.186,0.281
1985-01-21T09:00,,27.4,32,0.186,0.281
1985-01-21T10:00,,27.6,31,0.186,0.281
1985-01-21T11:00,,27.5,32,0.186,0.281
1985-01-21T12:00,,26.7,36,0.186,0.281
1985-01-21T13:00,,24.9,43,0.186,0.281
1985-01-21T14:00,,23.4,47,0.186,0.281
1985-01-21T15:00,,22.4,50,0.186,0.281
1985-01-21T16:00,,21.7,51,0.186,0.281
1985-01-21T17:00,,21.0,52,0.186,0.281
1985-01-21T18:00,,20.3,53,0.186,0.281
1985-01-21T19:00,,19.7,56,0.186,0.281
1985-01-21T20:00,,19.1,57,0.186,0.281
1985-01-21T21:00,,18.6,59,0.186,0.281
1985-01-21T22:00,,18.1,62,0.186,0.281
1985-01-21T23:00,,17.5,64,0.186,0.281
1985-01-22T00:00,,17.0,67,0.186,0.281
1985-01-22T01:00,,16.7,68,0.186,0.281
1985-01-22T02:00,,16.7,67,0.186,0.281
1985-01-22T03:00,,18.4,60,0.186,0.281
1985-01-22T04:00,,21.8,49,0.186,0.281
1985-01-22T05:00,,24.9,42,0.186,0.281
1985-01-22T06:00,,27.4,38,0.186,0.281
1985-01-22T07:00,,29.1,34,0.186,0.281
1985-01-22T08:00,,30.2,33,0.186,0.281
1985-01-22T09:00,,30.7,33,0.186,0.281
1985-01-22T10:00,,30.8,34,0.186,0.281
1985-01-22T11:00,,30.5,35,0.186,0.281
1985-01-22T12:00,,29.5,38,0.186,0.281
1985-01-22T13:00,,27.6,43,0.186,0.281
1985-01-22T14:00,,26.2,46,0.186,0.281
1985-01-22T15:00,,25.2,48,0.186,0.281
1985-01-22T16:00,,24.3,50,0.186,0.281
1985-01-22T17:00,,23.4,52,0.186,0.281
1985-01-22T18:00,,22.6,54,0.186,0.281
1985-01-22T19:00,,22.0,55,0.186,0.281
1985-01-22T20:00,,21.4,57,0.186,0.281
1985-01-22T21:00,,21.1,59,0.186,0.281
1985-01-22T22:00,,21.0,62,0.186,0.281
1985-01-22T23:00,,21.0,63,0.186,0.281
1985-01-23T00:00,,21.0,65,0.186,0.281
1985-01-23T01:00,,20.9,67,0.186,0.281
1985-01-23T02:00,,20.7,68,0.186,0.281
1985-01-23T03:00,,21.9,66,0.186,0.281
1985-01-23T04:00,,24.4,58,0.186,0.281
1985-01-23T05:00,,27.1,51,0.186,0.281
1985-01-23T06:00,,29.4,44,0.186,0.281
1985-01-23T07:00,,30.7,39,0.186,0.281
1985-01-23T08:00,,31.6,36,0.186,0.281
1985-01-23T09:00,,31.8,35,0.186,0.281
1985-01-23T10:00,,31.6,36,0.186,0.281
1985-01-23T11:00,,31.0,37,0.186,0.281
1985-01-23T12:00,,29.7,42,0.186,0.281
1985-01-23T13:00,,27.9,47,0.186,0.281
1985-01-23T14:00,,26.7,51,0.186,0.281
1985-01-23T15:00,,25.8,53,0.186,0.281
1985-01-23T16:00,,25.1,53,0.186,0.281
1985-01-23T17:00,,24.4,54,0.186,0.281
1985-01-23T18:00,,23.6,55,0.186,0.281
1985-01-23T19:00,,22.9,57,0.186,0.281
1985-01-23T20:00,,22.2,58,0.186,0.281
1985-01-23T21:00,,21.7,58,0.186,0.281
1985-01-23T22:00,,21.1,60,0.186,0.281
1985-01-23T23:00,,20.7,61,0.186,0.281
1985-01-24T00:00,,20.3,61,0.186,0.281
1985-01-24T01:00,,20.0,63,0.186,0.281
1985-01-24T02:00,,19.8,65,0.186,0.281
1985-01-24T03:00,,21.0,63,0.186,0.281
1985-01-24T04:00,,23.8,56,0.186,0.281
1985-01-24T05:00,,26.8,49,0.186,0.281
1985-01-24T06:00,,29.2,42,0.186,0.28
1985-01-24T07:00,,30.5,39,0.186,0.28
1985-01-24T08:00,,31.2,37,0.186,0.28
1985-01-24T09:00,,31.4,37,0.186,0.28
1985-01-24T10:00,,31.1,38,0.186,0.28
1985-01-24T11:00,,30.7,39,0.186,0.28
1985-01-24T12:00,,29.7,43,0.186,0.28
1985-01-24T13:00,,27.9,47,0.186,0.28
1985-01-24T14:00,,26.6,50,0.186,0.28
1985-01-24T15:00,,25.8,51,0.186,0.28
1985-01-24T16:00,,25.2,50,0.186,0.28
1985-01-24T17:00,,24.5,50,0.186,0.28
1985-01-24T18:00,,23.7,51,0.186,0.28
1985-01-24T19:00,,23.1,53,0.186,0.28
1985-01-24T20:00,,22.4,55,0.186,0.28
1985-01-24T21:00,,21.9,55,0.186,0.28
1985-01-24T22:00,,21.4,57,0.186,0.28
1985-01-24T23:00,,20.9,58,0.186,0.28
1985-01-25T00:00,,20.5,60,0.186,0.28
1985-01-25T01:00,,20.1,62,0.186,0.28
1985-01-25T02:00,,19.7,64,0.186,0.28
1985-01-25T03:00,,20.9,61,0.186,0.28
1985-01-25T04:00,,23.8,53,0.186,0.28
1985-01-25T05:00,,26.8,43,0.186,0.28
1985-01-25T06:00,,29.0,37,0.186,0.28
1985-01-25T07:00,,29.8,35,0.186,0.28
1985-01-25T08:00,,30.4,32,0.186,0.28
1985-01-25T09:00,,30.6,31,0.186,0.28
1985-01-25T10:00,,30.4,31,0.186,0.28
1985-01-25T11:00,,30.0,31,0.186,0.28
1985-01-25T12:00,,29.0,35,0.186,0.28
1985-01-25T13:00,,27.1,39,0.186,0.28
1985-01-25T14:00,,25.5,43,0.186,0.28
1985-01-25T15:00,,24.5,46,0.186,0.28
1985-01-25T16:00,,23.6,48,0.186,0.28
1985-01-25T17:00,,22.8,49,0.186,0.28
1985-01-25T18:00,,22.0,52,0.186,0.28
1985-01-25T19:00,,21.0,56,0.186,0.28
1985-01-25T20:00,,19.9,63,0.186,0.28
1985-01-25T21:00,,19.1,67,0.186,0.28
1985-01-25T22:00,,18.5,70,0.186,0.28
1985-01-25T23:00,,17.8,74,0.186,0.28
1985-01-26T00:00,,17.3,75,0.186,0.28
1985-01-26T01:00,,16.9,77,0.186,0.28
1985-01-26T02:00,,16.4,79,0.186,0.28
1985-01-26T03:00,,18.4,72,0.186,0.28
1985-01-26T04:00,,22.4,54,0.186,0.28
1985-01-26T05:00,,25.4,41,0.186,0.28
1985-01-26T06:00,,27.5,34,0.186,0.28
1985-01-26T07:00,,28.5,31,0.186,0.28
1985-01-26T08:00,,29.1,30,0.186,0.28
1985-01-26T09:00,,29.3,30,0.186,0.28
1985-01-26T10:00,,29.1,31,0.186,0.28
1985-01-26T11:00,,28.7,31,0.186,0.28
1985-01-26T12:00,,27.8,34,0.186,0.28
1985-01-26T13:00,,26.2,39,0.186,0.28
1985-01-26T14:00,,24.9,43,0.186,0.28
1985-01-26T15:00,,23.8,46,0.186,0.28
1985-01-26T16:00,,22.3,52,0.186,0.28
1985-01-26T17:00,,21.0,56,0.186,0.28
1985-01-26T18:00,,19.8,61,0.186,0.28
1985-01-26T19:00,,19.2,64,0.186,0.28
1985-01-26T20:00,,19.4,64,0.186,0.28
1985-01-26T21:00,,18.7,68,0.186,0.28
1985-01-26T22:00,,17.0,76,0.186,0.28
1985-01-26T23:00,,16.9,75,0.186,0.28
1985-01-27T00:00,,16.9,73,0.186,0.28
1985-01-27T01:00,,16.9,70,0.186,0.28
1985-01-27T02:00,,16.9,66,0.186,0.28
1985-01-27T03:00,,18.5,58,0.186,0.28
1985-01-27T04:00,,21.9,46,0.186,0.28
1985-01-27T05:00,,24.8,41,0.186,0.28
1985-01-27T06:00,,26.8,40,0.186,0.28
1985-01-27T07:00,,28.0,37,0.186,0.28
1985-01-27T08:00,,28.9,35,0.186,0.28
1985-01-27T09:00,,29.2,35,0.186,0.28
1985-01-27T10:00,,29.2,35,0.186,0.28
1985-01-27T11:00,,28.9,36,0.186,0.28
1985-01-27T12:00,,28.0,38,0.186,0.28
1985-01-27T13:00,,26.2,43,0.186,0.28
1985-01-27T14:00,,24.7,45,0.186,0.28
1985-01-27T15:00,,23.7,45,0.186,0.28
1985-01-27T16:00,,22.9,44,0.186,0.28
1985-01-27T17:00,,22.1,42,0.186,0.28
1985-01-27T18:00,,21.3,42,0.186,0.28
1985-01-27T19:00,,20.4,42,0.186,0.28
1985-01-27T20:00,,19.7,44,0.186,0.28
1985-01-27T21:00,,19.0,46,0.186,0.28
1985-01-27T22:00,,18.3,48,0.186,0.28
1985-01-27T23:00,,17.8,49,0.186,0.28
1985-01-28T00:00,,17.2,52,0.186,0.28
1985-01-28T01:00,,16.7,55,0.186,0.28
1985-01-28T02:00,,16.1,58,0.186,0.28
1985-01-28T03:00,,17.3,56,0.186,0.28
1985-01-28T04:00,,20.4,45,0.186,0.28
1985-01-28T05:00,,23.5,37,0.186,0.28
1985-01-28T06:00,,26.2,31,0.186,0.28
1985-01-28T07:00,,28.0,28,0.186,0.28
1985-01-28T08:00,,29.2,27,0.186,0.28
1985-01-28T09:00,,29.7,26,0.186,0.28
1985-01-28T10:00,,29.7,27,0.186,0.28
1985-01-28T11:00,,29.3,28,0.186,0.28
1985-01-28T12:00,,28.2,32,0.186,0.28
1985-01-28T13:00,,26.2,36,0.186,0.28
1985-01-28T14:00,,24.8,38,0.186,0.28
1985-01-28T15:00,,23.8,38,0.186,0.28
1985-01-28T16:00,,22.8,38,0.186,0.28
1985-01-28T17:00,,21.9,39,0.186,0.28
1985-01-28T18:00,,21.0,40,0.186,0.28
1985-01-28T19:00,,20.2,43,0.186,0.28
1985-01-28T20:00,,19.5,44,0.186,0.28
1985-01-28T21:00,,18.8,46,0.186,0.28
1985-01-28T22:00,,18.2,48,0.186,0.28
1985-01-28T23:00,,17.5,51,0.186,0.28
1985-01-29T00:00,,16.9,54,0.186,0.28
1985-01-29T01:00,,16.4,57,0.186,0.28
1985-01-29T02:00,,16.0,59,0.186,0.28
1985-01-29T03:00,,17.3,57,0.186,0.28
1985-01-29T04:00,,20.4,47,0.186,0.28
1985-01-29T05:00,,23.5,40,0.186,0.28
1985-01-29T06:00,,26.3,34,0.186,0.28
1985-01-29T07:00,,28.5,29,0.186,0.28
1985-01-29T08:00,,29.8,27,0.186,0.28
1985-01-29T09:00,,30.4,27,0.186,0.28
1985-01-29T10:00,,30.5,28,0.186,0.28
1985-01-29T11:00,,30.1,29,0.186,0.28
1985-01-29T12:00,,29.0,35,0.186,0.28
1985-01-29T13:00,,26.9,41,0.186,0.28
1985-01-29T14:00,,25.3,45,0.186,0.28
1985-01-29T15:00,,24.3,47,0.186,0.28
1985-01-29T16:00,,23.6,46,0.186,0.28
1985-01-29T17:00,,22.8,47,0.186,0.28
1985-01-29T18:00,,22.0,47,0.186,0.28
1985-01-29T19:00,,21.1,47,0.186,0.28
1985-01-29T20:00,,20.4,48,0.186,0.28
1985-01-29T21:00,,19.6,51,0.186,0.28
1985-01-29T22:00,,19.0,53,0.186,0.28
1985-01-29T23:00,,18.4,55,0.186,0.28
1985-01-30T00:00,,17.9,57,0.186,0.28
1985-01-30T01:00,,17.3,60,0.186,0.28
1985-01-30T02:00,,16.9,62,0.186,0.28
1985-01-30T03:00,,18.2,60,0.186,0.28
1985-01-30T04:00,,21.4,50,0.186,0.28
1985-01-30T05:00,,24.5,41,0.186,0.28
1985-01-30T06:00,,27.1,36,0.186,0.28
1985-01-30T07:00,,28.8,33,0.186,0.28
1985-01-30T08:00,,29.7,32,0.186,0.28
1985-01-30T09:00,,30.1,32,0.186,0.28
1985-01-30T10:00,,30.0,33,0.186,0.28
1985-01-30T11:00,,29.5,35,0.186,0.28
1985-01-30T12:00,,28.4,39,0.186,0.28
1985-01-30T13:00,,26.5,46,0.186,0.28
1985-01-30T14:00,,25.0,49,0.186,0.28
1985-01-30T15:00,,24.2,51,0.186,0.28
1985-01-30T16:00,,23.5,53,0.186,0.28
1985-01-30T17:00,,22.4,56,0.186,0.28
1985-01-30T18:00,,21.4,58,0.186,0.28
1985-01-30T19:00,,20.3,64,0.186,0.28
1985-01-30T20:00,,19.6,67,0.186,0.28
1985-01-30T21:00,,19.6,67,0.186,0.28
1985-01-30T22:00,,19.6,67,0.186,0.28
1985-01-30T23:00,,19.0,68,0.186,0.28
1985-01-31T00:00,,17.8,74,0.186,0.28
1985-01-31T01:00,,16.9,76,0.186,0.28
1985-01-31T02:00,,16.6,76,0.186,0.28
1985-01-31T03:00,,18.2,69,0.186,0.28
1985-01-31T04:00,,21.3,54,0.186,0.28
1985-01-31T05:00,,23.9,43,0.186,0.28
1985-01-31T06:00,,26.2,36,0.186,0.28
1985-01-31T07:00,,28.1,32,0.186,0.28
1985-01-31T08:00,,29.2,30,0.186,0.28
1985-01-31T09:00,,29.6,29,0.186,0.28
1985-01-31T10:00,,29.6,29,0.186,0.28
1985-01-31T11:00,,29.1,31,0.186,0.28
1985-01-31T12:00,,27.9,37,0.186,0.28
1985-01-31T13:00,,25.8,45,0.186,0.28
1985-01-31T14:00,,24.3,49,0.186,0.28
1985-01-31T15:00,,23.4,51,0.186,0.28
1985-01-31T16:00,,22.8,52,0.186,0.28
1985-01-31T17:00,,22.0,54,0.186,0.28
1985-01-31T18:00,,20.9,57,0.186,0.28
1985-01-31T19:00,,20.2,57,0.186,0.28
1985-01-31T20:00,,19.0,62,0.186,0.28
1985-01-31T21:00,,18.2,65,0.186,0.28
1985-01-31T22:00,,17.6,67,0.186,0.28
1985-01-31T23:00,,17.2,68,0.186,0.28
1985-02-01T00:00,,17.0,69,0.186,0.28
1985-02-01T01:00,,16.8,69,0.186,0.28
1985-02-01T02:00,,16.4,69,0.186,0.28
1985-02-01T03:00,,18.0,63,0.186,0.28
1985-02-01T04:00,,21.5,48,0.186,0.28
1985-02-01T05:00,,24.4,39,0.186,0.28
1985-02-01T06:00,,27.0,32,0.186,0.28
1985-02-01T07:00,,29.0,27,0.186,0.28
1985-02-01T08:00,,29.9,24,0.186,0.28
1985-02-01T09:00,,30.3,24,0.186,0.28
1985-02-01T10:00,,30.2,26,0.186,0.28
1985-02-01T11:00,,29.7,28,0.186,0.28
1985-02-01T12:00,,28.6,33,0.186,0.28
1985-02-01T13:00,,26.8,40,0.186,0.28
1985-02-01T14:00,,25.3,44,0.186,0.28
1985-02-01T15:00,,24.4,46,0.186,0.28
1985-02-01T16:00,,23.6,46,0.186,0.28
1985-02-01T17:00,,22.9,44,0.186,0.28
1985-02-01T18:00,,22.1,43,0.186,0.28
1985-02-01T19:00,,21.3,45,0.186,0.28
1985-02-01T20:00,,20.6,46,0.186,0.28
1985-02-01T21:00,,20.0,47,0.186,0.28
1985-02-01T22:00,,19.6,49,0.186,0.28
1985-02-01T23:00,,19.1,50,0.186,0.28
1985-02-02T00:00,,18.6,53,0.186,0.28
1985-02-02T01:00,,18.1,55,0.186,0.28
1985-02-02T02:00,,17.7,57,0.186,0.28
1985-02-02T03:00,,19.2,53,0.186,0.28
1985-02-02T04:00,,22.7,44,0.186,0.28
1985-02-02T05:00,,26.1,37,0.186,0.28
1985-02-02T06:00,,28.8,32,0.186,0.28
1985-02-02T07:00,,30.9,26,0.186,0.28
1985-02-02T08:00,,31.8,23,0.186,0.28
1985-02-02T09:00,,32.1,23,0.186,0.28
1985-02-02T10:00,,32.0,25,0.186,0.28
1985-02-02T11:00,,31.4,28,0.186,0.28
1985-02-02T12:00,,30.0,33,0.186,0.28
1985-02-02T13:00,,27.8,39,0.186,0.28
1985-02-02T14:00,,26.2,43,0.186,0.28
1985-02-02T15:00,,25.2,46,0.186,0.28
1985-02-02T16:00,,24.4,47,0.186,0.28
1985-02-02T17:00,,23.6,48,0.186,0.28
1985-02-02T18:00,,22.6,51,0.186,0.28
1985-02-02T19:00,,21.7,54,0.186,0.28
1985-02-02T20:00,,20.7,56,0.186,0.28
1985-02-02T21:00,,19.8,60,0.186,0.28
1985-02-02T22:00,,19.0,62,0.186,0.28
1985-02-02T23:00,,18.4,64,0.186,0.28
1985-02-03T00:00,,17.9,66,0.186,0.28
1985-02-03T01:00,,17.5,67,0.186,0.28
1985-02-03T02:00,,17.1,68,0.186,0.28
1985-02-03T03:00,,18.9,62,0.186,0.28
1985-02-03T04:00,,22.5,51,0.186,0.28
1985-02-03T05:00,,26.1,41,0.186,0.28
1985-02-03T06:00,,28.8,34,0.186,0.28
1985-02-03T07:00,,30.7,29,0.186,0.28
1985-02-03T08:00,,31.6,26,0.186,0.28
1985-02-03T09:00,,31.9,26,0.186,0.28
1985-02-03T10:00,,31.7,27,0.186,0.28
1985-02-03T11:00,,31.2,28,0.186,0.28
1985-02-03T12:00,,30.1,32,0.186,0.28
1985-02-03T13:00,,28.0,36,0.186,0.28
1985-02-03T14:00,,26.3,39,0.186,0.28
1985-02-03T15:00,,25.1,42,0.186,0.28
1985-02-03T16:00,,24.2,44,0.186,0.28
1985-02-03T17:00,,23.0,48,0.186,0.28
1985-02-03T18:00,,21.6,53,0.186,0.28
1985-02-03T19:00,,20.5,54,0.186,0.28
1985-02-03T20:00,,19.6,58,0.186,0.28
1985-02-03T21:00,,18.5,64,0.186,0.28
1985-02-03T22:00,,17.3,72,0.186,0.28
1985-02-03T23:00,,17.6,72,0.186,0.28
1985-02-04T00:00,,17.5,75,0.186,0.28
1985-02-04T01:00,,17.1,76,0.186,0.28
1985-02-04T02:00,,16.1,81,0.186,0.279
1985-02-04T03:00,,17.7,75,0.186,0.279
1985-02-04T04:00,,22.4,52,0.186,0.279
1985-02-04T05:00,,25.7,38,0.186,0.279
1985-02-04T06:00,,28.0,30,0.186,0.279
1985-02-04T07:00,,29.4,27,0.186,0.279
1985-02-04T08:00,,30.4,25,0.186,0.279
1985-02-04T09:00,,30.7,25,0.186,0.279
1985-02-04T10:00,,30.6,26,0.186,0.279
1985-02-04T11:00,,30.0,28,0.186,0.279
1985-02-04T12:00,,28.8,32,0.186,0.279
1985-02-04T13:00,,26.9,40,0.186,0.279
1985-02-04T14:00,,25.1,48,0.186,0.279
1985-02-04T15:00,,23.8,57,0.186,0.279
1985-02-04T16:00,,22.8,63,0.186,0.279
1985-02-04T17:00,,22.1,66,0.186,0.279
1985-02-04T18:00,,21.3,70,0.186,0.279
1985-02-04T19:00,,20.9,76,0.186,0.279
1985-02-04T20:00,,20.4,80,0.186,0.279
1985-02-04T21:00,,20.0,83,0.186,0.279
1985-02-04T22:00,,19.4,86,0.186,0.279
1985-02-04T23:00,,18.8,89,0.186,0.279
1985-02-05T00:00,,19.2,86,0.186,0.279
1985-02-05T01:00,,18.1,90,0.186,0.279
1985-02-05T02:00,,17.3,90,0.186,0.279
1985-02-05T03:00,,18.9,84,0.186,0.279
1985-02-05T04:00,,21.8,74,0.186,0.279
1985-02-05T05:00,,23.7,65,0.186,0.279
1985-02-05T06:00,,25.4,59,0.186,0.279
1985-02-05T07:00,,26.6,55,0.186,0.279
1985-02-05T08:00,,27.7,50,0.186,0.279
1985-02-05T09:00,,28.2,47,0.186,0.279
1985-02-05T10:00,,28.4,45,0.186,0.279
1985-02-05T11:00,,28.2,45,0.186,0.279
1985-02-05T12:00,,27.4,49,0.186,0.279
1985-02-05T13:00,,25.8,58,0.186,0.279
1985-02-05T14:00,,24.2,67,0.186,0.279
1985-02-05T15:00,,23.1,76,0.186,0.279
1985-02-05T16:00,,22.3,82,0.186,0.279
1985-02-05T17:00,,21.7,87,0.186,0.279
1985-02-05T18:00,,21.2,90,0.186,0.279
1985-02-05T19:00,,20.9,91,0.186,0.279
1985-02-05T20:00,,20.5,93,0.186,0.279
1985-02-05T21:00,,20.1,95,0.186,0.279
1985-02-05T22:00,,19.5,97,0.186,0.279
1985-02-05T23:00,,19.2,98,0.186,0.279
1985-02-06T00:00,,18.2,99,0.186,0.279
1985-02-06T01:00,,18.0,99,0.186,0.279
1985-02-06T02:00,,18.1,98,0.186,0.279
1985-02-06T03:00,,19.8,92,0.186,0.279
1985-02-06T04:00,,22.0,82,0.186,0.279
1985-02-06T05:00,,23.9,71,0.186,0.279
1985-02-06T06:00,,26.0,60,0.186,0.279
1985-02-06T07:00,,28.0,47,0.186,0.279
1985-02-06T08:00,,29.0,40,0.186,0.279
1985-02-06T09:00,,29.4,38,0.186,0.279
1985-02-06T10:00,,29.4,37,0.186,0.279
1985-02-06T11:00,,29.1,38,0.186,0.279
1985-02-06T12:00,,28.2,43,0.186,0.279
1985-02-06T13:00,,26.4,51,0.186,0.279
1985-02-06T14:00,,24.9,56,0.186,0.279
1985-02-06T15:00,,24.1,57,0.186,0.279
1985-02-06T16:00,,23.4,58,0.186,0.279
1985-02-06T17:00,,22.7,59,0.186,0.279
1985-02-06T18:00,,22.0,61,0.186,0.279
1985-02-06T19:00,,20.9,70,0.186,0.279
1985-02-06T20:00,,20.6,72,0.186,0.279
1985-02-06T21:00,,20.1,75,0.186,0.279
1985-02-06T22:00,,19.5,79,0.186,0.279
1985-02-06T23:00,,19.2,80,0.186,0.279
1985-02-07T00:00,,18.0,85,0.186,0.279
1985-02-07T01:00,,16.9,88,0.186,0.279
1985-02-07T02:00,,16.8,86,0.186,0.279
1985-02-07T03:00,,18.4,77,0.186,0.279
1985-02-07T04:00,,22.6,54,0.186,0.279
1985-02-07T05:00,,25.3,38,0.186,0.279
1985-02-07T06:00,,27.3,30,0.186,0.279
1985-02-07T07:00,,28.7,26,0.186,0.279
1985-02-07T08:00,,29.4,26,0.186,0.279
1985-02-07T09:00,,29.7,28,0.186,0.279
1985-02-07T10:00,,29.5,29,0.186,0.279
1985-02-07T11:00,,29.0,32,0.186,0.279
1985-02-07T12:00,,27.9,38,0.186,0.279
1985-02-07T13:00,,25.9,48,0.186,0.279
1985-02-07T14:00,,24.3,55,0.186,0.279
1985-02-07T15:00,,23.3,60,0.186,0.279
1985-02-07T16:00,,22.6,66,0.186,0.279
1985-02-07T17:00,,21.8,72,0.186,0.279
1985-02-07T18:00,,20.9,78,0.186,0.279
1985-02-07T19:00,,20.3,82,0.186,0.279
1985-02-07T20:00,,20.0,86,0.186,0.279
1985-02-07T21:00,,19.7,88,0.186,0.279
1985-02-07T22:00,,19.3,91,0.186,0.279
1985-02-07T23:00,,18.6,94,0.186,0.279
1985-02-08T00:00,,19.3,89,0.186,0.279
1985-02-08T01:00,,18.0,93,0.186,0.279
1985-02-08T02:00,,16.9,95,0.186,0.279
1985-02-08T03:00,,19.2,87,0.186,0.279
1985-02-08T04:00,,21.7,78,0.186,0.279
1985-02-08T05:00,,23.5,67,0.186,0.279
1985-02-08T06:00,,25.1,58,0.186,0.279
1985-02-08T07:00,,26.3,53,0.186,0.279
1985-02-08T08:00,,27.1,49,0.186,0.279
1985-02-08T09:00,,27.4,47,0.186,0.279
1985-02-08T10:00,,27.4,45,0.186,0.279
1985-02-08T11:00,,26.8,46,0.186,0.279
1985-02-08T12:00,,25.8,50,0.186,0.279
1985-02-08T13:00,,24.2,59,0.186,0.279
1985-02-08T14:00,,22.8,67,0.186,0.279
1985-02-08T15:00,,21.8,74,0.186,0.279
1985-02-08T16:00,,21.1,79,0.186,0.279
1985-02-08T17:00,,20.4,83,0.186,0.279
1985-02-08T18:00,,19.4,89,0.186,0.279
1985-02-08T19:00,,18.5,93,0.186,0.279
1985-02-08T20:00,,17.9,94,0.186,0.279
1985-02-08T21:00,,17.8,94,0.186,0.279
1985-02-08T22:00,,18.3,93,0.186,0.279
1985-02-08T23:00,,18.5,93,0.186,0.279
1985-02-09T00:00,,18.0,95,0.186,0.279
1985-02-09T01:00,,17.5,95,0.186,0.279
1985-02-09T02:00,,16.6,96,0.186,0.279
1985-02-09T03:00,,18.3,92,0.186,0.279
1985-02-09T04:00,,21.7,77,0.186,0.279
1985-02-09T05:00,,23.9,63,0.186,0.279
1985-02-09T06:00,,26.0,49,0.186,0.279
1985-02-09T07:00,,27.3,41,0.186,0.279
1985-02-09T08:00,,28.3,35,0.186,0.279
1985-02-09T09:00,,28.8,32,0.186,0.279
1985-02-09T10:00,,29.0,31,0.186,0.279
1985-02-09T11:00,,28.8,29,0.186,0.279
1985-02-09T12:00,,28.1,31,0.186,0.279
1985-02-09T13:00,,26.4,36,0.186,0.279
1985-02-09T14:00,,24.9,37,0.186,0.279
1985-02-09T15:00,,24.0,37,0.186,0.279
1985-02-09T16:00,,23.2,35,0.186,0.279
1985-02-09T17:00,,22.4,33,0.186,0.279
1985-02-09T18:00,,21.6,33,0.186,0.279
1985-02-09T19:00,,20.8,33,0.186,0.279
1985-02-09T20:00,,19.8,35,0.186,0.279
1985-02-09T21:00,,18.6,41,0.186,0.279
1985-02-09T22:00,,18.7,43,0.186,0.279
1985-02-09T23:00,,18.5,46,0.186,0.279
1985-02-10T00:00,,18.1,49,0.186,0.279
1985-02-10T01:00,,17.8,50,0.186,0.279
1985-02-10T02:00,,16.6,54,0.186,0.279
1985-02-10T03:00,,17.0,56,0.186,0.279
1985-02-10T04:00,,21.0,36,0.186,0.279
1985-02-10T05:00,,23.6,27,0.186,0.279
1985-02-10T06:00,,25.8,23,0.186,0.279
1985-02-10T07:00,,27.3,21,0.186,0.279
1985-02-10T08:00,,28.0,20,0.186,0.279
1985-02-10T09:00,,28.3,20,0.186,0.279
1985-02-10T10:00,,28.1,21,0.186,0.279
1985-02-10T11:00,,27.7,21,0.186,0.279
1985-02-10T12:00,,26.8,25,0.186,0.279
1985-02-10T13:00,,25.1,32,0.186,0.279
1985-02-10T14:00,,23.6,38,0.186,0.279
1985-02-10T15:00,,22.6,42,0.186,0.279
1985-02-10T16:00,,21.7,45,0.186,0.279
1985-02-10T17:00,,20.6,47,0.186,0.279
1985-02-10T18:00,,19.3,51,0.186,0.279
1985-02-10T19:00,,20.3,52,0.186,0.279
1985-02-10T20:00,,19.6,56,0.186,0.279
1985-02-10T21:00,,18.6,59,0.186,0.279
1985-02-10T22:00,,17.4,63,0.186,0.279
1985-02-10T23:00,,16.3,65,0.186,0.279
1985-02-11T00:00,,15.8,65,0.186,0.279
1985-02-11T01:00,,15.3,65,0.186,0.279
1985-02-11T02:00,,14.9,65,0.186,0.279
1985-02-11T03:00,,16.5,62,0.186,0.279
1985-02-11T04:00,,20.6,42,0.186,0.279
1985-02-11T05:00,,23.1,34,0.186,0.279
1985-02-11T06:00,,25.3,29,0.186,0.279
1985-02-11T07:00,,27.3,25,0.186,0.279
1985-02-11T08:00,,28.6,24,0.186,0.279
1985-02-11T09:00,,29.2,23,0.186,0.279
1985-02-11T10:00,,29.5,23,0.186,0.279
1985-02-11T11:00,,29.3,25,0.186,0.279
1985-02-11T12:00,,28.5,29,0.186,0.279
1985-02-11T13:00,,26.7,36,0.186,0.279
1985-02-11T14:00,,25.0,41,0.186,0.279
1985-02-11T15:00,,24.0,42,0.186,0.279
1985-02-11T16:00,,23.2,40,0.186,0.279
1985-02-11T17:00,,22.4,37,0.186,0.279
1985-02-11T18:00,,21.7,34,0.186,0.279
1985-02-11T19:00,,21.0,33,0.186,0.279
1985-02-11T20:00,,20.3,32,0.186,0.279
1985-02-11T21:00,,19.8,32,0.186,0.279
1985-02-11T22:00,,19.2,33,0.186,0.279
1985-02-11T23:00,,18.7,34,0.186,0.279
1985-02-12T00:00,,18.2,35,0.186,0.279
1985-02-12T01:00,,17.8,37,0.186,0.279
1985-02-12T02:00,,17.6,39,0.186,0.279
1985-02-12T03:00,,19.1,37,0.186,0.279
1985-02-12T04:00,,22.4,29,0.186,0.279
1985-02-12T05:00,,25.2,23,0.186,0.279
1985-02-12T06:00,,27.5,21,0.186,0.279
1985-02-12T07:00,,29.4,19,0.186,0.279
1985-02-12T08:00,,30.6,18,0.186,0.279
1985-02-12T09:00,,31.0,19,0.186,0.279
1985-02-12T10:00,,31.0,21,0.186,0.279
1985-02-12T11:00,,30.6,22,0.186,0.279
1985-02-12T12:00,,29.6,24,0.186,0.279
1985-02-12T13:00,,27.6,27,0.186,0.279
1985-02-12T14:00,,25.9,29,0.186,0.279
1985-02-12T15:00,,24.7,29,0.186,0.279
1985-02-12T16:00,,23.7,28,0.186,0.279
1985-02-12T17:00,,22.8,28,0.186,0.279
1985-02-12T18:00,,21.9,28,0.186,0.279
1985-02-12T19:00,,21.3,29,0.186,0.279
1985-02-12T20:00,,20.5,30,0.186,0.279
1985-02-12T21:00,,19.8,31,0.186,0.279
1985-02-12T22:00,,19.2,33,0.186,0.279
1985-02-12T23:00,,18.6,34,0.186,0.279
1985-02-13T00:00,,18.1,36,0.186,0.279
1985-02-13T01:00,,17.5,38,0.186,0.279
1985-02-13T02:00,,16.9,41,0.186,0.279
1985-02-13T03:00,,18.3,40,0.186,0.279
1985-02-13T04:00,,21.3,33,0.186,0.279
1985-02-13T05:00,,24.4,28,0.186,0.279
1985-02-13T06:00,,27.2,23,0.186,0.279
1985-02-13T07:00,,28.9,21,0.186,0.279
1985-02-13T08:00,,30.0,20,0.186,0.279
1985-02-13T09:00,,30.3,21,0.186,0.279
1985-02-13T10:00,,30.2,23,0.186,0.279
1985-02-13T11:00,,29.7,25,0.186,0.279
1985-02-13T12:00,,28.6,28,0.186,0.279
1985-02-13T13:00,,26.6,33,0.186,0.279
1985-02-13T14:00,,25.1,35,0.186,0.279
1985-02-13T15:00,,24.2,36,0.186,0.279
1985-02-13T16:00,,23.4,37,0.186,0.279
1985-02-13T17:00,,22.7,38,0.186,0.279
1985-02-13T18:00,,21.8,39,0.186,0.279
1985-02-13T19:00,,20.9,42,0.186,0.279
1985-02-13T20:00,,19.9,46,0.186,0.279
1985-02-13T21:00,,18.8,49,0.186,0.279
1985-02-13T22:00,,17.9,52,0.186,0.279
1985-02-13T23:00,,17.2,53,0.186,0.279
1985-02-14T00:00,,16.9,52,0.186,0.279
1985-02-14T01:00,,16.6,51,0.186,0.279
1985-02-14T02:00,,16.3,50,0.186,0.279
1985-02-14T03:00,,18.2,46,0.186,0.279
1985-02-14T04:00,,21.9,35,0.186,0.279
1985-02-14T05:00,,25.0,27,0.186,0.279
1985-02-14T06:00,,27.4,22,0.186,0.279
1985-02-14T07:00,,28.4,20,0.186,0.279
1985-02-14T08:00,,28.9,21,0.186,0.279
1985-02-14T09:00,,29.0,22,0.186,0.279
1985-02-14T10:00,,28.9,22,0.186,0.279
1985-02-14T11:00,,28.5,22,0.186,0.279
1985-02-14T12:00,,27.5,26,0.186,0.279
1985-02-14T13:00,,25.6,31,0.186,0.279
1985-02-14T14:00,,24.0,35,0.186,0.279
1985-02-14T15:00,,23.1,37,0.186,0.279
1985-02-14T16:00,,22.4,39,0.186,0.279
1985-02-14T17:00,,21.9,41,0.186,0.279
1985-02-14T18:00,,21.1,41,0.186,0.279
1985-02-14T19:00,,20.2,41,0.186,0.279
1985-02-14T20:00,,19.4,41,0.186,0.279
1985-02-14T21:00,,18.6,42,0.186,0.279
1985-02-14T22:00,,18.0,42,0.186,0.279
1985-02-14T23:00,,17.4,42,0.186,0.279
1985-02-15T00:00,,16.9,42,0.186,0.279
1985-02-15T01:00,,16.4,44,0.186,0.279
1985-02-15T02:00,,15.9,45,0.186,0.279
1985-02-15T03:00,,17.6,43,0.186,0.279
1985-02-15T04:00,,21.5,33,0.186,0.279
1985-02-15T05:00,,25.1,25,0.186,0.279
1985-02-15T06:00,,27.7,20,0.186,0.279
1985-02-15T07:00,,29.5,16,0.186,0.279
1985-02-15T08:00,,30.2,15,0.186,0.279
1985-02-15T09:00,,30.4,16,0.186,0.279
1985-02-15T10:00,,30.4,17,0.186,0.279
1985-02-15T11:00,,30.0,18,0.186,0.279
1985-02-15T12:00,,29.2,20,0.186,0.279
1985-02-15T13:00,,27.1,23,0.186,0.279
1985-02-15T14:00,,25.2,26,0.186,0.279
1985-02-15T15:00,,24.0,27,0.186,0.279
1985-02-15T16:00,,22.9,28,0.186,0.279
1985-02-15T17:00,,22.0,29,0.186,0.279
1985-02-15T18:00,,21.1,29,0.186,0.279
1985-02-15T19:00,,20.5,29,0.186,0.279
1985-02-15T20:00,,19.8,30,0.186,0.279
1985-02-15T21:00,,19.2,31,0.186,0.279
1985-02-15T22:00,,18.6,33,0.186,0.279
1985-02-15T23:00,,18.0,34,0.186,0.279
1985-02-16T00:00,,17.6,35,0.186,0.279
1985-02-16T01:00,,17.1,36,0.186,0.279
1985-02-16T02:00,,16.8,37,0.186,0.279
1985-02-16T03:00,,18.4,35,0.186,0.279
1985-02-16T04:00,,22.1,28,0.186,0.279
1985-02-16T05:00,,25.7,22,0.186,0.279
1985-02-16T06:00,,28.6,18,0.186,0.279
1985-02-16T07:00,,30.5,15,0.186,0.279
1985-02-16T08:00,,31.6,14,0.186,0.279
1985-02-16T09:00,,32.0,15,0.186,0.279
1985-02-16T10:00,,31.9,17,0.186,0.279
1985-02-16T11:00,,31.6,18,0.186,0.279
1985-02-16T12:00,,30.6,21,0.186,0.279
1985-02-16T13:00,,28.3,26,0.186,0.279
1985-02-16T14:00,,26.4,28,0.186,0.279
1985-02-16T15:00,,25.0,29,0.186,0.279
1985-02-16T16:00,,23.8,30,0.186,0.279
1985-02-16T17:00,,22.7,32,0.186,0.279
1985-02-16T18:00,,21.7,33,0.186,0.279
1985-02-16T19:00,,20.9,35,0.186,0.279
1985-02-16T20:00,,20.1,36,0.186,0.279
1985-02-16T21:00,,19.3,38,0.186,0.278
1985-02-16T22:00,,18.6,40,0.186,0.278
1985-02-16T23:00,,18.1,41,0.186,0.278
1985-02-17T00:00,,17.7,42,0.186,0.278
1985-02-17T01:00,,17.4,43,0.186,0.278
1985-02-17T02:00,,17.2,43,0.186,0.278
1985-02-17T03:00,,19.2,39,0.186,0.278
1985-02-17T04:00,,23.0,31,0.186,0.278
1985-02-17T05:00,,26.7,25,0.186,0.278
1985-02-17T06:00,,29.5,21,0.186,0.278
1985-02-17T07:00,,31.5,18,0.186,0.278
1985-02-17T08:00,,32.1,19,0.186,0.278
1985-02-17T09:00,,32.2,21,0.186,0.278
1985-02-17T10:00,,31.8,23,0.186,0.278
1985-02-17T11:00,,31.2,24,0.186,0.278
1985-02-17T12:00,,29.8,29,0.186,0.278
1985-02-17T13:00,,27.6,34,0.186,0.278
1985-02-17T14:00,,25.9,39,0.186,0.278
1985-02-17T15:00,,25.0,41,0.186,0.278
1985-02-17T16:00,,23.9,44,0.186,0.278
1985-02-17T17:00,,22.4,47,0.186,0.278
1985-02-17T18:00,,21.4,49,0.186,0.278
1985-02-17T19:00,,20.8,54,0.186,0.278
1985-02-17T20:00,,20.1,55,0.186,0.278
1985-02-17T21:00,,19.3,57,0.186,0.278
1985-02-17T22:00,,18.4,61,0.186,0.278
1985-02-17T23:00,,18.6,59,0.186,0.278
1985-02-18T00:00,,17.7,64,0.186,0.278
1985-02-18T01:00,,17.0,68,0.186,0.278
1985-02-18T02:00,,16.9,68,0.186,0.278
1985-02-18T03:00,,19.8,59,0.186,0.278
1985-02-18T04:00,,23.7,46,0.186,0.278
1985-02-18T05:00,,26.5,37,0.186,0.278
1985-02-18T06:00,,28.4,30,0.186,0.278
1985-02-18T07:00,,29.8,29,0.186,0.278
1985-02-18T08:00,,30.6,27,0.186,0.278
1985-02-18T09:00,,31.0,27,0.186,0.278
1985-02-18T10:00,,30.9,27,0.186,0.278
1985-02-18T11:00,,30.5,28,0.186,0.278
1985-02-18T12:00,,29.6,30,0.186,0.278
1985-02-18T13:00,,27.8,34,0.186,0.278
1985-02-18T14:00,,26.3,37,0.186,0.278
1985-02-18T15:00,,25.2,41,0.186,0.278
1985-02-18T16:00,,24.2,46,0.186,0.278
1985-02-18T17:00,,23.3,53,0.186,0.278
1985-02-18T18:00,,22.4,60,0.186,0.278
1985-02-18T19:00,,21.8,64,0.186,0.278
1985-02-18T20:00,,20.7,73,0.186,0.278
1985-02-18T21:00,,21.2,72,0.186,0.278
1985-02-18T22:00,,20.6,76,0.186,0.278
1985-02-18T23:00,,19.9,77,0.186,0.278
1985-02-19T00:00,,18.6,81,0.186,0.278
1985-02-19T01:00,,18.0,79,0.186,0.278
1985-02-19T02:00,,18.1,74,0.186,0.278
1985-02-19T03:00,,20.1,61,0.186,0.278
1985-02-19T04:00,,22.8,45,0.186,0.278
1985-02-19T05:00,,24.6,41,0.186,0.278
1985-02-19T06:00,,26.0,39,0.186,0.278
1985-02-19T07:00,,27.1,40,0.186,0.278
1985-02-19T08:00,,28.0,38,0.186,0.278
1985-02-19T09:00,,28.6,35,0.186,0.278
1985-02-19T10:00,,28.8,33,0.186,0.278
1985-02-19T11:00,,28.6,33,0.186,0.278
1985-02-19T12:00,,28.0,35,0.186,0.278
1985-02-19T13:00,,26.6,42,0.186,0.278
1985-02-19T14:00,,24.8,52,0.186,0.278
1985-02-19T15:00,,23.3,62,0.186,0.278
1985-02-19T16:00,,22.4,69,0.186,0.278
1985-02-19T17:00,,21.8,74,0.186,0.278
1985-02-19T18:00,,21.3,80,0.186,0.278
1985-02-19T19:00,,21.0,83,0.186,0.278
1985-02-19T20:00,,20.5,87,0.186,0.278
1985-02-19T21:00,,20.0,90,0.186,0.278
1985-02-19T22:00,,19.1,93,0.186,0.278
1985-02-19T23:00,,18.8,93,0.186,0.278
1985-02-20T00:00,,18.6,91,0.186,0.278
1985-02-20T01:00,,18.3,86,0.186,0.278
1985-02-20T02:00,,18.1,83,0.186,0.278
1985-02-20T03:00,,19.4,71,0.186,0.278
1985-02-20T04:00,,21.3,58,0.186,0.278
1985-02-20T05:00,,23.5,49,0.186,0.278
1985-02-20T06:00,,25.7,41,0.186,0.278
1985-02-20T07:00,,27.7,35,0.186,0.278
1985-02-20T08:00,,29.0,31,0.186,0.278
1985-02-20T09:00,,29.6,29,0.186,0.278
1985-02-20T10:00,,29.8,28,0.186,0.278
1985-02-20T11:00,,29.6,29,0.186,0.278
1985-02-20T12:00,,29.0,30,0.186,0.278
1985-02-20T13:00,,27.4,34,0.186,0.278
1985-02-20T14:00,,25.7,38,0.186,0.278
1985-02-20T15:00,,24.5,41,0.186,0.278
1985-02-20T16:00,,23.7,41,0.186,0.278
1985-02-20T17:00,,22.9,40,0.186,0.278
1985-02-20T18:00,,22.2,39,0.186,0.278
1985-02-20T19:00,,21.6,39,0.186,0.278
1985-02-20T20:00,,20.9,40,0.186,0.278
1985-02-20T21:00,,20.3,41,0.186,0.278
1985-02-20T22:00,,19.8,40,0.186,0.278
1985-02-20T23:00,,19.3,38,0.186,0.278
1985-02-21T00:00,,18.9,36,0.186,0.278
1985-02-21T01:00,,18.5,35,0.186,0.278
1985-02-21T02:00,,18.3,35,0.186,0.278
1985-02-21T03:00,,19.8,33,0.186,0.278
1985-02-21T04:00,,23.0,29,0.186,0.278
1985-02-21T05:00,,26.4,25,0.186,0.278
1985-02-21T06:00,,29.2,21,0.186,0.278
1985-02-21T07:00,,31.1,19,0.186,0.278
1985-02-21T08:00,,32.3,18,0.186,0.278
1985-02-21T09:00,,32.8,18,0.186,0.278
1985-02-21T10:00,,33.0,19,0.186,0.278
1985-02-21T11:00,,32.7,19,0.186,0.278
1985-02-21T12:00,,32.0,20,0.186,0.278
1985-02-21T13:00,,30.2,22,0.186,0.278
1985-02-21T14:00,,28.2,23,0.186,0.278
1985-02-21T15:00,,26.9,24,0.186,0.278
1985-02-21T16:00,,25.6,25,0.186,0.278
1985-02-21T17:00,,24.5,26,0.186,0.278
1985-02-21T18:00,,23.4,28,0.186,0.278
1985-02-21T19:00,,22.7,29,0.186,0.278
1985-02-21T20:00,,21.9,31,0.186,0.278
1985-02-21T21:00,,21.3,32,0.186,0.278
1985-02-21T22:00,,20.8,32,0.186,0.278
1985-02-21T23:00,,20.5,32,0.186,0.278
1985-02-22T00:00,,20.2,31,0.186,0.278
1985-02-22T01:00,,20.1,31,0.186,0.278
1985-02-22T02:00,,20.2,30,0.186,0.278
1985-02-22T03:00,,22.2,28,0.186,0.278
1985-02-22T04:00,,25.9,22,0.186,0.278
1985-02-22T05:00,,29.4,17,0.186,0.278
1985-02-22T06:00,,32.0,12,0.186,0.278
1985-02-22T07:00,,32.6,13,0.186,0.278
1985-02-22T08:00,,33.3,13,0.186,0.278
1985-02-22T09:00,,33.5,14,0.186,0.278
1985-02-22T10:00,,33.3,15,0.186,0.278
1985-02-22T11:00,,32.9,16,0.186,0.278
1985-02-22T12:00,,31.9,19,0.186,0.278
1985-02-22T13:00,,29.9,22,0.186,0.278
1985-02-22T14:00,,27.8,26,0.186,0.278
1985-02-22T15:00,,26.4,28,0.186,0.278
1985-02-22T16:00,,25.1,29,0.186,0.278
1985-02-22T17:00,,23.9,29,0.186,0.278
1985-02-22T18:00,,22.8,30,0.186,0.278
1985-02-22T19:00,,21.7,34,0.186,0.278
1985-02-22T20:00,,20.8,36,0.186,0.278
1985-02-22T21:00,,20.0,37,0.186,0.278
1985-02-22T22:00,,19.2,39,0.186,0.278
1985-02-22T23:00,,18.7,41,0.186,0.278
1985-02-23T00:00,,18.3,42,0.186,0.278
1985-02-23T01:00,,17.9,43,0.186,0.278
1985-02-23T02:00,,17.6,44,0.186,0.278
1985-02-23T03:00,,20.0,40,0.186,0.278
1985-02-23T04:00,,24.5,30,0.186,0.278
1985-02-23T05:00,,28.3,23,0.186,0.278
1985-02-23T06:00,,31.1,16,0.186,0.278
1985-02-23T07:00,,32.7,13,0.186,0.278
1985-02-23T08:00,,33.3,14,0.186,0.278
1985-02-23T09:00,,33.3,16,0.186,0.278
1985-02-23T10:00,,33.0,18,0.186,0.278
1985-02-23T11:00,,32.4,18,0.186,0.278
1985-02-23T12:00,,31.4,21,0.186,0.278
1985-02-23T13:00,,29.4,25,0.186,0.278
1985-02-23T14:00,,27.5,27,0.186,0.278
1985-02-23T15:00,,26.4,28,0.186,0.278
1985-02-23T16:00,,25.4,29,0.186,0.278
1985-02-23T17:00,,24.2,32,0.186,0.278
1985-02-23T18:00,,22.5,37,0.186,0.278
1985-02-23T19:00,,22.3,45,0.186,0.278
1985-02-23T20:00,,21.4,49,0.186,0.278
1985-02-23T21:00,,20.0,54,0.186,0.278
1985-02-23T22:00,,18.9,56,0.186,0.278
1985-02-23T23:00,,18.7,53,0.186,0.278
1985-02-24T00:00,,18.4,51,0.186,0.278
1985-02-24T01:00,,18.0,50,0.186,0.278
1985-02-24T02:00,,17.8,48,0.186,0.278
1985-02-24T03:00,,19.9,43,0.186,0.278
1985-02-24T04:00,,23.2,32,0.186,0.278
1985-02-24T05:00,,25.9,26,0.186,0.278
1985-02-24T06:00,,28.1,22,0.186,0.278
1985-02-24T07:00,,30.0,18,0.186,0.278
1985-02-24T08:00,,31.2,17,0.186,0.278
1985-02-24T09:00,,31.8,18,0.186,0.278
1985-02-24T10:00,,31.8,20,0.186,0.278
1985-02-24T11:00,,31.4,21,0.186,0.278
1985-02-24T12:00,,30.5,24,0.186,0.278
1985-02-24T13:00,,28.6,29,0.186,0.278
1985-02-24T14:00,,26.8,32,0.186,0.278
1985-02-24T15:00,,25.6,33,0.186,0.278
1985-02-24T16:00,,24.7,34,0.186,0.278
1985-02-24T17:00,,23.8,34,0.186,0.278
1985-02-24T18:00,,23.0,35,0.186,0.278
1985-02-24T19:00,,22.4,36,0.186,0.278
1985-02-24T20:00,,21.8,37,0.186,0.278
1985-02-24T21:00,,21.2,37,0.186,0.278
1985-02-24T22:00,,20.6,38,0.186,0.278
1985-02-24T23:00,,20.0,40,0.186,0.278
1985-02-25T00:00,,19.6,41,0.186,0.278
1985-02-25T01:00,,19.1,41,0.186,0.278
1985-02-25T02:00,,18.8,43,0.186,0.278
1985-02-25T03:00,,20.8,39,0.186,0.278
1985-02-25T04:00,,24.4,31,0.186,0.278
1985-02-25T05:00,,27.4,25,0.186,0.278
1985-02-25T06:00,,29.6,20,0.186,0.278
1985-02-25T07:00,,30.9,20,0.186,0.278
1985-02-25T08:00,,31.9,20,0.186,0.278
1985-02-25T09:00,,32.5,21,0.186,0.278
1985-02-25T10:00,,32.7,21,0.186,0.278
1985-02-25T11:00,,32.6,21,0.186,0.278
1985-02-25T12:00,,31.8,23,0.186,0.278
1985-02-25T13:00,,29.7,28,0.186,0.278
1985-02-25T14:00,,27.6,32,0.186,0.278
1985-02-25T15:00,,26.2,34,0.186,0.278
1985-02-25T16:00,,25.1,36,0.186,0.278
1985-02-25T17:00,,24.1,37,0.186,0.278
1985-02-25T18:00,,22.9,39,0.186,0.278
1985-02-25T19:00,,22.0,42,0.186,0.278
1985-02-25T20:00,,21.1,44,0.186,0.278
1985-02-25T21:00,,20.2,47,0.186,0.278
1985-02-25T22:00,,19.2,51,0.186,0.278
1985-02-25T23:00,,18.3,54,0.186,0.278
1985-02-26T00:00,,17.6,58,0.186,0.278
1985-02-26T01:00,,17.0,62,0.186,0.278
1985-02-26T02:00,,16.5,65,0.186,0.278
1985-02-26T03:00,,19.6,56,0.186,0.278
1985-02-26T04:00,,24.0,40,0.186,0.278
1985-02-26T05:00,,27.7,30,0.186,0.278
1985-02-26T06:00,,30.6,25,0.186,0.278
1985-02-26T07:00,,32.7,21,0.186,0.278
1985-02-26T08:00,,33.6,21,0.186,0.278
1985-02-26T09:00,,34.0,21,0.186,0.278
1985-02-26T10:00,,33.7,22,0.186,0.278
1985-02-26T11:00,,33.1,24,0.186,0.278
1985-02-26T12:00,,31.7,28,0.186,0.278
1985-02-26T13:00,,29.3,34,0.186,0.278
1985-02-26T14:00,,27.2,38,0.186,0.278
1985-02-26T15:00,,26.0,42,0.186,0.278
1985-02-26T16:00,,24.7,47,0.186,0.278
1985-02-26T17:00,,23.1,55,0.186,0.278
1985-02-26T18:00,,22.0,60,0.186,0.278
1985-02-26T19:00,,21.5,65,0.186,0.278
1985-02-26T20:00,,20.8,68,0.186,0.278
1985-02-26T21:00,,19.7,74,0.186,0.278
1985-02-26T22:00,,19.0,77,0.186,0.278
1985-02-26T23:00,,18.5,80,0.186,0.278
1985-02-27T00:00,,18.1,81,0.186,0.278
1985-02-27T01:00,,17.6,83,0.186,0.278
1985-02-27T02:00,,17.3,83,0.186,0.278
1985-02-27T03:00,,20.7,71,0.186,0.278
1985-02-27T04:00,,25.0,52,0.186,0.278
1985-02-27T05:00,,27.9,38,0.186,0.278
1985-02-27T06:00,,30.2,31,0.186,0.278
1985-02-27T07:00,,32.3,27,0.186,0.278
1985-02-27T08:00,,33.1,26,0.186,0.278
1985-02-27T09:00,,33.5,25,0.186,0.278
1985-02-27T10:00,,33.4,25,0.186,0.278
1985-02-27T11:00,,32.9,25,0.186,0.278
1985-02-27T12:00,,31.6,28,0.186,0.278
1985-02-27T13:00,,29.2,35,0.186,0.278
1985-02-27T14:00,,27.0,42,0.186,0.278
1985-02-27T15:00,,25.4,50,0.186,0.278
1985-02-27T16:00,,24.1,58,0.186,0.278
1985-02-27T17:00,,23.1,64,0.186,0.278
1985-02-27T18:00,,22.2,69,0.186,0.278
1985-02-27T19:00,,21.5,73,0.186,0.278
1985-02-27T20:00,,20.8,76,0.186,0.278
1985-02-27T21:00,,20.1,77,0.186,0.278
1985-02-27T22:00,,19.6,77,0.186,0.278
1985-02-27T23:00,,19.0,77,0.186,0.278
1985-02-28T00:00,,18.3,79,0.186,0.278
1985-02-28T01:00,,19.0,75,0.186,0.278
1985-02-28T02:00,,19.3,73,0.186,0.278
1985-02-28T03:00,,20.7,70,0.186,0.278
1985-02-28T04:00,,24.1,55,0.186,0.278
1985-02-28T05:00,,26.3,42,0.186,0.278
1985-02-28T06:00,,28.4,33,0.186,0.278
1985-02-28T07:00,,29.9,28,0.186,0.278
1985-02-28T08:00,,31.1,26,0.186,0.278
1985-02-28T09:00,,31.7,25,0.186,0.278
1985-02-28T10:00,,31.8,26,0.186,0.278
1985-02-28T11:00,,31.6,25,0.186,0.278
1985-02-28T12:00,,31.0,27,0.186,0.278
1985-02-28T13:00,,29.5,30,0.186,0.278
1985-02-28T14:00,,28.1,33,0.186,0.278
1985-02-28T15:00,,27.3,35,0.186,0.278
1985-02-28T16:00,,24.4,47,0.186,0.278
1985-02-28T17:00,,22.6,59,0.186,0.278
1985-02-28T18:00,,21.9,63,0.186,0.278
1985-02-28T19:00,,21.2,70,0.186,0.278
1985-02-28T20:00,,20.3,78,0.186,0.278
1985-02-28T21:00,,19.8,83,0.186,0.278
1985-02-28T22:00,,20.9,79,0.186,0.278
1985-02-28T23:00,,20.6,81,0.186,0.278
1985-03-01T00:00,,19.1,85,0.186,0.278
1985-03-01T01:00,,17.8,88,0.186,0.278
1985-03-01T02:00,,17.2,89,0.186,0.278
1985-03-01T03:00,,20.6,75,0.186,0.278
1985-03-01T04:00,,24.4,58,0.186,0.278
1985-03-01T05:00,,26.9,49,0.186,0.278
1985-03-01T06:00,,29.1,41,0.186,0.278
1985-03-01T07:00,,30.9,35,0.186,0.278
1985-03-01T08:00,,32.1,30,0.186,0.278
1985-03-01T09:00,,32.8,27,0.186,0.278
1985-03-01T10:00,,33.0,27,0.186,0.278
1985-03-01T11:00,,32.9,26,0.186,0.278
1985-03-01T12:00,,32.4,28,0.186,0.278
1985-03-01T13:00,,31.1,31,0.186,0.278
1985-03-01T14:00,,29.3,38,0.186,0.278
1985-03-01T15:00,,27.0,48,0.186,0.278
1985-03-01T16:00,,25.3,57,0.186,0.278
1985-03-01T17:00,,23.9,65,0.186,0.278
1985-03-01T18:00,,23.2,72,0.186,0.278
1985-03-01T19:00,,22.5,78,0.186,0.278
1985-03-01T20:00,,21.9,81,0.186,0.278
1985-03-01T21:00,,20.9,86,0.186,0.278
1985-03-01T22:00,,21.6,82,0.186,0.278
1985-03-01T23:00,,21.4,81,0.186,0.278
1985-03-02T00:00,,19.7,86,0.186,0.278
1985-03-02T01:00,,19.2,85,0.186,0.278
1985-03-02T02:00,,19.4,81,0.186,0.278
1985-03-02T03:00,,22.3,68,0.186,0.278
1985-03-02T04:00,,25.7,51,0.186,0.278
1985-03-02T05:00,,28.2,40,0.186,0.278
1985-03-02T06:00,,30.3,33,0.186,0.278
1985-03-02T07:00,,31.8,30,0.186,0.278
1985-03-02T08:00,,32.8,28,0.186,0.278
1985-03-02T09:00,,33.4,26,0.186,0.278
1985-03-02T10:00,,33.5,24,0.186,0.278
1985-03-02T11:00,,33.4,24,0.186,0.278
1985-03-02T12:00,,32.8,25,0.186,0.278
1985-03-02T13:00,,31.3,30,0.186,0.278
1985-03-02T14:00,,28.6,41,0.186,0.278
1985-03-02T15:00,,26.3,52,0.186,0.278
1985-03-02T16:00,,24.6,61,0.186,0.278
1985-03-02T17:00,,23.7,67,0.186,0.278
1985-03-02T18:00,,23.1,73,0.186,0.278
1985-03-02T19:00,,22.6,77,0.186,0.278
1985-03-02T20:00,,21.7,82,0.186,0.278
1985-03-02T21:00,,20.8,86,0.186,0.278
1985-03-02T22:00,,20.0,89,0.186,0.278
1985-03-02T23:00,,19.4,90,0.186,0.278
1985-03-03T00:00,,18.7,90,0.186,0.278
1985-03-03T01:00,,18.4,88,0.186,0.278
1985-03-03T02:00,,18.3,87,0.186,0.278
1985-03-03T03:00,,21.3,75,0.186,0.278
1985-03-03T04:00,,25.3,52,0.186,0.278
1985-03-03T05:00,,27.8,38,0.186,0.278
1985-03-03T06:00,,29.9,30,0.186,0.278
1985-03-03T07:00,,31.5,26,0.186,0.277
1985-03-03T08:00,,32.5,23,0.186,0.277
1985-03-03T09:00,,33.0,22,0.186,0.277
1985-03-03T10:00,,33.0,23,0.186,0.277
1985-03-03T11:00,,32.7,24,0.186,0.277
1985-03-03T12:00,,31.8,28,0.186,0.277
1985-03-03T13:00,,29.7,36,0.186,0.277
1985-03-03T14:00,,27.2,46,0.186,0.277
1985-03-03T15:00,,25.5,52,0.186,0.277
1985-03-03T16:00,,24.5,57,0.186,0.277
1985-03-03T17:00,,23.8,61,0.186,0.277
1985-03-03T18:00,,23.1,66,0.186,0.277
1985-03-03T19:00,,22.7,68,0.186,0.277
1985-03-03T20:00,,22.2,69,0.186,0.277
1985-03-03T21:00,,21.7,71,0.186,0.277
1985-03-03T22:00,,21.1,73,0.186,0.277
1985-03-03T23:00,,20.6,75,0.186,0.277
1985-03-04T00:00,,20.1,76,0.186,0.277
1985-03-04T01:00,,19.5,76,0.186,0.277
1985-03-04T02:00,,19.0,77,0.186,0.277
1985-03-04T03:00,,22.0,65,0.186,0.277
1985-03-04T04:00,,25.3,54,0.186,0.277
1985-03-04T05:00,,27.9,46,0.186,0.277
1985-03-04T06:00,,30.3,38,0.186,0.277
1985-03-04T07:00,,31.9,33,0.186,0.277
1985-03-04T08:00,,33.1,29,0.186,0.277
1985-03-04T09:00,,33.4,29,0.186,0.277
1985-03-04T10:00,,33.4,29,0.186,0.277
1985-03-04T11:00,,33.0,29,0.186,0.277
1985-03-04T12:00,,32.3,32,0.186,0.277
1985-03-04T13:00,,30.6,36,0.186,0.277
1985-03-04T14:00,,29.2,39,0.186,0.277
1985-03-04T15:00,,28.0,43,0.186,0.277
1985-03-04T16:00,,26.4,52,0.186,0.277
1985-03-04T17:00,,25.2,59,0.186,0.277
1985-03-04T18:00,,24.1,66,0.186,0.277
1985-03-04T19:00,,22.6,79,0.186,0.277
1985-03-04T20:00,,22.0,83,0.186,0.277
1985-03-04T21:00,,21.5,86,0.186,0.277
1985-03-04T22:00,,20.9,87,0.186,0.277
1985-03-04T23:00,,20.5,87,0.186,0.277
1985-03-05T00:00,,20.2,85,0.186,0.277
1985-03-05T01:00,,20.3,81,0.186,0.277
1985-03-05T02:00,,20.3,77,0.186,0.277
1985-03-05T03:00,,23.1,64,0.186,0.277
1985-03-05T04:00,,26.2,49,0.186,0.277
1985-03-05T05:00,,29.0,38,0.186,0.277
1985-03-05T06:00,,31.5,31,0.186,0.277
1985-03-05T07:00,,33.2,27,0.186,0.277
1985-03-05T08:00,,34.4,25,0.186,0.277
1985-03-05T09:00,,35.2,23,0.186,0.277
1985-03-05T10:00,,35.5,22,0.186,0.277
1985-03-05T11:00,,35.4,21,0.186,0.277
1985-03-05T12:00,,34.7,22,0.186,0.277
1985-03-05T13:00,,32.8,26,0.186,0.277
1985-03-05T14:00,,30.8,28,0.186,0.277
1985-03-05T15:00,,29.6,29,0.186,0.277
1985-03-05T16:00,,28.7,30,0.186,0.277
1985-03-05T17:00,,27.7,30,0.186,0.277
1985-03-05T18:00,,26.5,33,0.186,0.277
1985-03-05T19:00,,24.9,38,0.186,0.277
1985-03-05T20:00,,23.5,47,0.186,0.277
1985-03-05T21:00,,22.5,52,0.186,0.277
1985-03-05T22:00,,21.9,54,0.186,0.277
1985-03-05T23:00,,21.6,53,0.186,0.277
1985-03-06T00:00,,21.3,51,0.186,0.277
1985-03-06T01:00,,20.8,50,0.186,0.277
1985-03-06T02:00,,20.7,49,0.186,0.277
1985-03-06T03:00,,22.9,43,0.186,0.277
1985-03-06T04:00,,26.3,34,0.186,0.277
1985-03-06T05:00,,29.4,28,0.186,0.277
1985-03-06T06:00,,32.0,25,0.186,0.277
1985-03-06T07:00,,33.3,22,0.186,0.277
1985-03-06T08:00,,34.1,22,0.186,0.277
1985-03-06T09:00,,34.5,22,0.186,0.277
1985-03-06T10:00,,34.5,22,0.186,0.277
1985-03-06T11:00,,34.0,22,0.186,0.277
1985-03-06T12:00,,32.9,25,0.186,0.277
1985-03-06T13:00,,30.6,32,0.186,0.277
1985-03-06T14:00,,28.1,42,0.186,0.277
1985-03-06T15:00,,26.1,52,0.186,0.277
1985-03-06T16:00,,24.7,61,0.186,0.277
1985-03-06T17:00,,23.7,68,0.186,0.277
1985-03-06T18:00,,23.0,72,0.186,0.277
1985-03-06T19:00,,22.5,76,0.186,0.277
1985-03-06T20:00,,21.5,81,0.186,0.277
1985-03-06T21:00,,20.7,85,0.186,0.277
1985-03-06T22:00,,20.3,84,0.186,0.277
1985-03-06T23:00,,20.0,80,0.186,0.277
1985-03-07T00:00,,19.7,76,0.186,0.277
1985-03-07T01:00,,19.5,72,0.186,0.277
1985-03-07T02:00,,19.1,72,0.186,0.277
1985-03-07T03:00,,22.3,61,0.186,0.277
1985-03-07T04:00,,26.0,49,0.186,0.277
1985-03-07T05:00,,28.7,40,0.186,0.277
1985-03-07T06:00,,30.9,34,0.186,0.277
1985-03-07T07:00,,33.1,29,0.186,0.277
1985-03-07T08:00,,34.4,26,0.186,0.277
1985-03-07T09:00,,35.0,25,0.186,0.277
1985-03-07T10:00,,35.1,26,0.186,0.277
1985-03-07T11:00,,34.8,27,0.186,0.277
1985-03-07T12:00,,33.7,31,0.186,0.277
1985-03-07T13:00,,31.7,37,0.186,0.277
1985-03-07T14:00,,29.9,41,0.186,0.277
1985-03-07T15:00,,29.0,43,0.186,0.277
1985-03-07T16:00,,27.8,46,0.186,0.277
1985-03-07T17:00,,27.1,48,0.186,0.277
1985-03-07T18:00,,26.2,52,0.186,0.277
1985-03-07T19:00,,25.0,56,0.186,0.277
1985-03-07T20:00,,23.3,65,0.186,0.277
1985-03-07T21:00,,22.2,71,0.186,0.277
1985-03-07T22:00,,22.2,72,0.186,0.277
1985-03-07T23:00,,21.5,75,0.186,0.277
1985-03-08T00:00,,20.6,76,0.186,0.277
1985-03-08T01:00,,20.2,75,0.186,0.277
1985-03-08T02:00,,20.0,73,0.186,0.277
1985-03-08T03:00,,23.8,57,0.186,0.277
1985-03-08T04:00,,27.9,43,0.186,0.277
1985-03-08T05:00,,31.4,32,0.186,0.277
1985-03-08T06:00,,34.3,24,0.186,0.277
1985-03-08T07:00,,35.8,22,0.186,0.277
1985-03-08T08:00,,36.6,21,0.186,0.277
1985-03-08T09:00,,37.1,20,0.186,0.277
1985-03-08T10:00,,37.2,19,0.186,0.277
1985-03-08T11:00,,36.9,19,0.186,0.277
1985-03-08T12:00,,35.9,21,0.186,0.277
1985-03-08T13:00,,33.8,24,0.186,0.277
1985-03-08T14:00,,31.9,26,0.186,0.277
1985-03-08T15:00,,30.7,28,0.186,0.277
1985-03-08T16:00,,29.8,29,0.186,0.277
1985-03-08T17:00,,28.8,30,0.186,0.277
1985-03-08T18:00,,27.8,31,0.186,0.277
1985-03-08T19:00,,27.3,31,0.186,0.277
1985-03-08T20:00,,26.4,33,0.186,0.277
1985-03-08T21:00,,25.3,37,0.186,0.277
1985-03-08T22:00,,24.5,42,0.186,0.277
1985-03-08T23:00,,23.9,44,0.186,0.277
1985-03-09T00:00,,23.3,45,0.186,0.277
1985-03-09T01:00,,22.8,45,0.186,0.277
1985-03-09T02:00,,22.7,44,0.186,0.277
1985-03-09T03:00,,24.9,38,0.186,0.277
1985-03-09T04:00,,28.3,30,0.186,0.277
1985-03-09T05:00,,31.5,24,0.186,0.277
1985-03-09T06:00,,34.3,20,0.186,0.277
1985-03-09T07:00,,35.9,18,0.186,0.277
1985-03-09T08:00,,37.0,16,0.186,0.277
1985-03-09T09:00,,37.5,16,0.186,0.277
1985-03-09T10:00,,37.5,16,0.186,0.277
1985-03-09T11:00,,37.2,17,0.186,0.277
1985-03-09T12:00,,36.2,19,0.186,0.277
1985-03-09T13:00,,33.9,22,0.186,0.277
1985-03-09T14:00,,31.9,24,0.186,0.277
1985-03-09T15:00,,30.6,26,0.186,0.277
1985-03-09T16:00,,29.6,26,0.186,0.277
1985-03-09T17:00,,28.8,27,0.186,0.277
1985-03-09T18:00,,27.9,27,0.186,0.277
1985-03-09T19:00,,27.3,28,0.186,0.277
1985-03-09T20:00,,26.6,29,0.186,0.277
1985-03-09T21:00,,25.9,30,0.186,0.277
1985-03-09T22:00,,25.3,31,0.186,0.277
1985-03-09T23:00,,24.7,33,0.186,0.277
1985-03-10T00:00,,24.1,34,0.186,0.277
1985-03-10T01:00,,23.7,34,0.186,0.277
1985-03-10T02:00,,23.5,35,0.186,0.277
1985-03-10T03:00,,25.7,33,0.186,0.277
1985-03-10T04:00,,29.3,26,0.186,0.277
1985-03-10T05:00,,32.3,20,0.186,0.277
1985-03-10T06:00,,34.6,16,0.186,0.277
1985-03-10T07:00,,35.5,17,0.186,0.277
1985-03-10T08:00,,36.3,16,0.186,0.277
1985-03-10T09:00,,36.8,16,0.186,0.277
1985-03-10T10:00,,36.9,16,0.186,0.277
1985-03-10T11:00,,36.7,16,0.186,0.277
1985-03-10T12:00,,35.8,19,0.186,0.277
1985-03-10T13:00,,34.0,22,0.186,0.277
1985-03-10T14:00,,32.1,24,0.186,0.277
1985-03-10T15:00,,30.9,25,0.186,0.277
1985-03-10T16:00,,29.9,26,0.186,0.277
1985-03-10T17:00,,29.0,27,0.186,0.277
1985-03-10T18:00,,28.2,28,0.186,0.277
1985-03-10T19:00,,27.7,30,0.186,0.277
1985-03-10T20:00,,26.9,31,0.186,0.277
1985-03-10T21:00,,26.1,33,0.186,0.277
1985-03-10T22:00,,25.3,35,0.186,0.277
1985-03-10T23:00,,24.7,37,0.186,0.277
1985-03-11T00:00,,24.2,38,0.186,0.277
1985-03-11T01:00,,23.7,40,0.186,0.277
1985-03-11T02:00,,23.5,41,0.186,0.277
1985-03-11T03:00,,26.1,36,0.186,0.277
1985-03-11T04:00,,30.0,29,0.186,0.277
1985-03-11T05:00,,33.2,23,0.186,0.277
1985-03-11T06:00,,35.4,19,0.186,0.277
1985-03-11T07:00,,36.7,17,0.186,0.277
1985-03-11T08:00,,37.3,16,0.186,0.277
1985-03-11T09:00,,37.5,16,0.186,0.277
1985-03-11T10:00,,37.4,16,0.186,0.277
1985-03-11T11:00,,37.1,17,0.186,0.277
1985-03-11T12:00,,36.2,19,0.186,0.277
1985-03-11T13:00,,34.3,22,0.186,0.277
1985-03-11T14:00,,32.4,24,0.186,0.277
1985-03-11T15:00,,31.2,25,0.186,0.277
1985-03-11T16:00,,30.4,25,0.186,0.277
1985-03-11T17:00,,29.5,25,0.186,0.277
1985-03-11T18:00,,28.5,26,0.186,0.277
1985-03-11T19:00,,27.9,27,0.186,0.277
1985-03-11T20:00,,27.3,27,0.186,0.277
1985-03-11T21:00,,26.9,28,0.186,0.277
1985-03-11T22:00,,26.4,28,0.186,0.277
1985-03-11T23:00,,25.9,30,0.186,0.277
1985-03-12T00:00,,25.2,32,0.186,0.277
1985-03-12T01:00,,24.6,34,0.186,0.277
1985-03-12T02:00,,24.4,35,0.186,0.277
1985-03-12T03:00,,26.6,33,0.186,0.277
1985-03-12T04:00,,29.8,27,0.186,0.277
1985-03-12T05:00,,32.8,23,0.186,0.277
1985-03-12T06:00,,35.2,19,0.186,0.277
1985-03-12T07:00,,36.8,17,0.186,0.277
1985-03-12T08:00,,37.6,17,0.186,0.277
1985-03-12T09:00,,37.9,17,0.186,0.277
1985-03-12T10:00,,37.9,17,0.186,0.277
1985-03-12T11:00,,37.5,18,0.186,0.277
1985-03-12T12:00,,36.4,20,0.186,0.277
1985-03-12T13:00,,34.4,23,0.186,0.277
1985-03-12T14:00,,32.6,25,0.186,0.277
1985-03-12T15:00,,31.5,27,0.186,0.277
1985-03-12T16:00,,30.7,27,0.186,0.277
1985-03-12T17:00,,29.8,28,0.186,0.277
1985-03-12T18:00,,28.9,29,0.186,0.277
1985-03-12T19:00,,28.2,30,0.186,0.277
1985-03-12T20:00,,27.4,31,0.186,0.277
1985-03-12T21:00,,26.6,33,0.186,0.277
1985-03-12T22:00,,25.8,34,0.186,0.277
1985-03-12T23:00,,25.2,35,0.186,0.277
1985-03-13T00:00,,24.6,35,0.186,0.277
1985-03-13T01:00,,24.1,36,0.186,0.277
1985-03-13T02:00,,23.8,37,0.186,0.277
1985-03-13T03:00,,26.4,32,0.186,0.277
1985-03-13T04:00,,30.0,25,0.186,0.277
1985-03-13T05:00,,33.1,20,0.186,0.277
1985-03-13T06:00,,35.5,17,0.186,0.277
1985-03-13T07:00,,36.2,17,0.186,0.277
1985-03-13T08:00,,37.0,17,0.186,0.277
1985-03-13T09:00,,37.3,18,0.186,0.277
1985-03-13T10:00,,37.2,18,0.186,0.277
1985-03-13T11:00,,36.7,19,0.186,0.277
1985-03-13T12:00,,35.7,21,0.186,0.277
1985-03-13T13:00,,33.9,24,0.186,0.277
1985-03-13T14:00,,32.1,26,0.186,0.277
1985-03-13T15:00,,31.0,27,0.186,0.277
1985-03-13T16:00,,30.2,28,0.186,0.277
1985-03-13T17:00,,29.3,29,0.186,0.277
1985-03-13T18:00,,27.9,33,0.186,0.277
1985-03-13T19:00,,26.6,43,0.186,0.277
1985-03-13T20:00,,25.6,48,0.186,0.277
1985-03-13T21:00,,24.8,52,0.186,0.277
1985-03-13T22:00,,24.1,53,0.186,0.277
1985-03-13T23:00,,23.3,55,0.186,0.277
1985-03-14T00:00,,22.5,57,0.186,0.277
1985-03-14T01:00,,21.6,60,0.186,0.277
1985-03-14T02:00,,21.5,61,0.186,0.277
1985-03-14T03:00,,25.0,47,0.186,0.277
1985-03-14T04:00,,28.7,32,0.186,0.277
1985-03-14T05:00,,31.5,23,0.186,0.277
1985-03-14T06:00,,33.8,18,0.186,0.277
1985-03-14T07:00,,34.5,18,0.186,0.277
1985-03-14T08:00,,35.4,17,0.186,0.277
1985-03-14T09:00,,35.8,17,0.186,0.277
1985-03-14T10:00,,35.6,18,0.186,0.277
1985-03-14T11:00,,35.2,19,0.186,0.277
1985-03-14T12:00,,34.2,21,0.186,0.277
1985-03-14T13:00,,32.4,27,0.186,0.277
1985-03-14T14:00,,30.4,33,0.186,0.277
1985-03-14T15:00,,28.6,40,0.186,0.277
1985-03-14T16:00,,27.3,47,0.186,0.277
1985-03-14T17:00,,26.3,51,0.186,0.277
1985-03-14T18:00,,25.3,57,0.186,0.277
1985-03-14T19:00,,24.6,62,0.186,0.277
1985-03-14T20:00,,23.9,67,0.186,0.277
1985-03-14T21:00,,23.2,72,0.186,0.277
1985-03-14T22:00,,22.6,75,0.186,0.277
1985-03-14T23:00,,21.3,79,0.186,0.277
1985-03-15T00:00,,20.8,78,0.186,0.277
1985-03-15T01:00,,20.4,75,0.186,0.277
1985-03-15T02:00,,20.7,69,0.186,0.277
1985-03-15T03:00,,24.2,53,0.186,0.277
1985-03-15T04:00,,28.1,37,0.186,0.277
1985-03-15T05:00,,31.2,27,0.186,0.277
1985-03-15T06:00,,33.6,21,0.186,0.277
1985-03-15T07:00,,34.7,21,0.186,0.277
1985-03-15T08:00,,35.6,21,0.186,0.277
1985-03-15T09:00,,35.8,22,0.186,0.277
1985-03-15T10:00,,35.7,23,0.186,0.277
1985-03-15T11:00,,34.9,25,0.186,0.277
1985-03-15T12:00,,33.3,31,0.186,0.277
1985-03-15T13:00,,31.1,37,0.186,0.277
1985-03-15T14:00,,29.2,42,0.186,0.277
1985-03-15T15:00,,28.1,46,0.186,0.277
1985-03-15T16:00,,27.1,51,0.186,0.277
1985-03-15T17:00,,26.2,57,0.186,0.277
1985-03-15T18:00,,25.5,61,0.186,0.277
1985-03-15T19:00,,25.0,66,0.186,0.277
1985-03-15T20:00,,24.4,68,0.186,0.277
1985-03-15T21:00,,23.8,71,0.186,0.277
1985-03-15T22:00,,22.6,76,0.186,0.277
1985-03-15T23:00,,22.4,77,0.186,0.277
1985-03-16T00:00,,22.3,76,0.186,0.277
1985-03-16T01:00,,22.2,74,0.186,0.277
1985-03-16T02:00,,22.3,72,0.186,0.277
1985-03-16T03:00,,24.8,63,0.186,0.277
1985-03-16T04:00,,27.6,52,0.186,0.277
1985-03-16T05:00,,29.7,44,0.186,0.277
1985-03-16T06:00,,31.5,38,0.186,0.277
1985-03-16T07:00,,32.8,35,0.186,0.277
1985-03-16T08:00,,33.8,32,0.186,0.277
1985-03-16T09:00,,34.2,31,0.186,0.277
1985-03-16T10:00,,34.2,32,0.186,0.277
1985-03-16T11:00,,33.7,34,0.186,0.277
1985-03-16T12:00,,32.5,38,0.186,0.277
1985-03-16T13:00,,30.6,45,0.186,0.277
1985-03-16T14:00,,28.7,53,0.186,0.277
1985-03-16T15:00,,27.4,59,0.186,0.277
1985-03-16T16:00,,26.4,65,0.186,0.277
1985-03-16T17:00,,25.6,70,0.186,0.277
1985-03-16T18:00,,25.0,73,0.186,0.277
1985-03-16T19:00,,24.9,74,0.186,0.277
1985-03-16T20:00,,24.4,77,0.186,0.277
1985-03-16T21:00,,23.9,80,0.186,0.277
1985-03-16T22:00,,23.4,83,0.186,0.277
1985-03-16T23:00,,23.1,84,0.186,0.277
1985-03-17T00:00,,22.8,84,0.186,0.277
1985-03-17T01:00,,22.6,83,0.186,0.277
1985-03-17T02:00,,22.8,81,0.186,0.277
1985-03-17T03:00,,25.1,70,0.186,0.277
1985-03-17T04:00,,27.7,56,0.186,0.277
1985-03-17T05:00,,29.7,47,0.186,0.277
1985-03-17T06:00,,31.3,42,0.186,0.277
1985-03-17T07:00,,32.2,40,0.186,0.277
1985-03-17T08:00,,32.8,40,0.186,0.277
1985-03-17T09:00,,32.9,41,0.186,0.277
1985-03-17T10:00,,32.5,42,0.186,0.277
1985-03-17T11:00,,31.8,44,0.186,0.277
1985-03-17T12:00,,30.5,48,0.186,0.277
1985-03-17T13:00,,28.7,56,0.186,0.277
1985-03-17T14:00,,26.9,66,0.186,0.277
1985-03-17T15:00,,25.8,73,0.186,0.277
1985-03-17T16:00,,25.1,79,0.186,0.277
1985-03-17T17:00,,24.5,84,0.186,0.277
1985-03-17T18:00,,24.1,88,0.186,0.277
1985-03-17T19:00,,23.9,89,0.186,0.277
1985-03-17T20:00,,23.6,90,0.186,0.277
1985-03-17T21:00,,23.3,90,0.186,0.277
1985-03-17T22:00,,23.0,91,0.186,0.276
1985-03-17T23:00,,22.7,92,0.186,0.276
1985-03-18T00:00,,22.5,93,0.186,0.276
1985-03-18T01:00,,22.5,92,0.186,0.276
1985-03-18T02:00,,22.9,89,0.186,0.276
1985-03-18T03:00,,24.5,80,0.186,0.276
1985-03-18T04:00,,26.0,73,0.186,0.276
1985-03-18T05:00,,27.7,65,0.186,0.276
1985-03-18T06:00,,29.4,58,0.186,0.276
1985-03-18T07:00,,30.4,53,0.186,0.276
1985-03-18T08:00,,31.0,50,0.186,0.276
1985-03-18T09:00,,31.1,50,0.186,0.276
1985-03-18T10:00,,30.6,52,0.186,0.276
1985-03-18T11:00,,29.9,54,0.186,0.276
1985-03-18T12:00,,28.8,59,0.186,0.276
1985-03-18T13:00,,27.3,67,0.186,0.276
1985-03-18T14:00,,25.9,76,0.186,0.276
1985-03-18T15:00,,25.1,83,0.186,0.276
1985-03-18T16:00,,24.5,87,0.186,0.276
1985-03-18T17:00,,24.1,91,0.186,0.276
1985-03-18T18:00,,23.8,93,0.186,0.276
1985-03-18T19:00,,23.5,95,0.186,0.276
1985-03-18T20:00,,23.3,96,0.186,0.276
1985-03-18T21:00,,23.1,96,0.186,0.276
1985-03-18T22:00,,22.8,96,0.186,0.276
1985-03-18T23:00,,22.7,95,0.186,0.276
1985-03-19T00:00,,22.5,94,0.186,0.276
1985-03-19T01:00,,22.3,94,0.186,0.276
1985-03-19T02:00,,22.5,91,0.186,0.276
1985-03-19T03:00,,24.3,81,0.186,0.276
1985-03-19T04:00,,26.6,68,0.186,0.276
1985-03-19T05:00,,28.5,56,0.186,0.276
1985-03-19T06:00,,30.2,49,0.186,0.276
1985-03-19T07:00,,31.2,44,0.186,0.276
1985-03-19T08:00,,32.0,42,0.186,0.276
1985-03-19T09:00,,32.3,40,0.186,0.276
1985-03-19T10:00,,32.4,40,0.186,0.276
1985-03-19T11:00,,31.9,41,0.186,0.276
1985-03-19T12:00,,30.9,44,0.186,0.276
1985-03-19T13:00,,29.4,50,0.186,0.276
1985-03-19T14:00,,27.9,57,0.186,0.276
1985-03-19T15:00,,26.9,62,0.186,0.276
1985-03-19T16:00,,26.4,65,0.186,0.276
1985-03-19T17:00,,25.7,70,0.186,0.276
1985-03-19T18:00,,24.9,75,0.186,0.276
1985-03-19T19:00,,24.8,74,0.186,0.276
1985-03-19T20:00,,24.2,78,0.186,0.276
1985-03-19T21:00,,23.5,84,0.186,0.276
1985-03-19T22:00,,23.1,86,0.186,0.276
1985-03-19T23:00,,22.6,89,0.186,0.276
1985-03-20T00:00,,21.8,93,0.186,0.276
1985-03-20T01:00,,22.4,90,0.186,0.276
1985-03-20T02:00,,22.3,90,0.186,0.276
1985-03-20T03:00,,23.9,84,0.186,0.276
1985-03-20T04:00,,27.1,61,0.186,0.276
1985-03-20T05:00,,30.3,39,0.186,0.276
1985-03-20T06:00,,32.8,25,0.186,0.276
1985-03-20T07:00,,33.8,22,0.186,0.276
1985-03-20T08:00,,34.5,19,0.186,0.276
1985-03-20T09:00,,34.8,18,0.186,0.276
1985-03-20T10:00,,34.6,18,0.186,0.276
1985-03-20T11:00,,34.1,19,0.186,0.276
1985-03-20T12:00,,33.1,22,0.186,0.276
1985-03-20T13:00,,31.4,26,0.186,0.276
1985-03-20T14:00,,29.7,28,0.186,0.276
1985-03-20T15:00,,28.8,29,0.186,0.276
1985-03-20T16:00,,28.1,30,0.186,0.276
1985-03-20T17:00,,26.6,34,0.186,0.276
1985-03-20T18:00,,27.1,34,0.186,0.276
1985-03-20T19:00,,24.5,48,0.186,0.276
1985-03-20T20:00,,23.1,57,0.186,0.276
1985-03-20T21:00,,22.9,62,0.186,0.276
1985-03-20T22:00,,22.7,67,0.186,0.276
1985-03-20T23:00,,21.8,74,0.186,0.276
1985-03-21T00:00,,20.7,79,0.186,0.276
1985-03-21T01:00,,20.0,80,0.186,0.276
1985-03-21T02:00,,20.0,78,0.186,0.276
1985-03-21T03:00,,24.4,59,0.186,0.276
1985-03-21T04:00,,28.2,42,0.186,0.276
1985-03-21T05:00,,30.9,31,0.186,0.276
1985-03-21T06:00,,33.3,23,0.186,0.276
1985-03-21T07:00,,34.5,20,0.186,0.276
1985-03-21T08:00,,35.1,19,0.186,0.276
1985-03-21T09:00,,35.3,20,0.186,0.276
1985-03-21T10:00,,35.1,21,0.186,0.276
1985-03-21T11:00,,34.5,24,0.186,0.276
1985-03-21T12:00,,33.4,28,0.186,0.276
1985-03-21T13:00,,31.6,34,0.186,0.276
1985-03-21T14:00,,29.8,36,0.186,0.276
1985-03-21T15:00,,28.8,38,0.186,0.276
1985-03-21T16:00,,28.1,40,0.186,0.276
1985-03-21T17:00,,27.0,47,0.186,0.276
1985-03-21T18:00,,25.5,56,0.186,0.276
1985-03-21T19:00,,23.9,64,0.186,0.276
1985-03-21T20:00,,22.8,71,0.186,0.276
1985-03-21T21:00,,22.4,74,0.186,0.276
1985-03-21T22:00,,22.3,76,0.186,0.276
1985-03-21T23:00,,22.1,79,0.186,0.276
1985-03-22T00:00,,23.3,74,0.186,0.276
1985-03-22T01:00,,21.6,80,0.186,0.276
1985-03-22T02:00,,21.6,76,0.186,0.276
1985-03-22T03:00,,24.6,63,0.186,0.276
1985-03-22T04:00,,28.1,46,0.186,0.276
1985-03-22T05:00,,30.9,33,0.186,0.276
1985-03-22T06:00,,33.2,26,0.186,0.276
1985-03-22T07:00,,34.9,23,0.186,0.276
1985-03-22T08:00,,35.9,22,0.186,0.276
1985-03-22T09:00,,36.4,21,0.186,0.276
1985-03-22T10:00,,36.4,22,0.186,0.276
1985-03-22T11:00,,36.1,22,0.186,0.276
1985-03-22T12:00,,35.2,26,0.186,0.276
1985-03-22T13:00,,33.4,31,0.186,0.276
1985-03-22T14:00,,31.6,35,0.186,0.276
1985-03-22T15:00,,30.4,38,0.186,0.276
1985-03-22T16:00,,29.1,46,0.186,0.276
1985-03-22T17:00,,27.5,56,0.186,0.276
1985-03-22T18:00,,26.3,65,0.186,0.276
1985-03-22T19:00,,25.8,70,0.186,0.276
1985-03-22T20:00,,25.1,75,0.186,0.276
1985-03-22T21:00,,24.2,80,0.186,0.276
1985-03-22T22:00,,23.6,83,0.186,0.276
1985-03-22T23:00,,23.3,83,0.186,0.276
1985-03-23T00:00,,23.0,83,0.186,0.276
1985-03-23T01:00,,22.8,82,0.186,0.276
1985-03-23T02:00,,23.2,78,0.186,0.276
1985-03-23T03:00,,25.9,67,0.186,0.276
1985-03-23T04:00,,28.5,57,0.186,0.276
1985-03-23T05:00,,30.4,50,0.186,0.276
1985-03-23T06:00,,32.0,45,0.186,0.276
1985-03-23T07:00,,32.9,41,0.186,0.276
1985-03-23T08:00,,33.4,40,0.186,0.276
1985-03-23T09:00,,33.2,40,0.186,0.276
1985-03-23T10:00,,32.7,41,0.186,0.276
1985-03-23T11:00,,31.8,43,0.186,0.276
1985-03-23T12:00,,30.3,49,0.186,0.276
1985-03-23T13:00,,28.3,61,0.186,0.276
1985-03-23T14:00,,26.7,72,0.186,0.276
1985-03-23T15:00,,25.8,79,0.186,0.276
1985-03-23T16:00,,25.3,82,0.186,0.276
1985-03-23T17:00,,24.9,84,0.186,0.276
1985-03-23T18:00,,24.6,85,0.186,0.276
1985-03-23T19:00,,24.5,85,0.186,0.276
1985-03-23T20:00,,24.3,87,0.186,0.276
1985-03-23T21:00,,24.1,88,0.186,0.276
1985-03-23T22:00,,23.8,89,0.186,0.276
1985-03-23T23:00,,23.6,91,0.186,0.276
1985-03-24T00:00,,23.3,92,0.186,0.276
1985-03-24T01:00,,23.1,93,0.186,0.276
1985-03-24T02:00,,23.4,91,0.186,0.276
1985-03-24T03:00,,25.0,82,0.186,0.276
1985-03-24T04:00,,26.7,72,0.186,0.276
1985-03-24T05:00,,28.4,62,0.186,0.276
1985-03-24T06:00,,29.7,55,0.186,0.276
1985-03-24T07:00,,30.4,50,0.186,0.276
1985-03-24T08:00,,30.9,47,0.186,0.276
1985-03-24T09:00,,31.0,45,0.186,0.276
1985-03-24T10:00,,30.7,45,0.186,0.276
1985-03-24T11:00,,30.0,48,0.186,0.276
1985-03-24T12:00,,28.7,54,0.186,0.276
1985-03-24T13:00,,27.2,64,0.186,0.276
1985-03-24T14:00,,25.8,74,0.186,0.276
1985-03-24T15:00,,25.1,80,0.186,0.276
1985-03-24T16:00,,24.5,84,0.186,0.276
1985-03-24T17:00,,24.1,87,0.186,0.276
1985-03-24T18:00,,23.7,90,0.186,0.276
1985-03-24T19:00,,23.4,92,0.186,0.276
1985-03-24T20:00,,23.2,93,0.186,0.276
1985-03-24T21:00,,23.1,93,0.186,0.276
1985-03-24T22:00,,23.0,93,0.186,0.276
1985-03-24T23:00,,22.8,93,0.186,0.276
1985-03-25T00:00,,22.8,93,0.186,0.276
1985-03-25T01:00,,22.5,93,0.186,0.276
1985-03-25T02:00,,23.0,90,0.186,0.276
1985-03-25T03:00,,24.6,83,0.186,0.276
1985-03-25T04:00,,26.3,72,0.186,0.276
1985-03-25T05:00,,28.0,64,0.186,0.276
1985-03-25T06:00,,29.6,58,0.186,0.276
1985-03-25T07:00,,30.7,54,0.186,0.276
1985-03-25T08:00,,31.2,52,0.186,0.276
1985-03-25T09:00,,31.2,53,0.186,0.276
1985-03-25T10:00,,30.8,53,0.186,0.276
1985-03-25T11:00,,30.3,54,0.186,0.276
1985-03-25T12:00,,29.2,56,0.186,0.276
1985-03-25T13:00,,27.7,62,0.186,0.276
1985-03-25T14:00,,26.3,70,0.186,0.276
1985-03-25T15:00,,25.4,76,0.186,0.276
1985-03-25T16:00,,24.8,81,0.186,0.276
1985-03-25T17:00,,24.3,85,0.186,0.276
1985-03-25T18:00,,23.9,89,0.186,0.276
1985-03-25T19:00,,23.7,90,0.186,0.276
1985-03-25T20:00,,23.3,93,0.186,0.276
1985-03-25T21:00,,23.0,94,0.186,0.276
1985-03-25T22:00,,22.8,96,0.186,0.276
1985-03-25T23:00,,22.6,97,0.186,0.276
1985-03-26T00:00,,22.4,97,0.186,0.276
1985-03-26T01:00,,22.2,97,0.186,0.276
1985-03-26T02:00,,22.6,96,0.186,0.276
1985-03-26T03:00,,24.7,83,0.186,0.276
1985-03-26T04:00,,26.9,69,0.186,0.276
1985-03-26T05:00,,28.9,61,0.186,0.276
1985-03-26T06:00,,30.6,54,0.186,0.276
1985-03-26T07:00,,31.7,51,0.186,0.276
1985-03-26T08:00,,32.6,48,0.186,0.276
1985-03-26T09:00,,33.2,46,0.186,0.276
1985-03-26T10:00,,33.2,46,0.186,0.276
1985-03-26T11:00,,32.4,49,0.186,0.276
1985-03-26T12:00,,31.0,55,0.186,0.276
1985-03-26T13:00,,29.0,64,0.186,0.276
1985-03-26T14:00,,27.3,73,0.186,0.276
1985-03-26T15:00,,26.3,79,0.186,0.276
1985-03-26T16:00,,25.5,85,0.186,0.276
1985-03-26T17:00,,24.9,88,0.186,0.276
1985-03-26T18:00,,24.5,90,0.186,0.276
1985-03-26T19:00,,24.4,90,0.186,0.276
1985-03-26T20:00,,23.6,94,0.186,0.276
1985-03-26T21:00,,23.3,94,0.186,0.276
1985-03-26T22:00,,22.5,96,0.186,0.276
1985-03-26T23:00,,22.2,97,0.186,0.276
1985-03-27T00:00,,22.1,97,0.186,0.276
1985-03-27T01:00,,22.1,96,0.186,0.276
1985-03-27T02:00,,22.5,94,0.186,0.276
1985-03-27T03:00,,25.9,74,0.186,0.276
1985-03-27T04:00,,28.5,56,0.186,0.276
1985-03-27T05:00,,30.7,47,0.186,0.276
1985-03-27T06:00,,32.6,39,0.186,0.276
1985-03-27T07:00,,34.2,35,0.186,0.276
1985-03-27T08:00,,35.3,32,0.186,0.276
1985-03-27T09:00,,35.7,31,0.186,0.276
1985-03-27T10:00,,35.4,33,0.186,0.276
1985-03-27T11:00,,34.7,36,0.186,0.276
1985-03-27T12:00,,33.3,42,0.186,0.276
1985-03-27T13:00,,31.2,51,0.186,0.276
1985-03-27T14:00,,28.9,62,0.186,0.276
1985-03-27T15:00,,27.5,69,0.186,0.276
1985-03-27T16:00,,26.8,74,0.186,0.276
1985-03-27T17:00,,26.4,75,0.186,0.276
1985-03-27T18:00,,26.1,77,0.186,0.276
1985-03-27T19:00,,25.9,78,0.186,0.276
1985-03-27T20:00,,25.6,81,0.186,0.276
1985-03-27T21:00,,25.1,84,0.186,0.276
1985-03-27T22:00,,24.3,89,0.186,0.276
1985-03-27T23:00,,24.2,88,0.186,0.276
1985-03-28T00:00,,24.0,88,0.186,0.276
1985-03-28T01:00,,23.8,87,0.186,0.276
1985-03-28T02:00,,24.3,84,0.186,0.276
1985-03-28T03:00,,26.7,72,0.186,0.276
1985-03-28T04:00,,28.9,62,0.186,0.276
1985-03-28T05:00,,30.8,53,0.186,0.276
1985-03-28T06:00,,32.5,47,0.186,0.276
1985-03-28T07:00,,33.7,45,0.186,0.276
1985-03-28T08:00,,34.4,43,0.186,0.276
1985-03-28T09:00,,34.6,42,0.186,0.276
1985-03-28T10:00,,34.4,43,0.186,0.276
1985-03-28T11:00,,33.9,45,0.186,0.276
1985-03-28T12:00,,32.8,50,0.186,0.276
1985-03-28T13:00,,31.0,58,0.186,0.276
1985-03-28T14:00,,29.1,66,0.186,0.276
1985-03-28T15:00,,27.9,72,0.186,0.276
1985-03-28T16:00,,27.2,77,0.186,0.276
1985-03-28T17:00,,26.7,80,0.186,0.276
1985-03-28T18:00,,26.4,82,0.186,0.276
1985-03-28T19:00,,26.3,81,0.186,0.276
1985-03-28T20:00,,25.7,84,0.186,0.276
1985-03-28T21:00,,25.5,85,0.186,0.276
1985-03-28T22:00,,25.1,87,0.186,0.276
1985-03-28T23:00,,24.8,88,0.186,0.276
1985-03-29T00:00,,24.8,89,0.186,0.276
1985-03-29T01:00,,24.7,90,0.186,0.276
1985-03-29T02:00,,25.1,88,0.186,0.276
1985-03-29T03:00,,27.2,73,0.186,0.276
1985-03-29T04:00,,29.2,59,0.186,0.276
1985-03-29T05:00,,30.9,51,0.186,0.276
1985-03-29T06:00,,32.7,44,0.186,0.276
1985-03-29T07:00,,34.2,37,0.186,0.276
1985-03-29T08:00,,34.8,35,0.186,0.276
1985-03-29T09:00,,34.9,35,0.186,0.276
1985-03-29T10:00,,34.8,36,0.186,0.276
1985-03-29T11:00,,34.1,38,0.186,0.276
1985-03-29T12:00,,33.1,42,0.186,0.276
1985-03-29T13:00,,31.4,49,0.186,0.276
1985-03-29T14:00,,29.6,57,0.186,0.276
1985-03-29T15:00,,28.2,64,0.186,0.276
1985-03-29T16:00,,27.3,71,0.186,0.276
1985-03-29T17:00,,26.6,76,0.186,0.276
1985-03-29T18:00,,26.0,81,0.186,0.276
1985-03-29T19:00,,26.0,81,0.186,0.276
1985-03-29T20:00,,25.6,84,0.186,0.276
1985-03-29T21:00,,25.3,86,0.186,0.276
1985-03-29T22:00,,25.1,87,0.186,0.276
1985-03-29T23:00,,24.8,89,0.186,0.276
1985-03-30T00:00,,24.6,91,0.186,0.276
1985-03-30T01:00,,24.3,92,0.186,0.276
1985-03-30T02:00,,24.8,89,0.186,0.276
1985-03-30T03:00,,27.0,75,0.186,0.276
1985-03-30T04:00,,28.8,62,0.186,0.276
1985-03-30T05:00,,30.6,53,0.186,0.276
1985-03-30T06:00,,32.3,45,0.186,0.276
1985-03-30T07:00,,33.6,42,0.186,0.276
1985-03-30T08:00,,34.4,39,0.186,0.276
1985-03-30T09:00,,34.5,38,0.186,0.276
1985-03-30T10:00,,34.1,39,0.186,0.276
1985-03-30T11:00,,33.5,40,0.186,0.276
1985-03-30T12:00,,32.6,44,0.186,0.276
1985-03-30T13:00,,30.8,50,0.186,0.276
1985-03-30T14:00,,29.0,58,0.186,0.276
1985-03-30T15:00,,27.8,65,0.186,0.276
1985-03-30T16:00,,27.0,71,0.186,0.276
1985-03-30T17:00,,26.4,76,0.186,0.276
1985-03-30T18:00,,26.0,80,0.186,0.276
1985-03-30T19:00,,25.7,80,0.186,0.276
1985-03-30T20:00,,25.3,82,0.186,0.276
1985-03-30T21:00,,24.9,84,0.186,0.276
1985-03-30T22:00,,24.7,85,0.186,0.276
1985-03-30T23:00,,24.5,86,0.186,0.276
1985-03-31T00:00,,24.3,86,0.186,0.276
1985-03-31T01:00,,24.1,87,0.186,0.276
1985-03-31T02:00,,24.6,84,0.186,0.276
1985-03-31T03:00,,26.8,72,0.186,0.276
1985-03-31T04:00,,28.8,62,0.186,0.276
1985-03-31T05:00,,30.6,53,0.186,0.276
1985-03-31T06:00,,32.2,47,0.186,0.276
1985-03-31T07:00,,33.1,44,0.186,0.276
1985-03-31T08:00,,33.7,42,0.186,0.276
1985-03-31T09:00,,33.6,42,0.186,0.276
1985-03-31T10:00,,33.0,43,0.186,0.275
1985-03-31T11:00,,32.6,42,0.186,0.275
1985-03-31T12:00,,32.0,43,0.186,0.275
1985-03-31T13:00,,30.6,49,0.186,0.275
1985-03-31T14:00,,29.0,54,0.186,0.275
1985-03-31T15:00,,28.1,57,0.186,0.275
1985-03-31T16:00,,27.3,62,0.186,0.275
1985-03-31T17:00,,26.5,68,0.186,0.275
1985-03-31T18:00,,25.9,73,0.186,0.275
1985-03-31T19:00,,25.6,75,0.186,0.275
1985-03-31T20:00,,25.1,76,0.186,0.275
1985-03-31T21:00,,24.7,77,0.186,0.275
1985-03-31T22:00,,24.1,80,0.186,0.275
1985-03-31T23:00,,23.6,82,0.186,0.275
1985-04-01T00:00,,23.2,84,0.186,0.275
1985-04-01T01:00,,22.8,85,0.186,0.275
1985-04-01T02:00,,23.6,82,0.186,0.275
1985-04-01T03:00,,26.6,66,0.186,0.275
1985-04-01T04:00,,28.9,56,0.186,0.275
1985-04-01T05:00,,30.7,50,0.186,0.275
1985-04-01T06:00,,32.1,47,0.186,0.275
1985-04-01T07:00,,33.5,38,0.186,0.275
1985-04-01T08:00,,33.8,39,0.186,0.275
1985-04-01T09:00,,33.2,39,0.187,0.275
1985-04-01T10:00,,32.5,42,0.187,0.275
1985-04-01T11:00,,31.7,46,0.187,0.275
1985-04-01T12:00,,30.2,54,0.187,0.275
1985-04-01T13:00,,28.7,61,0.187,0.275
1985-04-01T14:00,,27.5,67,0.187,0.275
1985-04-01T15:00,,26.8,70,0.187,0.275
1985-04-01T16:00,,26.2,74,0.187,0.275
1985-04-01T17:00,,25.9,76,0.187,0.275
1985-04-01T18:00,,25.6,78,0.187,0.275
1985-04-01T19:00,,25.6,79,0.187,0.275
1985-04-01T20:00,,25.3,81,0.187,0.275
1985-04-01T21:00,,25.1,84,0.187,0.275
1985-04-01T22:00,,24.9,87,0.187,0.275
1985-04-01T23:00,,24.6,90,0.187,0.275
1985-04-02T00:00,,24.4,92,0.187,0.275
1985-04-02T01:00,,24.1,93,0.187,0.275
1985-04-02T02:00,,24.7,90,0.187,0.275
1985-04-02T03:00,,26.5,76,0.187,0.275
1985-04-02T04:00,,28.5,61,0.187,0.275
1985-04-02T05:00,,30.3,52,0.187,0.275
1985-04-02T06:00,,31.6,48,0.187,0.275
1985-04-02T07:00,,32.3,44,0.187,0.275
1985-04-02T08:00,,32.3,44,0.187,0.275
1985-04-02T09:00,,31.9,45,0.187,0.275
1985-04-02T10:00,,31.5,45,0.186,0.275
1985-04-02T11:00,,30.8,46,0.186,0.275
1985-04-02T12:00,,30.2,47,0.186,0.275
1985-04-02T13:00,,28.8,53,0.186,0.275
1985-04-02T14:00,,27.4,61,0.186,0.275
1985-04-02T15:00,,26.6,66,0.186,0.275
1985-04-02T16:00,,25.9,71,0.186,0.275
1985-04-02T17:00,,25.4,75,0.186,0.275
1985-04-02T18:00,,24.8,78,0.186,0.275
1985-04-02T19:00,,24.7,80,0.186,0.275
1985-04-02T20:00,,24.3,83,0.186,0.275
1985-04-02T21:00,,24.0,86,0.186,0.275
1985-04-02T22:00,,23.7,88,0.186,0.275
1985-04-02T23:00,,23.5,90,0.186,0.275
1985-04-03T00:00,,23.2,92,0.186,0.275
1985-04-03T01:00,,22.8,94,0.186,0.275
1985-04-03T02:00,,23.5,90,0.186,0.275
1985-04-03T03:00,,26.0,74,0.186,0.275
1985-04-03T04:00,,27.6,63,0.186,0.275
1985-04-03T05:00,,29.0,56,0.186,0.275
1985-04-03T06:00,,30.4,50,0.186,0.275
1985-04-03T07:00,,31.3,49,0.186,0.275
1985-04-03T08:00,,31.9,46,0.186,0.275
1985-04-03T09:00,,32.1,45,0.186,0.275
1985-04-03T10:00,,31.7,45,0.186,0.275
1985-04-03T11:00,,31.0,47,0.186,0.275
1985-04-03T12:00,,29.8,51,0.186,0.275
1985-04-03T13:00,,28.2,59,0.186,0.275
1985-04-03T14:00,,26.7,68,0.186,0.275
1985-04-03T15:00,,25.8,74,0.186,0.275
1985-04-03T16:00,,25.2,77,0.186,0.275
1985-04-03T17:00,,24.8,79,0.186,0.275
1985-04-03T18:00,,24.4,81,0.186,0.275
1985-04-03T19:00,,24.3,81,0.186,0.275
1985-04-03T20:00,,23.9,83,0.186,0.275
1985-04-03T21:00,,23.6,84,0.186,0.275
1985-04-03T22:00,,23.3,84,0.186,0.275
1985-04-03T23:00,,22.8,87,0.186,0.275
1985-04-04T00:00,,22.1,91,0.186,0.275
1985-04-04T01:00,,21.6,93,0.186,0.275
1985-04-04T02:00,,22.6,89,0.186,0.275
1985-04-04T03:00,,25.3,74,0.186,0.275
1985-04-04T04:00,,27.0,63,0.186,0.275
1985-04-04T05:00,,28.6,54,0.186,0.275
1985-04-04T06:00,,30.2,47,0.186,0.275
1985-04-04T07:00,,31.0,44,0.186,0.275
1985-04-04T08:00,,31.6,42,0.186,0.275
1985-04-04T09:00,,31.7,40,0.186,0.275
1985-04-04T10:00,,31.6,39,0.186,0.275
1985-04-04T11:00,,31.0,40,0.186,0.275
1985-04-04T12:00,,29.9,44,0.186,0.275
1985-04-04T13:00,,28.3,53,0.186,0.275
1985-04-04T14:00,,26.6,64,0.186,0.275
1985-04-04T15:00,,25.5,72,0.186,0.275
1985-04-04T16:00,,24.8,77,0.186,0.275
1985-04-04T17:00,,24.3,81,0.186,0.275
1985-04-04T18:00,,24.0,83,0.186,0.275
1985-04-04T19:00,,24.0,83,0.186,0.275
1985-04-04T20:00,,23.8,85,0.186,0.275
1985-04-04T21:00,,23.6,87,0.186,0.275
1985-04-04T22:00,,23.3,89,0.186,0.275
1985-04-04T23:00,,23.2,90,0.186,0.275
1985-04-05T00:00,,23.0,91,0.186,0.275
1985-04-05T01:00,,22.7,92,0.186,0.275
1985-04-05T02:00,,23.3,89,0.186,0.275
1985-04-05T03:00,,25.3,78,0.186,0.275
1985-04-05T04:00,,27.2,68,0.186,0.275
1985-04-05T05:00,,28.8,61,0.186,0.275
1985-04-05T06:00,,30.4,54,0.186,0.275
1985-04-05T07:00,,31.4,50,0.186,0.275
1985-04-05T08:00,,32.2,46,0.186,0.275
1985-04-05T09:00,,32.4,46,0.186,0.275
1985-04-05T10:00,,32.1,48,0.186,0.275
1985-04-05T11:00,,31.4,51,0.186,0.275
1985-04-05T12:00,,30.1,56,0.186,0.275
1985-04-05T13:00,,28.6,63,0.186,0.275
1985-04-05T14:00,,27.2,70,0.186,0.275
1985-04-05T15:00,,26.3,75,0.186,0.275
1985-04-05T16:00,,25.8,80,0.186,0.275
1985-04-05T17:00,,25.4,83,0.186,0.275
1985-04-05T18:00,,25.2,85,0.186,0.275
1985-04-05T19:00,,25.1,86,0.186,0.275
1985-04-05T20:00,,24.7,88,0.186,0.275
1985-04-05T21:00,,24.4,89,0.186,0.275
1985-04-05T22:00,,24.2,89,0.186,0.275
1985-04-05T23:00,,24.0,90,0.186,0.275
1985-04-06T00:00,,23.7,91,0.186,0.275
1985-04-06T01:00,,23.5,91,0.186,0.275
1985-04-06T02:00,,24.2,86,0.186,0.275
1985-04-06T03:00,,26.3,73,0.186,0.275
1985-04-06T04:00,,28.3,62,0.186,0.275
1985-04-06T05:00,,29.9,55,0.186,0.275
1985-04-06T06:00,,31.3,51,0.186,0.275
1985-04-06T07:00,,32.3,47,0.186,0.275
1985-04-06T08:00,,32.7,47,0.186,0.275
1985-04-06T09:00,,32.6,48,0.186,0.275
1985-04-06T10:00,,32.1,51,0.186,0.275
1985-04-06T11:00,,31.1,55,0.186,0.275
1985-04-06T12:00,,29.8,59,0.186,0.275
1985-04-06T13:00,,28.6,64,0.186,0.275
1985-04-06T14:00,,27.5,70,0.186,0.275
1985-04-06T15:00,,26.7,76,0.186,0.275
1985-04-06T16:00,,26.1,80,0.186,0.275
1985-04-06T17:00,,25.6,84,0.186,0.275
1985-04-06T18:00,,25.2,86,0.186,0.275
1985-04-06T19:00,,25.0,88,0.186,0.275
1985-04-06T20:00,,24.6,90,0.186,0.275
1985-04-06T21:00,,24.3,91,0.186,0.275
1985-04-06T22:00,,24.0,93,0.186,0.275
1985-04-06T23:00,,23.8,94,0.186,0.275
1985-04-07T00:00,,23.6,94,0.186,0.275
1985-04-07T01:00,,23.4,94,0.186,0.275
1985-04-07T02:00,,24.1,90,0.186,0.275
1985-04-07T03:00,,26.0,78,0.186,0.275
1985-04-07T04:00,,27.9,68,0.186,0.275
1985-04-07T05:00,,29.5,61,0.186,0.275
1985-04-07T06:00,,30.8,56,0.186,0.275
1985-04-07T07:00,,32.0,51,0.186,0.275
1985-04-07T08:00,,32.5,49,0.186,0.275
1985-04-07T09:00,,32.7,49,0.186,0.275
1985-04-07T10:00,,32.5,49,0.186,0.275
1985-04-07T11:00,,31.9,49,0.186,0.275
1985-04-07T12:00,,30.8,52,0.186,0.275
1985-04-07T13:00,,29.2,61,0.186,0.275
1985-04-07T14:00,,27.5,71,0.186,0.275
1985-04-07T15:00,,26.5,79,0.186,0.275
1985-04-07T16:00,,25.9,84,0.186,0.275
1985-04-07T17:00,,25.4,88,0.186,0.275
1985-04-07T18:00,,25.2,91,0.186,0.275
1985-04-07T19:00,,25.1,91,0.186,0.275
1985-04-07T20:00,,25.1,91,0.186,0.275
1985-04-07T21:00,,25.0,91,0.186,0.275
1985-04-07T22:00,,24.9,92,0.186,0.275
1985-04-07T23:00,,24.6,93,0.186,0.275
1985-04-08T00:00,,24.5,93,0.186,0.275
1985-04-08T01:00,,24.5,93,0.186,0.275
1985-04-08T02:00,,25.2,89,0.186,0.275
1985-04-08T03:00,,26.8,77,0.186,0.275
1985-04-08T04:00,,28.3,67,0.186,0.275
1985-04-08T05:00,,29.7,61,0.186,0.275
1985-04-08T06:00,,30.8,56,0.186,0.275
1985-04-08T07:00,,31.1,54,0.186,0.275
1985-04-08T08:00,,31.4,53,0.186,0.275
1985-04-08T09:00,,31.3,52,0.186,0.275
1985-04-08T10:00,,30.9,53,0.186,0.275
1985-04-08T11:00,,30.2,56,0.186,0.275
1985-04-08T12:00,,29.2,60,0.186,0.275
1985-04-08T13:00,,28.0,68,0.186,0.275
1985-04-08T14:00,,27.0,75,0.186,0.275
1985-04-08T15:00,,26.5,78,0.186,0.275
1985-04-08T16:00,,26.1,81,0.186,0.275
1985-04-08T17:00,,25.9,83,0.186,0.275
1985-04-08T18:00,,25.7,85,0.186,0.275
1985-04-08T19:00,,25.5,87,0.186,0.275
1985-04-08T20:00,,25.5,87,0.186,0.275
1985-04-08T21:00,,25.4,87,0.186,0.275
1985-04-08T22:00,,25.2,88,0.186,0.275
1985-04-08T23:00,,25.1,88,0.186,0.275
1985-04-09T00:00,,25.1,88,0.186,0.275
1985-04-09T01:00,,25.0,88,0.187,0.275
1985-04-09T02:00,,25.6,84,0.187,0.275
1985-04-09T03:00,,26.8,76,0.187,0.275
1985-04-09T04:00,,28.0,69,0.187,0.275
1985-04-09T05:00,,29.2,63,0.187,0.275
1985-04-09T06:00,,30.0,59,0.187,0.275
1985-04-09T07:00,,30.8,55,0.187,0.275
1985-04-09T08:00,,31.0,55,0.187,0.275
1985-04-09T09:00,,30.9,55,0.187,0.275
1985-04-09T10:00,,30.6,56,0.187,0.275
1985-04-09T11:00,,30.2,58,0.187,0.275
1985-04-09T12:00,,29.4,62,0.187,0.275
1985-04-09T13:00,,28.3,68,0.187,0.275
1985-04-09T14:00,,27.4,74,0.187,0.275
1985-04-09T15:00,,27.0,78,0.187,0.275
1985-04-09T16:00,,26.6,81,0.187,0.275
1985-04-09T17:00,,26.4,83,0.187,0.275
1985-04-09T18:00,,26.2,85,0.187,0.275
1985-04-09T19:00,,26.1,85,0.187,0.275
1985-04-09T20:00,,25.9,87,0.187,0.275
1985-04-09T21:00,,25.7,88,0.187,0.275
1985-04-09T22:00,,25.4,90,0.187,0.275
1985-04-09T23:00,,25.2,91,0.187,0.275
1985-04-10T00:00,,24.9,92,0.187,0.275
1985-04-10T01:00,,24.7,93,0.187,0.275
1985-04-10T02:00,,25.4,90,0.187,0.275
1985-04-10T03:00,,27.2,77,0.187,0.275
1985-04-10T04:00,,29.0,62,0.187,0.275
1985-04-10T05:00,,30.5,52,0.187,0.275
1985-04-10T06:00,,31.7,45,0.187,0.275
1985-04-10T07:00,,32.4,42,0.187,0.275
1985-04-10T08:00,,32.9,39,0.186,0.275
1985-04-10T09:00,,33.0,36,0.186,0.275
1985-04-10T10:00,,32.9,35,0.186,0.275
1985-04-10T11:00,,32.3,36,0.186,0.275
1985-04-10T12:00,,31.1,42,0.186,0.275
1985-04-10T13:00,,29.4,53,0.186,0.275
1985-04-10T14:00,,27.7,65,0.186,0.275
1985-04-10T15:00,,26.7,74,0.186,0.275
1985-04-10T16:00,,26.2,78,0.186,0.275
1985-04-10T17:00,,25.7,81,0.186,0.275
1985-04-10T18:00,,25.3,83,0.186,0.275
1985-04-10T19:00,,25.3,82,0.186,0.275
1985-04-10T20:00,,25.0,83,0.186,0.275
1985-04-10T21:00,,24.7,85,0.186,0.275
1985-04-10T22:00,,24.4,86,0.186,0.275
1985-04-10T23:00,,24.2,87,0.186,0.275
1985-04-11T00:00,,23.9,88,0.186,0.275
1985-04-11T01:00,,23.8,88,0.186,0.275
1985-04-11T02:00,,24.7,83,0.186,0.275
1985-04-11T03:00,,26.8,66,0.186,0.275
1985-04-11T04:00,,28.5,54,0.186,0.275
1985-04-11T05:00,,30.1,47,0.186,0.275
1985-04-11T06:00,,31.5,42,0.186,0.275
1985-04-11T07:00,,32.7,40,0.186,0.275
1985-04-11T08:00,,33.3,37,0.186,0.275
1985-04-11T09:00,,33.4,36,0.186,0.275
1985-04-11T10:00,,33.2,35,0.186,0.275
1985-04-11T11:00,,32.5,37,0.186,0.275
1985-04-11T12:00,,31.3,41,0.186,0.275
1985-04-11T13:00,,29.5,49,0.186,0.275
1985-04-11T14:00,,27.5,62,0.186,0.275
1985-04-11T15:00,,26.5,71,0.186,0.275
1985-04-11T16:00,,25.8,77,0.186,0.275
1985-04-11T17:00,,25.4,81,0.186,0.275
1985-04-11T18:00,,25.1,83,0.186,0.275
1985-04-11T19:00,,25.0,83,0.186,0.275
1985-04-11T20:00,,24.7,84,0.186,0.275
1985-04-11T21:00,,24.5,86,0.186,0.275
1985-04-11T22:00,,24.2,87,0.186,0.275
1985-04-11T23:00,,24.0,88,0.186,0.275
1985-04-12T00:00,,23.7,89,0.186,0.275
1985-04-12T01:00,,23.0,92,0.186,0.275
1985-04-12T02:00,,24.0,87,0.186,0.275
1985-04-12T03:00,,26.4,71,0.186,0.275
1985-04-12T04:00,,28.7,55,0.186,0.275
1985-04-12T05:00,,30.7,43,0.186,0.275
1985-04-12T06:00,,32.5,36,0.186,0.275
1985-04-12T07:00,,34.0,33,0.186,0.275
1985-04-12T08:00,,34.8,30,0.186,0.275
1985-04-12T09:00,,35.1,29,0.186,0.275
1985-04-12T10:00,,34.9,29,0.186,0.275
1985-04-12T11:00,,34.2,30,0.186,0.275
1985-04-12T12:00,,32.8,35,0.186,0.275
1985-04-12T13:00,,30.6,43,0.186,0.275
1985-04-12T14:00,,28.4,55,0.186,0.275
1985-04-12T15:00,,27.1,65,0.186,0.275
1985-04-12T16:00,,26.3,73,0.186,0.275
1985-04-12T17:00,,25.9,78,0.186,0.275
1985-04-12T18:00,,25.5,81,0.186,0.275
1985-04-12T19:00,,25.6,81,0.186,0.275
1985-04-12T20:00,,25.3,82,0.186,0.275
1985-04-12T21:00,,25.0,84,0.186,0.275
1985-04-12T22:00,,24.7,86,0.186,0.275
1985-04-12T23:00,,24.4,87,0.186,0.275
1985-04-13T00:00,,24.2,89,0.186,0.275
1985-04-13T01:00,,24.0,90,0.186,0.275
1985-04-13T02:00,,24.8,85,0.186,0.275
1985-04-13T03:00,,26.7,74,0.186,0.275
1985-04-13T04:00,,28.6,62,0.186,0.275
1985-04-13T05:00,,30.1,52,0.186,0.275
1985-04-13T06:00,,31.5,45,0.186,0.275
1985-04-13T07:00,,32.6,39,0.186,0.275
1985-04-13T08:00,,33.3,35,0.186,0.275
1985-04-13T09:00,,33.5,32,0.186,0.275
1985-04-13T10:00,,33.4,31,0.186,0.275
1985-04-13T11:00,,32.8,33,0.186,0.275
1985-04-13T12:00,,31.6,38,0.186,0.275
1985-04-13T13:00,,29.7,49,0.186,0.275
1985-04-13T14:00,,27.9,62,0.186,0.275
1985-04-13T15:00,,26.8,70,0.186,0.275
1985-04-13T16:00,,26.2,76,0.186,0.275
1985-04-13T17:00,,25.7,79,0.186,0.275
1985-04-13T18:00,,25.4,81,0.186,0.275
1985-04-13T19:00,,25.4,80,0.186,0.275
1985-04-13T20:00,,25.2,81,0.186,0.275
1985-04-13T21:00,,24.9,83,0.186,0.275
1985-04-13T22:00,,24.6,84,0.186,0.275
1985-04-13T23:00,,24.3,85,0.186,0.274
1985-04-14T00:00,,24.0,85,0.186,0.274
1985-04-14T01:00,,23.7,85,0.186,0.274
1985-04-14T02:00,,24.4,79,0.186,0.274
1985-04-14T03:00,,26.3,63,0.186,0.274
1985-04-14T04:00,,27.9,50,0.186,0.274
1985-04-14T05:00,,29.4,41,0.186,0.274
1985-04-14T06:00,,30.8,35,0.186,0.274
1985-04-14T07:00,,31.7,31,0.186,0.274
1985-04-14T08:00,,32.3,29,0.186,0.274
1985-04-14T09:00,,32.6,27,0.186,0.274
1985-04-14T10:00,,32.6,26,0.186,0.274
1985-04-14T11:00,,32.2,26,0.186,0.274
1985-04-14T12:00,,31.1,30,0.186,0.274
1985-04-14T13:00,,29.3,40,0.186,0.274
1985-04-14T14:00,,27.3,53,0.186,0.274
1985-04-14T15:00,,26.2,63,0.186,0.274
1985-04-14T16:00,,25.5,69,0.186,0.274
1985-04-14T17:00,,25.1,73,0.186,0.274
1985-04-14T18:00,,24.8,75,0.186,0.274
1985-04-14T19:00,,24.4,77,0.186,0.274
1985-04-14T20:00,,24.1,79,0.186,0.274
1985-04-14T21:00,,23.8,81,0.186,0.274
1985-04-14T22:00,,23.6,83,0.186,0.274
1985-04-14T23:00,,23.3,84,0.186,0.274
1985-04-15T00:00,,23.0,86,0.186,0.274
1985-04-15T01:00,,22.8,87,0.186,0.274
1985-04-15T02:00,,23.7,83,0.186,0.274
1985-04-15T03:00,,25.7,72,0.186,0.274
1985-04-15T04:00,,27.4,62,0.186,0.274
1985-04-15T05:00,,29.0,53,0.186,0.274
1985-04-15T06:00,,30.4,47,0.186,0.274
1985-04-15T07:00,,31.1,46,0.186,0.274
1985-04-15T08:00,,31.6,45,0.186,0.274
1985-04-15T09:00,,31.7,44,0.186,0.274
1985-04-15T10:00,,31.5,43,0.186,0.274
1985-04-15T11:00,,30.8,44,0.186,0.274
1985-04-15T12:00,,29.7,47,0.186,0.274
1985-04-15T13:00,,28.1,55,0.186,0.274
1985-04-15T14:00,,26.6,65,0.186,0.274
1985-04-15T15:00,,25.7,73,0.186,0.274
1985-04-15T16:00,,25.1,78,0.186,0.274
1985-04-15T17:00,,24.7,81,0.186,0.274
1985-04-15T18:00,,24.2,85,0.186,0.274
1985-04-15T19:00,,24.1,86,0.186,0.274
1985-04-15T20:00,,23.7,88,0.186,0.274
1985-04-15T21:00,,23.3,90,0.186,0.274
1985-04-15T22:00,,22.9,92,0.186,0.274
1985-04-15T23:00,,22.6,93,0.186,0.274
1985-04-16T00:00,,22.2,93,0.186,0.274
1985-04-16T01:00,,22.1,94,0.186,0.274
1985-04-16T02:00,,22.9,91,0.186,0.274
1985-04-16T03:00,,25.1,78,0.186,0.274
1985-04-16T04:00,,26.9,65,0.186,0.274
1985-04-16T05:00,,28.8,53,0.186,0.274
1985-04-16T06:00,,30.3,46,0.186,0.274
1985-04-16T07:00,,31.7,40,0.186,0.274
1985-04-16T08:00,,32.4,39,0.186,0.274
1985-04-16T09:00,,32.7,39,0.186,0.274
1985-04-16T10:00,,32.3,40,0.186,0.274
1985-04-16T11:00,,31.6,42,0.186,0.274
1985-04-16T12:00,,30.3,44,0.186,0.274
1985-04-16T13:00,,28.7,50,0.186,0.274
1985-04-16T14:00,,27.1,59,0.186,0.274
1985-04-16T15:00,,26.1,67,0.186,0.274
1985-04-16T16:00,,25.3,73,0.186,0.274
1985-04-16T17:00,,24.7,78,0.186,0.274
1985-04-16T18:00,,24.2,81,0.186,0.274
1985-04-16T19:00,,24.1,82,0.186,0.274
1985-04-16T20:00,,23.8,85,0.186,0.274
1985-04-16T21:00,,23.4,87,0.186,0.274
1985-04-16T22:00,,23.1,89,0.186,0.274
1985-04-16T23:00,,22.7,90,0.186,0.274
1985-04-17T00:00,,22.4,92,0.186,0.274
1985-04-17T01:00,,22.2,93,0.186,0.274
1985-04-17T02:00,,23.1,88,0.186,0.274
1985-04-17T03:00,,25.7,74,0.186,0.274
1985-04-17T04:00,,27.7,63,0.185,0.274
1985-04-17T05:00,,29.6,55,0.185,0.274
1985-04-17T06:00,,31.5,47,0.185,0.274
1985-04-17T07:00,,32.7,42,0.185,0.274
1985-04-17T08:00,,33.7,39,0.185,0.274
1985-04-17T09:00,,34.2,37,0.185,0.274
1985-04-17T10:00,,34.1,38,0.185,0.274
1985-04-17T11:00,,33.4,41,0.185,0.274
1985-04-17T12:00,,32.0,47,0.185,0.274
1985-04-17T13:00,,29.9,56,0.185,0.274
1985-04-17T14:00,,28.0,67,0.185,0.274
1985-04-17T15:00,,26.8,75,0.185,0.274
1985-04-17T16:00,,26.2,79,0.185,0.274
1985-04-17T17:00,,25.8,83,0.185,0.274
1985-04-17T18:00,,25.4,85,0.185,0.274
1985-04-17T19:00,,25.3,86,0.185,0.274
1985-04-17T20:00,,25.0,87,0.185,0.274
1985-04-17T21:00,,24.7,89,0.185,0.274
1985-04-17T22:00,,24.4,90,0.185,0.274
1985-04-17T23:00,,24.2,91,0.185,0.274
1985-04-18T00:00,,23.9,91,0.185,0.274
1985-04-18T01:00,,23.7,92,0.185,0.274
1985-04-18T02:00,,24.7,86,0.185,0.274
1985-04-18T03:00,,26.9,73,0.185,0.274
1985-04-18T04:00,,28.9,60,0.185,0.274
1985-04-18T05:00,,30.8,50,0.185,0.274
1985-04-18T06:00,,32.4,43,0.185,0.274
1985-04-18T07:00,,33.7,39,0.185,0.274
1985-04-18T08:00,,34.5,35,0.185,0.274
1985-04-18T09:00,,34.7,33,0.185,0.274
1985-04-18T10:00,,34.6,31,0.185,0.274
1985-04-18T11:00,,33.8,32,0.185,0.274
1985-04-18T12:00,,32.4,37,0.185,0.274
1985-04-18T13:00,,30.4,47,0.185,0.274
1985-04-18T14:00,,28.4,61,0.185,0.274
1985-04-18T15:00,,27.4,70,0.185,0.274
1985-04-18T16:00,,26.8,75,0.185,0.274
1985-04-18T17:00,,26.3,79,0.185,0.274
1985-04-18T18:00,,26.0,81,0.185,0.274
1985-04-18T19:00,,25.9,81,0.185,0.274
1985-04-18T20:00,,25.6,82,0.185,0.274
1985-04-18T21:00,,25.4,83,0.185,0.274
1985-04-18T22:00,,25.2,83,0.185,0.274
1985-04-18T23:00,,25.0,84,0.185,0.274
1985-04-19T00:00,,24.6,85,0.185,0.274
1985-04-19T01:00,,24.2,87,0.186,0.274
1985-04-19T02:00,,25.2,82,0.186,0.274
1985-04-19T03:00,,27.5,68,0.186,0.274
1985-04-19T04:00,,29.5,55,0.186,0.274
1985-04-19T05:00,,31.3,45,0.186,0.274
1985-04-19T06:00,,32.8,39,0.185,0.274
1985-04-19T07:00,,33.8,35,0.185,0.274
1985-04-19T08:00,,34.1,34,0.185,0.274
1985-04-19T09:00,,34.0,33,0.185,0.274
1985-04-19T10:00,,33.8,32,0.185,0.274
1985-04-19T11:00,,33.3,32,0.185,0.274
1985-04-19T12:00,,32.3,34,0.185,0.274
1985-04-19T13:00,,30.7,42,0.185,0.274
1985-04-19T14:00,,28.8,55,0.185,0.274
1985-04-19T15:00,,27.5,68,0.185,0.274
1985-04-19T16:00,,26.8,76,0.185,0.274
1985-04-19T17:00,,26.4,80,0.185,0.274
1985-04-19T18:00,,26.1,82,0.185,0.274
1985-04-19T19:00,,26.1,82,0.185,0.274
1985-04-19T20:00,,25.6,84,0.185,0.274
1985-04-19T21:00,,25.4,85,0.185,0.274
1985-04-19T22:00,,24.6,88,0.186,0.274
1985-04-19T23:00,,24.0,90,0.186,0.274
1985-04-20T00:00,,23.9,89,0.186,0.274
1985-04-20T01:00,,23.6,89,0.186,0.274
1985-04-20T02:00,,25.3,78,0.186,0.274
1985-04-20T03:00,,27.6,63,0.186,0.274
1985-04-20T04:00,,29.9,49,0.186,0.274
1985-04-20T05:00,,32.1,39,0.186,0.274
1985-04-20T06:00,,34.1,33,0.186,0.274
1985-04-20T07:00,,36.2,26,0.185,0.274
1985-04-20T08:00,,37.2,24,0.185,0.274
1985-04-20T09:00,,37.7,24,0.185,0.274
1985-04-20T10:00,,38.0,23,0.185,0.274
1985-04-20T11:00,,38.1,23,0.185,0.274
1985-04-20T12:00,,37.7,23,0.185,0.274
1985-04-20T13:00,,36.6,24,0.185,0.274
1985-04-20T14:00,,35.2,26,0.185,0.274
1985-04-20T15:00,,34.2,27,0.185,0.274
1985-04-20T16:00,,33.7,28,0.185,0.274
1985-04-20T17:00,,33.2,28,0.185,0.274
1985-04-20T18:00,,32.6,28,0.185,0.274
1985-04-20T19:00,,31.6,29,0.185,0.274
1985-04-20T20:00,,30.9,30,0.185,0.274
1985-04-20T21:00,,30.3,32,0.185,0.274
1985-04-20T22:00,,29.6,33,0.185,0.274
1985-04-20T23:00,,28.9,35,0.185,0.274
1985-04-21T00:00,,28.3,36,0.185,0.274
1985-04-21T01:00,,27.8,37,0.185,0.274
1985-04-21T02:00,,28.5,37,0.185,0.274
1985-04-21T03:00,,30.7,33,0.185,0.274
1985-04-21T04:00,,33.0,29,0.185,0.274
1985-04-21T05:00,,35.1,27,0.185,0.274
1985-04-21T06:00,,36.8,25,0.185,0.274
1985-04-21T07:00,,37.8,24,0.185,0.274
1985-04-21T08:00,,38.5,23,0.185,0.274
1985-04-21T09:00,,39.0,22,0.185,0.274
1985-04-21T10:00,,39.1,21,0.185,0.274
1985-04-21T11:00,,39.0,21,0.185,0.274
1985-04-21T12:00,,38.4,22,0.185,0.274
1985-04-21T13:00,,37.2,23,0.185,0.274
1985-04-21T14:00,,35.8,24,0.185,0.274
1985-04-21T15:00,,35.0,25,0.185,0.274
1985-04-21T16:00,,34.2,25,0.185,0.274
1985-04-21T17:00,,33.5,26,0.185,0.274
1985-04-21T18:00,,32.8,27,0.185,0.274
1985-04-21T19:00,,32.1,28,0.185,0.274
1985-04-21T20:00,,31.1,29,0.185,0.274
1985-04-21T21:00,,30.2,30,0.185,0.274
1985-04-21T22:00,,29.5,31,0.185,0.274
1985-04-21T23:00,,29.0,32,0.185,0.274
1985-04-22T00:00,,28.6,33,0.185,0.274
1985-04-22T01:00,,28.4,33,0.185,0.274
1985-04-22T02:00,,29.1,32,0.185,0.274
1985-04-22T03:00,,31.0,29,0.185,0.274
1985-04-22T04:00,,33.5,24,0.185,0.274
1985-04-22T05:00,,35.6,21,0.185,0.274
1985-04-22T06:00,,37.5,19,0.185,0.274
1985-04-22T07:00,,37.9,22,0.185,0.274
1985-04-22T08:00,,38.5,22,0.185,0.274
1985-04-22T09:00,,38.8,21,0.185,0.274
1985-04-22T10:00,,38.8,21,0.185,0.274
1985-04-22T11:00,,38.5,21,0.185,0.274
1985-04-22T12:00,,38.0,22,0.185,0.274
1985-04-22T13:00,,36.9,23,0.185,0.274
1985-04-22T14:00,,35.7,23,0.185,0.274
1985-04-22T15:00,,33.6,30,0.185,0.274
1985-04-22T16:00,,31.4,41,0.185,0.274
1985-04-22T17:00,,30.0,50,0.185,0.274
1985-04-22T18:00,,29.2,56,0.185,0.274
1985-04-22T19:00,,28.7,60,0.185,0.274
1985-04-22T20:00,,28.6,59,0.185,0.274
1985-04-22T21:00,,28.5,54,0.185,0.274
1985-04-22T22:00,,28.1,50,0.185,0.274
1985-04-22T23:00,,27.4,49,0.185,0.274
1985-04-23T00:00,,27.0,50,0.185,0.274
1985-04-23T01:00,,26.9,49,0.185,0.274
1985-04-23T02:00,,26.9,53,0.185,0.274
1985-04-23T03:00,,29.4,39,0.185,0.274
1985-04-23T04:00,,30.9,35,0.185,0.274
1985-04-23T05:00,,32.3,31,0.185,0.274
1985-04-23T06:00,,33.7,29,0.185,0.274
1985-04-23T07:00,,34.4,30,0.185,0.274
1985-04-23T08:00,,35.0,30,0.185,0.274
1985-04-23T09:00,,35.2,29,0.185,0.274
1985-04-23T10:00,,35.1,29,0.185,0.274
1985-04-23T11:00,,34.5,31,0.185,0.274
1985-04-23T12:00,,33.3,36,0.185,0.274
1985-04-23T13:00,,31.2,45,0.185,0.274
1985-04-23T14:00,,29.3,55,0.185,0.274
1985-04-23T15:00,,28.2,63,0.185,0.274
1985-04-23T16:00,,27.6,68,0.185,0.274
1985-04-23T17:00,,27.2,70,0.185,0.274
1985-04-23T18:00,,26.9,72,0.185,0.274
1985-04-23T19:00,,27.0,73,0.185,0.274
1985-04-23T20:00,,26.7,76,0.185,0.274
1985-04-23T21:00,,26.4,78,0.185,0.274
1985-04-23T22:00,,26.1,80,0.185,0.274
1985-04-23T23:00,,25.7,82,0.185,0.274
1985-04-24T00:00,,25.4,84,0.185,0.274
1985-04-24T01:00,,25.1,86,0.185,0.274
1985-04-24T02:00,,26.1,81,0.185,0.274
1985-04-24T03:00,,27.9,69,0.185,0.274
1985-04-24T04:00,,29.7,57,0.185,0.274
1985-04-24T05:00,,31.3,49,0.185,0.274
1985-04-24T06:00,,32.7,43,0.185,0.274
1985-04-24T07:00,,33.0,44,0.185,0.274
1985-04-24T08:00,,33.2,44,0.185,0.274
1985-04-24T09:00,,33.2,44,0.185,0.274
1985-04-24T10:00,,32.9,46,0.185,0.274
1985-04-24T11:00,,32.2,49,0.185,0.274
1985-04-24T12:00,,31.2,54,0.185,0.274
1985-04-24T13:00,,29.9,62,0.185,0.274
1985-04-24T14:00,,28.6,68,0.185,0.274
1985-04-24T15:00,,27.9,72,0.185,0.274
1985-04-24T16:00,,27.4,74,0.185,0.274
1985-04-24T17:00,,27.0,76,0.185,0.274
1985-04-24T18:00,,26.6,79,0.185,0.274
1985-04-24T19:00,,26.6,79,0.185,0.274
1985-04-24T20:00,,26.2,81,0.185,0.274
1985-04-24T21:00,,25.9,83,0.185,0.274
1985-04-24T22:00,,25.5,85,0.185,0.274
1985-04-24T23:00,,25.2,87,0.185,0.274
1985-04-25T00:00,,24.9,88,0.185,0.274
1985-04-25T01:00,,24.6,89,0.185,0.274
1985-04-25T02:00,,25.6,84,0.185,0.274
1985-04-25T03:00,,27.7,72,0.185,0.274
1985-04-25T04:00,,29.8,58,0.185,0.274
1985-04-25T05:00,,31.6,49,0.185,0.274
1985-04-25T06:00,,33.1,43,0.185,0.274
1985-04-25T07:00,,34.1,39,0.185,0.274
1985-04-25T08:00,,34.5,37,0.185,0.274
1985-04-25T09:00,,34.5,36,0.185,0.274
1985-04-25T10:00,,34.3,36,0.185,0.274
1985-04-25T11:00,,33.6,38,0.185,0.274
1985-04-25T12:00,,32.2,45,0.185,0.274
1985-04-25T13:00,,30.3,56,0.185,0.274
1985-04-25T14:00,,28.4,68,0.185,0.274
1985-04-25T15:00,,27.3,76,0.185,0.274
1985-04-25T16:00,,26.5,81,0.185,0.274
1985-04-25T17:00,,26.0,85,0.185,0.274
1985-04-25T18:00,,25.5,88,0.185,0.274
1985-04-25T19:00,,25.2,90,0.185,0.274
1985-04-25T20:00,,25.0,92,0.185,0.274
1985-04-25T21:00,,24.8,93,0.185,0.274
1985-04-25T22:00,,24.7,93,0.185,0.274
1985-04-25T23:00,,24.6,93,0.185,0.274
1985-04-26T00:00,,24.6,92,0.185,0.274
1985-04-26T01:00,,24.4,92,0.185,0.274
1985-04-26T02:00,,25.5,87,0.185,0.274
1985-04-26T03:00,,27.1,77,0.185,0.274
1985-04-26T04:00,,28.7,68,0.185,0.274
1985-04-26T05:00,,30.3,60,0.185,0.274
1985-04-26T06:00,,31.8,54,0.185,0.274
1985-04-26T07:00,,33.0,50,0.185,0.274
1985-04-26T08:00,,33.6,48,0.185,0.274
1985-04-26T09:00,,33.8,47,0.185,0.274
1985-04-26T10:00,,33.6,46,0.185,0.274
1985-04-26T11:00,,33.0,47,0.185,0.274
1985-04-26T12:00,,31.7,52,0.185,0.274
1985-04-26T13:00,,29.8,62,0.185,0.274
1985-04-26T14:00,,28.1,73,0.185,0.274
1985-04-26T15:00,,27.2,79,0.185,0.274
1985-04-26T16:00,,26.5,84,0.185,0.274
1985-04-26T17:00,,26.1,88,0.185,0.274
1985-04-26T18:00,,25.7,91,0.185,0.274
1985-04-26T19:00,,25.6,91,0.185,0.274
1985-04-26T20:00,,25.5,91,0.185,0.274
1985-04-26T21:00,,25.4,91,0.185,0.274
1985-04-26T22:00,,25.0,93,0.185,0.274
1985-04-26T23:00,,24.9,94,0.185,0.274
1985-04-27T00:00,,24.8,93,0.185,0.274
1985-04-27T01:00,,24.7,93,0.185,0.274
1985-04-27T02:00,,25.7,87,0.186,0.274
1985-04-27T03:00,,27.2,75,0.186,0.273
1985-04-27T04:00,,28.7,66,0.186,0.273
1985-04-27T05:00,,30.3,59,0.186,0.273
1985-04-27T06:00,,31.7,53,0.185,0.273
1985-04-27T07:00,,32.7,51,0.185,0.273
1985-04-27T08:00,,33.2,49,0.185,0.273
1985-04-27T09:00,,33.2,50,0.185,0.273
1985-04-27T10:00,,32.9,50,0.185,0.273
1985-04-27T11:00,,32.2,51,0.185,0.273
1985-04-27T12:00,,31.0,54,0.185,0.273
1985-04-27T13:00,,29.4,63,0.185,0.273
1985-04-27T14:00,,27.9,73,0.185,0.273
1985-04-27T15:00,,27.0,81,0.185,0.273
1985-04-27T16:00,,26.5,86,0.185,0.273
1985-04-27T17:00,,26.1,89,0.185,0.273
1985-04-27T18:00,,25.8,91,0.185,0.273
1985-04-27T19:00,,25.9,92,0.185,0.273
1985-04-27T20:00,,25.7,93,0.185,0.273
1985-04-27T21:00,,25.5,94,0.185,0.273
1985-04-27T22:00,,25.3,94,0.185,0.273
1985-04-27T23:00,,25.2,94,0.185,0.273
1985-04-28T00:00,,25.2,93,0.186,0.273
1985-04-28T01:00,,25.2,93,0.186,0.273
1985-04-28T02:00,,26.2,87,0.186,0.273
1985-04-28T03:00,,27.9,79,0.186,0.273
1985-04-28T04:00,,29.6,69,0.186,0.273
1985-04-28T05:00,,31.3,60,0.186,0.273
1985-04-28T06:00,,32.9,54,0.186,0.273
1985-04-28T07:00,,34.2,49,0.185,0.273
1985-04-28T08:00,,35.1,46,0.185,0.273
1985-04-28T09:00,,35.3,45,0.185,0.273
1985-04-28T10:00,,35.1,45,0.185,0.273
1985-04-28T11:00,,34.4,47,0.185,0.273
1985-04-28T12:00,,33.2,51,0.185,0.273
1985-04-28T13:00,,31.2,60,0.185,0.273
1985-04-28T14:00,,29.1,72,0.185,0.273
1985-04-28T15:00,,28.0,79,0.185,0.273
1985-04-28T16:00,,27.4,84,0.185,0.273
1985-04-28T17:00,,27.1,86,0.185,0.273
1985-04-28T18:00,,26.8,88,0.185,0.273
1985-04-28T19:00,,26.7,88,0.185,0.273
1985-04-28T20:00,,26.6,88,0.185,0.273
1985-04-28T21:00,,26.4,89,0.185,0.273
1985-04-28T22:00,,26.2,89,0.185,0.273
1985-04-28T23:00,,25.7,91,0.185,0.273
1985-04-29T00:00,,26.0,88,0.185,0.273
1985-04-29T01:00,,25.6,89,0.186,0.273
1985-04-29T02:00,,26.8,81,0.186,0.273
1985-04-29T03:00,,29.7,58,0.186,0.273
1985-04-29T04:00,,32.0,43,0.185,0.273
1985-04-29T05:00,,34.1,34,0.185,0.273
1985-04-29T06:00,,35.8,28,0.185,0.273
1985-04-29T07:00,,36.9,26,0.185,0.273
1985-04-29T08:00,,37.7,23,0.185,0.273
1985-04-29T09:00,,38.0,22,0.185,0.273
1985-04-29T10:00,,37.9,22,0.185,0.273
1985-04-29T11:00,,37.3,24,0.185,0.273
1985-04-29T12:00,,35.5,32,0.185,0.273
1985-04-29T13:00,,32.4,47,0.185,0.273
1985-04-29T14:00,,29.9,62,0.185,0.273
1985-04-29T15:00,,28.8,69,0.185,0.273
1985-04-29T16:00,,28.3,71,0.185,0.273
1985-04-29T17:00,,28.2,71,0.185,0.273
1985-04-29T18:00,,28.1,70,0.185,0.273
1985-04-29T19:00,,28.1,68,0.185,0.273
1985-04-29T20:00,,27.8,67,0.185,0.273
1985-04-29T21:00,,27.2,69,0.185,0.273
1985-04-29T22:00,,26.2,73,0.185,0.273
1985-04-29T23:00,,25.9,74,0.185,0.273
1985-04-30T00:00,,26.2,72,0.185,0.273
1985-04-30T01:00,,25.6,75,0.185,0.273
1985-04-30T02:00,,26.1,76,0.185,0.273
1985-04-30T03:00,,28.9,54,0.185,0.273
1985-04-30T04:00,,31.1,39,0.185,0.273
1985-04-30T05:00,,32.9,32,0.185,0.273
1985-04-30T06:00,,34.3,27,0.185,0.273
1985-04-30T07:00,,35.1,26,0.185,0.273
1985-04-30T08:00,,35.3,26,0.185,0.273
1985-04-30T09:00,,35.0,27,0.185,0.273
1985-04-30T10:00,,34.2,31,0.185,0.273
1985-04-30T11:00,,32.8,39,0.185,0.273
1985-04-30T12:00,,31.2,49,0.185,0.273
1985-04-30T13:00,,29.6,60,0.185,0.273
1985-04-30T14:00,,28.5,68,0.185,0.273
1985-04-30T15:00,,27.8,72,0.185,0.273
1985-04-30T16:00,,27.5,74,0.185,0.273
1985-04-30T17:00,,27.3,76,0.185,0.273
1985-04-30T18:00,,27.0,78,0.185,0.273
1985-04-30T19:00,,26.7,80,0.185,0.273
1985-04-30T20:00,,26.3,82,0.185,0.273
1985-04-30T21:00,,26.0,84,0.185,0.273
1985-04-30T22:00,,25.7,86,0.185,0.273
1985-04-30T23:00,,25.5,87,0.185,0.273
1985-05-01T00:00,,25.4,88,0.185,0.273
1985-05-01T01:00,,25.4,88,0.185,0.273
1985-05-01T02:00,,26.4,82,0.185,0.273
1985-05-01T03:00,,27.7,73,0.185,0.273
1985-05-01T04:00,,29.0,65,0.185,0.273
1985-05-01T05:00,,30.3,57,0.185,0.273
1985-05-01T06:00,,31.5,50,0.185,0.273
1985-05-01T07:00,,32.3,46,0.185,0.273
1985-05-01T08:00,,32.6,44,0.185,0.273
1985-05-01T09:00,,32.4,45,0.185,0.273
1985-05-01T10:00,,32.0,46,0.185,0.273
1985-05-01T11:00,,31.2,49,0.185,0.273
1985-05-01T12:00,,30.2,54,0.185,0.273
1985-05-01T13:00,,28.9,63,0.185,0.273
1985-05-01T14:00,,27.8,70,0.185,0.273
1985-05-01T15:00,,27.1,75,0.185,0.273
1985-05-01T16:00,,26.7,79,0.185,0.273
1985-05-01T17:00,,26.3,82,0.185,0.273
1985-05-01T18:00,,26.3,82,0.185,0.273
1985-05-01T19:00,,26.2,82,0.185,0.273
1985-05-01T20:00,,26.2,82,0.185,0.273
1985-05-01T21:00,,26.0,83,0.185,0.273
1985-05-01T22:00,,26.0,83,0.186,0.273
1985-05-01T23:00,,26.1,82,0.186,0.273
1985-05-02T00:00,,26.0,82,0.186,0.273
1985-05-02T01:00,,25.9,83,0.186,0.273
1985-05-02T02:00,,26.7,78,0.186,0.273
1985-05-02T03:00,,27.8,71,0.186,0.273
1985-05-02T04:00,,28.9,65,0.186,0.273
1985-05-02T05:00,,30.0,60,0.186,0.273
1985-05-02T06:00,,30.9,54,0.186,0.273
1985-05-02T07:00,,31.5,50,0.186,0.273
1985-05-02T08:00,,32.0,48,0.186,0.273
1985-05-02T09:00,,31.8,48,0.186,0.273
1985-05-02T10:00,,31.4,51,0.186,0.273
1985-05-02T11:00,,30.7,54,0.186,0.273
1985-05-02T12:00,,29.8,59,0.186,0.273
1985-05-02T13:00,,28.6,66,0.186,0.273
1985-05-02T14:00,,27.6,73,0.186,0.273
1985-05-02T15:00,,27.1,76,0.186,0.273
1985-05-02T16:00,,26.8,79,0.186,0.273
1985-05-02T17:00,,26.5,80,0.186,0.273
1985-05-02T18:00,,26.3,80,0.186,0.273
1985-05-02T19:00,,26.5,80,0.186,0.273
1985-05-02T20:00,,26.4,79,0.186,0.273
1985-05-02T21:00,,26.2,79,0.186,0.273
1985-05-02T22:00,,26.1,79,0.186,0.273
1985-05-02T23:00,,26.1,78,0.186,0.273
1985-05-03T00:00,,26.0,78,0.186,0.273
1985-05-03T01:00,,25.9,78,0.186,0.273
1985-05-03T02:00,,26.6,74,0.186,0.273
1985-05-03T03:00,,27.6,68,0.186,0.273
1985-05-03T04:00,,28.6,62,0.186,0.273
1985-05-03T05:00,,29.7,57,0.186,0.273
1985-05-03T06:00,,30.5,53,0.186,0.273
1985-05-03T07:00,,30.9,52,0.186,0.273
1985-05-03T08:00,,31.0,52,0.186,0.273
1985-05-03T09:00,,30.9,52,0.186,0.273
1985-05-03T10:00,,30.6,53,0.186,0.273
1985-05-03T11:00,,30.1,55,0.186,0.273
1985-05-03T12:00,,29.3,58,0.186,0.273
1985-05-03T13:00,,28.3,64,0.186,0.273
1985-05-03T14:00,,27.5,70,0.186,0.273
1985-05-03T15:00,,27.1,74,0.186,0.273
1985-05-03T16:00,,26.9,76,0.186,0.273
1985-05-03T17:00,,26.6,78,0.186,0.273
1985-05-03T18:00,,26.5,79,0.186,0.273
1985-05-03T19:00,,26.5,80,0.186,0.273
1985-05-03T20:00,,26.4,81,0.186,0.273
1985-05-03T21:00,,26.3,81,0.186,0.273
1985-05-03T22:00,,26.3,82,0.186,0.273
1985-05-03T23:00,,26.4,82,0.187,0.273
1985-05-04T00:00,,26.2,83,0.187,0.273
1985-05-04T01:00,,26.0,84,0.188,0.273
1985-05-04T02:00,,26.7,80,0.188,0.273
1985-05-04T03:00,,27.7,74,0.188,0.273
1985-05-04T04:00,,28.9,66,0.188,0.273
1985-05-04T05:00,,29.8,61,0.188,0.273
1985-05-04T06:00,,30.6,56,0.188,0.273
1985-05-04T07:00,,31.4,54,0.188,0.273
1985-05-04T08:00,,31.5,54,0.188,0.273
1985-05-04T09:00,,31.4,54,0.188,0.273
1985-05-04T10:00,,31.0,55,0.187,0.273
1985-05-04T11:00,,30.4,56,0.187,0.273
1985-05-04T12:00,,29.5,58,0.187,0.273
1985-05-04T13:00,,28.2,65,0.187,0.273
1985-05-04T14:00,,27.2,73,0.187,0.273
1985-05-04T15:00,,26.6,78,0.187,0.273
1985-05-04T16:00,,26.2,81,0.187,0.273
1985-05-04T17:00,,26.0,83,0.187,0.273
1985-05-04T18:00,,25.8,84,0.187,0.273
1985-05-04T19:00,,25.9,84,0.187,0.273
1985-05-04T20:00,,25.8,84,0.187,0.273
1985-05-04T21:00,,25.7,84,0.187,0.273
1985-05-04T22:00,,25.6,84,0.187,0.273
1985-05-04T23:00,,25.4,85,0.187,0.273
1985-05-05T00:00,,25.3,85,0.187,0.273
1985-05-05T01:00,,25.2,85,0.187,0.273
1985-05-05T02:00,,26.0,80,0.187,0.273
1985-05-05T03:00,,27.2,73,0.187,0.273
1985-05-05T04:00,,28.4,66,0.187,0.273
1985-05-05T05:00,,29.6,62,0.187,0.273
1985-05-05T06:00,,30.5,58,0.187,0.273
1985-05-05T07:00,,31.2,55,0.187,0.273
1985-05-05T08:00,,31.5,53,0.187,0.273
1985-05-05T09:00,,31.5,52,0.187,0.273
1985-05-05T10:00,,31.3,53,0.187,0.273
1985-05-05T11:00,,30.7,54,0.187,0.273
1985-05-05T12:00,,29.8,58,0.187,0.273
1985-05-05T13:00,,28.4,66,0.187,0.273
1985-05-05T14:00,,27.3,75,0.187,0.273
1985-05-05T15:00,,26.7,80,0.187,0.273
1985-05-05T16:00,,26.3,83,0.187,0.273
1985-05-05T17:00,,26.0,85,0.187,0.273
1985-05-05T18:00,,25.7,87,0.187,0.273
1985-05-05T19:00,,25.8,86,0.187,0.273
1985-05-05T20:00,,25.7,87,0.187,0.273
1985-05-05T21:00,,25.7,87,0.187,0.273
1985-05-05T22:00,,25.6,87,0.187,0.273
1985-05-05T23:00,,25.3,88,0.187,0.273
1985-05-06T00:00,,25.1,88,0.187,0.273
1985-05-06T01:00,,25.2,88,0.187,0.273
1985-05-06T02:00,,26.1,82,0.187,0.273
1985-05-06T03:00,,27.2,75,0.187,0.273
1985-05-06T04:00,,28.5,67,0.187,0.273
1985-05-06T05:00,,29.7,62,0.187,0.273
1985-05-06T06:00,,30.8,58,0.187,0.273
1985-05-06T07:00,,31.7,56,0.187,0.273
1985-05-06T08:00,,32.1,54,0.187,0.273
1985-05-06T09:00,,32.1,53,0.186,0.273
1985-05-06T10:00,,31.7,53,0.186,0.273
1985-05-06T11:00,,31.2,53,0.186,0.273
1985-05-06T12:00,,30.3,55,0.186,0.273
1985-05-06T13:00,,28.8,63,0.186,0.273
1985-05-06T14:00,,27.5,71,0.186,0.273
1985-05-06T15:00,,26.9,77,0.186,0.273
1985-05-06T16:00,,26.5,81,0.186,0.273
1985-05-06T17:00,,26.2,84,0.186,0.273
1985-05-06T18:00,,25.9,86,0.186,0.273
1985-05-06T19:00,,26.0,88,0.186,0.273
1985-05-06T20:00,,25.8,89,0.186,0.273
1985-05-06T21:00,,25.6,90,0.186,0.273
1985-05-06T22:00,,25.5,91,0.186,0.273
1985-05-06T23:00,,25.4,91,0.186,0.273
1985-05-07T00:00,,25.4,91,0.186,0.273
1985-05-07T01:00,,25.4,90,0.186,0.273
1985-05-07T02:00,,26.4,84,0.186,0.273
1985-05-07T03:00,,27.8,76,0.186,0.273
1985-05-07T04:00,,29.4,68,0.186,0.273
1985-05-07T05:00,,30.9,61,0.186,0.273
1985-05-07T06:00,,32.3,55,0.186,0.273
1985-05-07T07:00,,33.3,53,0.186,0.273
1985-05-07T08:00,,33.7,52,0.186,0.273
1985-05-07T09:00,,33.6,52,0.186,0.273
1985-05-07T10:00,,33.0,53,0.186,0.273
1985-05-07T11:00,,32.3,54,0.186,0.273
1985-05-07T12:00,,31.3,57,0.186,0.273
1985-05-07T13:00,,29.9,63,0.186,0.273
1985-05-07T14:00,,28.7,70,0.186,0.273
1985-05-07T15:00,,27.9,75,0.186,0.273
1985-05-07T16:00,,27.4,79,0.186,0.273
1985-05-07T17:00,,26.9,82,0.186,0.273
1985-05-07T18:00,,26.6,84,0.186,0.273
1985-05-07T19:00,,26.5,85,0.186,0.273
1985-05-07T20:00,,26.3,85,0.186,0.273
1985-05-07T21:00,,26.0,87,0.186,0.273
1985-05-07T22:00,,25.7,88,0.186,0.273
1985-05-07T23:00,,25.6,89,0.186,0.273
1985-05-08T00:00,,25.4,90,0.186,0.273
1985-05-08T01:00,,25.4,91,0.186,0.273
1985-05-08T02:00,,26.6,84,0.186,0.273
1985-05-08T03:00,,28.5,72,0.186,0.273
1985-05-08T04:00,,30.5,61,0.186,0.273
1985-05-08T05:00,,32.6,52,0.186,0.273
1985-05-08T06:00,,34.5,46,0.186,0.273
1985-05-08T07:00,,35.9,41,0.186,0.273
1985-05-08T08:00,,36.7,39,0.186,0.273
1985-05-08T09:00,,36.8,39,0.186,0.273
1985-05-08T10:00,,36.2,42,0.186,0.273
1985-05-08T11:00,,35.2,45,0.186,0.273
1985-05-08T12:00,,33.8,49,0.186,0.273
1985-05-08T13:00,,31.9,57,0.186,0.273
1985-05-08T14:00,,30.2,64,0.186,0.273
1985-05-08T15:00,,29.2,68,0.186,0.273
1985-05-08T16:00,,28.7,71,0.186,0.273
1985-05-08T17:00,,28.3,74,0.186,0.273
1985-05-08T18:00,,27.9,77,0.186,0.273
1985-05-08T19:00,,28.1,76,0.186,0.273
1985-05-08T20:00,,27.9,78,0.186,0.273
1985-05-08T21:00,,27.6,80,0.186,0.273
1985-05-08T22:00,,27.4,81,0.186,0.273
1985-05-08T23:00,,27.1,83,0.186,0.273
1985-05-09T00:00,,26.8,85,0.186,0.273
1985-05-09T01:00,,26.7,86,0.186,0.273
1985-05-09T02:00,,27.6,82,0.186,0.273
1985-05-09T03:00,,28.9,75,0.186,0.273
1985-05-09T04:00,,30.9,63,0.186,0.273
1985-05-09T05:00,,32.8,54,0.186,0.273
1985-05-09T06:00,,34.3,48,0.186,0.273
1985-05-09T07:00,,34.4,50,0.186,0.273
1985-05-09T08:00,,35.0,48,0.186,0.273
1985-05-09T09:00,,35.2,47,0.186,0.273
1985-05-09T10:00,,35.1,46,0.186,0.273
1985-05-09T11:00,,34.6,46,0.186,0.273
1985-05-09T12:00,,33.5,48,0.186,0.273
1985-05-09T13:00,,32.1,53,0.186,0.273
1985-05-09T14:00,,30.4,61,0.186,0.273
1985-05-09T15:00,,29.3,66,0.186,0.273
1985-05-09T16:00,,28.6,71,0.186,0.273
1985-05-09T17:00,,28.2,74,0.186,0.273
1985-05-09T18:00,,27.8,77,0.186,0.273
1985-05-09T19:00,,27.9,76,0.186,0.273
1985-05-09T20:00,,27.7,77,0.186,0.273
1985-05-09T21:00,,27.4,79,0.186,0.273
1985-05-09T22:00,,27.0,81,0.186,0.273
1985-05-09T23:00,,26.7,82,0.186,0.273
1985-05-10T00:00,,26.4,82,0.186,0.273
1985-05-10T01:00,,26.3,81,0.186,0.273
1985-05-10T02:00,,27.6,75,0.186,0.273
1985-05-10T03:00,,29.9,63,0.186,0.273
1985-05-10T04:00,,31.9,52,0.186,0.273
1985-05-10T05:00,,33.7,44,0.186,0.273
1985-05-10T06:00,,35.3,38,0.186,0.273
1985-05-10T07:00,,35.4,40,0.186,0.273
1985-05-10T08:00,,35.8,38,0.186,0.273
1985-05-10T09:00,,35.8,37,0.186,0.273
1985-05-10T10:00,,35.5,37,0.186,0.273
1985-05-10T11:00,,35.0,38,0.186,0.273
1985-05-10T12:00,,33.7,42,0.186,0.273
1985-05-10T13:00,,31.8,51,0.186,0.273
1985-05-10T14:00,,30.0,62,0.186,0.273
1985-05-10T15:00,,28.7,72,0.186,0.273
1985-05-10T16:00,,28.1,78,0.186,0.273
1985-05-10T17:00,,27.6,82,0.186,0.272
1985-05-10T18:00,,27.3,84,0.186,0.272
1985-05-10T19:00,,27.4,85,0.186,0.272
1985-05-10T20:00,,27.2,86,0.186,0.272
1985-05-10T21:00,,27.0,87,0.186,0.272
1985-05-10T22:00,,26.9,88,0.186,0.272
1985-05-10T23:00,,26.7,89,0.186,0.272
1985-05-11T00:00,,26.6,90,0.186,0.272
1985-05-11T01:00,,26.5,90,0.186,0.272
1985-05-11T02:00,,27.4,85,0.186,0.272
1985-05-11T03:00,,29.1,76,0.186,0.272
1985-05-11T04:00,,30.9,66,0.186,0.272
1985-05-11T05:00,,32.4,59,0.186,0.272
1985-05-11T06:00,,33.8,54,0.186,0.272
1985-05-11T07:00,,34.2,53,0.186,0.272
1985-05-11T08:00,,34.3,53,0.186,0.272
1985-05-11T09:00,,34.0,53,0.186,0.272
1985-05-11T10:00,,33.7,53,0.186,0.272
1985-05-11T11:00,,33.1,54,0.186,0.272
1985-05-11T12:00,,32.1,58,0.186,0.272
1985-05-11T13:00,,30.6,66,0.186,0.272
1985-05-11T14:00,,29.1,75,0.186,0.272
1985-05-11T15:00,,28.2,80,0.186,0.272
1985-05-11T16:00,,27.7,83,0.186,0.272
1985-05-11T17:00,,27.5,84,0.186,0.272
1985-05-11T18:00,,27.3,84,0.186,0.272
1985-05-11T19:00,,27.3,84,0.186,0.272
1985-05-11T20:00,,27.2,84,0.186,0.272
1985-05-11T21:00,,27.0,84,0.186,0.272
1985-05-11T22:00,,26.9,85,0.186,0.272
1985-05-11T23:00,,26.7,86,0.186,0.272
1985-05-12T00:00,,26.5,88,0.186,0.272
1985-05-12T01:00,,26.5,88,0.186,0.272
1985-05-12T02:00,,27.6,82,0.186,0.272
1985-05-12T03:00,,29.5,71,0.186,0.272
1985-05-12T04:00,,31.4,59,0.186,0.272
1985-05-12T05:00,,33.1,51,0.186,0.272
1985-05-12T06:00,,34.5,45,0.186,0.272
1985-05-12T07:00,,35.5,42,0.186,0.272
1985-05-12T08:00,,36.2,39,0.186,0.272
1985-05-12T09:00,,36.4,37,0.186,0.272
1985-05-12T10:00,,36.5,36,0.186,0.272
1985-05-12T11:00,,36.0,36,0.186,0.272
1985-05-12T12:00,,34.5,41,0.186,0.272
1985-05-12T13:00,,32.3,51,0.186,0.272
1985-05-12T14:00,,30.3,62,0.186,0.272
1985-05-12T15:00,,29.4,67,0.186,0.272
1985-05-12T16:00,,28.9,70,0.186,0.272
1985-05-12T17:00,,28.7,71,0.186,0.272
1985-05-12T18:00,,28.4,72,0.186,0.272
1985-05-12T19:00,,28.4,72,0.186,0.272
1985-05-12T20:00,,28.1,73,0.186,0.272
1985-05-12T21:00,,27.9,75,0.186,0.272
1985-05-12T22:00,,27.5,77,0.186,0.272
1985-05-12T23:00,,27.2,80,0.186,0.272
1985-05-13T00:00,,26.9,82,0.186,0.272
1985-05-13T01:00,,26.7,84,0.186,0.272
1985-05-13T02:00,,27.6,80,0.186,0.272
1985-05-13T03:00,,29.1,71,0.186,0.272
1985-05-13T04:00,,30.7,63,0.186,0.272
1985-05-13T05:00,,32.1,56,0.186,0.272
1985-05-13T06:00,,33.3,51,0.186,0.272
1985-05-13T07:00,,34.1,49,0.186,0.272
1985-05-13T08:00,,34.3,49,0.186,0.272
1985-05-13T09:00,,34.1,49,0.186,0.272
1985-05-13T10:00,,33.6,50,0.186,0.272
1985-05-13T11:00,,32.9,53,0.186,0.272
1985-05-13T12:00,,31.8,59,0.186,0.272
1985-05-13T13:00,,30.4,66,0.186,0.272
1985-05-13T14:00,,29.2,74,0.186,0.272
1985-05-13T15:00,,28.4,78,0.186,0.272
1985-05-13T16:00,,28.0,81,0.186,0.272
1985-05-13T17:00,,27.7,83,0.186,0.272
1985-05-13T18:00,,27.4,84,0.186,0.272
1985-05-13T19:00,,27.3,85,0.186,0.272
1985-05-13T20:00,,27.2,86,0.186,0.272
1985-05-13T21:00,,27.0,87,0.186,0.272
1985-05-13T22:00,,26.8,88,0.186,0.272
1985-05-13T23:00,,26.9,88,0.186,0.272
1985-05-14T00:00,,26.8,88,0.186,0.272
1985-05-14T01:00,,26.8,88,0.186,0.272
1985-05-14T02:00,,27.6,82,0.186,0.272
1985-05-14T03:00,,28.8,75,0.186,0.272
1985-05-14T04:00,,30.1,68,0.186,0.272
1985-05-14T05:00,,31.4,62,0.186,0.272
1985-05-14T06:00,,32.5,57,0.186,0.272
1985-05-14T07:00,,33.1,56,0.186,0.272
1985-05-14T08:00,,33.4,54,0.186,0.272
1985-05-14T09:00,,33.3,55,0.186,0.272
1985-05-14T10:00,,32.9,56,0.186,0.272
1985-05-14T11:00,,32.2,59,0.186,0.272
1985-05-14T12:00,,31.2,63,0.186,0.272
1985-05-14T13:00,,30.1,70,0.186,0.272
1985-05-14T14:00,,29.0,77,0.186,0.272
1985-05-14T15:00,,28.2,81,0.186,0.272
1985-05-14T16:00,,27.8,84,0.186,0.272
1985-05-14T17:00,,27.4,86,0.186,0.272
1985-05-14T18:00,,27.2,87,0.186,0.272
1985-05-14T19:00,,27.1,88,0.186,0.272
1985-05-14T20:00,,26.9,88,0.186,0.272
1985-05-14T21:00,,26.6,89,0.186,0.272
1985-05-14T22:00,,26.4,90,0.186,0.272
1985-05-14T23:00,,26.2,90,0.186,0.272
1985-05-15T00:00,,26.1,91,0.186,0.272
1985-05-15T01:00,,26.1,90,0.186,0.272
1985-05-15T02:00,,27.0,84,0.186,0.272
1985-05-15T03:00,,28.4,75,0.186,0.272
1985-05-15T04:00,,29.9,67,0.186,0.272
1985-05-15T05:00,,31.4,60,0.186,0.272
1985-05-15T06:00,,32.6,55,0.186,0.272
1985-05-15T07:00,,33.5,51,0.186,0.272
1985-05-15T08:00,,33.7,50,0.186,0.272
1985-05-15T09:00,,33.6,51,0.186,0.272
1985-05-15T10:00,,33.0,53,0.186,0.272
1985-05-15T11:00,,32.3,55,0.186,0.272
1985-05-15T12:00,,31.3,60,0.186,0.272
1985-05-15T13:00,,29.9,68,0.186,0.272
1985-05-15T14:00,,28.6,76,0.186,0.272
1985-05-15T15:00,,27.9,81,0.186,0.272
1985-05-15T16:00,,27.4,85,0.186,0.272
1985-05-15T17:00,,27.0,88,0.186,0.272
1985-05-15T18:00,,26.7,90,0.186,0.272
1985-05-15T19:00,,26.5,90,0.186,0.272
1985-05-15T20:00,,26.5,90,0.186,0.272
1985-05-15T21:00,,26.5,89,0.186,0.272
1985-05-15T22:00,,26.2,90,0.186,0.272
1985-05-15T23:00,,26.0,91,0.186,0.272
1985-05-16T00:00,,26.0,90,0.186,0.272
1985-05-16T01:00,,26.2,89,0.186,0.272
1985-05-16T02:00,,27.1,83,0.186,0.272
1985-05-16T03:00,,28.4,75,0.186,0.272
1985-05-16T04:00,,29.9,67,0.186,0.272
1985-05-16T05:00,,31.3,60,0.186,0.272
1985-05-16T06:00,,32.7,54,0.186,0.272
1985-05-16T07:00,,33.6,52,0.186,0.272
1985-05-16T08:00,,34.1,50,0.186,0.272
1985-05-16T09:00,,34.3,49,0.186,0.272
1985-05-16T10:00,,34.1,50,0.186,0.272
1985-05-16T11:00,,33.6,51,0.186,0.272
1985-05-16T12:00,,32.6,55,0.186,0.272
1985-05-16T13:00,,31.1,62,0.186,0.272
1985-05-16T14:00,,29.5,72,0.186,0.272
1985-05-16T15:00,,28.4,81,0.186,0.272
1985-05-16T16:00,,27.8,86,0.186,0.272
1985-05-16T17:00,,27.5,88,0.186,0.272
1985-05-16T18:00,,27.1,91,0.186,0.272
1985-05-16T19:00,,27.1,90,0.186,0.272
1985-05-16T20:00,,26.8,92,0.186,0.272
1985-05-16T21:00,,26.5,93,0.186,0.272
1985-05-16T22:00,,26.3,94,0.186,0.272
1985-05-16T23:00,,26.1,94,0.186,0.272
1985-05-17T00:00,,25.9,94,0.186,0.272
1985-05-17T01:00,,25.9,93,0.186,0.272
1985-05-17T02:00,,27.2,85,0.186,0.272
1985-05-17T03:00,,29.2,75,0.186,0.272
1985-05-17T04:00,,31.2,64,0.186,0.272
1985-05-17T05:00,,33.0,56,0.186,0.272
1985-05-17T06:00,,34.5,50,0.186,0.272
1985-05-17T07:00,,35.6,46,0.186,0.272
1985-05-17T08:00,,36.2,45,0.186,0.272
1985-05-17T09:00,,36.3,46,0.186,0.272
1985-05-17T10:00,,35.9,47,0.186,0.272
1985-05-17T11:00,,35.2,49,0.186,0.272
1985-05-17T12:00,,34.2,52,0.186,0.272
1985-05-17T13:00,,32.5,58,0.186,0.272
1985-05-17T14:00,,30.7,68,0.186,0.272
1985-05-17T15:00,,29.5,75,0.186,0.272
1985-05-17T16:00,,28.8,80,0.186,0.272
1985-05-17T17:00,,28.3,84,0.186,0.272
1985-05-17T18:00,,27.8,87,0.186,0.272
1985-05-17T19:00,,27.9,86,0.186,0.272
1985-05-17T20:00,,27.6,88,0.186,0.272
1985-05-17T21:00,,27.4,88,0.186,0.272
1985-05-17T22:00,,27.2,88,0.186,0.272
1985-05-17T23:00,,27.1,89,0.186,0.272
1985-05-18T00:00,,27.0,89,0.186,0.272
1985-05-18T01:00,,27.0,89,0.186,0.272
1985-05-18T02:00,,28.1,84,0.186,0.272
1985-05-18T03:00,,29.6,76,0.186,0.272
1985-05-18T04:00,,31.2,68,0.186,0.272
1985-05-18T05:00,,32.8,60,0.186,0.272
1985-05-18T06:00,,34.1,55,0.186,0.272
1985-05-18T07:00,,34.7,53,0.186,0.272
1985-05-18T08:00,,35.1,52,0.186,0.272
1985-05-18T09:00,,35.1,51,0.186,0.272
1985-05-18T10:00,,34.9,50,0.186,0.272
1985-05-18T11:00,,34.4,51,0.186,0.272
1985-05-18T12:00,,33.5,52,0.186,0.272
1985-05-18T13:00,,32.2,58,0.186,0.272
1985-05-18T14:00,,30.6,67,0.186,0.272
1985-05-18T15:00,,29.6,74,0.186,0.272
1985-05-18T16:00,,29.0,79,0.186,0.272
1985-05-18T17:00,,28.6,83,0.186,0.272
1985-05-18T18:00,,28.2,86,0.186,0.272
1985-05-18T19:00,,28.2,86,0.186,0.272
1985-05-18T20:00,,27.9,88,0.186,0.272
1985-05-18T21:00,,27.6,88,0.186,0.272
1985-05-18T22:00,,27.4,89,0.186,0.272
1985-05-18T23:00,,27.3,90,0.186,0.272
1985-05-19T00:00,,27.1,92,0.186,0.272
1985-05-19T01:00,,27.1,91,0.186,0.272
1985-05-19T02:00,,28.0,85,0.186,0.272
1985-05-19T03:00,,29.4,77,0.186,0.272
1985-05-19T04:00,,30.9,69,0.186,0.272
1985-05-19T05:00,,32.2,63,0.186,0.272
1985-05-19T06:00,,33.1,59,0.186,0.272
1985-05-19T07:00,,33.8,56,0.186,0.272
1985-05-19T08:00,,34.1,54,0.186,0.272
1985-05-19T09:00,,34.2,53,0.186,0.272
1985-05-19T10:00,,34.2,51,0.186,0.272
1985-05-19T11:00,,33.7,51,0.186,0.272
1985-05-19T12:00,,32.8,55,0.186,0.272
1985-05-19T13:00,,31.2,63,0.186,0.272
1985-05-19T14:00,,29.6,73,0.186,0.272
1985-05-19T15:00,,28.8,79,0.186,0.272
1985-05-19T16:00,,28.3,81,0.186,0.272
1985-05-19T17:00,,28.0,83,0.186,0.272
1985-05-19T18:00,,27.7,85,0.186,0.272
1985-05-19T19:00,,27.7,86,0.186,0.272
1985-05-19T20:00,,27.4,87,0.186,0.272
1985-05-19T21:00,,27.1,89,0.186,0.272
1985-05-19T22:00,,26.9,91,0.186,0.272
1985-05-19T23:00,,26.7,92,0.186,0.272
1985-05-20T00:00,,26.7,91,0.186,0.272
1985-05-20T01:00,,26.7,90,0.186,0.272
1985-05-20T02:00,,27.5,84,0.186,0.272
1985-05-20T03:00,,28.8,75,0.186,0.272
1985-05-20T04:00,,29.9,69,0.186,0.272
1985-05-20T05:00,,31.0,62,0.186,0.272
1985-05-20T06:00,,31.9,57,0.186,0.272
1985-05-20T07:00,,32.5,53,0.186,0.272
1985-05-20T08:00,,32.7,52,0.186,0.272
1985-05-20T09:00,,32.6,52,0.186,0.272
1985-05-20T10:00,,32.2,54,0.186,0.272
1985-05-20T11:00,,31.6,56,0.186,0.272
1985-05-20T12:00,,30.7,60,0.186,0.272
1985-05-20T13:00,,29.6,67,0.186,0.272
1985-05-20T14:00,,28.5,73,0.186,0.272
1985-05-20T15:00,,27.9,77,0.186,0.272
1985-05-20T16:00,,27.6,80,0.186,0.272
1985-05-20T17:00,,27.5,80,0.186,0.272
1985-05-20T18:00,,27.4,80,0.186,0.272
1985-05-20T19:00,,27.5,81,0.186,0.272
1985-05-20T20:00,,27.3,81,0.186,0.272
1985-05-20T21:00,,27.2,82,0.186,0.272
1985-05-20T22:00,,27.0,82,0.186,0.272
1985-05-20T23:00,,26.9,83,0.186,0.272
1985-05-21T00:00,,26.7,84,0.186,0.272
1985-05-21T01:00,,26.9,83,0.186,0.272
1985-05-21T02:00,,27.7,78,0.186,0.272
1985-05-21T03:00,,28.7,71,0.186,0.272
1985-05-21T04:00,,29.8,66,0.186,0.272
1985-05-21T05:00,,30.6,62,0.186,0.272
1985-05-21T06:00,,31.7,57,0.186,0.272
1985-05-21T07:00,,32.3,54,0.186,0.272
1985-05-21T08:00,,32.6,53,0.186,0.272
1985-05-21T09:00,,32.6,53,0.186,0.272
1985-05-21T10:00,,32.3,54,0.186,0.272
1985-05-21T11:00,,31.7,56,0.186,0.272
1985-05-21T12:00,,30.9,61,0.186,0.272
1985-05-21T13:00,,29.7,68,0.186,0.272
1985-05-21T14:00,,28.7,75,0.186,0.272
1985-05-21T15:00,,28.2,78,0.186,0.272
1985-05-21T16:00,,27.9,81,0.186,0.272
1985-05-21T17:00,,27.7,81,0.186,0.272
1985-05-21T18:00,,27.6,82,0.186,0.272
1985-05-21T19:00,,27.5,82,0.186,0.272
1985-05-21T20:00,,27.4,82,0.186,0.272
1985-05-21T21:00,,27.3,83,0.186,0.272
1985-05-21T22:00,,27.2,83,0.186,0.272
1985-05-21T23:00,,27.1,84,0.186,0.272
1985-05-22T00:00,,27.0,84,0.186,0.272
1985-05-22T01:00,,27.1,84,0.186,0.272
1985-05-22T02:00,,28.0,79,0.186,0.272
1985-05-22T03:00,,29.0,73,0.187,0.272
1985-05-22T04:00,,29.9,68,0.187,0.272
1985-05-22T05:00,,30.8,63,0.187,0.272
1985-05-22T06:00,,31.8,58,0.186,0.272
1985-05-22T07:00,,32.4,57,0.186,0.272
1985-05-22T08:00,,32.6,56,0.186,0.272
1985-05-22T09:00,,32.5,55,0.186,0.272
1985-05-22T10:00,,32.1,56,0.186,0.272
1985-05-22T11:00,,31.5,58,0.186,0.272
1985-05-22T12:00,,30.7,62,0.186,0.272
1985-05-22T13:00,,29.7,68,0.186,0.272
1985-05-22T14:00,,28.7,75,0.186,0.272
1985-05-22T15:00,,28.2,79,0.186,0.272
1985-05-22T16:00,,27.9,81,0.186,0.272
1985-05-22T17:00,,27.8,82,0.186,0.272
1985-05-22T18:00,,27.6,83,0.186,0.272
1985-05-22T19:00,,27.6,83,0.186,0.272
1985-05-22T20:00,,27.5,83,0.186,0.272
1985-05-22T21:00,,27.4,83,0.186,0.272
1985-05-22T22:00,,27.2,84,0.187,0.272
1985-05-22T23:00,,27.2,84,0.187,0.272
1985-05-23T00:00,,27.2,84,0.187,0.272
1985-05-23T01:00,,27.2,84,0.188,0.272
1985-05-23T02:00,,27.9,80,0.188,0.272
1985-05-23T03:00,,28.8,75,0.188,0.272
1985-05-23T04:00,,29.8,70,0.188,0.272
1985-05-23T05:00,,30.6,65,0.188,0.272
1985-05-23T06:00,,31.4,61,0.188,0.272
1985-05-23T07:00,,31.9,59,0.188,0.272
1985-05-23T08:00,,32.1,57,0.188,0.272
1985-05-23T09:00,,32.3,56,0.188,0.272
1985-05-23T10:00,,32.1,55,0.188,0.272
1985-05-23T11:00,,31.7,56,0.188,0.272
1985-05-23T12:00,,30.8,60,0.187,0.272
1985-05-23T13:00,,29.7,67,0.187,0.272
1985-05-23T14:00,,28.7,74,0.187,0.272
1985-05-23T15:00,,28.2,77,0.187,0.272
1985-05-23T16:00,,28.0,79,0.187,0.272
1985-05-23T17:00,,27.8,80,0.187,0.272
1985-05-23T18:00,,27.7,81,0.187,0.272
1985-05-23T19:00,,27.7,82,0.187,0.272
1985-05-23T20:00,,27.6,83,0.187,0.272
1985-05-23T21:00,,27.4,84,0.188,0.272
1985-05-23T22:00,,27.3,85,0.188,0.272
1985-05-23T23:00,,27.2,85,0.188,0.272
1985-05-24T00:00,,27.1,85,0.188,0.272
1985-05-24T01:00,,27.2,85,0.188,0.272
1985-05-24T02:00,,27.9,80,0.188,0.272
1985-05-24T03:00,,28.9,74,0.189,0.272
1985-05-24T04:00,,29.9,68,0.188,0.272
1985-05-24T05:00,,30.9,64,0.188,0.272
1985-05-24T06:00,,31.5,60,0.188,0.272
1985-05-24T07:00,,31.9,60,0.188,0.272
1985-05-24T08:00,,32.1,58,0.188,0.272
1985-05-24T09:00,,32.1,57,0.188,0.272
1985-05-24T10:00,,31.9,58,0.188,0.272
1985-05-24T11:00,,31.4,61,0.188,0.272
1985-05-24T12:00,,30.5,65,0.188,0.272
1985-05-24T13:00,,29.5,71,0.188,0.272
1985-05-24T14:00,,28.5,78,0.188,0.272
1985-05-24T15:00,,28.0,81,0.188,0.272
1985-05-24T16:00,,27.8,83,0.188,0.271
1985-05-24T17:00,,27.7,83,0.188,0.271
1985-05-24T18:00,,27.6,83,0.188,0.271
1985-05-24T19:00,,27.5,82,0.188,0.271
1985-05-24T20:00,,27.5,82,0.188,0.271
1985-05-24T21:00,,27.4,83,0.188,0.271
1985-05-24T22:00,,27.3,83,0.188,0.271
1985-05-24T23:00,,27.1,84,0.189,0.271
1985-05-25T00:00,,27.1,84,0.189,0.271
1985-05-25T01:00,,27.2,83,0.189,0.271
1985-05-25T02:00,,27.9,79,0.189,0.271
1985-05-25T03:00,,28.9,73,0.189,0.271
1985-05-25T04:00,,29.9,67,0.189,0.271
1985-05-25T05:00,,30.8,63,0.189,0.271
1985-05-25T06:00,,31.7,58,0.189,0.271
1985-05-25T07:00,,32.2,57,0.189,0.271
1985-05-25T08:00,,32.5,55,0.188,0.271
1985-05-25T09:00,,32.3,56,0.188,0.271
1985-05-25T10:00,,32.0,57,0.188,0.271
1985-05-25T11:00,,31.4,59,0.188,0.271
1985-05-25T12:00,,30.6,62,0.188,0.271
1985-05-25T13:00,,29.6,68,0.188,0.271
1985-05-25T14:00,,28.6,75,0.188,0.271
1985-05-25T15:00,,28.2,78,0.188,0.271
1985-05-25T16:00,,27.9,81,0.188,0.271
1985-05-25T17:00,,27.6,82,0.188,0.271
1985-05-25T18:00,,27.4,83,0.188,0.271
1985-05-25T19:00,,27.7,83,0.188,0.271
1985-05-25T20:00,,27.6,83,0.188,0.271
1985-05-25T21:00,,27.3,85,0.189,0.271
1985-05-25T22:00,,27.2,85,0.189,0.271
1985-05-25T23:00,,27.1,85,0.189,0.271
1985-05-26T00:00,,27.1,85,0.189,0.271
1985-05-26T01:00,,27.0,85,0.189,0.271
1985-05-26T02:00,,27.8,78,0.189,0.271
1985-05-26T03:00,,28.9,72,0.189,0.271
1985-05-26T04:00,,29.9,66,0.189,0.271
1985-05-26T05:00,,30.8,61,0.189,0.271
1985-05-26T06:00,,31.7,57,0.189,0.271
1985-05-26T07:00,,32.1,55,0.189,0.271
1985-05-26T08:00,,32.3,54,0.189,0.271
1985-05-26T09:00,,32.3,54,0.189,0.271
1985-05-26T10:00,,32.1,55,0.188,0.271
1985-05-26T11:00,,31.5,57,0.188,0.271
1985-05-26T12:00,,30.7,61,0.188,0.271
1985-05-26T13:00,,29.7,66,0.188,0.271
1985-05-26T14:00,,28.8,72,0.188,0.271
1985-05-26T15:00,,28.2,75,0.188,0.271
1985-05-26T16:00,,27.9,77,0.188,0.271
1985-05-26T17:00,,27.7,78,0.188,0.271
1985-05-26T18:00,,27.6,79,0.188,0.271
1985-05-26T19:00,,27.6,79,0.188,0.271
1985-05-26T20:00,,27.6,79,0.188,0.271
1985-05-26T21:00,,27.5,79,0.188,0.271
1985-05-26T22:00,,27.4,79,0.188,0.271
1985-05-26T23:00,,27.3,80,0.188,0.271
1985-05-27T00:00,,27.2,80,0.188,0.271
1985-05-27T01:00,,27.2,80,0.188,0.271
1985-05-27T02:00,,27.9,77,0.189,0.271
1985-05-27T03:00,,28.9,71,0.188,0.271
1985-05-27T04:00,,29.9,66,0.188,0.271
1985-05-27T05:00,,31.0,60,0.188,0.271
1985-05-27T06:00,,31.8,56,0.188,0.271
1985-05-27T07:00,,32.5,51,0.188,0.271
1985-05-27T08:00,,32.7,50,0.188,0.271
1985-05-27T09:00,,32.6,51,0.188,0.271
1985-05-27T10:00,,32.2,52,0.188,0.271
1985-05-27T11:00,,31.5,54,0.187,0.271
1985-05-27T12:00,,30.7,58,0.187,0.271
1985-05-27T13:00,,29.7,64,0.187,0.271
1985-05-27T14:00,,28.7,71,0.187,0.271
1985-05-27T15:00,,28.2,75,0.187,0.271
1985-05-27T16:00,,27.8,77,0.187,0.271
1985-05-27T17:00,,27.5,79,0.187,0.271
1985-05-27T18:00,,27.4,80,0.187,0.271
1985-05-27T19:00,,27.4,81,0.187,0.271
1985-05-27T20:00,,27.3,81,0.187,0.271
1985-05-27T21:00,,27.3,81,0.187,0.271
1985-05-27T22:00,,27.3,81,0.188,0.271
1985-05-27T23:00,,27.4,80,0.188,0.271
1985-05-28T00:00,,27.5,79,0.188,0.271
1985-05-28T01:00,,27.5,80,0.188,0.271
1985-05-28T02:00,,28.3,76,0.188,0.271
1985-05-28T03:00,,29.5,70,0.189,0.271
1985-05-28T04:00,,30.5,65,0.189,0.271
1985-05-28T05:00,,31.6,60,0.189,0.271
1985-05-28T06:00,,32.8,55,0.188,0.271
1985-05-28T07:00,,33.5,56,0.188,0.271
1985-05-28T08:00,,33.9,56,0.188,0.271
1985-05-28T09:00,,33.1,59,0.192,0.271
1985-05-28T10:00,,32.4,63,0.198,0.271
1985-05-28T11:00,,32.0,64,0.199,0.271
1985-05-28T12:00,,31.5,65,0.199,0.271
1985-05-28T13:00,,30.7,69,0.198,0.271
1985-05-28T14:00,,29.8,74,0.198,0.271
1985-05-28T15:00,,29.2,76,0.198,0.271
1985-05-28T16:00,,29.0,77,0.198,0.271
1985-05-28T17:00,,28.8,79,0.198,0.271
1985-05-28T18:00,,28.7,80,0.198,0.271
1985-05-28T19:00,,28.8,79,0.198,0.271
1985-05-28T20:00,,28.6,79,0.198,0.271
1985-05-28T21:00,,28.6,78,0.198,0.271
1985-05-28T22:00,,28.4,78,0.198,0.271
1985-05-28T23:00,,28.2,78,0.198,0.271
1985-05-29T00:00,,28.0,77,0.198,0.271
1985-05-29T01:00,,27.9,76,0.198,0.271
1985-05-29T02:00,,29.0,68,0.197,0.271
1985-05-29T03:00,,30.6,59,0.197,0.271
1985-05-29T04:00,,32.4,52,0.197,0.271
1985-05-29T05:00,,34.1,47,0.196,0.271
1985-05-29T06:00,,35.6,43,0.195,0.271
1985-05-29T07:00,,36.9,41,0.194,0.271
1985-05-29T08:00,,37.3,40,0.194,0.271
1985-05-29T09:00,,36.1,45,0.194,0.271
1985-05-29T10:00,,34.5,51,0.196,0.271
1985-05-29T11:00,,34.0,53,0.196,0.271
1985-05-29T12:00,,33.6,54,0.196,0.271
1985-05-29T13:00,,32.9,57,0.195,0.271
1985-05-29T14:00,,31.9,62,0.195,0.271
1985-05-29T15:00,,31.2,66,0.195,0.271
1985-05-29T16:00,,30.7,67,0.195,0.271
1985-05-29T17:00,,30.3,67,0.195,0.271
1985-05-29T18:00,,30.0,67,0.195,0.271
1985-05-29T19:00,,29.2,70,0.195,0.271
1985-05-29T20:00,,28.9,71,0.195,0.271
1985-05-29T21:00,,28.6,72,0.194,0.271
1985-05-29T22:00,,28.3,73,0.194,0.271
1985-05-29T23:00,,28.0,74,0.194,0.271
1985-05-30T00:00,,27.8,75,0.194,0.271
1985-05-30T01:00,,27.8,75,0.194,0.271
1985-05-30T02:00,,28.3,72,0.194,0.271
1985-05-30T03:00,,29.3,67,0.194,0.271
1985-05-30T04:00,,30.3,62,0.194,0.271
1985-05-30T05:00,,31.1,59,0.194,0.271
1985-05-30T06:00,,32.1,55,0.193,0.271
1985-05-30T07:00,,33.0,54,0.193,0.271
1985-05-30T08:00,,33.7,51,0.192,0.271
1985-05-30T09:00,,33.8,50,0.192,0.271
1985-05-30T10:00,,33.8,49,0.192,0.271
1985-05-30T11:00,,33.4,50,0.191,0.271
1985-05-30T12:00,,32.3,54,0.191,0.271
1985-05-30T13:00,,31.2,60,0.191,0.271
1985-05-30T14:00,,30.2,67,0.191,0.271
1985-05-30T15:00,,29.6,70,0.191,0.271
1985-05-30T16:00,,29.3,71,0.191,0.271
1985-05-30T17:00,,29.0,72,0.191,0.271
1985-05-30T18:00,,28.6,75,0.191,0.271
1985-05-30T19:00,,28.3,76,0.191,0.271
1985-05-30T20:00,,28.0,79,0.191,0.271
1985-05-30T21:00,,27.7,81,0.191,0.271
1985-05-30T22:00,,27.5,82,0.191,0.271
1985-05-30T23:00,,27.3,83,0.191,0.271
1985-05-31T00:00,,27.0,85,0.192,0.271
1985-05-31T01:00,,27.2,84,0.192,0.271
1985-05-31T02:00,,27.9,80,0.193,0.271
1985-05-31T03:00,,29.0,74,0.193,0.271
1985-05-31T04:00,,30.4,67,0.194,0.271
1985-05-31T05:00,,31.8,60,0.193,0.271
1985-05-31T06:00,,32.8,56,0.193,0.271
1985-05-31T07:00,,33.4,53,0.193,0.271
1985-05-31T08:00,,33.7,52,0.192,0.271
1985-05-31T09:00,,33.5,52,0.192,0.271
1985-05-31T10:00,,33.0,54,0.192,0.271
1985-05-31T11:00,,32.3,58,0.191,0.271
1985-05-31T12:00,,31.5,63,0.191,0.271
1985-05-31T13:00,,30.5,69,0.191,0.271
1985-05-31T14:00,,29.5,75,0.191,0.271
1985-05-31T15:00,,29.0,79,0.191,0.271
1985-05-31T16:00,,28.7,81,0.191,0.271
1985-05-31T17:00,,28.5,82,0.191,0.271
1985-05-31T18:00,,28.2,83,0.191,0.271
1985-05-31T19:00,,28.0,85,0.191,0.271
1985-05-31T20:00,,27.7,86,0.192,0.271
1985-05-31T21:00,,27.4,87,0.193,0.271
1985-05-31T22:00,,27.2,87,0.194,0.271
1985-05-31T23:00,,27.0,87,0.195,0.271
1985-06-01T00:00,,26.5,89,0.197,0.271
1985-06-01T01:00,,26.4,90,0.198,0.271
1985-06-01T02:00,,26.9,87,0.199,0.271
1985-06-01T03:00,,28.1,79,0.2,0.271
1985-06-01T04:00,,29.5,71,0.201,0.271
1985-06-01T05:00,,30.5,67,0.201,0.271
1985-06-01T06:00,,31.4,63,0.202,0.271
1985-06-01T07:00,,31.8,63,0.203,0.271
1985-06-01T08:00,,32.2,62,0.203,0.271
1985-06-01T09:00,,32.0,62,0.203,0.271
1985-06-01T10:00,,31.9,63,0.204,0.271
1985-06-01T11:00,,31.1,66,0.204,0.271
1985-06-01T12:00,,30.4,70,0.204,0.271
1985-06-01T13:00,,29.6,74,0.204,0.271
1985-06-01T14:00,,28.7,80,0.203,0.271
1985-06-01T15:00,,28.3,82,0.203,0.271
1985-06-01T16:00,,28.1,83,0.203,0.271
1985-06-01T17:00,,27.9,85,0.203,0.271
1985-06-01T18:00,,27.6,86,0.204,0.271
1985-06-01T19:00,,27.6,87,0.205,0.271
1985-06-01T20:00,,27.4,88,0.205,0.271
1985-06-01T21:00,,27.1,89,0.207,0.271
1985-06-01T22:00,,27.0,89,0.208,0.271
1985-06-01T23:00,,26.8,90,0.209,0.271
1985-06-02T00:00,,26.7,91,0.21,0.271
1985-06-02T01:00,,26.6,91,0.211,0.271
1985-06-02T02:00,,27.2,88,0.213,0.271
1985-06-02T03:00,,28.2,82,0.214,0.271
1985-06-02T04:00,,29.1,77,0.216,0.271
1985-06-02T05:00,,30.2,71,0.217,0.271
1985-06-02T06:00,,31.1,65,0.216,0.271
1985-06-02T07:00,,32.0,60,0.215,0.271
1985-06-02T08:00,,32.3,59,0.213,0.271
1985-06-02T09:00,,32.1,60,0.212,0.271
1985-06-02T10:00,,31.8,61,0.211,0.271
1985-06-02T11:00,,31.4,62,0.21,0.271
1985-06-02T12:00,,30.7,66,0.21,0.271
1985-06-02T13:00,,29.7,72,0.209,0.271
1985-06-02T14:00,,28.8,78,0.209,0.271
1985-06-02T15:00,,28.4,81,0.209,0.271
1985-06-02T16:00,,28.1,83,0.209,0.271
1985-06-02T17:00,,28.0,84,0.209,0.271
1985-06-02T18:00,,27.6,87,0.21,0.271
1985-06-02T19:00,,27.5,87,0.21,0.271
1985-06-02T20:00,,27.4,87,0.212,0.271
1985-06-02T21:00,,27.3,86,0.212,0.271
1985-06-02T22:00,,27.1,87,0.212,0.271
1985-06-02T23:00,,26.8,89,0.212,0.271
1985-06-03T00:00,,26.7,89,0.213,0.271
1985-06-03T01:00,,26.7,90,0.214,0.271
1985-06-03T02:00,,27.5,84,0.215,0.271
1985-06-03T03:00,,28.4,79,0.216,0.271
1985-06-03T04:00,,29.5,73,0.217,0.271
1985-06-03T05:00,,30.3,69,0.217,0.271
1985-06-03T06:00,,31.1,65,0.217,0.271
1985-06-03T07:00,,31.3,66,0.218,0.271
1985-06-03T08:00,,31.7,65,0.217,0.271
1985-06-03T09:00,,31.6,65,0.217,0.271
1985-06-03T10:00,,31.7,64,0.216,0.271
1985-06-03T11:00,,31.2,66,0.216,0.271
1985-06-03T12:00,,30.6,69,0.215,0.271
1985-06-03T13:00,,29.9,73,0.215,0.271
1985-06-03T14:00,,29.1,79,0.215,0.271
1985-06-03T15:00,,28.6,82,0.215,0.271
1985-06-03T16:00,,28.4,83,0.214,0.271
1985-06-03T17:00,,28.2,84,0.214,0.271
1985-06-03T18:00,,28.0,86,0.215,0.271
1985-06-03T19:00,,27.9,87,0.215,0.271
1985-06-03T20:00,,27.7,88,0.215,0.271
1985-06-03T21:00,,27.4,89,0.215,0.271
1985-06-03T22:00,,27.3,90,0.216,0.271
1985-06-03T23:00,,27.1,91,0.217,0.271
1985-06-04T00:00,,26.9,92,0.218,0.271
1985-06-04T01:00,,26.8,91,0.219,0.271
1985-06-04T02:00,,27.3,88,0.22,0.271
1985-06-04T03:00,,28.0,84,0.222,0.271
1985-06-04T04:00,,29.2,78,0.223,0.271
1985-06-04T05:00,,30.1,72,0.224,0.271
1985-06-04T06:00,,30.9,68,0.224,0.271
1985-06-04T07:00,,31.4,67,0.223,0.271
1985-06-04T08:00,,31.9,64,0.222,0.271
1985-06-04T09:00,,32.2,62,0.221,0.271
1985-06-04T10:00,,31.8,64,0.22,0.271
1985-06-04T11:00,,31.6,65,0.219,0.271
1985-06-04T12:00,,30.9,68,0.218,0.271
1985-06-04T13:00,,30.0,74,0.218,0.271
1985-06-04T14:00,,29.1,79,0.218,0.271
1985-06-04T15:00,,28.6,83,0.218,0.271
1985-06-04T16:00,,28.4,85,0.218,0.271
1985-06-04T17:00,,28.2,86,0.217,0.271
1985-06-04T18:00,,28.1,87,0.217,0.271
1985-06-04T19:00,,27.8,88,0.217,0.271
1985-06-04T20:00,,27.6,89,0.218,0.271
1985-06-04T21:00,,27.4,90,0.219,0.271
1985-06-04T22:00,,27.1,91,0.22,0.271
1985-06-04T23:00,,26.9,92,0.221,0.271
1985-06-05T00:00,,26.7,92,0.223,0.271
1985-06-05T01:00,,26.6,92,0.224,0.271
1985-06-05T02:00,,27.0,89,0.224,0.271
1985-06-05T03:00,,27.9,84,0.226,0.271
1985-06-05T04:00,,28.9,77,0.227,0.271
1985-06-05T05:00,,30.0,72,0.227,0.271
1985-06-05T06:00,,30.8,68,0.227,0.271
1985-06-05T07:00,,31.6,64,0.226,0.271
1985-06-05T08:00,,32.1,62,0.224,0.271
1985-06-05T09:00,,32.3,61,0.223,0.271
1985-06-05T10:00,,32.2,61,0.221,0.271
1985-06-05T11:00,,31.7,63,0.22,0.271
1985-06-05T12:00,,31.0,66,0.22,0.271
1985-06-05T13:00,,30.0,72,0.219,0.271
1985-06-05T14:00,,29.1,78,0.219,0.271
1985-06-05T15:00,,28.6,81,0.219,0.271
1985-06-05T16:00,,28.2,84,0.219,0.271
1985-06-05T17:00,,28.1,85,0.218,0.271
1985-06-05T18:00,,27.9,86,0.218,0.271
1985-06-05T19:00,,27.8,86,0.218,0.271
1985-06-05T20:00,,27.6,87,0.218,0.271
1985-06-05T21:00,,27.5,88,0.218,0.271
1985-06-05T22:00,,27.4,88,0.218,0.271
1985-06-05T23:00,,27.2,89,0.219,0.271
1985-06-06T00:00,,27.1,89,0.22,0.271
1985-06-06T01:00,,27.1,89,0.221,0.271
1985-06-06T02:00,,27.7,86,0.222,0.271
1985-06-06T03:00,,28.2,83,0.223,0.271
1985-06-06T04:00,,28.9,80,0.225,0.271
1985-06-06T05:00,,29.6,75,0.226,0.271
1985-06-06T06:00,,30.1,74,0.227,0.271
1985-06-06T07:00,,30.9,69,0.229,0.271
1985-06-06T08:00,,31.3,67,0.229,0.271
1985-06-06T09:00,,31.6,66,0.227,0.271
1985-06-06T10:00,,31.3,67,0.226,0.271
1985-06-06T11:00,,31.0,68,0.225,0.271
1985-06-06T12:00,,30.4,71,0.224,0.271
1985-06-06T13:00,,29.7,74,0.224,0.271
1985-06-06T14:00,,28.9,79,0.224,0.271
1985-06-06T15:00,,28.6,81,0.224,0.271
1985-06-06T16:00,,28.4,83,0.223,0.271
1985-06-06T17:00,,28.3,83,0.223,0.271
1985-06-06T18:00,,28.0,85,0.223,0.271
1985-06-06T19:00,,27.7,85,0.224,0.271
1985-06-06T20:00,,27.5,87,0.224,0.271
1985-06-06T21:00,,27.1,89,0.224,0.271
1985-06-06T22:00,,26.9,89,0.225,0.271
1985-06-06T23:00,,26.8,89,0.226,0.271
1985-06-07T00:00,,26.7,89,0.226,0.271
1985-06-07T01:00,,26.5,90,0.227,0.271
1985-06-07T02:00,,26.7,87,0.228,0.271
1985-06-07T03:00,,27.3,83,0.229,0.271
1985-06-07T04:00,,28.2,78,0.23,0.271
1985-06-07T05:00,,29.5,72,0.231,0.271
1985-06-07T06:00,,30.5,67,0.233,0.271
1985-06-07T07:00,,31.3,63,0.234,0.271
1985-06-07T08:00,,31.5,63,0.235,0.271
1985-06-07T09:00,,31.2,65,0.235,0.271
1985-06-07T10:00,,30.9,66,0.237,0.271
1985-06-07T11:00,,30.5,67,0.238,0.271
1985-06-07T12:00,,29.7,72,0.239,0.271
1985-06-07T13:00,,28.6,78,0.239,0.271
1985-06-07T14:00,,27.8,82,0.24,0.271
1985-06-07T15:00,,27.3,85,0.24,0.271
1985-06-07T16:00,,27.0,86,0.24,0.271
1985-06-07T17:00,,26.9,86,0.241,0.271
1985-06-07T18:00,,26.7,87,0.242,0.271
1985-06-07T19:00,,26.4,87,0.243,0.271
1985-06-07T20:00,,26.1,89,0.245,0.271
1985-06-07T21:00,,26.0,89,0.246,0.271
1985-06-07T22:00,,26.0,89,0.247,0.271
1985-06-07T23:00,,25.9,89,0.248,0.271
1985-06-08T00:00,,25.8,89,0.25,0.271
1985-06-08T01:00,,25.8,89,0.251,0.271
1985-06-08T02:00,,26.5,85,0.253,0.271
1985-06-08T03:00,,26.9,82,0.254,0.271
1985-06-08T04:00,,27.6,80,0.255,0.271
1985-06-08T05:00,,28.6,76,0.256,0.271
1985-06-08T06:00,,29.3,76,0.255,0.271
1985-06-08T07:00,,29.7,73,0.255,0.271
1985-06-08T08:00,,30.1,72,0.255,0.271
1985-06-08T09:00,,30.0,72,0.255,0.271
1985-06-08T10:00,,29.9,72,0.255,0.271
1985-06-08T11:00,,29.8,73,0.255,0.271
1985-06-08T12:00,,29.3,75,0.255,0.271
1985-06-08T13:00,,28.8,77,0.254,0.271
1985-06-08T14:00,,28.1,80,0.254,0.271
1985-06-08T15:00,,27.6,83,0.255,0.271
1985-06-08T16:00,,27.2,85,0.255,0.271
1985-06-08T17:00,,26.8,86,0.255,0.271
1985-06-08T18:00,,26.6,86,0.256,0.271
1985-06-08T19:00,,26.4,87,0.256,0.271
1985-06-08T20:00,,26.4,87,0.256,0.271
1985-06-08T21:00,,26.4,87,0.257,0.271
1985-06-08T22:00,,26.3,87,0.257,0.271
1985-06-08T23:00,,26.3,88,0.257,0.271
1985-06-09T00:00,,26.3,87,0.258,0.271
1985-06-09T01:00,,26.3,87,0.259,0.271
1985-06-09T02:00,,26.9,84,0.26,0.271
1985-06-09T03:00,,28.0,79,0.262,0.271
1985-06-09T04:00,,29.2,73,0.263,0.271
1985-06-09T05:00,,30.1,68,0.264,0.271
1985-06-09T06:00,,30.7,66,0.264,0.271
1985-06-09T07:00,,31.0,65,0.264,0.271
1985-06-09T08:00,,31.5,62,0.262,0.271
1985-06-09T09:00,,31.5,61,0.26,0.271
1985-06-09T10:00,,31.4,61,0.258,0.271
1985-06-09T11:00,,31.0,63,0.256,0.271
1985-06-09T12:00,,30.4,67,0.255,0.271
1985-06-09T13:00,,29.7,71,0.254,0.271
1985-06-09T14:00,,29.0,75,0.254,0.271
1985-06-09T15:00,,28.7,78,0.254,0.271
1985-06-09T16:00,,28.5,79,0.254,0.271
1985-06-09T17:00,,28.3,79,0.254,0.271
1985-06-09T18:00,,28.1,80,0.254,0.271
1985-06-09T19:00,,28.0,81,0.254,0.271
1985-06-09T20:00,,27.8,81,0.254,0.271
1985-06-09T21:00,,27.7,82,0.254,0.271
1985-06-09T22:00,,27.2,84,0.255,0.271
1985-06-09T23:00,,27.1,85,0.256,0.271
1985-06-10T00:00,,26.9,86,0.258,0.271
1985-06-10T01:00,,27.2,85,0.259,0.271
1985-06-10T02:00,,27.8,82,0.26,0.271
1985-06-10T03:00,,28.9,75,0.26,0.271
1985-06-10T04:00,,29.8,70,0.26,0.271
1985-06-10T05:00,,30.5,67,0.259,0.271
1985-06-10T06:00,,31.0,65,0.259,0.271
1985-06-10T07:00,,31.4,63,0.258,0.271
1985-06-10T08:00,,31.4,63,0.256,0.271
1985-06-10T09:00,,31.2,64,0.254,0.271
1985-06-10T10:00,,31.0,65,0.253,0.271
1985-06-10T11:00,,30.6,68,0.252,0.271
1985-06-10T12:00,,30.1,71,0.251,0.271
1985-06-10T13:00,,29.5,74,0.251,0.271
1985-06-10T14:00,,28.8,77,0.251,0.271
1985-06-10T15:00,,28.3,80,0.251,0.271
1985-06-10T16:00,,27.8,83,0.252,0.271
1985-06-10T17:00,,27.4,86,0.252,0.271
1985-06-10T18:00,,27.1,88,0.254,0.271
1985-06-10T19:00,,27.2,86,0.256,0.271
1985-06-10T20:00,,27.2,87,0.257,0.271
1985-06-10T21:00,,27.2,87,0.259,0.271
1985-06-10T22:00,,26.9,88,0.262,0.271
1985-06-10T23:00,,26.3,91,0.265,0.271
1985-06-11T00:00,,26.1,92,0.267,0.271
1985-06-11T01:00,,26.0,92,0.27,0.271
1985-06-11T02:00,,26.3,91,0.272,0.271
1985-06-11T03:00,,27.1,88,0.274,0.271
1985-06-11T04:00,,28.2,83,0.275,0.271
1985-06-11T05:00,,29.4,75,0.278,0.271
1985-06-11T06:00,,30.0,72,0.279,0.271
1985-06-11T07:00,,30.3,71,0.28,0.271
1985-06-11T08:00,,30.7,69,0.284,0.271
1985-06-11T09:00,,30.8,68,0.286,0.271
1985-06-11T10:00,,30.7,69,0.286,0.271
1985-06-11T11:00,,30.4,70,0.285,0.271
1985-06-11T12:00,,30.0,72,0.284,0.271
1985-06-11T13:00,,29.3,76,0.283,0.271
1985-06-11T14:00,,28.6,80,0.283,0.271
1985-06-11T15:00,,28.2,83,0.283,0.271
1985-06-11T16:00,,27.9,84,0.284,0.271
1985-06-11T17:00,,27.7,85,0.284,0.271
1985-06-11T18:00,,27.4,87,0.285,0.271
1985-06-11T19:00,,27.2,86,0.286,0.271
1985-06-11T20:00,,27.0,87,0.287,0.271
1985-06-11T21:00,,26.9,87,0.287,0.271
1985-06-11T22:00,,26.9,87,0.287,0.271
1985-06-11T23:00,,26.7,88,0.287,0.271
1985-06-12T00:00,,26.7,88,0.288,0.271
1985-06-12T01:00,,26.6,88,0.29,0.271
1985-06-12T02:00,,27.1,85,0.291,0.271
1985-06-12T03:00,,27.8,81,0.292,0.271
1985-06-12T04:00,,28.8,76,0.294,0.271
1985-06-12T05:00,,30.2,70,0.293,0.271
1985-06-12T06:00,,30.6,69,0.292,0.271
1985-06-12T07:00,,31.0,67,0.291,0.271
1985-06-12T08:00,,31.2,66,0.288,0.271
1985-06-12T09:00,,31.3,66,0.286,0.271
1985-06-12T10:00,,31.2,66,0.284,0.271
1985-06-12T11:00,,31.1,66,0.282,0.271
1985-06-12T12:00,,30.5,69,0.28,0.271
1985-06-12T13:00,,29.7,73,0.279,0.271
1985-06-12T14:00,,28.9,78,0.279,0.271
1985-06-12T15:00,,28.4,81,0.278,0.271
1985-06-12T16:00,,28.1,83,0.278,0.271
1985-06-12T17:00,,28.0,84,0.278,0.271
1985-06-12T18:00,,27.8,85,0.278,0.271
1985-06-12T19:00,,27.7,87,0.278,0.271
1985-06-12T20:00,,27.6,87,0.278,0.271
1985-06-12T21:00,,27.3,88,0.278,0.271
1985-06-12T22:00,,27.2,89,0.278,0.271
1985-06-12T23:00,,27.1,89,0.279,0.271
1985-06-13T00:00,,27.1,88,0.279,0.271
1985-06-13T01:00,,27.1,88,0.279,0.271
1985-06-13T02:00,,27.7,84,0.28,0.271
1985-06-13T03:00,,28.7,79,0.279,0.271
1985-06-13T04:00,,29.6,73,0.278,0.271
1985-06-13T05:00,,30.5,68,0.277,0.271
1985-06-13T06:00,,31.2,64,0.274,0.271
1985-06-13T07:00,,31.6,63,0.272,0.271
1985-06-13T08:00,,31.5,62,0.269,0.271
1985-06-13T09:00,,31.2,62,0.267,0.271
1985-06-13T10:00,,31.3,61,0.265,0.271
1985-06-13T11:00,,31.0,63,0.263,0.271
1985-06-13T12:00,,30.4,66,0.261,0.271
1985-06-13T13:00,,29.5,72,0.261,0.271
1985-06-13T14:00,,28.8,77,0.26,0.271
1985-06-13T15:00,,28.3,81,0.26,0.271
1985-06-13T16:00,,27.9,84,0.26,0.271
1985-06-13T17:00,,27.7,86,0.26,0.271
1985-06-13T18:00,,27.6,86,0.259,0.271
1985-06-13T19:00,,27.5,87,0.259,0.271
1985-06-13T20:00,,27.4,88,0.259,0.271
1985-06-13T21:00,,27.4,87,0.26,0.271
1985-06-13T22:00,,27.3,87,0.26,0.271
1985-06-13T23:00,,27.3,87,0.26,0.271
1985-06-14T00:00,,27.2,87,0.26,0.271
1985-06-14T01:00,,27.3,87,0.26,0.271
1985-06-14T02:00,,27.9,83,0.26,0.271
1985-06-14T03:00,,28.8,78,0.26,0.271
1985-06-14T04:00,,29.8,72,0.259,0.271
1985-06-14T05:00,,30.6,68,0.257,0.271
1985-06-14T06:00,,31.2,65,0.255,0.271
1985-06-14T07:00,,31.0,65,0.253,0.271
1985-06-14T08:00,,31.6,63,0.251,0.271
1985-06-14T09:00,,31.6,61,0.249,0.271
1985-06-14T10:00,,31.1,62,0.247,0.271
1985-06-14T11:00,,30.9,63,0.246,0.271
1985-06-14T12:00,,30.2,66,0.245,0.271
1985-06-14T13:00,,29.4,71,0.244,0.271
1985-06-14T14:00,,28.7,76,0.244,0.271
1985-06-14T15:00,,28.2,79,0.243,0.271
1985-06-14T16:00,,28.0,81,0.243,0.271
1985-06-14T17:00,,27.9,82,0.243,0.271
1985-06-14T18:00,,27.8,82,0.243,0.271
1985-06-14T19:00,,27.8,81,0.243,0.271
1985-06-14T20:00,,27.6,83,0.243,0.271
1985-06-14T21:00,,27.5,84,0.244,0.271
1985-06-14T22:00,,27.2,85,0.245,0.271
1985-06-14T23:00,,27.1,86,0.246,0.271
1985-06-15T00:00,,27.1,87,0.247,0.271
1985-06-15T01:00,,27.0,88,0.249,0.271
1985-06-15T02:00,,27.4,85,0.251,0.271
1985-06-15T03:00,,28.2,81,0.253,0.271
1985-06-15T04:00,,29.2,75,0.253,0.271
1985-06-15T05:00,,30.2,69,0.251,0.271
1985-06-15T06:00,,30.8,65,0.249,0.271
1985-06-15T07:00,,31.3,62,0.247,0.271
1985-06-15T08:00,,31.5,62,0.246,0.271
1985-06-15T09:00,,31.3,63,0.244,0.271
1985-06-15T10:00,,31.1,64,0.242,0.271
1985-06-15T11:00,,30.5,67,0.241,0.271
1985-06-15T12:00,,29.9,70,0.241,0.271
1985-06-15T13:00,,29.3,73,0.24,0.271
1985-06-15T14:00,,28.6,77,0.24,0.271
1985-06-15T15:00,,28.2,80,0.239,0.271
1985-06-15T16:00,,27.9,82,0.239,0.271
1985-06-15T17:00,,27.7,83,0.239,0.271
1985-06-15T18:00,,27.5,84,0.239,0.271
1985-06-15T19:00,,27.4,85,0.239,0.271
1985-06-15T20:00,,27.3,86,0.239,0.271
1985-06-15T21:00,,27.2,86,0.239,0.271
1985-06-15T22:00,,27.1,85,0.24,0.271
1985-06-15T23:00,,27.0,86,0.241,0.271
1985-06-16T00:00,,27.2,85,0.243,0.271
1985-06-16T01:00,,27.3,84,0.243,0.271
1985-06-16T02:00,,27.7,82,0.244,0.271
1985-06-16T03:00,,28.8,75,0.244,0.271
1985-06-16T04:00,,29.6,70,0.244,0.271
1985-06-16T05:00,,30.3,66,0.243,0.271
1985-06-16T06:00,,30.9,64,0.243,0.271
1985-06-16T07:00,,31.6,61,0.241,0.271
1985-06-16T08:00,,31.8,60,0.239,0.271
1985-06-16T09:00,,31.6,62,0.238,0.271
1985-06-16T10:00,,31.1,64,0.237,0.271
1985-06-16T11:00,,31.0,65,0.236,0.271
1985-06-16T12:00,,30.2,70,0.235,0.271
1985-06-16T13:00,,29.4,75,0.234,0.271
1985-06-16T14:00,,28.6,81,0.234,0.271
1985-06-16T15:00,,28.3,83,0.234,0.271
1985-06-16T16:00,,28.1,84,0.234,0.271
1985-06-16T17:00,,28.0,85,0.234,0.271
1985-06-16T18:00,,27.8,85,0.234,0.271
1985-06-16T19:00,,27.6,87,0.234,0.271
1985-06-16T20:00,,27.5,87,0.235,0.271
1985-06-16T21:00,,27.3,88,0.236,0.271
1985-06-16T22:00,,27.2,89,0.238,0.271
1985-06-16T23:00,,27.1,89,0.24,0.271
1985-06-17T00:00,,27.2,88,0.241,0.271
1985-06-17T01:00,,27.3,87,0.242,0.271
1985-06-17T02:00,,27.9,83,0.243,0.271
1985-06-17T03:00,,28.7,78,0.244,0.271
1985-06-17T04:00,,29.7,72,0.243,0.271
1985-06-17T05:00,,30.5,67,0.242,0.271
1985-06-17T06:00,,31.0,64,0.241,0.271
1985-06-17T07:00,,31.3,64,0.24,0.271
1985-06-17T08:00,,31.4,63,0.239,0.271
1985-06-17T09:00,,31.4,63,0.238,0.271
1985-06-17T10:00,,31.2,64,0.236,0.271
1985-06-17T11:00,,30.9,66,0.235,0.271
1985-06-17T12:00,,30.3,70,0.234,0.271
1985-06-17T13:00,,29.5,75,0.234,0.271
1985-06-17T14:00,,28.7,80,0.234,0.271
1985-06-17T15:00,,28.3,82,0.234,0.271
1985-06-17T16:00,,28.2,83,0.233,0.271
1985-06-17T17:00,,28.0,84,0.233,0.271
1985-06-17T18:00,,27.9,85,0.233,0.271
1985-06-17T19:00,,27.8,85,0.234,0.271
1985-06-17T20:00,,27.6,85,0.234,0.271
1985-06-17T21:00,,27.5,86,0.234,0.271
1985-06-17T22:00,,27.5,85,0.235,0.271
1985-06-17T23:00,,27.3,85,0.237,0.271
1985-06-18T00:00,,27.4,85,0.238,0.271
1985-06-18T01:00,,27.5,84,0.238,0.271
1985-06-18T02:00,,28.1,80,0.238,0.271
1985-06-18T03:00,,29.1,74,0.238,0.271
1985-06-18T04:00,,29.8,70,0.237,0.271
1985-06-18T05:00,,30.7,65,0.236,0.271
1985-06-18T06:00,,31.2,62,0.235,0.271
1985-06-18T07:00,,31.4,61,0.233,0.271
1985-06-18T08:00,,31.7,59,0.232,0.271
1985-06-18T09:00,,31.8,58,0.23,0.271
1985-06-18T10:00,,31.5,60,0.229,0.271
1985-06-18T11:00,,31.1,63,0.228,0.271
1985-06-18T12:00,,30.4,66,0.227,0.271
1985-06-18T13:00,,29.5,72,0.227,0.271
1985-06-18T14:00,,28.7,76,0.227,0.271
1985-06-18T15:00,,28.4,79,0.226,0.271
1985-06-18T16:00,,28.2,81,0.226,0.271
1985-06-18T17:00,,28.1,81,0.226,0.271
1985-06-18T18:00,,28.0,82,0.226,0.271
1985-06-18T19:00,,27.8,82,0.227,0.271
1985-06-18T20:00,,27.7,83,0.227,0.271
1985-06-18T21:00,,27.6,83,0.227,0.271
1985-06-18T22:00,,27.6,83,0.227,0.271
1985-06-18T23:00,,27.5,83,0.227,0.271
1985-06-19T00:00,,27.5,82,0.228,0.271
1985-06-19T01:00,,27.6,82,0.228,0.271
1985-06-19T02:00,,28.1,79,0.229,0.271
1985-06-19T03:00,,28.9,75,0.23,0.271
1985-06-19T04:00,,29.7,70,0.23,0.271
1985-06-19T05:00,,30.4,66,0.229,0.271
1985-06-19T06:00,,31.0,63,0.229,0.271
1985-06-19T07:00,,31.4,60,0.228,0.271
1985-06-19T08:00,,31.7,58,0.226,0.271
1985-06-19T09:00,,31.6,59,0.225,0.271
1985-06-19T10:00,,31.5,59,0.224,0.271
1985-06-19T11:00,,31.0,62,0.223,0.271
1985-06-19T12:00,,30.3,67,0.222,0.271
1985-06-19T13:00,,29.5,72,0.222,0.271
1985-06-19T14:00,,28.8,77,0.222,0.271
1985-06-19T15:00,,28.3,80,0.222,0.271
1985-06-19T16:00,,28.1,82,0.222,0.271
1985-06-19T17:00,,27.9,83,0.222,0.271
1985-06-19T18:00,,27.7,84,0.223,0.271
1985-06-19T19:00,,27.7,84,0.223,0.271
1985-06-19T20:00,,27.5,84,0.224,0.271
1985-06-19T21:00,,27.5,84,0.226,0.271
1985-06-19T22:00,,27.4,84,0.227,0.271
1985-06-19T23:00,,27.4,84,0.229,0.271
1985-06-20T00:00,,27.3,84,0.231,0.271
1985-06-20T01:00,,27.3,84,0.232,0.271
1985-06-20T02:00,,27.7,82,0.234,0.271
1985-06-20T03:00,,28.6,77,0.235,0.271
1985-06-20T04:00,,29.6,71,0.236,0.271
1985-06-20T05:00,,30.5,66,0.235,0.271
1985-06-20T06:00,,31.0,64,0.235,0.271
1985-06-20T07:00,,31.3,62,0.234,0.271
1985-06-20T08:00,,31.5,61,0.232,0.271
1985-06-20T09:00,,31.6,60,0.231,0.271
1985-06-20T10:00,,31.4,61,0.229,0.271
1985-06-20T11:00,,30.9,64,0.228,0.271
1985-06-20T12:00,,30.2,68,0.228,0.271
1985-06-20T13:00,,29.4,72,0.227,0.271
1985-06-20T14:00,,28.7,77,0.227,0.271
1985-06-20T15:00,,28.2,79,0.227,0.271
1985-06-20T16:00,,27.9,81,0.228,0.271
1985-06-20T17:00,,27.6,83,0.228,0.271
1985-06-20T18:00,,27.4,85,0.229,0.271
1985-06-20T19:00,,26.7,87,0.231,0.271
1985-06-20T20:00,,26.2,89,0.234,0.271
1985-06-20T21:00,,26.3,89,0.235,0.271
1985-06-20T22:00,,26.1,90,0.237,0.271
1985-06-20T23:00,,26.0,91,0.241,0.271
1985-06-21T00:00,,25.8,92,0.243,0.271
1985-06-21T01:00,,25.7,92,0.246,0.271
1985-06-21T02:00,,26.3,90,0.247,0.271
1985-06-21T03:00,,27.2,85,0.248,0.271
1985-06-21T04:00,,28.2,80,0.25,0.271
1985-06-21T05:00,,28.9,77,0.252,0.271
1985-06-21T06:00,,29.4,74,0.253,0.271
1985-06-21T07:00,,30.1,69,0.254,0.271
1985-06-21T08:00,,30.5,67,0.256,0.271
1985-06-21T09:00,,30.5,67,0.258,0.271
1985-06-21T10:00,,30.2,70,0.26,0.271
1985-06-21T11:00,,29.9,72,0.259,0.271
1985-06-21T12:00,,29.4,74,0.259,0.271
1985-06-21T13:00,,28.9,77,0.258,0.271
1985-06-21T14:00,,28.0,82,0.258,0.271
1985-06-21T15:00,,27.5,85,0.258,0.271
1985-06-21T16:00,,27.1,86,0.258,0.271
1985-06-21T17:00,,26.8,88,0.258,0.271
1985-06-21T18:00,,26.6,88,0.259,0.271
1985-06-21T19:00,,26.2,86,0.259,0.271
1985-06-21T20:00,,26.1,86,0.259,0.271
1985-06-21T21:00,,26.0,87,0.26,0.271
1985-06-21T22:00,,25.7,89,0.26,0.271
1985-06-21T23:00,,25.5,89,0.261,0.271
1985-06-22T00:00,,25.6,88,0.262,0.271
1985-06-22T01:00,,25.6,89,0.263,0.271
1985-06-22T02:00,,25.9,87,0.264,0.271
1985-06-22T03:00,,26.8,82,0.266,0.271
1985-06-22T04:00,,27.5,78,0.267,0.271
1985-06-22T05:00,,28.1,76,0.269,0.271
1985-06-22T06:00,,28.6,76,0.27,0.271
1985-06-22T07:00,,29.6,72,0.268,0.271
1985-06-22T08:00,,30.3,70,0.266,0.271
1985-06-22T09:00,,30.4,69,0.265,0.271
1985-06-22T10:00,,30.1,69,0.264,0.271
1985-06-22T11:00,,29.9,70,0.263,0.271
1985-06-22T12:00,,29.3,73,0.262,0.271
1985-06-22T13:00,,28.7,76,0.262,0.271
1985-06-22T14:00,,27.9,81,0.261,0.271
1985-06-22T15:00,,27.3,84,0.261,0.271
1985-06-22T16:00,,26.9,86,0.261,0.271
1985-06-22T17:00,,26.5,88,0.261,0.271
1985-06-22T18:00,,26.3,89,0.261,0.271
1985-06-22T19:00,,26.3,89,0.262,0.271
1985-06-22T20:00,,26.2,89,0.262,0.271
1985-06-22T21:00,,26.1,89,0.262,0.271
1985-06-22T22:00,,25.9,90,0.263,0.271
1985-06-22T23:00,,25.8,90,0.264,0.271
1985-06-23T00:00,,25.8,90,0.265,0.271
1985-06-23T01:00,,25.8,89,0.266,0.271
1985-06-23T02:00,,26.3,86,0.267,0.271
1985-06-23T03:00,,27.2,80,0.268,0.271
1985-06-23T04:00,,28.3,75,0.268,0.271
1985-06-23T05:00,,29.2,70,0.269,0.271
1985-06-23T06:00,,29.9,68,0.27,0.271
1985-06-23T07:00,,30.4,66,0.269,0.271
1985-06-23T08:00,,30.9,65,0.267,0.271
1985-06-23T09:00,,31.0,65,0.266,0.271
1985-06-23T10:00,,30.9,64,0.264,0.271
1985-06-23T11:00,,30.6,66,0.263,0.271
1985-06-23T12:00,,30.1,68,0.261,0.271
1985-06-23T13:00,,29.4,71,0.261,0.271
1985-06-23T14:00,,28.6,76,0.26,0.271
1985-06-23T15:00,,28.2,79,0.26,0.271
1985-06-23T16:00,,28.0,81,0.26,0.271
1985-06-23T17:00,,27.8,82,0.259,0.271
1985-06-23T18:00,,27.6,83,0.259,0.271
1985-06-23T19:00,,27.7,82,0.259,0.271
1985-06-23T20:00,,27.6,82,0.259,0.271
1985-06-23T21:00,,27.4,83,0.259,0.271
1985-06-23T22:00,,27.3,84,0.259,0.271
1985-06-23T23:00,,27.3,84,0.259,0.271
1985-06-24T00:00,,27.1,85,0.259,0.271
1985-06-24T01:00,,26.9,86,0.26,0.271
1985-06-24T02:00,,27.4,84,0.261,0.271
1985-06-24T03:00,,28.4,78,0.261,0.271
1985-06-24T04:00,,29.4,72,0.261,0.271
1985-06-24T05:00,,30.1,69,0.261,0.271
1985-06-24T06:00,,30.7,66,0.26,0.271
1985-06-24T07:00,,31.2,65,0.259,0.271
1985-06-24T08:00,,31.3,64,0.257,0.271
1985-06-24T09:00,,31.3,64,0.255,0.271
1985-06-24T10:00,,31.1,63,0.253,0.271
1985-06-24T11:00,,30.9,64,0.252,0.271
1985-06-24T12:00,,30.3,66,0.251,0.271
1985-06-24T13:00,,29.6,70,0.25,0.271
1985-06-24T14:00,,28.8,75,0.25,0.271
1985-06-24T15:00,,28.4,78,0.249,0.271
1985-06-24T16:00,,28.2,80,0.249,0.271
1985-06-24T17:00,,28.1,81,0.249,0.271
1985-06-24T18:00,,28.1,80,0.249,0.271
1985-06-24T19:00,,28.1,81,0.249,0.271
1985-06-24T20:00,,28.0,82,0.249,0.271
1985-06-24T21:00,,27.9,82,0.249,0.271
1985-06-24T22:00,,27.8,83,0.248,0.271
1985-06-24T23:00,,27.7,83,0.248,0.271
1985-06-25T00:00,,27.7,83,0.248,0.271
1985-06-25T01:00,,27.7,83,0.249,0.271
1985-06-25T02:00,,28.1,80,0.249,0.271
1985-06-25T03:00,,28.9,76,0.249,0.271
1985-06-25T04:00,,29.7,71,0.248,0.271
1985-06-25T05:00,,30.5,67,0.247,0.271
1985-06-25T06:00,,31.1,64,0.246,0.271
1985-06-25T07:00,,30.6,68,0.245,0.271
1985-06-25T08:00,,30.8,66,0.244,0.271
1985-06-25T09:00,,30.4,69,0.243,0.271
1985-06-25T10:00,,30.2,69,0.242,0.271
1985-06-25T11:00,,29.9,70,0.241,0.271
1985-06-25T12:00,,29.4,74,0.241,0.271
1985-06-25T13:00,,29.0,77,0.24,0.271
1985-06-25T14:00,,28.7,79,0.24,0.271
1985-06-25T15:00,,28.4,81,0.24,0.271
1985-06-25T16:00,,28.3,82,0.24,0.271
1985-06-25T17:00,,28.1,83,0.24,0.271
1985-06-25T18:00,,28.1,83,0.24,0.271
1985-06-25T19:00,,28.0,82,0.24,0.271
1985-06-25T20:00,,27.8,83,0.24,0.271
1985-06-25T21:00,,27.8,83,0.24,0.271
1985-06-25T22:00,,27.6,83,0.24,0.271
1985-06-25T23:00,,27.6,83,0.24,0.271
1985-06-26T00:00,,27.5,84,0.24,0.271
1985-06-26T01:00,,27.5,84,0.24,0.271
1985-06-26T02:00,,27.9,82,0.241,0.271
1985-06-26T03:00,,28.6,77,0.241,0.271
1985-06-26T04:00,,29.5,71,0.24,0.271
1985-06-26T05:00,,30.2,67,0.239,0.271
1985-06-26T06:00,,30.5,66,0.238,0.271
1985-06-26T07:00,,31.0,65,0.237,0.271
1985-06-26T08:00,,30.9,65,0.236,0.271
1985-06-26T09:00,,30.7,66,0.235,0.271
1985-06-26T10:00,,30.3,68,0.234,0.271
1985-06-26T11:00,,30.1,69,0.234,0.271
1985-06-26T12:00,,29.4,73,0.233,0.271
1985-06-26T13:00,,29.0,76,0.233,0.271
1985-06-26T14:00,,28.6,79,0.233,0.271
1985-06-26T15:00,,28.4,82,0.232,0.271
1985-06-26T16:00,,28.2,83,0.232,0.271
1985-06-26T17:00,,28.1,84,0.232,0.271
1985-06-26T18:00,,28.0,84,0.232,0.271
1985-06-26T19:00,,27.7,85,0.233,0.271
1985-06-26T20:00,,27.5,86,0.235,0.271
1985-06-26T21:00,,27.5,84,0.237,0.271
1985-06-26T22:00,,27.5,83,0.239,0.271
1985-06-26T23:00,,27.5,82,0.24,0.271
1985-06-27T00:00,,27.4,82,0.242,0.271
1985-06-27T01:00,,27.4,81,0.244,0.271
1985-06-27T02:00,,27.8,79,0.245,0.271
1985-06-27T03:00,,28.1,78,0.247,0.271
1985-06-27T04:00,,28.4,76,0.25,0.271
1985-06-27T05:00,,29.1,72,0.254,0.271
1985-06-27T06:00,,29.4,71,0.256,0.271
1985-06-27T07:00,,30.5,66,0.255,0.271
1985-06-27T08:00,,30.5,66,0.254,0.271
1985-06-27T09:00,,30.5,67,0.253,0.271
1985-06-27T10:00,,30.5,66,0.252,0.271
1985-06-27T11:00,,30.3,68,0.251,0.271
1985-06-27T12:00,,29.6,72,0.25,0.271
1985-06-27T13:00,,29.0,77,0.249,0.271
1985-06-27T14:00,,28.4,80,0.249,0.271
1985-06-27T15:00,,28.1,83,0.249,0.271
1985-06-27T16:00,,27.9,84,0.249,0.271
1985-06-27T17:00,,27.7,85,0.248,0.271
1985-06-27T18:00,,27.5,86,0.249,0.271
1985-06-27T19:00,,27.5,84,0.25,0.271
1985-06-27T20:00,,27.4,85,0.251,0.271
1985-06-27T21:00,,27.3,85,0.252,0.271
1985-06-27T22:00,,27.1,86,0.253,0.271
1985-06-27T23:00,,27.0,86,0.254,0.271
1985-06-28T00:00,,26.8,87,0.256,0.271
1985-06-28T01:00,,26.8,87,0.256,0.271
1985-06-28T02:00,,27.3,85,0.258,0.271
1985-06-28T03:00,,28.2,79,0.259,0.271
1985-06-28T04:00,,29.2,74,0.261,0.271
1985-06-28T05:00,,29.8,70,0.262,0.271
1985-06-28T06:00,,30.2,69,0.262,0.271
1985-06-28T07:00,,30.2,70,0.263,0.271
1985-06-28T08:00,,30.3,70,0.266,0.271
1985-06-28T09:00,,30.6,68,0.267,0.271
1985-06-28T10:00,,30.1,70,0.267,0.271
1985-06-28T11:00,,30.0,70,0.267,0.271
1985-06-28T12:00,,29.5,73,0.266,0.271
1985-06-28T13:00,,28.8,77,0.266,0.271
1985-06-28T14:00,,28.0,82,0.266,0.271
1985-06-28T15:00,,27.7,84,0.267,0.271
1985-06-28T16:00,,27.5,84,0.268,0.271
1985-06-28T17:00,,27.4,85,0.268,0.271
1985-06-28T18:00,,27.3,85,0.268,0.271
1985-06-28T19:00,,27.1,86,0.27,0.271
1985-06-28T20:00,,27.0,87,0.272,0.271
1985-06-28T21:00,,26.9,88,0.274,0.271
1985-06-28T22:00,,26.9,88,0.275,0.271
1985-06-28T23:00,,26.8,88,0.278,0.271
1985-06-29T00:00,,26.8,86,0.281,0.271
1985-06-29T01:00,,26.7,87,0.286,0.271
1985-06-29T02:00,,27.0,85,0.29,0.271
1985-06-29T03:00,,27.6,83,0.293,0.271
1985-06-29T04:00,,28.7,76,0.294,0.271
1985-06-29T05:00,,29.5,71,0.294,0.271
1985-06-29T06:00,,29.8,70,0.293,0.271
1985-06-29T07:00,,30.4,67,0.294,0.271
1985-06-29T08:00,,30.3,69,0.293,0.271
1985-06-29T09:00,,30.3,69,0.293,0.271
1985-06-29T10:00,,30.1,70,0.292,0.271
1985-06-29T11:00,,29.6,73,0.292,0.271
1985-06-29T12:00,,29.3,75,0.291,0.271
1985-06-29T13:00,,28.6,79,0.29,0.271
1985-06-29T14:00,,28.0,83,0.291,0.271
1985-06-29T15:00,,27.7,84,0.291,0.271
1985-06-29T16:00,,27.4,85,0.292,0.271
1985-06-29T17:00,,27.3,86,0.294,0.271
1985-06-29T18:00,,27.2,86,0.295,0.271
1985-06-29T19:00,,26.9,87,0.296,0.271
1985-06-29T20:00,,26.8,86,0.298,0.271
1985-06-29T21:00,,26.5,87,0.3,0.271
1985-06-29T22:00,,26.5,86,0.303,0.271
1985-06-29T23:00,,26.4,89,0.306,0.271
1985-06-30T00:00,,26.4,89,0.309,0.271
1985-06-30T01:00,,26.6,88,0.311,0.271
1985-06-30T02:00,,26.9,87,0.313,0.271
1985-06-30T03:00,,27.9,81,0.315,0.271
1985-06-30T04:00,,28.8,76,0.313,0.271
1985-06-30T05:00,,29.4,72,0.312,0.271
1985-06-30T06:00,,29.8,70,0.31,0.271
1985-06-30T07:00,,30.1,68,0.309,0.271
1985-06-30T08:00,,30.2,68,0.307,0.271
1985-06-30T09:00,,30.2,68,0.306,0.271
1985-06-30T10:00,,30.0,70,0.305,0.271
1985-06-30T11:00,,29.5,72,0.305,0.271
1985-06-30T12:00,,28.9,75,0.304,0.271
1985-06-30T13:00,,28.3,79,0.304,0.271
1985-06-30T14:00,,27.7,82,0.304,0.271
1985-06-30T15:00,,27.2,84,0.305,0.271
1985-06-30T16:00,,27.0,86,0.308,0.271
1985-06-30T17:00,,26.9,86,0.309,0.272
1985-06-30T18:00,,26.7,86,0.31,0.272
1985-06-30T19:00,,26.8,86,0.31,0.272
1985-06-30T20:00,,26.6,87,0.311,0.272
1985-06-30T21:00,,26.4,88,0.312,0.272
1985-06-30T22:00,,26.3,89,0.313,0.272
1985-06-30T23:00,,26.2,89,0.314,0.272
1985-07-01T00:00,,26.1,89,0.316,0.272
1985-07-01T01:00,,26.1,89,0.318,0.272
1985-07-01T02:00,,26.4,87,0.32,0.272
1985-07-01T03:00,,27.0,85,0.323,0.272
1985-07-01T04:00,,28.0,81,0.326,0.272
1985-07-01T05:00,,29.2,73,0.327,0.272
1985-07-01T06:00,,29.7,70,0.326,0.272
1985-07-01T07:00,,30.0,68,0.324,0.272
1985-07-01T08:00,,30.0,68,0.323,0.272
1985-07-01T09:00,,29.9,69,0.321,0.272
1985-07-01T10:00,,29.8,70,0.32,0.272
1985-07-01T11:00,,29.3,72,0.319,0.272
1985-07-01T12:00,,28.9,74,0.32,0.272
1985-07-01T13:00,,28.0,79,0.321,0.272
1985-07-01T14:00,,27.2,82,0.322,0.272
1985-07-01T15:00,,26.8,84,0.323,0.272
1985-07-01T16:00,,26.4,85,0.325,0.272
1985-07-01T17:00,,26.1,88,0.327,0.272
1985-07-01T18:00,,25.9,89,0.331,0.272
1985-07-01T19:00,,25.9,88,0.333,0.272
1985-07-01T20:00,,25.6,90,0.336,0.272
1985-07-01T21:00,,25.6,91,0.338,0.272
1985-07-01T22:00,,25.6,91,0.339,0.272
1985-07-01T23:00,,25.7,91,0.341,0.272
1985-07-02T00:00,,25.6,91,0.342,0.272
1985-07-02T01:00,,25.6,91,0.344,0.272
1985-07-02T02:00,,26.1,90,0.345,0.272
1985-07-02T03:00,,26.9,84,0.348,0.273
1985-07-02T04:00,,27.0,83,0.351,0.273
1985-07-02T05:00,,27.9,81,0.351,0.273
1985-07-02T06:00,,28.3,80,0.351,0.273
1985-07-02T07:00,,29.2,77,0.348,0.273
1985-07-02T08:00,,29.1,77,0.347,0.273
1985-07-02T09:00,,29.1,77,0.345,0.273
1985-07-02T10:00,,28.6,77,0.345,0.273
1985-07-02T11:00,,28.5,77,0.346,0.273
1985-07-02T12:00,,28.2,78,0.348,0.273
1985-07-02T13:00,,27.5,82,0.349,0.273
1985-07-02T14:00,,26.9,85,0.351,0.273
1985-07-02T15:00,,26.5,87,0.352,0.273
1985-07-02T16:00,,26.2,89,0.354,0.273
1985-07-02T17:00,,26.2,90,0.355,0.273
1985-07-02T18:00,,26.0,90,0.357,0.273
1985-07-02T19:00,,25.8,91,0.36,0.274
1985-07-02T20:00,,25.8,92,0.362,0.274
1985-07-02T21:00,,25.6,93,0.364,0.274
1985-07-02T22:00,,25.7,92,0.366,0.274
1985-07-02T23:00,,25.8,92,0.367,0.274
1985-07-03T00:00,,25.8,91,0.368,0.274
1985-07-03T01:00,,26.0,90,0.37,0.274
1985-07-03T02:00,,26.2,89,0.372,0.274
1985-07-03T03:00,,27.0,83,0.375,0.274
1985-07-03T04:00,,27.4,82,0.378,0.275
1985-07-03T05:00,,27.7,80,0.379,0.275
1985-07-03T06:00,,28.4,79,0.378,0.275
1985-07-03T07:00,,28.9,76,0.377,0.275
1985-07-03T08:00,,28.9,77,0.375,0.275
1985-07-03T09:00,,29.2,76,0.374,0.275
1985-07-03T10:00,,29.2,75,0.374,0.275
1985-07-03T11:00,,28.8,77,0.373,0.276
1985-07-03T12:00,,28.4,79,0.372,0.276
1985-07-03T13:00,,27.8,81,0.371,0.276
1985-07-03T14:00,,27.2,84,0.371,0.276
1985-07-03T15:00,,26.9,86,0.371,0.276
1985-07-03T16:00,,26.7,87,0.371,0.276
1985-07-03T17:00,,26.5,88,0.371,0.276
1985-07-03T18:00,,26.4,88,0.372,0.276
1985-07-03T19:00,,26.3,89,0.373,0.276
1985-07-03T20:00,,26.3,89,0.375,0.277
1985-07-03T21:00,,26.1,89,0.377,0.277
1985-07-03T22:00,,26.0,90,0.379,0.277
1985-07-03T23:00,,26.0,91,0.38,0.277
1985-07-04T00:00,,26.1,90,0.382,0.277
1985-07-04T01:00,,26.2,89,0.383,0.277
1985-07-04T02:00,,26.6,88,0.383,0.277
1985-07-04T03:00,,27.5,83,0.384,0.278
1985-07-04T04:00,,28.1,81,0.383,0.278
1985-07-04T05:00,,28.8,77,0.383,0.278
1985-07-04T06:00,,29.0,76,0.381,0.278
1985-07-04T07:00,,29.9,70,0.382,0.278
1985-07-04T08:00,,29.9,70,0.384,0.278
1985-07-04T09:00,,29.8,72,0.383,0.278
1985-07-04T10:00,,29.3,74,0.384,0.279
1985-07-04T11:00,,29.2,74,0.385,0.279
1985-07-04T12:00,,28.8,76,0.384,0.279
1985-07-04T13:00,,28.1,80,0.384,0.279
1985-07-04T14:00,,27.4,84,0.385,0.279
1985-07-04T15:00,,27.1,85,0.385,0.279
1985-07-04T16:00,,27.0,86,0.385,0.28
1985-07-04T17:00,,26.8,87,0.385,0.28
1985-07-04T18:00,,26.7,87,0.385,0.28
1985-07-04T19:00,,26.4,89,0.385,0.28
1985-07-04T20:00,,26.1,90,0.386,0.28
1985-07-04T21:00,,26.3,90,0.386,0.28
1985-07-04T22:00,,26.1,90,0.387,0.281
1985-07-04T23:00,,26.1,90,0.388,0.281
1985-07-05T00:00,,26.0,90,0.389,0.281
1985-07-05T01:00,,25.9,90,0.39,0.281
1985-07-05T02:00,,26.2,89,0.392,0.281
1985-07-05T03:00,,27.1,84,0.392,0.281
1985-07-05T04:00,,27.5,82,0.392,0.282
1985-07-05T05:00,,28.5,77,0.392,0.282
1985-07-05T06:00,,29.1,74,0.391,0.282
1985-07-05T07:00,,29.5,71,0.392,0.282
1985-07-05T08:00,,29.8,70,0.392,0.282
1985-07-05T09:00,,29.6,72,0.392,0.282
1985-07-05T10:00,,29.3,74,0.39,0.283
1985-07-05T11:00,,29.1,75,0.39,0.283
1985-07-05T12:00,,28.5,77,0.389,0.283
1985-07-05T13:00,,27.8,81,0.39,0.283
1985-07-05T14:00,,27.0,85,0.391,0.283
1985-07-05T15:00,,26.3,87,0.391,0.283
1985-07-05T16:00,,26.2,89,0.394,0.284
1985-07-05T17:00,,26.1,89,0.395,0.284
1985-07-05T18:00,,26.1,90,0.397,0.284
1985-07-05T19:00,,25.6,91,0.4,0.284
1985-07-05T20:00,,25.4,93,0.402,0.284
1985-07-05T21:00,,25.3,93,0.404,0.285
1985-07-05T22:00,,25.2,93,0.405,0.285
1985-07-05T23:00,,25.2,94,0.406,0.285
1985-07-06T00:00,,25.3,93,0.407,0.285
1985-07-06T01:00,,25.3,93,0.407,0.286
1985-07-06T02:00,,25.7,91,0.409,0.286
1985-07-06T03:00,,26.3,90,0.409,0.286
1985-07-06T04:00,,27.0,88,0.409,0.286
1985-07-06T05:00,,27.9,83,0.406,0.287
1985-07-06T06:00,,28.5,80,0.405,0.287
1985-07-06T07:00,,28.9,77,0.403,0.287
1985-07-06T08:00,,29.2,76,0.403,0.287
1985-07-06T09:00,,29.3,75,0.403,0.288
1985-07-06T10:00,,29.1,75,0.403,0.288
1985-07-06T11:00,,28.6,77,0.403,0.288
1985-07-06T12:00,,28.0,79,0.402,0.288
1985-07-06T13:00,,27.3,81,0.403,0.288
1985-07-06T14:00,,26.8,83,0.403,0.289
1985-07-06T15:00,,26.4,85,0.404,0.289
1985-07-06T16:00,,26.2,87,0.405,0.289
1985-07-06T17:00,,26.0,88,0.406,0.289
1985-07-06T18:00,,25.7,90,0.407,0.29
1985-07-06T19:00,,25.7,90,0.408,0.29
1985-07-06T20:00,,25.6,91,0.409,0.29
1985-07-06T21:00,,25.5,92,0.41,0.29
1985-07-06T22:00,,25.6,92,0.411,0.291
1985-07-06T23:00,,25.4,93,0.411,0.291
1985-07-07T00:00,,25.5,93,0.412,0.291
1985-07-07T01:00,,25.5,92,0.412,0.291
1985-07-07T02:00,,25.8,91,0.412,0.292
1985-07-07T03:00,,26.3,89,0.413,0.292
1985-07-07T04:00,,27.0,86,0.413,0.292
1985-07-07T05:00,,27.9,81,0.413,0.293
1985-07-07T06:00,,28.2,80,0.413,0.293
1985-07-07T07:00,,28.7,77,0.411,0.293
1985-07-07T08:00,,28.6,80,0.41,0.293
1985-07-07T09:00,,28.7,81,0.408,0.293
1985-07-07T10:00,,28.7,81,0.407,0.294
1985-07-07T11:00,,28.5,81,0.408,0.294
1985-07-07T12:00,,27.8,83,0.411,0.294
1985-07-07T13:00,,27.4,84,0.412,0.294
1985-07-07T14:00,,26.8,88,0.413,0.295
1985-07-07T15:00,,26.5,90,0.415,0.295
1985-07-07T16:00,,26.3,91,0.417,0.295
1985-07-07T17:00,,26.3,92,0.419,0.295
1985-07-07T18:00,,26.3,91,0.422,0.296
1985-07-07T19:00,,26.2,91,0.424,0.296
1985-07-07T20:00,,26.2,92,0.426,0.297
1985-07-07T21:00,,26.1,92,0.428,0.297
1985-07-07T22:00,,25.9,92,0.429,0.297
1985-07-07T23:00,,26.0,93,0.431,0.298
1985-07-08T00:00,,26.0,92,0.433,0.298
1985-07-08T01:00,,26.1,91,0.434,0.299
1985-07-08T02:00,,26.6,89,0.435,0.299
1985-07-08T03:00,,27.3,85,0.435,0.3
1985-07-08T04:00,,27.9,82,0.435,0.3
1985-07-08T05:00,,28.9,77,0.435,0.301
1985-07-08T06:00,,29.3,75,0.434,0.301
1985-07-08T07:00,,29.4,75,0.432,0.302
1985-07-08T08:00,,29.5,76,0.429,0.302
1985-07-08T09:00,,29.3,78,0.425,0.302
1985-07-08T10:00,,29.2,79,0.421,0.303
1985-07-08T11:00,,29.0,79,0.418,0.303
1985-07-08T12:00,,28.5,81,0.417,0.303
1985-07-08T13:00,,28.0,84,0.416,0.303
1985-07-08T14:00,,27.5,87,0.415,0.304
1985-07-08T15:00,,27.3,88,0.415,0.304
1985-07-08T16:00,,27.2,88,0.415,0.304
1985-07-08T17:00,,27.1,89,0.416,0.304
1985-07-08T18:00,,27.1,89,0.416,0.305
1985-07-08T19:00,,27.1,89,0.415,0.305
1985-07-08T20:00,,27.0,88,0.416,0.305
1985-07-08T21:00,,26.9,86,0.416,0.305
1985-07-08T22:00,,26.8,87,0.415,0.306
1985-07-08T23:00,,26.7,87,0.415,0.306
1985-07-09T00:00,,26.6,88,0.415,0.306
1985-07-09T01:00,,26.8,87,0.414,0.306
1985-07-09T02:00,,27.1,85,0.413,0.307
1985-07-09T03:00,,27.7,82,0.414,0.307
1985-07-09T04:00,,28.3,78,0.414,0.307
1985-07-09T05:00,,28.7,76,0.414,0.307
1985-07-09T06:00,,29.3,73,0.413,0.307
1985-07-09T07:00,,29.5,72,0.411,0.307
1985-07-09T08:00,,29.6,72,0.411,0.308
1985-07-09T09:00,,29.4,74,0.409,0.308
1985-07-09T10:00,,29.3,75,0.408,0.308
1985-07-09T11:00,,29.0,76,0.406,0.308
1985-07-09T12:00,,28.6,79,0.405,0.308
1985-07-09T13:00,,28.0,83,0.404,0.308
1985-07-09T14:00,,27.5,86,0.404,0.308
1985-07-09T15:00,,27.3,87,0.403,0.309
1985-07-09T16:00,,27.2,88,0.403,0.309
1985-07-09T17:00,,27.1,88,0.403,0.309
1985-07-09T18:00,,27.0,88,0.402,0.309
1985-07-09T19:00,,27.0,88,0.402,0.309
1985-07-09T20:00,,26.9,88,0.401,0.309
1985-07-09T21:00,,26.8,88,0.401,0.31
1985-07-09T22:00,,26.8,87,0.401,0.31
1985-07-09T23:00,,26.7,86,0.4,0.31
1985-07-10T00:00,,26.5,87,0.4,0.31
1985-07-10T01:00,,26.6,87,0.4,0.31
1985-07-10T02:00,,26.9,86,0.401,0.31
1985-07-10T03:00,,27.8,81,0.401,0.31
1985-07-10T04:00,,28.4,78,0.401,0.31
1985-07-10T05:00,,29.0,75,0.4,0.311
1985-07-10T06:00,,29.3,73,0.399,0.311
1985-07-10T07:00,,29.4,73,0.397,0.311
1985-07-10T08:00,,29.4,73,0.396,0.311
1985-07-10T09:00,,29.4,73,0.394,0.311
1985-07-10T10:00,,29.2,74,0.392,0.311
1985-07-10T11:00,,28.9,76,0.39,0.311
1985-07-10T12:00,,28.5,78,0.388,0.311
1985-07-10T13:00,,28.0,81,0.386,0.311
1985-07-10T14:00,,27.3,86,0.386,0.311
1985-07-10T15:00,,27.0,88,0.385,0.311
1985-07-10T16:00,,27.1,87,0.385,0.311
1985-07-10T17:00,,27.0,87,0.385,0.311
1985-07-10T18:00,,26.9,87,0.385,0.311
1985-07-10T19:00,,26.9,88,0.385,0.311
1985-07-10T20:00,,26.8,88,0.385,0.311
1985-07-10T21:00,,26.7,89,0.385,0.312
1985-07-10T22:00,,26.5,89,0.385,0.312
1985-07-10T23:00,,26.6,88,0.386,0.312
1985-07-11T00:00,,26.5,88,0.386,0.312
1985-07-11T01:00,,26.5,87,0.387,0.312
1985-07-11T02:00,,26.8,86,0.387,0.312
1985-07-11T03:00,,27.5,81,0.388,0.312
1985-07-11T04:00,,28.2,78,0.387,0.312
1985-07-11T05:00,,28.8,75,0.386,0.312
1985-07-11T06:00,,29.4,72,0.384,0.312
1985-07-11T07:00,,29.5,71,0.381,0.312
1985-07-11T08:00,,29.8,70,0.378,0.312
1985-07-11T09:00,,29.8,71,0.376,0.312
1985-07-11T10:00,,29.5,72,0.373,0.312
1985-07-11T11:00,,29.1,74,0.371,0.312
1985-07-11T12:00,,28.6,77,0.37,0.312
1985-07-11T13:00,,27.9,81,0.369,0.312
1985-07-11T14:00,,27.3,84,0.368,0.312
1985-07-11T15:00,,26.9,86,0.368,0.312
1985-07-11T16:00,,26.7,87,0.369,0.312
1985-07-11T17:00,,26.5,88,0.369,0.312
1985-07-11T18:00,,26.4,89,0.369,0.312
1985-07-11T19:00,,26.2,90,0.369,0.312
1985-07-11T20:00,,26.1,90,0.37,0.312
1985-07-11T21:00,,25.9,91,0.371,0.312
1985-07-11T22:00,,25.8,91,0.371,0.312
1985-07-11T23:00,,25.9,90,0.372,0.312
1985-07-12T00:00,,26.0,90,0.372,0.312
1985-07-12T01:00,,25.9,89,0.373,0.312
1985-07-12T02:00,,26.2,88,0.374,0.312
1985-07-12T03:00,,26.4,86,0.375,0.312
1985-07-12T04:00,,27.1,83,0.378,0.312
1985-07-12T05:00,,28.0,81,0.377,0.312
1985-07-12T06:00,,28.7,76,0.376,0.312
1985-07-12T07:00,,28.8,80,0.374,0.312
1985-07-12T08:00,,29.0,78,0.372,0.312
1985-07-12T09:00,,29.2,78,0.37,0.312
1985-07-12T10:00,,29.0,78,0.369,0.312
1985-07-12T11:00,,28.7,77,0.367,0.312
1985-07-12T12:00,,28.3,79,0.366,0.312
1985-07-12T13:00,,27.7,82,0.365,0.312
1985-07-12T14:00,,27.2,84,0.365,0.312
1985-07-12T15:00,,26.9,85,0.365,0.312
1985-07-12T16:00,,26.8,87,0.365,0.312
1985-07-12T17:00,,26.6,88,0.365,0.312
1985-07-12T18:00,,26.4,89,0.365,0.312
1985-07-12T19:00,,25.9,90,0.367,0.312
1985-07-12T20:00,,25.6,91,0.369,0.312
1985-07-12T21:00,,25.5,91,0.371,0.313
1985-07-12T22:00,,25.5,90,0.372,0.313
1985-07-12T23:00,,25.5,91,0.374,0.313
1985-07-13T00:00,,25.4,91,0.375,0.313
1985-07-13T01:00,,25.6,91,0.376,0.313
1985-07-13T02:00,,25.9,90,0.377,0.313
1985-07-13T03:00,,26.2,87,0.378,0.313
1985-07-13T04:00,,26.5,85,0.38,0.313
1985-07-13T05:00,,27.5,80,0.379,0.313
1985-07-13T06:00,,27.7,79,0.38,0.313
1985-07-13T07:00,,27.9,80,0.378,0.313
1985-07-13T08:00,,28.6,78,0.375,0.313
1985-07-13T09:00,,28.8,78,0.373,0.313
1985-07-13T10:00,,28.7,79,0.371,0.313
1985-07-13T11:00,,28.3,79,0.371,0.313
1985-07-13T12:00,,27.9,79,0.371,0.313
1985-07-13T13:00,,27.4,79,0.371,0.313
1985-07-13T14:00,,26.8,84,0.37,0.313
1985-07-13T15:00,,26.6,84,0.37,0.313
1985-07-13T16:00,,26.5,85,0.37,0.313
1985-07-13T17:00,,26.3,86,0.37,0.313
1985-07-13T18:00,,26.0,87,0.372,0.313
1985-07-13T19:00,,25.5,91,0.377,0.313
1985-07-13T20:00,,25.3,93,0.383,0.313
1985-07-13T21:00,,25.1,93,0.389,0.313
1985-07-13T22:00,,25.0,93,0.395,0.313
1985-07-13T23:00,,24.8,93,0.401,0.313
1985-07-14T00:00,,24.8,93,0.407,0.314
1985-07-14T01:00,,24.8,92,0.413,0.314
1985-07-14T02:00,,25.0,92,0.416,0.314
1985-07-14T03:00,,25.7,90,0.417,0.314
1985-07-14T04:00,,26.8,82,0.418,0.315
1985-07-14T05:00,,27.1,80,0.423,0.315
1985-07-14T06:00,,27.4,80,0.422,0.315
1985-07-14T07:00,,28.0,80,0.419,0.316
1985-07-14T08:00,,28.3,78,0.415,0.316
1985-07-14T09:00,,28.3,77,0.413,0.316
1985-07-14T10:00,,28.4,77,0.411,0.316
1985-07-14T11:00,,28.3,77,0.409,0.316
1985-07-14T12:00,,27.8,78,0.407,0.316
1985-07-14T13:00,,27.4,81,0.405,0.316
1985-07-14T14:00,,26.9,83,0.404,0.317
1985-07-14T15:00,,26.6,85,0.404,0.317
1985-07-14T16:00,,26.4,86,0.403,0.317
1985-07-14T17:00,,26.2,87,0.402,0.317
1985-07-14T18:00,,26.0,88,0.402,0.317
1985-07-14T19:00,,25.9,88,0.403,0.318
1985-07-14T20:00,,25.6,90,0.403,0.318
1985-07-14T21:00,,25.4,91,0.404,0.318
1985-07-14T22:00,,25.1,91,0.405,0.318
1985-07-14T23:00,,25.0,91,0.405,0.318
1985-07-15T00:00,,24.9,91,0.405,0.318
1985-07-15T01:00,,24.8,91,0.405,0.319
1985-07-15T02:00,,25.1,89,0.405,0.319
1985-07-15T03:00,,25.8,85,0.405,0.319
1985-07-15T04:00,,26.8,81,0.403,0.319
1985-07-15T05:00,,27.7,78,0.401,0.319
1985-07-15T06:00,,28.0,78,0.398,0.319
1985-07-15T07:00,,28.1,80,0.396,0.319
1985-07-15T08:00,,28.5,79,0.394,0.319
1985-07-15T09:00,,28.6,79,0.392,0.319
1985-07-15T10:00,,28.8,78,0.39,0.319
1985-07-15T11:00,,28.6,79,0.388,0.319
1985-07-15T12:00,,28.3,79,0.387,0.319
1985-07-15T13:00,,27.8,80,0.386,0.319
1985-07-15T14:00,,27.2,83,0.386,0.319
1985-07-15T15:00,,26.9,85,0.385,0.319
1985-07-15T16:00,,26.6,86,0.386,0.319
1985-07-15T17:00,,26.2,87,0.387,0.32
1985-07-15T18:00,,26.0,89,0.388,0.32
1985-07-15T19:00,,25.5,90,0.39,0.32
1985-07-15T20:00,,25.3,92,0.393,0.32
1985-07-15T21:00,,24.9,92,0.399,0.32
1985-07-15T22:00,,24.6,95,0.406,0.32
1985-07-15T23:00,,24.7,94,0.412,0.32
1985-07-16T00:00,,24.8,94,0.417,0.321
1985-07-16T01:00,,24.9,95,0.439,0.321
1985-07-16T02:00,,25.0,95,0.46,0.322
1985-07-16T03:00,,25.3,94,0.468,0.324
1985-07-16T04:00,,25.7,93,0.47,0.326
1985-07-16T05:00,,26.1,89,0.471,0.329
1985-07-16T06:00,,26.7,87,0.468,0.331
1985-07-16T07:00,,27.7,83,0.463,0.333
1985-07-16T08:00,,27.9,82,0.46,0.334
1985-07-16T09:00,,27.7,84,0.461,0.335
1985-07-16T10:00,,27.2,86,0.464,0.336
1985-07-16T11:00,,27.0,87,0.463,0.337
1985-07-16T12:00,,26.4,88,0.474,0.338
1985-07-16T13:00,,25.9,90,0.481,0.34
1985-07-16T14:00,,25.4,94,0.49,0.342
1985-07-16T15:00,,25.3,94,0.496,0.345
1985-07-16T16:00,,25.2,94,0.5,0.349
1985-07-16T17:00,,25.0,94,0.507,0.354
1985-07-16T18:00,,25.0,93,0.508,0.362
1985-07-16T19:00,,25.0,95,0.518,0.37
1985-07-16T20:00,,24.9,95,0.445,0.407
1985-07-16T21:00,,24.8,96,0.483,0.409
1985-07-16T22:00,,24.9,95,0.484,0.423
1985-07-16T23:00,,24.9,94,0.499,0.429
1985-07-17T00:00,,24.9,92,0.445,0.456
1985-07-17T01:00,,24.8,94,0.468,0.455
1985-07-17T02:00,,25.0,93,0.482,0.455
1985-07-17T03:00,,25.3,93,0.495,0.455
1985-07-17T04:00,,25.4,94,0.51,0.456
1985-07-17T05:00,,25.6,94,0.515,0.461
1985-07-17T06:00,,25.6,93,0.486,0.481
1985-07-17T07:00,,25.9,92,0.411,0.47
1985-07-17T08:00,,26.0,92,0.422,0.469
1985-07-17T09:00,,25.9,93,0.437,0.468
1985-07-17T10:00,,25.6,94,0.455,0.467
1985-07-17T11:00,,25.2,94,0.471,0.467
1985-07-17T12:00,,25.1,94,0.483,0.467
1985-07-17T13:00,,24.9,94,0.498,0.467
1985-07-17T14:00,,24.7,95,0.515,0.468
1985-07-17T15:00,,24.8,94,0.509,0.477
1985-07-17T16:00,,24.8,94,0.511,0.483
1985-07-17T17:00,,24.8,94,0.514,0.489
1985-07-17T18:00,,24.8,92,0.518,0.494
1985-07-17T19:00,,24.9,93,0.478,0.508
1985-07-17T20:00,,24.7,93,0.417,0.487
1985-07-17T21:00,,24.2,94,0.44,0.485
1985-07-17T22:00,,24.2,94,0.46,0.484
1985-07-17T23:00,,24.0,94,0.483,0.483
1985-07-18T00:00,,24.1,94,0.504,0.483
1985-07-18T01:00,,24.1,94,0.514,0.484
1985-07-18T02:00,,24.3,94,0.518,0.487
1985-07-18T03:00,,24.5,94,0.51,0.493
1985-07-18T04:00,,24.8,94,0.513,0.494
1985-07-18T05:00,,24.9,95,0.515,0.495
1985-07-18T06:00,,25.1,94,0.514,0.497
1985-07-18T07:00,,25.4,90,0.52,0.499
1985-07-18T08:00,,25.3,93,0.457,0.52
1985-07-18T09:00,,25.2,94,0.404,0.481
1985-07-18T10:00,,25.0,94,0.428,0.48
1985-07-18T11:00,,24.9,93,0.454,0.479
1985-07-18T12:00,,24.7,94,0.478,0.479
1985-07-18T13:00,,24.7,93,0.504,0.478
1985-07-18T14:00,,24.6,93,0.519,0.481
1985-07-18T15:00,,24.7,93,0.478,0.506
1985-07-18T16:00,,24.6,93,0.491,0.511
1985-07-18T17:00,,24.5,94,0.513,0.508
1985-07-18T18:00,,24.3,94,0.483,0.516
1985-07-18T19:00,,24.2,95,0.435,0.49
1985-07-18T20:00,,24.2,95,0.442,0.489
1985-07-18T21:00,,24.3,94,0.448,0.488
1985-07-18T22:00,,24.4,94,0.456,0.487
1985-07-18T23:00,,24.3,95,0.467,0.486
1985-07-19T00:00,,24.3,94,0.484,0.486
1985-07-19T01:00,,24.3,94,0.501,0.487
1985-07-19T02:00,,24.3,93,0.516,0.487
1985-07-19T03:00,,24.3,94,0.505,0.494
1985-07-19T04:00,,24.5,92,0.446,0.507
1985-07-19T05:00,,24.3,94,0.481,0.502
1985-07-19T06:00,,24.6,94,0.507,0.501
1985-07-19T07:00,,24.9,93,0.507,0.502
1985-07-19T08:00,,25.2,93,0.509,0.502
1985-07-19T09:00,,25.5,92,0.51,0.501
1985-07-19T10:00,,25.6,91,0.515,0.501
1985-07-19T11:00,,25.5,91,0.518,0.503
1985-07-19T12:00,,25.2,91,0.508,0.506
1985-07-19T13:00,,25.1,90,0.501,0.502
1985-07-19T14:00,,24.7,93,0.5,0.502
1985-07-19T15:00,,24.7,93,0.5,0.501
1985-07-19T16:00,,24.7,92,0.5,0.501
1985-07-19T17:00,,24.8,92,0.501,0.5
1985-07-19T18:00,,24.8,92,0.504,0.5
1985-07-19T19:00,,24.5,94,0.502,0.5
1985-07-19T20:00,,24.4,94,0.501,0.499
1985-07-19T21:00,,24.3,94,0.506,0.499
1985-07-19T22:00,,24.2,93,0.505,0.499
1985-07-19T23:00,,24.1,93,0.505,0.499
1985-07-20T00:00,,24.0,93,0.504,0.498
1985-07-20T01:00,,23.9,94,0.506,0.498
1985-07-20T02:00,,24.2,93,0.506,0.498
1985-07-20T03:00,,24.8,92,0.506,0.498
1985-07-20T04:00,,25.4,90,0.509,0.498
1985-07-20T05:00,,26.3,86,0.519,0.499
1985-07-20T06:00,,27.0,85,0.471,0.509
1985-07-20T07:00,,27.7,82,0.432,0.486
1985-07-20T08:00,,28.0,80,0.431,0.484
1985-07-20T09:00,,28.4,78,0.43,0.483
1985-07-20T10:00,,28.2,78,0.43,0.481
1985-07-20T11:00,,28.1,76,0.431,0.48
1985-07-20T12:00,,27.5,78,0.431,0.479
1985-07-20T13:00,,27.0,82,0.432,0.478
1985-07-20T14:00,,26.5,85,0.433,0.477
1985-07-20T15:00,,26.1,87,0.434,0.477
1985-07-20T16:00,,25.8,89,0.435,0.476
1985-07-20T17:00,,25.4,90,0.437,0.475
1985-07-20T18:00,,25.1,91,0.439,0.475
1985-07-20T19:00,,25.4,90,0.441,0.474
1985-07-20T20:00,,25.2,90,0.443,0.473
1985-07-20T21:00,,25.0,91,0.445,0.473
1985-07-20T22:00,,24.8,92,0.447,0.472
1985-07-20T23:00,,24.8,92,0.449,0.472
1985-07-21T00:00,,24.7,92,0.45,0.472
1985-07-21T01:00,,24.6,92,0.454,0.471
1985-07-21T02:00,,24.7,92,0.459,0.471
1985-07-21T03:00,,25.4,91,0.461,0.471
1985-07-21T04:00,,25.8,88,0.463,0.471
1985-07-21T05:00,,26.6,85,0.463,0.47
1985-07-21T06:00,,27.5,84,0.461,0.47
1985-07-21T07:00,,27.9,80,0.46,0.469
1985-07-21T08:00,,28.0,80,0.459,0.469
1985-07-21T09:00,,28.5,79,0.456,0.468
1985-07-21T10:00,,28.3,79,0.453,0.467
1985-07-21T11:00,,27.8,80,0.453,0.467
1985-07-21T12:00,,27.4,81,0.452,0.466
1985-07-21T13:00,,27.1,83,0.452,0.466
1985-07-21T14:00,,26.6,85,0.451,0.466
1985-07-21T15:00,,26.4,86,0.451,0.465
1985-07-21T16:00,,26.2,87,0.451,0.465
1985-07-21T17:00,,25.9,88,0.452,0.465
1985-07-21T18:00,,25.7,89,0.452,0.465
1985-07-21T19:00,,25.5,90,0.453,0.464
1985-07-21T20:00,,25.4,90,0.455,0.464
1985-07-21T21:00,,25.2,91,0.456,0.464
1985-07-21T22:00,,25.1,91,0.456,0.464
1985-07-21T23:00,,25.0,91,0.458,0.463
1985-07-22T00:00,,24.9,91,0.462,0.463
1985-07-22T01:00,,24.8,91,0.465,0.463
1985-07-22T02:00,,25.1,91,0.465,0.463
1985-07-22T03:00,,25.6,90,0.466,0.463
1985-07-22T04:00,,26.2,86,0.467,0.463
1985-07-22T05:00,,26.6,85,0.466,0.463
1985-07-22T06:00,,27.4,83,0.464,0.462
1985-07-22T07:00,,28.1,80,0.461,0.462
1985-07-22T08:00,,28.5,79,0.458,0.461
1985-07-22T09:00,,28.7,79,0.456,0.46
1985-07-22T10:00,,28.1,78,0.459,0.46
1985-07-22T11:00,,27.9,78,0.461,0.46
1985-07-22T12:00,,27.6,80,0.461,0.459
1985-07-22T13:00,,27.1,82,0.461,0.459
1985-07-22T14:00,,26.7,85,0.46,0.459
1985-07-22T15:00,,26.5,86,0.46,0.459
1985-07-22T16:00,,26.3,87,0.461,0.459
1985-07-22T17:00,,26.1,88,0.46,0.459
1985-07-22T18:00,,26.0,89,0.46,0.459
1985-07-22T19:00,,25.5,91,0.465,0.459
1985-07-22T20:00,,25.1,93,0.472,0.459
1985-07-22T21:00,,25.0,93,0.483,0.459
1985-07-22T22:00,,24.9,92,0.488,0.459
1985-07-22T23:00,,24.7,94,0.49,0.46
1985-07-23T00:00,,24.5,93,0.497,0.46
1985-07-23T01:00,,24.4,95,0.504,0.462
1985-07-23T02:00,,24.6,95,0.511,0.464
1985-07-23T03:00,,25.1,93,0.506,0.467
1985-07-23T04:00,,25.8,88,0.503,0.469
1985-07-23T05:00,,27.0,85,0.501,0.47
1985-07-23T06:00,,27.7,84,0.496,0.471
1985-07-23T07:00,,28.5,82,0.491,0.471
1985-07-23T08:00,,28.8,80,0.487,0.471
1985-07-23T09:00,,28.8,79,0.483,0.47
1985-07-23T10:00,,28.4,80,0.48,0.47
1985-07-23T11:00,,28.0,81,0.479,0.47
1985-07-23T12:00,,27.5,82,0.477,0.469
1985-07-23T13:00,,27.1,84,0.476,0.469
1985-07-23T14:00,,26.7,86,0.475,0.469
1985-07-23T15:00,,26.5,86,0.475,0.469
1985-07-23T16:00,,26.3,87,0.474,0.469
1985-07-23T17:00,,26.2,88,0.474,0.469
1985-07-23T18:00,,26.0,89,0.474,0.469
1985-07-23T19:00,,26.1,89,0.473,0.469
1985-07-23T20:00,,25.9,90,0.474,0.468
1985-07-23T21:00,,25.8,90,0.474,0.468
1985-07-23T22:00,,25.7,90,0.474,0.468
1985-07-23T23:00,,25.6,90,0.474,0.468
1985-07-24T00:00,,25.5,89,0.475,0.468
1985-07-24T01:00,,25.1,91,0.477,0.468
1985-07-24T02:00,,25.2,90,0.481,0.468
1985-07-24T03:00,,25.6,90,0.482,0.468
1985-07-24T04:00,,26.2,90,0.482,0.468
1985-07-24T05:00,,27.0,86,0.481,0.468
1985-07-24T06:00,,27.9,82,0.48,0.468
1985-07-24T07:00,,27.8,83,0.477,0.467
1985-07-24T08:00,,27.3,83,0.477,0.467
1985-07-24T09:00,,27.8,83,0.474,0.467
1985-07-24T10:00,,27.9,83,0.472,0.467
1985-07-24T11:00,,27.8,83,0.47,0.466
1985-07-24T12:00,,27.3,84,0.469,0.466
1985-07-24T13:00,,26.9,85,0.47,0.466
1985-07-24T14:00,,26.6,87,0.469,0.466
1985-07-24T15:00,,26.3,88,0.469,0.465
1985-07-24T16:00,,26.1,88,0.471,0.465
1985-07-24T17:00,,25.9,89,0.472,0.465
1985-07-24T18:00,,25.8,88,0.474,0.465
1985-07-24T19:00,,25.8,88,0.479,0.465
1985-07-24T20:00,,25.5,90,0.484,0.465
1985-07-24T21:00,,25.3,90,0.491,0.466
1985-07-24T22:00,,24.9,92,0.498,0.466
1985-07-24T23:00,,24.8,93,0.5,0.467
1985-07-25T00:00,,24.9,91,0.508,0.469
1985-07-25T01:00,,24.6,93,0.519,0.472
1985-07-25T02:00,,24.8,94,0.466,0.492
1985-07-25T03:00,,25.3,94,0.471,0.491
1985-07-25T04:00,,26.0,88,0.487,0.491
1985-07-25T05:00,,26.3,87,0.484,0.494
1985-07-25T06:00,,27.1,85,0.488,0.493
1985-07-25T07:00,,27.0,86,0.499,0.493
1985-07-25T08:00,,27.3,86,0.498,0.493
1985-07-25T09:00,,27.3,86,0.497,0.493
1985-07-25T10:00,,27.5,85,0.494,0.492
1985-07-25T11:00,,27.3,84,0.497,0.492
1985-07-25T12:00,,26.9,86,0.501,0.492
1985-07-25T13:00,,26.5,87,0.501,0.492
1985-07-25T14:00,,26.4,86,0.499,0.492
1985-07-25T15:00,,26.4,86,0.497,0.492
1985-07-25T16:00,,26.3,86,0.497,0.492
1985-07-25T17:00,,26.1,88,0.498,0.492
1985-07-25T18:00,,25.6,90,0.504,0.492
1985-07-25T19:00,,25.5,91,0.508,0.492
1985-07-25T20:00,,25.2,92,0.512,0.493
1985-07-25T21:00,,25.0,94,0.51,0.495
1985-07-25T22:00,,24.9,94,0.513,0.496
1985-07-25T23:00,,24.7,94,0.514,0.498
1985-07-26T00:00,,24.6,95,0.514,0.499
1985-07-26T01:00,,24.6,95,0.514,0.501
1985-07-26T02:00,,24.9,94,0.511,0.502
1985-07-26T03:00,,25.5,93,0.508,0.502
1985-07-26T04:00,,26.2,91,0.507,0.502
1985-07-26T05:00,,26.6,90,0.505,0.501
1985-07-26T06:00,,27.3,86,0.502,0.5
1985-07-26T07:00,,27.4,83,0.502,0.499
1985-07-26T08:00,,27.9,83,0.5,0.498
1985-07-26T09:00,,27.0,83,0.509,0.498
1985-07-26T10:00,,27.4,81,0.507,0.498
1985-07-26T11:00,,26.7,83,0.505,0.498
1985-07-26T12:00,,26.6,84,0.503,0.498
1985-07-26T13:00,,26.2,86,0.502,0.497
1985-07-26T14:00,,25.9,87,0.502,0.497
1985-07-26T15:00,,25.7,88,0.502,0.497
1985-07-26T16:00,,25.6,89,0.503,0.496
1985-07-26T17:00,,25.4,91,0.507,0.496
1985-07-26T18:00,,25.2,91,0.511,0.497
1985-07-26T19:00,,25.0,92,0.513,0.498
1985-07-26T20:00,,24.8,93,0.514,0.5
1985-07-26T21:00,,24.7,93,0.515,0.501
1985-07-26T22:00,,24.6,94,0.513,0.503
1985-07-26T23:00,,24.8,93,0.512,0.503
1985-07-27T00:00,,24.8,92,0.519,0.504
1985-07-27T01:00,,24.6,94,0.471,0.514
1985-07-27T02:00,,24.8,95,0.432,0.491
1985-07-27T03:00,,25.4,92,0.439,0.49
1985-07-27T04:00,,26.2,89,0.448,0.489
1985-07-27T05:00,,26.5,86,0.455,0.489
1985-07-27T06:00,,27.2,84,0.456,0.488
1985-07-27T07:00,,27.4,86,0.456,0.487
1985-07-27T08:00,,26.8,87,0.47,0.486
1985-07-27T09:00,,27.0,88,0.47,0.486
1985-07-27T10:00,,26.5,89,0.479,0.486
1985-07-27T11:00,,26.6,89,0.478,0.486
1985-07-27T12:00,,26.5,89,0.478,0.486
1985-07-27T13:00,,26.5,88,0.479,0.485
1985-07-27T14:00,,26.1,89,0.483,0.485
1985-07-27T15:00,,26.0,89,0.49,0.485
1985-07-27T16:00,,25.9,90,0.497,0.485
1985-07-27T17:00,,25.9,90,0.5,0.486
1985-07-27T18:00,,25.7,91,0.503,0.486
1985-07-27T19:00,,25.3,91,0.509,0.487
1985-07-27T20:00,,25.0,93,0.51,0.489
1985-07-27T21:00,,25.0,93,0.509,0.49
1985-07-27T22:00,,25.0,93,0.509,0.491
1985-07-27T23:00,,24.8,94,0.515,0.493
1985-07-28T00:00,,24.9,94,0.511,0.496
1985-07-28T01:00,,24.8,95,0.511,0.497
1985-07-28T02:00,,24.9,95,0.513,0.498
1985-07-28T03:00,,25.5,92,0.513,0.499
1985-07-28T04:00,,26.1,89,0.514,0.501
1985-07-28T05:00,,26.5,88,0.511,0.502
1985-07-28T06:00,,27.3,85,0.505,0.502
1985-07-28T07:00,,27.6,83,0.502,0.501
1985-07-28T08:00,,27.8,82,0.5,0.5
1985-07-28T09:00,,26.8,85,0.517,0.5
1985-07-28T10:00,,27.1,85,0.508,0.503
1985-07-28T11:00,,27.1,85,0.508,0.502
1985-07-28T12:00,,26.5,87,0.519,0.503
1985-07-28T13:00,,26.3,88,0.493,0.51
1985-07-28T14:00,,26.0,90,0.481,0.501
1985-07-28T15:00,,25.9,90,0.487,0.5
1985-07-28T16:00,,25.9,90,0.488,0.501
1985-07-28T17:00,,25.8,90,0.489,0.502
1985-07-28T18:00,,25.8,90,0.488,0.501
1985-07-28T19:00,,25.6,91,0.491,0.501
1985-07-28T20:00,,25.5,91,0.491,0.5
1985-07-28T21:00,,25.7,90,0.491,0.5
1985-07-28T22:00,,25.6,90,0.492,0.499
1985-07-28T23:00,,25.4,91,0.493,0.499
1985-07-29T00:00,,25.4,90,0.494,0.499
1985-07-29T01:00,,25.5,91,0.493,0.498
1985-07-29T02:00,,25.9,90,0.492,0.498
1985-07-29T03:00,,26.5,87,0.491,0.497
1985-07-29T04:00,,26.8,86,0.492,0.496
1985-07-29T05:00,,27.6,83,0.489,0.496
1985-07-29T06:00,,27.8,82,0.487,0.495
1985-07-29T07:00,,27.7,84,0.486,0.494
1985-07-29T08:00,,27.8,84,0.484,0.493
1985-07-29T09:00,,28.0,84,0.482,0.492
1985-07-29T10:00,,27.5,83,0.482,0.492
1985-07-29T11:00,,27.3,85,0.481,0.491
1985-07-29T12:00,,27.1,86,0.48,0.491
1985-07-29T13:00,,26.8,86,0.48,0.49
1985-07-29T14:00,,26.6,87,0.48,0.49
1985-07-29T15:00,,26.4,89,0.48,0.489
1985-07-29T16:00,,26.3,89,0.482,0.489
1985-07-29T17:00,,26.2,89,0.483,0.489
1985-07-29T18:00,,26.1,90,0.483,0.488
1985-07-29T19:00,,25.6,89,0.494,0.488
1985-07-29T20:00,,25.4,90,0.502,0.489
1985-07-29T21:00,,25.5,90,0.502,0.49
1985-07-29T22:00,,25.6,90,0.502,0.491
1985-07-29T23:00,,25.6,90,0.502,0.491
1985-07-30T00:00,,25.4,89,0.503,0.492
1985-07-30T01:00,,25.1,91,0.507,0.492
1985-07-30T02:00,,25.1,92,0.511,0.493
1985-07-30T03:00,,25.4,93,0.512,0.495
1985-07-30T04:00,,25.5,92,0.517,0.498
1985-07-30T05:00,,25.8,92,0.478,0.505
1985-07-30T06:00,,26.2,90,0.446,0.488
1985-07-30T07:00,,26.6,86,0.453,0.488
1985-07-30T08:00,,26.1,89,0.464,0.489
1985-07-30T09:00,,26.3,87,0.466,0.49
1985-07-30T10:00,,26.4,87,0.469,0.49
1985-07-30T11:00,,26.7,85,0.47,0.489
1985-07-30T12:00,,26.5,86,0.47,0.489
1985-07-30T13:00,,26.4,86,0.471,0.489
1985-07-30T14:00,,26.3,86,0.472,0.488
1985-07-30T15:00,,26.2,88,0.474,0.488
1985-07-30T16:00,,26.0,88,0.478,0.488
1985-07-30T17:00,,25.7,89,0.486,0.488
1985-07-30T18:00,,25.2,91,0.499,0.488
1985-07-30T19:00,,25.3,93,0.509,0.489
1985-07-30T20:00,,24.9,92,0.519,0.491
1985-07-30T21:00,,24.9,93,0.47,0.511
1985-07-30T22:00,,24.8,92,0.475,0.506
1985-07-30T23:00,,24.8,92,0.485,0.505
1985-07-31T00:00,,24.8,92,0.493,0.504
1985-07-31T01:00,,24.8,94,0.499,0.504
1985-07-31T02:00,,24.9,94,0.503,0.504
1985-07-31T03:00,,25.3,93,0.509,0.504
1985-07-31T04:00,,25.9,90,0.511,0.506
1985-07-31T05:00,,26.4,88,0.515,0.509
1985-07-31T06:00,,26.4,89,0.474,0.516
1985-07-31T07:00,,26.6,86,0.419,0.491
1985-07-31T08:00,,26.1,89,0.443,0.49
1985-07-31T09:00,,26.5,89,0.451,0.489
1985-07-31T10:00,,25.9,90,0.482,0.489
1985-07-31T11:00,,25.9,91,0.481,0.492
1985-07-31T12:00,,25.7,93,0.49,0.491
1985-07-31T13:00,,25.6,93,0.51,0.491
1985-07-31T14:00,,25.2,95,0.519,0.495
1985-07-31T15:00,,25.3,94,0.47,0.518
1985-07-31T16:00,,25.4,93,0.446,0.504
1985-07-31T17:00,,25.3,94,0.466,0.499
1985-07-31T18:00,,25.2,94,0.494,0.499
1985-07-31T19:00,,25.2,93,0.501,0.502
1985-07-31T20:00,,25.1,94,0.467,0.51
1985-07-31T21:00,,25.0,94,0.465,0.504
1985-07-31T22:00,,24.9,95,0.513,0.477
1985-07-31T23:00,,24.9,94,0.502,0.511
1985-08-01T00:00,,25.0,94,0.509,0.51
1985-08-01T01:00,,25.1,94,0.489,0.517
1985-08-01T02:00,,25.1,94,0.473,0.509
1985-08-01T03:00,,25.1,93,0.516,0.484
1985-08-01T04:00,,25.1,94,0.513,0.516
1985-08-01T05:00,,25.2,92,0.479,0.516
1985-08-01T06:00,,25.1,93,0.467,0.508
1985-08-01T07:00,,25.9,91,0.446,0.48
1985-08-01T08:00,,26.5,90,0.436,0.467
1985-08-01T09:00,,26.5,89,0.441,0.466
1985-08-01T10:00,,26.6,88,0.446,0.465
1985-08-01T11:00,,26.6,87,0.45,0.465
1985-08-01T12:00,,26.2,88,0.46,0.464
1985-08-01T13:00,,25.7,92,0.474,0.464
1985-08-01T14:00,,25.5,93,0.492,0.464
1985-08-01T15:00,,25.6,93,0.51,0.467
1985-08-01T16:00,,25.5,93,0.489,0.491
1985-08-01T17:00,,25.5,93,0.503,0.505
1985-08-01T18:00,,25.4,93,0.504,0.517
1985-08-01T19:00,,25.2,93,0.434,0.506
1985-08-01T20:00,,25.2,93,0.415,0.469
1985-08-01T21:00,,25.2,93,0.417,0.452
1985-08-01T22:00,,25.2,93,0.421,0.452
1985-08-01T23:00,,25.3,93,0.425,0.452
1985-08-02T00:00,,25.3,93,0.429,0.452
1985-08-02T01:00,,25.3,92,0.435,0.452
1985-08-02T02:00,,25.3,93,0.44,0.452
1985-08-02T03:00,,25.4,93,0.449,0.452
1985-08-02T04:00,,25.9,92,0.455,0.452
1985-08-02T05:00,,26.2,90,0.461,0.452
1985-08-02T06:00,,26.3,88,0.471,0.452
1985-08-02T07:00,,26.3,90,0.504,0.453
1985-08-02T08:00,,26.1,91,0.467,0.474
1985-08-02T09:00,,26.1,91,0.482,0.475
1985-08-02T10:00,,26.4,89,0.49,0.475
1985-08-02T11:00,,26.3,88,0.493,0.476
1985-08-02T12:00,,26.2,88,0.493,0.476
1985-08-02T13:00,,26.0,88,0.492,0.477
1985-08-02T14:00,,25.7,90,0.492,0.477
1985-08-02T15:00,,25.6,91,0.491,0.477
1985-08-02T16:00,,25.6,91,0.49,0.477
1985-08-02T17:00,,25.4,92,0.489,0.477
1985-08-02T18:00,,25.4,92,0.489,0.477
1985-08-02T19:00,,25.2,90,0.49,0.477
1985-08-02T20:00,,25.1,91,0.493,0.477
1985-08-02T21:00,,25.0,91,0.495,0.478
1985-08-02T22:00,,25.0,93,0.495,0.478
1985-08-02T23:00,,25.0,92,0.496,0.478
1985-08-03T00:00,,25.1,90,0.503,0.479
1985-08-03T01:00,,24.9,92,0.515,0.48
1985-08-03T02:00,,25.1,92,0.506,0.487
1985-08-03T03:00,,25.5,91,0.504,0.49
1985-08-03T04:00,,26.0,89,0.504,0.491
1985-08-03T05:00,,26.8,88,0.5,0.492
1985-08-03T06:00,,27.5,85,0.496,0.492
1985-08-03T07:00,,27.5,83,0.493,0.492
1985-08-03T08:00,,27.5,83,0.491,0.491
1985-08-03T09:00,,27.4,84,0.49,0.491
1985-08-03T10:00,,27.0,85,0.493,0.491
1985-08-03T11:00,,26.7,86,0.497,0.491
1985-08-03T12:00,,26.2,87,0.499,0.491
1985-08-03T13:00,,25.9,87,0.499,0.491
1985-08-03T14:00,,25.6,88,0.498,0.491
1985-08-03T15:00,,25.5,89,0.497,0.491
1985-08-03T16:00,,25.3,90,0.496,0.491
1985-08-03T17:00,,25.2,91,0.498,0.492
1985-08-03T18:00,,25.1,91,0.501,0.492
1985-08-03T19:00,,24.8,92,0.504,0.492
1985-08-03T20:00,,24.7,94,0.505,0.493
1985-08-03T21:00,,24.7,94,0.506,0.494
1985-08-03T22:00,,24.7,92,0.508,0.494
1985-08-03T23:00,,24.7,93,0.514,0.496
1985-08-04T00:00,,24.8,93,0.511,0.498
1985-08-04T01:00,,24.9,94,0.511,0.499
1985-08-04T02:00,,25.1,93,0.51,0.5
1985-08-04T03:00,,25.6,91,0.507,0.501
1985-08-04T04:00,,26.1,89,0.509,0.502
1985-08-04T05:00,,26.7,86,0.509,0.502
1985-08-04T06:00,,26.9,87,0.507,0.502
1985-08-04T07:00,,27.4,84,0.505,0.502
1985-08-04T08:00,,27.8,83,0.502,0.502
1985-08-04T09:00,,27.6,82,0.5,0.502
1985-08-04T10:00,,27.7,82,0.498,0.501
1985-08-04T11:00,,27.7,82,0.497,0.501
1985-08-04T12:00,,26.9,84,0.498,0.501
1985-08-04T13:00,,26.3,86,0.499,0.501
1985-08-04T14:00,,25.7,89,0.5,0.501
1985-08-04T15:00,,25.4,92,0.502,0.501
1985-08-04T16:00,,25.2,93,0.508,0.501
1985-08-04T17:00,,25.2,93,0.51,0.501
1985-08-04T18:00,,25.1,93,0.509,0.502
1985-08-04T19:00,,25.3,92,0.507,0.503
1985-08-04T20:00,,25.2,93,0.506,0.503
1985-08-04T21:00,,25.2,92,0.508,0.503
1985-08-04T22:00,,25.1,92,0.51,0.504
1985-08-04T23:00,,24.9,94,0.513,0.504
1985-08-05T00:00,,24.9,93,0.515,0.506
1985-08-05T01:00,,24.7,94,0.514,0.508
1985-08-05T02:00,,24.9,93,0.512,0.509
1985-08-05T03:00,,25.4,93,0.511,0.509
1985-08-05T04:00,,26.1,90,0.51,0.509
1985-08-05T05:00,,26.6,89,0.508,0.509
1985-08-05T06:00,,26.8,88,0.506,0.508
1985-08-05T07:00,,27.2,85,0.504,0.508
1985-08-05T08:00,,27.2,86,0.506,0.507
1985-08-05T09:00,,27.8,81,0.504,0.507
1985-08-05T10:00,,26.8,85,0.513,0.507
1985-08-05T11:00,,27.0,85,0.509,0.508
1985-08-05T12:00,,26.0,88,0.514,0.508
1985-08-05T13:00,,26.0,90,0.511,0.509
1985-08-05T14:00,,25.7,91,0.51,0.509
1985-08-05T15:00,,25.5,90,0.513,0.509
1985-08-05T16:00,,25.5,90,0.516,0.51
1985-08-05T17:00,,25.4,90,0.52,0.512
1985-08-05T18:00,,25.2,91,0.458,0.52
1985-08-05T19:00,,25.4,89,0.402,0.493
1985-08-05T20:00,,25.2,90,0.41,0.49
1985-08-05T21:00,,24.9,92,0.417,0.488
1985-08-05T22:00,,24.8,94,0.426,0.486
1985-08-05T23:00,,24.7,94,0.434,0.484
1985-08-06T00:00,,24.8,94,0.441,0.483
1985-08-06T01:00,,24.8,93,0.447,0.482
1985-08-06T02:00,,25.1,92,0.452,0.481
1985-08-06T03:00,,25.6,90,0.462,0.48
1985-08-06T04:00,,25.9,88,0.481,0.48
1985-08-06T05:00,,26.5,87,0.493,0.48
1985-08-06T06:00,,26.7,88,0.496,0.48
1985-08-06T07:00,,26.9,86,0.502,0.48
1985-08-06T08:00,,27.5,85,0.499,0.48
1985-08-06T09:00,,27.4,84,0.501,0.48
1985-08-06T10:00,,27.6,83,0.499,0.481
1985-08-06T11:00,,26.8,85,0.512,0.481
1985-08-06T12:00,,26.9,85,0.504,0.484
1985-08-06T13:00,,26.0,86,0.503,0.485
1985-08-06T14:00,,25.5,90,0.506,0.485
1985-08-06T15:00,,25.2,91,0.517,0.487
1985-08-06T16:00,,24.9,93,0.505,0.494
1985-08-06T17:00,,25.0,93,0.503,0.495
1985-08-06T18:00,,24.8,94,0.507,0.496
1985-08-06T19:00,,24.9,92,0.504,0.497
1985-08-06T20:00,,24.7,93,0.509,0.498
1985-08-06T21:00,,24.7,92,0.512,0.499
1985-08-06T22:00,,24.6,94,0.515,0.501
1985-08-06T23:00,,24.5,93,0.52,0.505
1985-08-07T00:00,,24.5,93,0.458,0.52
1985-08-07T01:00,,24.5,93,0.412,0.495
1985-08-07T02:00,,24.4,94,0.435,0.467
1985-08-07T03:00,,24.6,94,0.461,0.467
1985-08-07T04:00,,24.8,94,0.487,0.467
1985-08-07T05:00,,25.0,95,0.504,0.467
1985-08-07T06:00,,25.3,95,0.508,0.471
1985-08-07T07:00,,25.8,91,0.502,0.474
1985-08-07T08:00,,26.2,90,0.502,0.475
1985-08-07T09:00,,26.3,89,0.501,0.475
1985-08-07T10:00,,26.1,89,0.502,0.476
1985-08-07T11:00,,26.1,88,0.501,0.477
1985-08-07T12:00,,25.9,88,0.503,0.478
1985-08-07T13:00,,25.7,89,0.503,0.479
1985-08-07T14:00,,25.5,89,0.501,0.479
1985-08-07T15:00,,25.4,89,0.5,0.48
1985-08-07T16:00,,25.1,91,0.501,0.48
1985-08-07T17:00,,25.0,91,0.501,0.481
1985-08-07T18:00,,25.0,91,0.5,0.481
1985-08-07T19:00,,24.7,93,0.506,0.482
1985-08-07T20:00,,24.7,93,0.509,0.483
1985-08-07T21:00,,24.5,94,0.512,0.485
1985-08-07T22:00,,24.4,94,0.513,0.487
1985-08-07T23:00,,24.4,94,0.515,0.49
1985-08-08T00:00,,24.3,95,0.51,0.493
1985-08-08T01:00,,24.4,94,0.508,0.494
1985-08-08T02:00,,24.7,94,0.506,0.495
1985-08-08T03:00,,25.2,93,0.505,0.495
1985-08-08T04:00,,26.1,90,0.503,0.495
1985-08-08T05:00,,26.7,88,0.501,0.495
1985-08-08T06:00,,27.1,85,0.499,0.495
1985-08-08T07:00,,26.7,86,0.498,0.495
1985-08-08T08:00,,26.9,85,0.496,0.495
1985-08-08T09:00,,27.1,85,0.495,0.494
1985-08-08T10:00,,27.0,85,0.494,0.494
1985-08-08T11:00,,26.9,84,0.493,0.493
1985-08-08T12:00,,27.0,85,0.492,0.493
1985-08-08T13:00,,26.7,87,0.491,0.493
1985-08-08T14:00,,26.4,88,0.49,0.492
1985-08-08T15:00,,26.3,89,0.49,0.492
1985-08-08T16:00,,26.4,89,0.49,0.492
1985-08-08T17:00,,26.3,89,0.49,0.491
1985-08-08T18:00,,26.2,89,0.491,0.491
1985-08-08T19:00,,25.8,90,0.492,0.491
1985-08-08T20:00,,25.5,90,0.493,0.491
1985-08-08T21:00,,25.3,92,0.495,0.491
1985-08-08T22:00,,25.1,91,0.496,0.491
1985-08-08T23:00,,25.0,91,0.498,0.491
1985-08-09T00:00,,25.1,91,0.499,0.491
1985-08-09T01:00,,25.2,91,0.499,0.491
1985-08-09T02:00,,25.3,91,0.499,0.491
1985-08-09T03:00,,25.7,91,0.499,0.491
1985-08-09T04:00,,26.1,90,0.498,0.491
1985-08-09T05:00,,26.5,87,0.498,0.492
1985-08-09T06:00,,26.8,86,0.498,0.492
1985-08-09T07:00,,26.9,85,0.496,0.491
1985-08-09T08:00,,27.3,83,0.495,0.491
1985-08-09T09:00,,27.1,81,0.498,0.491
1985-08-09T10:00,,26.7,85,0.5,0.491
1985-08-09T11:00,,26.5,87,0.5,0.491
1985-08-09T12:00,,26.3,87,0.501,0.492
1985-08-09T13:00,,26.1,89,0.504,0.492
1985-08-09T14:00,,25.6,92,0.507,0.493
1985-08-09T15:00,,25.4,93,0.511,0.494
1985-08-09T16:00,,25.2,93,0.513,0.496
1985-08-09T17:00,,25.2,93,0.513,0.498
1985-08-09T18:00,,25.2,93,0.512,0.499
1985-08-09T19:00,,25.3,91,0.511,0.501
1985-08-09T20:00,,25.0,92,0.514,0.502
1985-08-09T21:00,,25.0,93,0.517,0.504
1985-08-09T22:00,,25.0,93,0.514,0.507
1985-08-09T23:00,,25.0,93,0.513,0.508
1985-08-10T00:00,,24.9,93,0.513,0.509
1985-08-10T01:00,,24.9,91,0.514,0.509
1985-08-10T02:00,,25.0,92,0.512,0.51
1985-08-10T03:00,,24.7,92,0.515,0.511
1985-08-10T04:00,,24.6,94,0.515,0.511
1985-08-10T05:00,,24.9,92,0.513,0.512
1985-08-10T06:00,,25.5,90,0.51,0.512
1985-08-10T07:00,,26.0,87,0.508,0.511
1985-08-10T08:00,,26.5,85,0.506,0.511
1985-08-10T09:00,,26.8,85,0.503,0.51
1985-08-10T10:00,,26.9,85,0.5,0.509
1985-08-10T11:00,,27.0,84,0.498,0.508
1985-08-10T12:00,,26.8,85,0.496,0.508
1985-08-10T13:00,,26.2,85,0.497,0.507
1985-08-10T14:00,,25.8,87,0.496,0.507
1985-08-10T15:00,,25.6,89,0.496,0.506
1985-08-10T16:00,,25.4,91,0.497,0.506
1985-08-10T17:00,,25.3,91,0.497,0.505
1985-08-10T18:00,,25.2,90,0.498,0.505
1985-08-10T19:00,,24.9,91,0.498,0.505
1985-08-10T20:00,,24.8,91,0.498,0.505
1985-08-10T21:00,,24.6,91,0.499,0.504
1985-08-10T22:00,,24.5,92,0.499,0.504
1985-08-10T23:00,,24.3,93,0.5,0.504
1985-08-11T00:00,,24.3,92,0.502,0.504
1985-08-11T01:00,,24.2,92,0.505,0.504
1985-08-11T02:00,,24.4,93,0.506,0.504
1985-08-11T03:00,,25.1,91,0.505,0.504
1985-08-11T04:00,,25.6,87,0.505,0.504
1985-08-11T05:00,,26.2,86,0.504,0.504
1985-08-11T06:00,,26.9,83,0.502,0.504
1985-08-11T07:00,,27.2,83,0.5,0.503
1985-08-11T08:00,,27.4,83,0.498,0.503
1985-08-11T09:00,,27.4,84,0.495,0.503
1985-08-11T10:00,,27.4,84,0.493,0.502
1985-08-11T11:00,,27.3,84,0.492,0.501
1985-08-11T12:00,,26.8,85,0.491,0.501
1985-08-11T13:00,,26.3,87,0.49,0.501
1985-08-11T14:00,,25.6,89,0.491,0.5
1985-08-11T15:00,,25.5,90,0.491,0.5
1985-08-11T16:00,,25.2,91,0.493,0.5
1985-08-11T17:00,,25.0,92,0.494,0.499
1985-08-11T18:00,,24.9,92,0.495,0.499
1985-08-11T19:00,,24.8,92,0.497,0.499
1985-08-11T20:00,,24.7,93,0.497,0.499
1985-08-11T21:00,,24.5,94,0.497,0.499
1985-08-11T22:00,,24.4,94,0.498,0.499
1985-08-11T23:00,,24.4,93,0.5,0.499
1985-08-12T00:00,,24.3,93,0.504,0.499
1985-08-12T01:00,,24.2,94,0.508,0.499
1985-08-12T02:00,,24.5,94,0.508,0.5
1985-08-12T03:00,,25.1,93,0.507,0.501
1985-08-12T04:00,,26.0,90,0.506,0.501
1985-08-12T05:00,,26.7,88,0.503,0.501
1985-08-12T06:00,,27.3,84,0.501,0.501
1985-08-12T07:00,,27.7,83,0.498,0.501
1985-08-12T08:00,,27.8,82,0.495,0.5
1985-08-12T09:00,,27.8,82,0.493,0.5
1985-08-12T10:00,,27.7,81,0.491,0.499
1985-08-12T11:00,,27.4,82,0.491,0.499
1985-08-12T12:00,,27.0,83,0.49,0.498
1985-08-12T13:00,,26.6,85,0.489,0.498
1985-08-12T14:00,,26.1,87,0.489,0.498
1985-08-12T15:00,,25.9,89,0.489,0.498
1985-08-12T16:00,,25.6,89,0.489,0.497
1985-08-12T17:00,,25.5,89,0.489,0.497
1985-08-12T18:00,,25.4,90,0.49,0.497
1985-08-12T19:00,,25.5,89,0.491,0.497
1985-08-12T20:00,,25.3,90,0.491,0.496
1985-08-12T21:00,,25.3,89,0.492,0.496
1985-08-12T22:00,,25.1,90,0.493,0.496
1985-08-12T23:00,,25.0,91,0.494,0.496
1985-08-13T00:00,,24.9,91,0.494,0.496
1985-08-13T01:00,,24.9,91,0.495,0.496
1985-08-13T02:00,,25.0,91,0.494,0.496
1985-08-13T03:00,,25.5,90,0.495,0.496
1985-08-13T04:00,,26.1,89,0.494,0.496
1985-08-13T05:00,,26.7,88,0.493,0.495
1985-08-13T06:00,,27.4,84,0.491,0.495
1985-08-13T07:00,,27.9,82,0.488,0.494
1985-08-13T08:00,,28.2,81,0.485,0.494
1985-08-13T09:00,,28.1,81,0.483,0.493
1985-08-13T10:00,,28.1,81,0.481,0.492
1985-08-13T11:00,,27.9,81,0.48,0.492
1985-08-13T12:00,,27.6,82,0.478,0.491
1985-08-13T13:00,,27.1,84,0.478,0.491
1985-08-13T14:00,,26.6,87,0.477,0.491
1985-08-13T15:00,,26.3,89,0.477,0.49
1985-08-13T16:00,,26.1,90,0.477,0.49
1985-08-13T17:00,,25.9,91,0.477,0.49
1985-08-13T18:00,,25.6,91,0.478,0.489
1985-08-13T19:00,,25.8,89,0.478,0.489
1985-08-13T20:00,,25.5,91,0.479,0.489
1985-08-13T21:00,,25.4,91,0.48,0.488
1985-08-13T22:00,,25.2,90,0.481,0.488
1985-08-13T23:00,,25.1,91,0.482,0.488
1985-08-14T00:00,,25.0,91,0.482,0.488
1985-08-14T01:00,,24.9,91,0.482,0.488
1985-08-14T02:00,,25.2,91,0.483,0.488
1985-08-14T03:00,,26.0,86,0.485,0.487
1985-08-14T04:00,,26.7,82,0.485,0.487
1985-08-14T05:00,,27.4,78,0.484,0.487
1985-08-14T06:00,,28.1,76,0.484,0.486
1985-08-14T07:00,,28.4,77,0.482,0.486
1985-08-14T08:00,,28.6,75,0.48,0.485
1985-08-14T09:00,,28.6,75,0.479,0.485
1985-08-14T10:00,,28.3,77,0.477,0.484
1985-08-14T11:00,,28.0,79,0.476,0.484
1985-08-14T12:00,,27.7,81,0.474,0.483
1985-08-14T13:00,,27.2,84,0.474,0.483
1985-08-14T14:00,,26.6,87,0.473,0.483
1985-08-14T15:00,,26.3,89,0.473,0.483
1985-08-14T16:00,,26.2,89,0.474,0.482
1985-08-14T17:00,,26.1,90,0.474,0.482
1985-08-14T18:00,,26.0,91,0.474,0.482
1985-08-14T19:00,,26.0,90,0.475,0.482
1985-08-14T20:00,,25.9,90,0.475,0.482
1985-08-14T21:00,,25.7,90,0.475,0.482
1985-08-14T22:00,,25.6,91,0.476,0.481
1985-08-14T23:00,,25.5,89,0.478,0.481
1985-08-15T00:00,,25.4,89,0.479,0.481
1985-08-15T01:00,,25.2,90,0.48,0.481
1985-08-15T02:00,,25.6,90,0.481,0.481
1985-08-15T03:00,,26.1,87,0.483,0.481
1985-08-15T04:00,,27.0,82,0.484,0.481
1985-08-15T05:00,,27.6,79,0.484,0.481
1985-08-15T06:00,,28.4,75,0.483,0.48
1985-08-15T07:00,,28.6,75,0.481,0.48
1985-08-15T08:00,,28.8,74,0.481,0.48
1985-08-15T09:00,,28.7,75,0.48,0.479
1985-08-15T10:00,,28.5,76,0.479,0.479
1985-08-15T11:00,,28.1,79,0.477,0.479
1985-08-15T12:00,,27.7,82,0.475,0.478
1985-08-15T13:00,,27.2,85,0.474,0.478
1985-08-15T14:00,,26.7,87,0.474,0.478
1985-08-15T15:00,,26.4,89,0.473,0.478
1985-08-15T16:00,,26.3,89,0.473,0.478
1985-08-15T17:00,,26.0,91,0.474,0.478
1985-08-15T18:00,,26.0,91,0.474,0.477
1985-08-15T19:00,,25.7,92,0.475,0.477
1985-08-15T20:00,,25.6,92,0.476,0.477
1985-08-15T21:00,,25.7,91,0.477,0.477
1985-08-15T22:00,,25.6,91,0.478,0.477
1985-08-15T23:00,,25.4,91,0.48,0.477
1985-08-16T00:00,,25.5,90,0.48,0.477
1985-08-16T01:00,,25.3,92,0.481,0.477
1985-08-16T02:00,,25.5,91,0.483,0.477
1985-08-16T03:00,,26.2,87,0.486,0.477
1985-08-16T04:00,,27.0,82,0.487,0.477
1985-08-16T05:00,,27.7,79,0.487,0.477
1985-08-16T06:00,,28.2,76,0.486,0.477
1985-08-16T07:00,,28.7,75,0.485,0.477
1985-08-16T08:00,,28.7,75,0.484,0.477
1985-08-16T09:00,,28.6,76,0.482,0.477
1985-08-16T10:00,,28.5,77,0.481,0.476
1985-08-16T11:00,,28.0,79,0.48,0.476
1985-08-16T12:00,,27.7,82,0.478,0.476
1985-08-16T13:00,,27.2,85,0.477,0.476
1985-08-16T14:00,,26.7,87,0.479,0.476
1985-08-16T15:00,,26.4,89,0.482,0.476
1985-08-16T16:00,,26.3,90,0.482,0.476
1985-08-16T17:00,,26.1,91,0.482,0.476
1985-08-16T18:00,,26.0,92,0.482,0.476
1985-08-16T19:00,,25.9,91,0.482,0.476
1985-08-16T20:00,,25.7,92,0.483,0.476
1985-08-16T21:00,,25.7,92,0.483,0.476
1985-08-16T22:00,,25.5,93,0.484,0.477
1985-08-16T23:00,,25.4,93,0.485,0.477
1985-08-17T00:00,,25.5,92,0.486,0.477
1985-08-17T01:00,,25.2,93,0.487,0.477
1985-08-17T02:00,,25.5,92,0.488,0.477
1985-08-17T03:00,,26.2,88,0.489,0.477
1985-08-17T04:00,,26.9,84,0.489,0.478
1985-08-17T05:00,,27.8,80,0.489,0.478
1985-08-17T06:00,,28.2,77,0.487,0.478
1985-08-17T07:00,,28.6,78,0.485,0.478
1985-08-17T08:00,,28.8,76,0.482,0.477
1985-08-17T09:00,,28.8,76,0.478,0.477
1985-08-17T10:00,,28.7,76,0.476,0.477
1985-08-17T11:00,,28.4,78,0.473,0.476
1985-08-17T12:00,,28.0,80,0.471,0.476
1985-08-17T13:00,,27.4,83,0.471,0.476
1985-08-17T14:00,,26.9,86,0.47,0.476
1985-08-17T15:00,,26.6,88,0.47,0.475
1985-08-17T16:00,,26.5,89,0.469,0.475
1985-08-17T17:00,,26.3,90,0.47,0.475
1985-08-17T18:00,,26.1,91,0.47,0.475
1985-08-17T19:00,,25.9,92,0.471,0.475
1985-08-17T20:00,,25.6,93,0.471,0.475
1985-08-17T21:00,,25.3,93,0.472,0.475
1985-08-17T22:00,,25.2,94,0.473,0.475
1985-08-17T23:00,,25.1,93,0.473,0.475
1985-08-18T00:00,,25.1,93,0.473,0.475
1985-08-18T01:00,,25.1,93,0.473,0.475
1985-08-18T02:00,,25.3,92,0.474,0.475
1985-08-18T03:00,,25.8,89,0.475,0.475
1985-08-18T04:00,,26.5,87,0.475,0.474
1985-08-18T05:00,,26.9,86,0.475,0.474
1985-08-18T06:00,,27.5,83,0.473,0.474
1985-08-18T07:00,,28.9,74,0.472,0.473
1985-08-18T08:00,,28.8,76,0.47,0.473
1985-08-18T09:00,,28.8,76,0.467,0.473
1985-08-18T10:00,,28.7,77,0.465,0.472
1985-08-18T11:00,,28.4,79,0.463,0.472
1985-08-18T12:00,,27.9,82,0.461,0.471
1985-08-18T13:00,,27.3,85,0.461,0.471
1985-08-18T14:00,,26.7,88,0.46,0.471
1985-08-18T15:00,,26.4,89,0.46,0.471
1985-08-18T16:00,,26.2,90,0.46,0.471
1985-08-18T17:00,,25.9,91,0.461,0.471
1985-08-18T18:00,,25.8,91,0.462,0.47
1985-08-18T19:00,,25.5,92,0.462,0.47
1985-08-18T20:00,,25.3,92,0.462,0.47
1985-08-18T21:00,,25.2,92,0.462,0.47
1985-08-18T22:00,,24.9,93,0.464,0.47
1985-08-18T23:00,,24.7,92,0.467,0.47
1985-08-19T00:00,,24.6,92,0.469,0.47
1985-08-19T01:00,,24.5,94,0.47,0.47
1985-08-19T02:00,,24.8,92,0.471,0.47
1985-08-19T03:00,,25.4,92,0.473,0.47
1985-08-19T04:00,,26.2,90,0.473,0.47
1985-08-19T05:00,,26.8,88,0.472,0.47
1985-08-19T06:00,,27.4,85,0.47,0.469
1985-08-19T07:00,,27.9,82,0.467,0.469
1985-08-19T08:00,,28.2,81,0.464,0.468
1985-08-19T09:00,,28.2,81,0.462,0.468
1985-08-19T10:00,,28.1,80,0.461,0.468
1985-08-19T11:00,,27.9,80,0.459,0.467
1985-08-19T12:00,,27.5,81,0.458,0.467
1985-08-19T13:00,,27.0,83,0.458,0.467
1985-08-19T14:00,,26.5,86,0.458,0.467
1985-08-19T15:00,,26.1,87,0.458,0.467
1985-08-19T16:00,,25.9,88,0.458,0.466
1985-08-19T17:00,,25.6,89,0.458,0.466
1985-08-19T18:00,,25.5,90,0.459,0.466
1985-08-19T19:00,,25.3,90,0.46,0.466
1985-08-19T20:00,,25.1,91,0.462,0.466
1985-08-19T21:00,,24.8,91,0.464,0.466
1985-08-19T22:00,,24.8,91,0.466,0.466
1985-08-19T23:00,,24.7,91,0.467,0.466
1985-08-20T00:00,,24.7,92,0.468,0.466
1985-08-20T01:00,,24.7,92,0.468,0.466
1985-08-20T02:00,,25.0,92,0.469,0.466
1985-08-20T03:00,,25.5,90,0.47,0.466
1985-08-20T04:00,,26.3,87,0.47,0.466
1985-08-20T05:00,,27.0,85,0.469,0.466
1985-08-20T06:00,,27.4,83,0.468,0.466
1985-08-20T07:00,,28.1,80,0.464,0.465
1985-08-20T08:00,,28.4,79,0.462,0.465
1985-08-20T09:00,,28.5,78,0.459,0.464
1985-08-20T10:00,,28.5,77,0.457,0.464
1985-08-20T11:00,,28.3,77,0.455,0.463
1985-08-20T12:00,,27.7,79,0.453,0.463
1985-08-20T13:00,,27.1,83,0.453,0.463
1985-08-20T14:00,,26.6,85,0.452,0.463
1985-08-20T15:00,,26.3,86,0.452,0.463
1985-08-20T16:00,,26.2,87,0.452,0.463
1985-08-20T17:00,,25.9,88,0.453,0.463
1985-08-20T18:00,,25.6,89,0.454,0.463
1985-08-20T19:00,,25.4,90,0.455,0.462
1985-08-20T20:00,,25.1,91,0.455,0.462
1985-08-20T21:00,,25.0,91,0.455,0.462
1985-08-20T22:00,,24.9,91,0.456,0.462
1985-08-20T23:00,,24.7,91,0.457,0.462
1985-08-21T00:00,,24.6,91,0.458,0.462
1985-08-21T01:00,,24.6,91,0.459,0.462
1985-08-21T02:00,,24.9,90,0.459,0.462
1985-08-21T03:00,,25.5,87,0.46,0.462
1985-08-21T04:00,,25.8,88,0.46,0.462
1985-08-21T05:00,,26.4,87,0.46,0.462
1985-08-21T06:00,,26.9,85,0.459,0.461
1985-08-21T07:00,,27.4,82,0.457,0.461
1985-08-21T08:00,,27.7,82,0.455,0.461
1985-08-21T09:00,,27.8,82,0.453,0.46
1985-08-21T10:00,,27.7,81,0.451,0.46
1985-08-21T11:00,,27.4,81,0.45,0.46
1985-08-21T12:00,,27.0,82,0.448,0.459
1985-08-21T13:00,,26.7,84,0.448,0.459
1985-08-21T14:00,,26.3,85,0.448,0.459
1985-08-21T15:00,,25.9,88,0.448,0.459
1985-08-21T16:00,,25.6,89,0.449,0.459
1985-08-21T17:00,,25.4,90,0.45,0.459
1985-08-21T18:00,,25.2,90,0.451,0.459
1985-08-21T19:00,,25.2,90,0.453,0.459
1985-08-21T20:00,,25.0,90,0.454,0.459
1985-08-21T21:00,,24.8,91,0.455,0.459
1985-08-21T22:00,,24.7,92,0.457,0.459
1985-08-21T23:00,,24.6,92,0.458,0.459
1985-08-22T00:00,,24.6,93,0.459,0.459
1985-08-22T01:00,,24.5,93,0.46,0.459
1985-08-22T02:00,,24.7,93,0.462,0.459
1985-08-22T03:00,,25.4,89,0.463,0.459
1985-08-22T04:00,,25.7,89,0.463,0.459
1985-08-22T05:00,,26.4,88,0.463,0.459
1985-08-22T06:00,,27.0,86,0.462,0.459
1985-08-22T07:00,,27.5,84,0.46,0.458
1985-08-22T08:00,,27.9,82,0.457,0.458
1985-08-22T09:00,,28.1,81,0.455,0.458
1985-08-22T10:00,,28.1,81,0.453,0.457
1985-08-22T11:00,,27.8,81,0.451,0.457
1985-08-22T12:00,,27.3,82,0.45,0.457
1985-08-22T13:00,,26.8,84,0.45,0.457
1985-08-22T14:00,,26.3,86,0.45,0.457
1985-08-22T15:00,,26.0,87,0.45,0.457
1985-08-22T16:00,,25.7,89,0.45,0.457
1985-08-22T17:00,,25.3,90,0.451,0.456
1985-08-22T18:00,,25.2,91,0.452,0.456
1985-08-22T19:00,,25.0,90,0.453,0.456
1985-08-22T20:00,,24.8,91,0.455,0.456
1985-08-22T21:00,,24.8,90,0.456,0.456
1985-08-22T22:00,,24.7,91,0.457,0.456
1985-08-22T23:00,,24.6,90,0.46,0.456
1985-08-23T00:00,,24.6,91,0.461,0.457
1985-08-23T01:00,,24.5,92,0.463,0.457
1985-08-23T02:00,,24.7,92,0.465,0.457
1985-08-23T03:00,,25.1,91,0.466,0.457
1985-08-23T04:00,,25.6,90,0.467,0.457
1985-08-23T05:00,,26.2,86,0.466,0.457
1985-08-23T06:00,,26.6,83,0.466,0.457
1985-08-23T07:00,,26.9,85,0.465,0.457
1985-08-23T08:00,,27.5,82,0.462,0.457
1985-08-23T09:00,,27.6,82,0.461,0.456
1985-08-23T10:00,,27.6,82,0.459,0.456
1985-08-23T11:00,,27.4,82,0.458,0.456
1985-08-23T12:00,,27.0,84,0.457,0.456
1985-08-23T13:00,,26.6,86,0.456,0.456
1985-08-23T14:00,,26.2,87,0.456,0.456
1985-08-23T15:00,,26.0,88,0.456,0.456
1985-08-23T16:00,,25.8,89,0.456,0.456
1985-08-23T17:00,,25.7,90,0.456,0.456
1985-08-23T18:00,,25.8,89,0.456,0.456
1985-08-23T19:00,,25.5,90,0.457,0.456
1985-08-23T20:00,,25.3,90,0.458,0.456
1985-08-23T21:00,,25.3,89,0.46,0.456
1985-08-23T22:00,,25.2,88,0.461,0.456
1985-08-23T23:00,,25.0,89,0.463,0.456
1985-08-24T00:00,,25.2,88,0.464,0.456
1985-08-24T01:00,,25.1,88,0.465,0.456
1985-08-24T02:00,,25.4,87,0.466,0.456
1985-08-24T03:00,,26.0,84,0.468,0.457
1985-08-24T04:00,,26.5,81,0.47,0.457
1985-08-24T05:00,,27.0,78,0.471,0.457
1985-08-24T06:00,,27.6,76,0.47,0.457
1985-08-24T07:00,,27.8,75,0.469,0.456
1985-08-24T08:00,,28.2,74,0.468,0.456
1985-08-24T09:00,,28.1,75,0.465,0.456
1985-08-24T10:00,,28.1,75,0.463,0.456
1985-08-24T11:00,,27.7,77,0.46,0.456
1985-08-24T12:00,,27.3,80,0.458,0.455
1985-08-24T13:00,,26.7,84,0.457,0.455
1985-08-24T14:00,,26.1,87,0.457,0.455
1985-08-24T15:00,,25.9,88,0.456,0.455
1985-08-24T16:00,,25.7,89,0.456,0.455
1985-08-24T17:00,,25.6,90,0.456,0.455
1985-08-24T18:00,,25.4,90,0.456,0.455
1985-08-24T19:00,,25.2,91,0.456,0.455
1985-08-24T20:00,,25.1,91,0.456,0.455
1985-08-24T21:00,,25.2,90,0.457,0.455
1985-08-24T22:00,,25.0,90,0.458,0.455
1985-08-24T23:00,,24.8,91,0.459,0.455
1985-08-25T00:00,,25.0,89,0.461,0.456
1985-08-25T01:00,,25.0,89,0.462,0.456
1985-08-25T02:00,,25.2,88,0.463,0.456
1985-08-25T03:00,,26.0,85,0.464,0.456
1985-08-25T04:00,,26.5,82,0.466,0.456
1985-08-25T05:00,,27.1,79,0.466,0.456
1985-08-25T06:00,,27.5,76,0.465,0.455
1985-08-25T07:00,,27.7,78,0.463,0.455
1985-08-25T08:00,,28.0,77,0.461,0.455
1985-08-25T09:00,,28.0,78,0.46,0.455
1985-08-25T10:00,,27.8,78,0.458,0.454
1985-08-25T11:00,,27.6,78,0.456,0.454
1985-08-25T12:00,,27.2,81,0.455,0.454
1985-08-25T13:00,,26.6,84,0.454,0.454
1985-08-25T14:00,,26.2,86,0.454,0.454
1985-08-25T15:00,,25.9,88,0.454,0.454
1985-08-25T16:00,,25.6,89,0.454,0.454
1985-08-25T17:00,,25.5,89,0.455,0.454
1985-08-25T18:00,,25.5,90,0.455,0.454
1985-08-25T19:00,,25.3,91,0.456,0.454
1985-08-25T20:00,,25.1,92,0.456,0.454
1985-08-25T21:00,,25.0,92,0.457,0.454
1985-08-25T22:00,,25.0,92,0.457,0.454
1985-08-25T23:00,,24.9,92,0.458,0.454
1985-08-26T00:00,,24.9,92,0.458,0.454
1985-08-26T01:00,,24.9,92,0.458,0.454
1985-08-26T02:00,,25.2,91,0.458,0.454
1985-08-26T03:00,,25.8,89,0.458,0.454
1985-08-26T04:00,,26.5,86,0.458,0.454
1985-08-26T05:00,,27.2,81,0.457,0.454
1985-08-26T06:00,,27.8,78,0.455,0.454
1985-08-26T07:00,,28.3,74,0.454,0.453
1985-08-26T08:00,,28.4,74,0.452,0.453
1985-08-26T09:00,,28.2,76,0.451,0.453
1985-08-26T10:00,,28.1,76,0.449,0.452
1985-08-26T11:00,,27.9,78,0.447,0.452
1985-08-26T12:00,,27.3,82,0.445,0.452
1985-08-26T13:00,,26.7,85,0.445,0.452
1985-08-26T14:00,,26.3,87,0.444,0.452
1985-08-26T15:00,,26.0,88,0.444,0.452
1985-08-26T16:00,,25.7,90,0.444,0.452
1985-08-26T17:00,,25.5,91,0.445,0.452
1985-08-26T18:00,,25.4,90,0.447,0.452
1985-08-26T19:00,,25.3,91,0.449,0.452
1985-08-26T20:00,,25.1,92,0.45,0.452
1985-08-26T21:00,,24.9,91,0.452,0.452
1985-08-26T22:00,,24.8,92,0.453,0.452
1985-08-26T23:00,,24.6,92,0.454,0.452
1985-08-27T00:00,,24.6,92,0.456,0.452
1985-08-27T01:00,,24.6,92,0.459,0.452
1985-08-27T02:00,,24.8,92,0.46,0.452
1985-08-27T03:00,,25.3,92,0.46,0.452
1985-08-27T04:00,,26.2,86,0.46,0.452
1985-08-27T05:00,,26.8,86,0.46,0.452
1985-08-27T06:00,,27.6,83,0.458,0.452
1985-08-27T07:00,,28.1,81,0.455,0.451
1985-08-27T08:00,,28.2,80,0.453,0.451
1985-08-27T09:00,,28.4,78,0.45,0.451
1985-08-27T10:00,,28.2,77,0.448,0.45
1985-08-27T11:00,,27.9,77,0.445,0.45
1985-08-27T12:00,,27.4,80,0.444,0.45
1985-08-27T13:00,,26.8,83,0.443,0.45
1985-08-27T14:00,,26.2,86,0.443,0.45
1985-08-27T15:00,,25.9,88,0.442,0.449
1985-08-27T16:00,,25.8,89,0.442,0.449
1985-08-27T17:00,,25.7,89,0.442,0.449
1985-08-27T18:00,,25.6,88,0.443,0.449
1985-08-27T19:00,,25.6,86,0.444,0.449
1985-08-27T20:00,,25.5,87,0.444,0.449
1985-08-27T21:00,,25.1,88,0.446,0.449
1985-08-27T22:00,,24.8,89,0.448,0.449
1985-08-27T23:00,,24.6,90,0.45,0.449
1985-08-28T00:00,,24.4,92,0.453,0.449
1985-08-28T01:00,,24.3,93,0.454,0.449
1985-08-28T02:00,,24.5,92,0.456,0.45
1985-08-28T03:00,,25.1,89,0.458,0.45
1985-08-28T04:00,,25.4,88,0.46,0.45
1985-08-28T05:00,,26.2,84,0.46,0.45
1985-08-28T06:00,,26.1,84,0.46,0.45
1985-08-28T07:00,,26.9,83,0.459,0.449
1985-08-28T08:00,,27.5,81,0.455,0.449
1985-08-28T09:00,,27.8,79,0.452,0.449
1985-08-28T10:00,,27.8,79,0.45,0.448
1985-08-28T11:00,,27.4,80,0.448,0.448
1985-08-28T12:00,,26.9,82,0.447,0.448
1985-08-28T13:00,,26.3,84,0.447,0.448
1985-08-28T14:00,,25.9,86,0.446,0.448
1985-08-28T15:00,,25.7,88,0.446,0.448
1985-08-28T16:00,,25.5,88,0.446,0.448
1985-08-28T17:00,,25.3,88,0.446,0.448
1985-08-28T18:00,,25.1,90,0.447,0.448
1985-08-28T19:00,,24.9,90,0.447,0.448
1985-08-28T20:00,,24.7,90,0.448,0.448
1985-08-28T21:00,,24.5,91,0.449,0.448
1985-08-28T22:00,,24.3,92,0.451,0.448
1985-08-28T23:00,,24.2,92,0.452,0.448
1985-08-29T00:00,,24.0,93,0.454,0.448
1985-08-29T01:00,,23.9,93,0.455,0.448
1985-08-29T02:00,,24.2,92,0.457,0.448
1985-08-29T03:00,,24.6,92,0.457,0.449
1985-08-29T04:00,,25.4,87,0.457,0.449
1985-08-29T05:00,,25.5,88,0.458,0.449
1985-08-29T06:00,,26.5,86,0.455,0.448
1985-08-29T07:00,,27.1,84,0.453,0.448
1985-08-29T08:00,,27.7,81,0.45,0.448
1985-08-29T09:00,,27.8,80,0.447,0.447
1985-08-29T10:00,,27.9,79,0.445,0.447
1985-08-29T11:00,,27.7,79,0.443,0.447
1985-08-29T12:00,,27.3,80,0.441,0.447
1985-08-29T13:00,,26.6,83,0.441,0.446
1985-08-29T14:00,,26.1,86,0.44,0.446
1985-08-29T15:00,,25.8,87,0.44,0.446
1985-08-29T16:00,,25.7,88,0.44,0.446
1985-08-29T17:00,,25.4,89,0.44,0.446
1985-08-29T18:00,,25.2,90,0.44,0.446
1985-08-29T19:00,,25.1,91,0.44,0.446
1985-08-29T20:00,,24.9,92,0.44,0.446
1985-08-29T21:00,,24.7,93,0.441,0.446
1985-08-29T22:00,,24.4,93,0.442,0.446
1985-08-29T23:00,,24.3,94,0.444,0.446
1985-08-30T00:00,,24.4,93,0.445,0.446
1985-08-30T01:00,,24.3,94,0.446,0.446
1985-08-30T02:00,,24.6,93,0.447,0.446
1985-08-30T03:00,,25.1,91,0.448,0.446
1985-08-30T04:00,,25.9,88,0.448,0.446
1985-08-30T05:00,,26.6,86,0.448,0.446
1985-08-30T06:00,,27.0,84,0.447,0.446
1985-08-30T07:00,,27.7,80,0.447,0.446
1985-08-30T08:00,,28.2,77,0.445,0.445
1985-08-30T09:00,,28.4,75,0.442,0.445
1985-08-30T10:00,,28.2,74,0.44,0.445
1985-08-30T11:00,,27.7,77,0.438,0.444
1985-08-30T12:00,,27.1,80,0.437,0.444
1985-08-30T13:00,,26.6,83,0.436,0.444
1985-08-30T14:00,,26.3,85,0.436,0.444
1985-08-30T15:00,,26.1,86,0.436,0.444
1985-08-30T16:00,,26.0,87,0.436,0.444
1985-08-30T17:00,,26.0,87,0.436,0.444
1985-08-30T18:00,,25.9,88,0.436,0.444
1985-08-30T19:00,,25.8,88,0.436,0.444
1985-08-30T20:00,,25.5,90,0.437,0.444
1985-08-30T21:00,,25.4,91,0.437,0.444
1985-08-30T22:00,,25.3,91,0.438,0.444
1985-08-30T23:00,,25.2,91,0.439,0.444
1985-08-31T00:00,,25.1,92,0.44,0.444
1985-08-31T01:00,,24.9,93,0.442,0.444
1985-08-31T02:00,,25.1,93,0.444,0.444
1985-08-31T03:00,,25.9,89,0.445,0.444
1985-08-31T04:00,,26.5,86,0.446,0.444
1985-08-31T05:00,,27.2,83,0.447,0.444
1985-08-31T06:00,,27.4,81,0.447,0.444
1985-08-31T07:00,,27.8,83,0.445,0.443
1985-08-31T08:00,,28.3,81,0.443,0.443
1985-08-31T09:00,,28.5,79,0.44,0.443
1985-08-31T10:00,,28.4,77,0.438,0.442
1985-08-31T11:00,,28.0,77,0.436,0.442
1985-08-31T12:00,,27.5,79,0.435,0.442
1985-08-31T13:00,,27.0,81,0.434,0.442
1985-08-31T14:00,,26.4,84,0.434,0.442
1985-08-31T15:00,,26.2,85,0.434,0.442
1985-08-31T16:00,,26.0,86,0.434,0.442
1985-08-31T17:00,,25.8,88,0.434,0.442
1985-08-31T18:00,,25.5,88,0.435,0.442
1985-08-31T19:00,,25.0,91,0.436,0.442
1985-08-31T20:00,,24.6,92,0.437,0.442
1985-08-31T21:00,,24.5,92,0.439,0.442
1985-08-31T22:00,,24.4,93,0.44,0.442
1985-08-31T23:00,,24.3,93,0.443,0.442
1985-09-01T00:00,,24.1,94,0.445,0.442
1985-09-01T01:00,,24.0,94,0.447,0.442
1985-09-01T02:00,,24.3,94,0.447,0.442
1985-09-01T03:00,,25.0,91,0.448,0.442
1985-09-01T04:00,,25.7,90,0.448,0.442
1985-09-01T05:00,,26.5,87,0.447,0.442
1985-09-01T06:00,,27.1,84,0.445,0.442
1985-09-01T07:00,,27.6,82,0.442,0.441
1985-09-01T08:00,,27.9,80,0.44,0.441
1985-09-01T09:00,,28.1,79,0.437,0.441
1985-09-01T10:00,,28.0,79,0.435,0.44
1985-09-01T11:00,,27.5,80,0.434,0.44
1985-09-01T12:00,,27.0,82,0.432,0.44
1985-09-01T13:00,,26.6,84,0.432,0.44
1985-09-01T14:00,,26.2,86,0.432,0.44
1985-09-01T15:00,,26.1,86,0.431,0.44
1985-09-01T16:00,,25.9,87,0.431,0.44
1985-09-01T17:00,,25.7,88,0.431,0.44
1985-09-01T18:00,,25.5,89,0.432,0.44
1985-09-01T19:00,,25.6,88,0.432,0.44
1985-09-01T20:00,,25.4,88,0.433,0.44
1985-09-01T21:00,,25.2,90,0.433,0.44
1985-09-01T22:00,,24.9,91,0.434,0.44
1985-09-01T23:00,,24.8,92,0.435,0.44
1985-09-02T00:00,,24.8,91,0.435,0.44
1985-09-02T01:00,,24.6,91,0.437,0.44
1985-09-02T02:00,,24.9,91,0.438,0.44
1985-09-02T03:00,,25.5,89,0.439,0.44
1985-09-02T04:00,,26.2,87,0.439,0.44
1985-09-02T05:00,,26.9,85,0.438,0.439
1985-09-02T06:00,,27.5,83,0.436,0.439
1985-09-02T07:00,,28.4,77,0.433,0.439
1985-09-02T08:00,,28.7,75,0.43,0.438
1985-09-02T09:00,,28.8,72,0.427,0.438
1985-09-02T10:00,,28.6,73,0.424,0.437
1985-09-02T11:00,,28.2,75,0.421,0.437
1985-09-02T12:00,,27.6,79,0.42,0.437
1985-09-02T13:00,,26.9,83,0.419,0.437
1985-09-02T14:00,,26.3,86,0.419,0.437
1985-09-02T15:00,,26.0,87,0.419,0.437
1985-09-02T16:00,,25.9,88,0.419,0.436
1985-09-02T17:00,,25.7,89,0.419,0.436
1985-09-02T18:00,,25.6,89,0.419,0.436
1985-09-02T19:00,,25.5,90,0.42,0.436
1985-09-02T20:00,,25.2,90,0.421,0.436
1985-09-02T21:00,,25.1,91,0.423,0.436
1985-09-02T22:00,,25.0,91,0.425,0.436
1985-09-02T23:00,,24.7,92,0.428,0.436
1985-09-03T00:00,,24.5,93,0.43,0.436
1985-09-03T01:00,,24.5,93,0.433,0.436
1985-09-03T02:00,,24.7,93,0.435,0.436
1985-09-03T03:00,,25.3,92,0.436,0.436
1985-09-03T04:00,,25.9,91,0.436,0.436
1985-09-03T05:00,,26.7,89,0.436,0.436
1985-09-03T06:00,,27.4,86,0.434,0.436
1985-09-03T07:00,,28.0,85,0.432,0.436
1985-09-03T08:00,,28.3,83,0.429,0.435
1985-09-03T09:00,,28.3,82,0.427,0.435
1985-09-03T10:00,,28.2,82,0.426,0.435
1985-09-03T11:00,,27.8,82,0.425,0.434
1985-09-03T12:00,,27.4,82,0.425,0.434
1985-09-03T13:00,,26.9,84,0.424,0.434
1985-09-03T14:00,,26.4,86,0.424,0.434
1985-09-03T15:00,,26.2,87,0.424,0.434
1985-09-03T16:00,,26.0,88,0.424,0.434
1985-09-03T17:00,,25.8,89,0.424,0.434
1985-09-03T18:00,,25.6,90,0.425,0.434
1985-09-03T19:00,,25.5,90,0.426,0.434
1985-09-03T20:00,,25.3,91,0.427,0.434
1985-09-03T21:00,,24.9,92,0.43,0.434
1985-09-03T22:00,,24.7,91,0.434,0.434
1985-09-03T23:00,,24.4,93,0.436,0.434
1985-09-04T00:00,,24.5,94,0.438,0.434
1985-09-04T01:00,,24.5,94,0.439,0.434
1985-09-04T02:00,,24.8,94,0.44,0.434
1985-09-04T03:00,,25.6,92,0.441,0.434
1985-09-04T04:00,,26.3,90,0.441,0.434
1985-09-04T05:00,,27.0,88,0.44,0.434
1985-09-04T06:00,,27.6,85,0.438,0.434
1985-09-04T07:00,,28.0,81,0.435,0.434
1985-09-04T08:00,,28.0,81,0.433,0.434
1985-09-04T09:00,,28.2,79,0.431,0.433
1985-09-04T10:00,,28.2,78,0.429,0.433
1985-09-04T11:00,,27.8,78,0.427,0.433
1985-09-04T12:00,,27.4,80,0.426,0.433
1985-09-04T13:00,,26.8,83,0.425,0.432
1985-09-04T14:00,,26.3,85,0.425,0.432
1985-09-04T15:00,,25.9,88,0.425,0.432
1985-09-04T16:00,,25.6,89,0.426,0.432
1985-09-04T17:00,,25.4,89,0.428,0.433
1985-09-04T18:00,,25.2,90,0.43,0.433
1985-09-04T19:00,,24.8,90,0.432,0.433
1985-09-04T20:00,,25.0,89,0.435,0.433
1985-09-04T21:00,,24.8,90,0.437,0.433
1985-09-04T22:00,,24.7,91,0.441,0.433
1985-09-04T23:00,,24.7,90,0.443,0.433
1985-09-05T00:00,,24.5,89,0.448,0.433
1985-09-05T01:00,,24.2,91,0.452,0.433
1985-09-05T02:00,,24.5,91,0.454,0.433
1985-09-05T03:00,,25.1,90,0.454,0.434
1985-09-05T04:00,,26.1,85,0.455,0.434
1985-09-05T05:00,,26.3,84,0.454,0.434
1985-09-05T06:00,,27.0,83,0.452,0.434
1985-09-05T07:00,,27.5,83,0.45,0.434
1985-09-05T08:00,,27.8,82,0.447,0.433
1985-09-05T09:00,,27.9,81,0.444,0.433
1985-09-05T10:00,,27.9,81,0.442,0.433
1985-09-05T11:00,,27.2,82,0.44,0.433
1985-09-05T12:00,,27.0,82,0.439,0.433
1985-09-05T13:00,,26.6,84,0.439,0.433
1985-09-05T14:00,,26.2,85,0.439,0.433
1985-09-05T15:00,,25.9,87,0.439,0.433
1985-09-05T16:00,,25.8,88,0.439,0.433
1985-09-05T17:00,,25.6,90,0.439,0.433
1985-09-05T18:00,,25.3,90,0.44,0.433
1985-09-05T19:00,,25.0,90,0.442,0.433
1985-09-05T20:00,,24.8,91,0.444,0.433
1985-09-05T21:00,,24.7,91,0.446,0.433
1985-09-05T22:00,,24.4,92,0.449,0.433
1985-09-05T23:00,,24.3,93,0.451,0.434
1985-09-06T00:00,,24.4,92,0.454,0.434
1985-09-06T01:00,,24.3,93,0.456,0.434
1985-09-06T02:00,,24.4,94,0.459,0.434
1985-09-06T03:00,,24.9,94,0.459,0.434
1985-09-06T04:00,,25.5,88,0.462,0.435
1985-09-06T05:00,,25.9,88,0.462,0.435
1985-09-06T06:00,,26.8,85,0.461,0.435
1985-09-06T07:00,,26.9,85,0.459,0.435
1985-09-06T08:00,,27.2,85,0.457,0.435
1985-09-06T09:00,,27.9,83,0.454,0.435
1985-09-06T10:00,,27.3,82,0.453,0.435
1985-09-06T11:00,,27.3,82,0.451,0.435
1985-09-06T12:00,,26.8,84,0.45,0.435
1985-09-06T13:00,,26.1,87,0.449,0.435
1985-09-06T14:00,,25.7,89,0.449,0.435
1985-09-06T15:00,,25.4,90,0.448,0.435
1985-09-06T16:00,,25.2,91,0.448,0.435
1985-09-06T17:00,,25.1,91,0.448,0.435
1985-09-06T18:00,,25.0,91,0.448,0.435
1985-09-06T19:00,,25.0,91,0.448,0.435
1985-09-06T20:00,,24.8,91,0.448,0.435
1985-09-06T21:00,,24.6,92,0.448,0.436
1985-09-06T22:00,,24.5,92,0.449,0.436
1985-09-06T23:00,,24.4,93,0.45,0.436
1985-09-07T00:00,,24.4,93,0.45,0.436
1985-09-07T01:00,,24.4,93,0.451,0.436
1985-09-07T02:00,,24.7,92,0.452,0.436
1985-09-07T03:00,,25.3,90,0.452,0.436
1985-09-07T04:00,,25.9,87,0.452,0.436
1985-09-07T05:00,,26.8,84,0.451,0.436
1985-09-07T06:00,,27.2,84,0.449,0.436
1985-09-07T07:00,,27.8,84,0.446,0.436
1985-09-07T08:00,,28.1,83,0.443,0.435
1985-09-07T09:00,,28.0,83,0.441,0.435
1985-09-07T10:00,,28.1,82,0.439,0.435
1985-09-07T11:00,,27.8,82,0.437,0.435
1985-09-07T12:00,,27.4,82,0.436,0.434
1985-09-07T13:00,,26.8,84,0.435,0.434
1985-09-07T14:00,,26.2,87,0.435,0.434
1985-09-07T15:00,,26.0,88,0.435,0.435
1985-09-07T16:00,,25.8,89,0.435,0.435
1985-09-07T17:00,,25.4,90,0.435,0.435
1985-09-07T18:00,,25.3,91,0.435,0.435
1985-09-07T19:00,,25.0,92,0.435,0.435
1985-09-07T20:00,,24.9,93,0.436,0.435
1985-09-07T21:00,,24.6,93,0.436,0.435
1985-09-07T22:00,,24.5,94,0.437,0.435
1985-09-07T23:00,,24.3,94,0.438,0.435
1985-09-08T00:00,,24.3,94,0.438,0.435
1985-09-08T01:00,,24.3,93,0.439,0.435
1985-09-08T02:00,,24.6,92,0.439,0.435
1985-09-08T03:00,,25.2,89,0.44,0.435
1985-09-08T04:00,,26.0,85,0.44,0.435
1985-09-08T05:00,,26.7,83,0.44,0.435
1985-09-08T06:00,,27.2,81,0.44,0.434
1985-09-08T07:00,,27.6,77,0.439,0.434
1985-09-08T08:00,,27.8,78,0.438,0.434
1985-09-08T09:00,,27.8,79,0.438,0.434
1985-09-08T10:00,,28.0,78,0.436,0.433
1985-09-08T11:00,,27.9,78,0.433,0.433
1985-09-08T12:00,,27.5,81,0.432,0.433
1985-09-08T13:00,,26.9,84,0.431,0.433
1985-09-08T14:00,,26.3,87,0.431,0.433
1985-09-08T15:00,,26.1,88,0.431,0.433
1985-09-08T16:00,,26.0,88,0.431,0.433
1985-09-08T17:00,,25.8,89,0.43,0.433
1985-09-08T18:00,,25.7,90,0.431,0.433
1985-09-08T19:00,,25.5,91,0.431,0.433
1985-09-08T20:00,,25.2,91,0.431,0.433
1985-09-08T21:00,,25.0,92,0.432,0.433
1985-09-08T22:00,,25.1,91,0.432,0.433
1985-09-08T23:00,,25.1,90,0.432,0.433
1985-09-09T00:00,,24.9,91,0.433,0.433
1985-09-09T01:00,,24.7,92,0.434,0.433
1985-09-09T02:00,,25.0,92,0.435,0.433
1985-09-09T03:00,,25.6,89,0.435,0.433
1985-09-09T04:00,,26.3,85,0.436,0.433
1985-09-09T05:00,,27.0,83,0.436,0.433
1985-09-09T06:00,,27.6,80,0.435,0.433
1985-09-09T07:00,,28.1,78,0.434,0.432
1985-09-09T08:00,,28.6,76,0.432,0.432
1985-09-09T09:00,,28.7,73,0.43,0.432
1985-09-09T10:00,,28.7,72,0.427,0.431
1985-09-09T11:00,,28.5,72,0.424,0.431
1985-09-09T12:00,,28.0,74,0.423,0.431
1985-09-09T13:00,,27.3,79,0.422,0.431
1985-09-09T14:00,,26.5,83,0.422,0.431
1985-09-09T15:00,,26.0,87,0.422,0.431
1985-09-09T16:00,,25.7,89,0.422,0.431
1985-09-09T17:00,,25.5,90,0.422,0.431
1985-09-09T18:00,,25.4,91,0.422,0.431
1985-09-09T19:00,,25.3,92,0.422,0.431
1985-09-09T20:00,,25.1,93,0.422,0.431
1985-09-09T21:00,,25.0,93,0.423,0.431
1985-09-09T22:00,,24.8,94,0.423,0.431
1985-09-09T23:00,,24.5,94,0.424,0.431
1985-09-10T00:00,,24.4,94,0.425,0.431
1985-09-10T01:00,,24.3,95,0.426,0.431
1985-09-10T02:00,,24.6,93,0.427,0.431
1985-09-10T03:00,,25.5,88,0.428,0.431
1985-09-10T04:00,,26.1,87,0.428,0.431
1985-09-10T05:00,,26.8,84,0.427,0.43
1985-09-10T06:00,,27.6,80,0.426,0.43
1985-09-10T07:00,,28.1,78,0.423,0.43
1985-09-10T08:00,,28.4,77,0.42,0.429
1985-09-10T09:00,,28.7,74,0.417,0.429
1985-09-10T10:00,,28.7,73,0.414,0.428
1985-09-10T11:00,,28.4,73,0.412,0.428
1985-09-10T12:00,,27.8,76,0.411,0.428
1985-09-10T13:00,,27.1,81,0.41,0.428
1985-09-10T14:00,,26.4,84,0.41,0.428
1985-09-10T15:00,,26.0,87,0.41,0.428
1985-09-10T16:00,,25.7,88,0.41,0.428
1985-09-10T17:00,,25.5,90,0.41,0.428
1985-09-10T18:00,,25.3,91,0.41,0.428
1985-09-10T19:00,,25.4,90,0.41,0.428
1985-09-10T20:00,,25.2,91,0.41,0.428
1985-09-10T21:00,,25.1,91,0.41,0.428
1985-09-10T22:00,,25.0,91,0.41,0.428
1985-09-10T23:00,,24.9,91,0.411,0.428
1985-09-11T00:00,,24.8,92,0.411,0.428
1985-09-11T01:00,,24.5,93,0.412,0.427
1985-09-11T02:00,,25.0,92,0.414,0.427
1985-09-11T03:00,,25.8,86,0.416,0.427
1985-09-11T04:00,,26.5,82,0.417,0.427
1985-09-11T05:00,,27.3,79,0.416,0.427
1985-09-11T06:00,,28.0,75,0.414,0.427
1985-09-11T07:00,,28.3,77,0.412,0.426
1985-09-11T08:00,,28.4,74,0.41,0.426
1985-09-11T09:00,,28.6,71,0.407,0.425
1985-09-11T10:00,,28.5,70,0.404,0.425
1985-09-11T11:00,,28.3,70,0.402,0.425
1985-09-11T12:00,,27.7,73,0.4,0.424
1985-09-11T13:00,,26.8,79,0.4,0.424
1985-09-11T14:00,,26.0,83,0.399,0.424
1985-09-11T15:00,,25.7,85,0.399,0.424
1985-09-11T16:00,,25.4,86,0.399,0.424
1985-09-11T17:00,,25.3,87,0.399,0.424
1985-09-11T18:00,,25.3,87,0.399,0.424
1985-09-11T19:00,,25.2,87,0.399,0.424
1985-09-11T20:00,,25.1,88,0.4,0.424
1985-09-11T21:00,,24.9,88,0.4,0.424
1985-09-11T22:00,,24.8,89,0.401,0.424
1985-09-11T23:00,,24.7,89,0.402,0.424
1985-09-12T00:00,,24.7,90,0.403,0.424
1985-09-12T01:00,,24.6,91,0.405,0.424
1985-09-12T02:00,,24.9,90,0.406,0.424
1985-09-12T03:00,,25.8,85,0.407,0.424
1985-09-12T04:00,,26.5,81,0.407,0.424
1985-09-12T05:00,,27.3,76,0.405,0.423
1985-09-12T06:00,,28.0,73,0.402,0.423
1985-09-12T07:00,,28.4,73,0.4,0.422
1985-09-12T08:00,,28.6,72,0.397,0.422
1985-09-12T09:00,,28.6,71,0.393,0.421
1985-09-12T10:00,,28.4,72,0.391,0.421
1985-09-12T11:00,,27.9,73,0.389,0.421
1985-09-12T12:00,,27.3,76,0.388,0.42
1985-09-12T13:00,,26.6,80,0.387,0.42
1985-09-12T14:00,,26.0,83,0.387,0.42
1985-09-12T15:00,,25.7,84,0.387,0.42
1985-09-12T16:00,,25.5,84,0.387,0.42
1985-09-12T17:00,,25.4,85,0.387,0.42
1985-09-12T18:00,,25.3,85,0.387,0.42
1985-09-12T19:00,,25.3,85,0.388,0.42
1985-09-12T20:00,,25.2,86,0.388,0.42
1985-09-12T21:00,,25.0,87,0.388,0.42
1985-09-12T22:00,,24.9,88,0.388,0.42
1985-09-12T23:00,,24.7,89,0.389,0.42
1985-09-13T00:00,,24.6,89,0.389,0.42
1985-09-13T01:00,,24.6,89,0.39,0.42
1985-09-13T02:00,,25.1,88,0.39,0.42
1985-09-13T03:00,,26.0,83,0.391,0.42
1985-09-13T04:00,,27.1,76,0.391,0.419
1985-09-13T05:00,,27.7,74,0.39,0.419
1985-09-13T06:00,,28.3,71,0.388,0.419
1985-09-13T07:00,,28.4,70,0.386,0.418
1985-09-13T08:00,,28.7,70,0.383,0.418
1985-09-13T09:00,,28.6,70,0.38,0.417
1985-09-13T10:00,,28.4,70,0.377,0.417
1985-09-13T11:00,,28.1,71,0.375,0.416
1985-09-13T12:00,,27.5,75,0.374,0.416
1985-09-13T13:00,,26.8,80,0.373,0.416
1985-09-13T14:00,,26.1,83,0.373,0.416
1985-09-13T15:00,,25.8,85,0.373,0.416
1985-09-13T16:00,,25.7,86,0.373,0.416
1985-09-13T17:00,,25.5,87,0.373,0.416
1985-09-13T18:00,,25.5,87,0.373,0.416
1985-09-13T19:00,,25.5,87,0.374,0.416
1985-09-13T20:00,,25.5,86,0.374,0.416
1985-09-13T21:00,,25.2,88,0.374,0.416
1985-09-13T22:00,,25.2,87,0.375,0.415
1985-09-13T23:00,,25.1,87,0.376,0.415
1985-09-14T00:00,,25.0,88,0.376,0.415
1985-09-14T01:00,,25.0,88,0.377,0.415
1985-09-14T02:00,,25.1,89,0.378,0.415
1985-09-14T03:00,,26.0,84,0.379,0.415
1985-09-14T04:00,,26.9,79,0.38,0.415
1985-09-14T05:00,,27.6,76,0.379,0.415
1985-09-14T06:00,,28.1,73,0.378,0.414
1985-09-14T07:00,,28.5,71,0.376,0.414
1985-09-14T08:00,,28.6,71,0.374,0.413
1985-09-14T09:00,,28.5,71,0.371,0.413
1985-09-14T10:00,,28.4,70,0.369,0.413
1985-09-14T11:00,,28.0,72,0.367,0.412
1985-09-14T12:00,,27.6,74,0.366,0.412
1985-09-14T13:00,,26.9,79,0.365,0.412
1985-09-14T14:00,,26.2,82,0.365,0.412
1985-09-14T15:00,,25.9,84,0.365,0.412
1985-09-14T16:00,,25.7,85,0.365,0.412
1985-09-14T17:00,,25.5,86,0.365,0.412
1985-09-14T18:00,,25.4,87,0.365,0.412
1985-09-14T19:00,,25.5,87,0.366,0.412
1985-09-14T20:00,,25.3,88,0.366,0.412
1985-09-14T21:00,,25.2,88,0.366,0.411
1985-09-14T22:00,,25.1,89,0.366,0.411
1985-09-14T23:00,,24.9,89,0.367,0.411
1985-09-15T00:00,,24.8,90,0.368,0.411
1985-09-15T01:00,,24.7,90,0.369,0.411
1985-09-15T02:00,,25.1,89,0.369,0.411
1985-09-15T03:00,,26.0,84,0.369,0.411
1985-09-15T04:00,,27.2,78,0.37,0.411
1985-09-15T05:00,,27.9,74,0.369,0.411
1985-09-15T06:00,,28.3,72,0.369,0.41
1985-09-15T07:00,,28.8,70,0.367,0.41
1985-09-15T08:00,,28.9,70,0.365,0.409
1985-09-15T09:00,,28.9,70,0.363,0.409
1985-09-15T10:00,,28.6,72,0.361,0.409
1985-09-15T11:00,,28.3,74,0.359,0.408
1985-09-15T12:00,,27.8,77,0.358,0.408
1985-09-15T13:00,,27.2,80,0.358,0.408
1985-09-15T14:00,,26.5,84,0.358,0.408
1985-09-15T15:00,,26.1,86,0.358,0.408
1985-09-15T16:00,,25.9,87,0.358,0.408
1985-09-15T17:00,,25.7,88,0.358,0.408
1985-09-15T18:00,,25.6,89,0.358,0.408
1985-09-15T19:00,,25.5,90,0.359,0.408
1985-09-15T20:00,,25.4,90,0.359,0.408
1985-09-15T21:00,,25.3,90,0.359,0.408
1985-09-15T22:00,,25.2,90,0.359,0.408
1985-09-15T23:00,,24.9,91,0.36,0.408
1985-09-16T00:00,,24.8,92,0.36,0.408
1985-09-16T01:00,,24.7,92,0.361,0.408
1985-09-16T02:00,,24.9,92,0.361,0.407
1985-09-16T03:00,,25.9,87,0.362,0.407
1985-09-16T04:00,,27.0,80,0.362,0.407
1985-09-16T05:00,,28.0,75,0.362,0.407
1985-09-16T06:00,,28.6,72,0.361,0.406
1985-09-16T07:00,,29.1,70,0.359,0.406
1985-09-16T08:00,,29.3,69,0.357,0.406
1985-09-16T09:00,,29.3,70,0.354,0.405
1985-09-16T10:00,,29.0,71,0.352,0.405
1985-09-16T11:00,,28.6,74,0.35,0.404
1985-09-16T12:00,,27.9,77,0.349,0.404
1985-09-16T13:00,,27.2,81,0.349,0.404
1985-09-16T14:00,,26.5,85,0.349,0.404
1985-09-16T15:00,,26.2,87,0.349,0.404
1985-09-16T16:00,,25.9,88,0.349,0.404
1985-09-16T17:00,,25.7,90,0.349,0.404
1985-09-16T18:00,,25.6,90,0.349,0.404
1985-09-16T19:00,,25.7,90,0.349,0.404
1985-09-16T20:00,,25.5,91,0.35,0.404
1985-09-16T21:00,,25.4,91,0.35,0.404
1985-09-16T22:00,,25.1,92,0.35,0.404
1985-09-16T23:00,,25.0,93,0.351,0.404
1985-09-17T00:00,,24.9,94,0.351,0.404
1985-09-17T01:00,,24.6,94,0.352,0.404
1985-09-17T02:00,,25.0,93,0.353,0.404
1985-09-17T03:00,,26.2,86,0.354,0.403
1985-09-17T04:00,,27.3,80,0.355,0.403
1985-09-17T05:00,,28.1,75,0.354,0.403
1985-09-17T06:00,,28.6,73,0.354,0.403
1985-09-17T07:00,,29.0,72,0.352,0.402
1985-09-17T08:00,,29.3,72,0.35,0.402
1985-09-17T09:00,,28.8,73,0.351,0.401
1985-09-17T10:00,,28.3,75,0.354,0.401
1985-09-17T11:00,,28.1,76,0.353,0.401
1985-09-17T12:00,,27.7,79,0.352,0.401
1985-09-17T13:00,,27.1,82,0.352,0.401
1985-09-17T14:00,,26.6,85,0.352,0.401
1985-09-17T15:00,,26.3,87,0.352,0.401
1985-09-17T16:00,,26.0,88,0.352,0.401
1985-09-17T17:00,,25.8,89,0.352,0.401
1985-09-17T18:00,,25.7,90,0.352,0.401
1985-09-17T19:00,,25.5,90,0.352,0.401
1985-09-17T20:00,,25.4,90,0.352,0.4
1985-09-17T21:00,,25.3,91,0.352,0.4
1985-09-17T22:00,,25.2,91,0.353,0.4
1985-09-17T23:00,,25.0,92,0.353,0.4
1985-09-18T00:00,,24.9,92,0.353,0.4
1985-09-18T01:00,,24.8,92,0.354,0.4
1985-09-18T02:00,,25.2,91,0.354,0.4
1985-09-18T03:00,,26.2,85,0.355,0.4
1985-09-18T04:00,,27.2,78,0.355,0.4
1985-09-18T05:00,,28.0,74,0.354,0.4
1985-09-18T06:00,,28.4,72,0.353,0.399
1985-09-18T07:00,,28.8,70,0.351,0.399
1985-09-18T08:00,,28.9,69,0.349,0.399
1985-09-18T09:00,,29.0,68,0.346,0.398
1985-09-18T10:00,,28.9,67,0.344,0.398
1985-09-18T11:00,,28.4,68,0.342,0.397
1985-09-18T12:00,,27.9,71,0.341,0.397
1985-09-18T13:00,,27.0,75,0.34,0.397
1985-09-18T14:00,,26.4,78,0.34,0.397
1985-09-18T15:00,,26.0,80,0.34,0.397
1985-09-18T16:00,,25.7,82,0.34,0.397
1985-09-18T17:00,,25.4,84,0.34,0.397
1985-09-18T18:00,,25.2,85,0.34,0.397
1985-09-18T19:00,,25.4,85,0.34,0.397
1985-09-18T20:00,,25.3,86,0.34,0.397
1985-09-18T21:00,,25.1,87,0.34,0.397
1985-09-18T22:00,,25.0,88,0.341,0.397
1985-09-18T23:00,,24.9,88,0.341,0.397
1985-09-19T00:00,,24.9,88,0.341,0.397
1985-09-19T01:00,,24.8,88,0.341,0.397
1985-09-19T02:00,,25.3,86,0.341,0.397
1985-09-19T03:00,,26.3,80,0.341,0.397
1985-09-19T04:00,,27.3,75,0.34,0.396
1985-09-19T05:00,,28.0,71,0.338,0.396
1985-09-19T06:00,,28.4,68,0.336,0.396
1985-09-19T07:00,,28.9,69,0.333,0.395
1985-09-19T08:00,,28.9,69,0.331,0.395
1985-09-19T09:00,,29.0,69,0.329,0.394
1985-09-19T10:00,,28.7,69,0.327,0.394
1985-09-19T11:00,,28.3,70,0.326,0.394
1985-09-19T12:00,,27.8,71,0.325,0.393
1985-09-19T13:00,,27.1,76,0.325,0.393
1985-09-19T14:00,,26.5,79,0.325,0.393
1985-09-19T15:00,,26.1,81,0.325,0.393
1985-09-19T16:00,,25.8,82,0.325,0.393
1985-09-19T17:00,,25.6,84,0.325,0.393
1985-09-19T18:00,,25.4,85,0.325,0.393
1985-09-19T19:00,,25.5,85,0.325,0.393
1985-09-19T20:00,,25.4,85,0.325,0.393
1985-09-19T21:00,,25.3,85,0.325,0.393
1985-09-19T22:00,,25.2,86,0.325,0.393
1985-09-19T23:00,,25.2,86,0.325,0.393
1985-09-20T00:00,,25.0,86,0.325,0.393
1985-09-20T01:00,,24.8,88,0.326,0.393
1985-09-20T02:00,,25.3,87,0.326,0.393
1985-09-20T03:00,,26.4,80,0.326,0.393
1985-09-20T04:00,,27.4,74,0.325,0.392
1985-09-20T05:00,,28.1,70,0.323,0.392
1985-09-20T06:00,,28.7,67,0.321,0.392
1985-09-20T07:00,,29.0,67,0.319,0.391
1985-09-20T08:00,,29.1,66,0.316,0.391
1985-09-20T09:00,,29.1,66,0.314,0.39
1985-09-20T10:00,,29.0,65,0.312,0.39
1985-09-20T11:00,,28.5,67,0.31,0.389
1985-09-20T12:00,,27.9,70,0.309,0.389
1985-09-20T13:00,,27.2,75,0.309,0.389
1985-09-20T14:00,,26.6,79,0.309,0.389
1985-09-20T15:00,,26.2,82,0.309,0.389
1985-09-20T16:00,,26.0,83,0.309,0.389
1985-09-20T17:00,,25.8,85,0.309,0.389
1985-09-20T18:00,,25.6,85,0.309,0.389
1985-09-20T19:00,,25.8,85,0.309,0.389
1985-09-20T20:00,,25.6,86,0.309,0.389
1985-09-20T21:00,,25.4,87,0.31,0.389
1985-09-20T22:00,,25.2,88,0.31,0.389
1985-09-20T23:00,,25.0,89,0.31,0.389
1985-09-21T00:00,,25.0,89,0.31,0.389
1985-09-21T01:00,,24.8,89,0.31,0.389
1985-09-21T02:00,,25.3,87,0.311,0.389
1985-09-21T03:00,,26.6,80,0.31,0.388
1985-09-21T04:00,,27.6,74,0.31,0.388
1985-09-21T05:00,,28.5,69,0.308,0.388
1985-09-21T06:00,,29.1,67,0.306,0.387
1985-09-21T07:00,,29.1,69,0.304,0.387
1985-09-21T08:00,,29.5,68,0.302,0.386
1985-09-21T09:00,,29.5,67,0.3,0.386
1985-09-21T10:00,,29.5,66,0.298,0.386
1985-09-21T11:00,,29.1,66,0.296,0.385
1985-09-21T12:00,,28.3,70,0.295,0.385
1985-09-21T13:00,,27.5,74,0.295,0.385
1985-09-21T14:00,,26.9,78,0.295,0.385
1985-09-21T15:00,,26.6,80,0.295,0.385
1985-09-21T16:00,,26.4,82,0.295,0.385
1985-09-21T17:00,,26.3,82,0.295,0.385
1985-09-21T18:00,,26.2,83,0.295,0.385
1985-09-21T19:00,,26.2,84,0.295,0.385
1985-09-21T20:00,,26.3,84,0.295,0.385
1985-09-21T21:00,,26.1,85,0.296,0.385
1985-09-21T22:00,,25.9,86,0.296,0.385
1985-09-21T23:00,,25.8,87,0.296,0.385
1985-09-22T00:00,,25.7,87,0.296,0.385
1985-09-22T01:00,,25.6,87,0.298,0.384
1985-09-22T02:00,,25.5,87,0.304,0.384
1985-09-22T03:00,,26.0,85,0.307,0.384
1985-09-22T04:00,,27.0,80,0.308,0.384
1985-09-22T05:00,,28.0,74,0.307,0.384
1985-09-22T06:00,,28.7,72,0.306,0.384
1985-09-22T07:00,,28.6,72,0.304,0.383
1985-09-22T08:00,,28.7,71,0.302,0.383
1985-09-22T09:00,,28.8,71,0.301,0.383
1985-09-22T10:00,,28.6,71,0.299,0.382
1985-09-22T11:00,,28.4,72,0.298,0.382
1985-09-22T12:00,,28.0,74,0.297,0.382
1985-09-22T13:00,,27.2,78,0.297,0.382
1985-09-22T14:00,,26.8,80,0.297,0.382
1985-09-22T15:00,,26.6,81,0.297,0.382
1985-09-22T16:00,,26.4,82,0.297,0.382
1985-09-22T17:00,,26.3,82,0.297,0.382
1985-09-22T18:00,,26.1,83,0.297,0.382
1985-09-22T19:00,,26.2,84,0.297,0.382
1985-09-22T20:00,,26.1,84,0.297,0.382
1985-09-22T21:00,,26.0,85,0.297,0.382
1985-09-22T22:00,,25.9,85,0.297,0.382
1985-09-22T23:00,,25.8,85,0.297,0.382
1985-09-23T00:00,,25.8,85,0.297,0.382
1985-09-23T01:00,,25.7,85,0.297,0.382
1985-09-23T02:00,,26.0,84,0.297,0.381
1985-09-23T03:00,,27.0,79,0.297,0.381
1985-09-23T04:00,,27.7,75,0.297,0.381
1985-09-23T05:00,,28.4,71,0.295,0.381
1985-09-23T06:00,,28.9,68,0.294,0.38
1985-09-23T07:00,,28.9,69,0.292,0.38
1985-09-23T08:00,,29.1,68,0.29,0.38
1985-09-23T09:00,,29.1,67,0.288,0.379
1985-09-23T10:00,,28.8,66,0.286,0.379
1985-09-23T11:00,,28.4,67,0.285,0.379
1985-09-23T12:00,,27.8,71,0.284,0.379
1985-09-23T13:00,,27.0,75,0.283,0.378
1985-09-23T14:00,,26.4,78,0.283,0.378
1985-09-23T15:00,,26.1,80,0.283,0.378
1985-09-23T16:00,,25.9,81,0.283,0.378
1985-09-23T17:00,,25.7,82,0.283,0.378
1985-09-23T18:00,,25.5,82,0.283,0.378
1985-09-23T19:00,,25.6,82,0.283,0.378
1985-09-23T20:00,,25.4,83,0.283,0.378
1985-09-23T21:00,,25.2,84,0.283,0.378
1985-09-23T22:00,,25.0,85,0.284,0.378
1985-09-23T23:00,,24.8,86,0.284,0.378
1985-09-24T00:00,,24.7,86,0.284,0.378
1985-09-24T01:00,,24.6,87,0.284,0.378
1985-09-24T02:00,,25.0,85,0.284,0.378
1985-09-24T03:00,,26.0,79,0.284,0.378
1985-09-24T04:00,,26.9,73,0.283,0.378
1985-09-24T05:00,,27.8,68,0.281,0.377
1985-09-24T06:00,,28.5,64,0.28,0.377
1985-09-24T07:00,,28.9,62,0.277,0.376
1985-09-24T08:00,,29.1,61,0.275,0.376
1985-09-24T09:00,,29.3,60,0.273,0.376
1985-09-24T10:00,,29.0,62,0.272,0.375
1985-09-24T11:00,,28.5,64,0.27,0.375
1985-09-24T12:00,,27.9,67,0.27,0.375
1985-09-24T13:00,,27.1,71,0.269,0.375
1985-09-24T14:00,,26.5,74,0.269,0.375
1985-09-24T15:00,,26.1,76,0.269,0.375
1985-09-24T16:00,,25.8,78,0.269,0.375
1985-09-24T17:00,,25.5,80,0.269,0.375
1985-09-24T18:00,,25.2,82,0.269,0.375
1985-09-24T19:00,,25.2,85,0.27,0.374
1985-09-24T20:00,,25.0,86,0.27,0.374
1985-09-24T21:00,,24.8,87,0.27,0.374
1985-09-24T22:00,,24.6,87,0.27,0.374
1985-09-24T23:00,,24.4,88,0.27,0.374
1985-09-25T00:00,,24.0,89,0.271,0.374
1985-09-25T01:00,,23.9,91,0.271,0.374
1985-09-25T02:00,,24.5,90,0.271,0.374
1985-09-25T03:00,,25.8,84,0.271,0.374
1985-09-25T04:00,,27.1,76,0.271,0.374
1985-09-25T05:00,,28.1,70,0.27,0.374
1985-09-25T06:00,,29.0,65,0.269,0.373
1985-09-25T07:00,,29.7,62,0.267,0.373
1985-09-25T08:00,,30.2,60,0.265,0.372
1985-09-25T09:00,,30.4,59,0.263,0.372
1985-09-25T10:00,,30.0,62,0.261,0.371
1985-09-25T11:00,,29.3,66,0.26,0.371
1985-09-25T12:00,,28.4,69,0.259,0.371
1985-09-25T13:00,,27.5,74,0.259,0.371
1985-09-25T14:00,,26.7,78,0.259,0.371
1985-09-25T15:00,,26.3,81,0.259,0.371
1985-09-25T16:00,,25.9,83,0.259,0.371
1985-09-25T17:00,,25.5,86,0.259,0.371
1985-09-25T18:00,,25.1,88,0.26,0.371
1985-09-25T19:00,,25.0,90,0.26,0.371
1985-09-25T20:00,,24.7,91,0.26,0.371
1985-09-25T21:00,,24.5,92,0.26,0.371
1985-09-25T22:00,,24.2,94,0.261,0.371
1985-09-25T23:00,,23.9,96,0.261,0.371
1985-09-26T00:00,,24.3,94,0.261,0.371
1985-09-26T01:00,,24.3,95,0.261,0.371
1985-09-26T02:00,,24.7,94,0.261,0.371
1985-09-26T03:00,,26.5,86,0.262,0.371
1985-09-26T04:00,,27.9,77,0.261,0.37
1985-09-26T05:00,,29.1,69,0.26,0.37
1985-09-26T06:00,,30.1,64,0.258,0.369
1985-09-26T07:00,,31.3,61,0.255,0.369
1985-09-26T08:00,,31.8,59,0.253,0.368
1985-09-26T09:00,,32.1,57,0.251,0.368
1985-09-26T10:00,,32.0,57,0.249,0.368
1985-09-26T11:00,,31.4,59,0.248,0.367
1985-09-26T12:00,,30.3,64,0.248,0.367
1985-09-26T13:00,,29.0,70,0.247,0.367
1985-09-26T14:00,,28.0,75,0.247,0.367
1985-09-26T15:00,,27.3,79,0.247,0.367
1985-09-26T16:00,,26.9,82,0.248,0.367
1985-09-26T17:00,,26.5,85,0.248,0.367
1985-09-26T18:00,,26.1,88,0.248,0.367
1985-09-26T19:00,,26.1,90,0.248,0.367
1985-09-26T20:00,,25.8,91,0.248,0.367
1985-09-26T21:00,,25.6,93,0.248,0.367
1985-09-26T22:00,,25.4,94,0.249,0.367
1985-09-26T23:00,,25.2,95,0.249,0.367
1985-09-27T00:00,,25.0,96,0.249,0.367
1985-09-27T01:00,,24.7,97,0.249,0.367
1985-09-27T02:00,,25.3,96,0.25,0.367
1985-09-27T03:00,,27.3,87,0.25,0.367
1985-09-27T04:00,,28.8,76,0.249,0.366
1985-09-27T05:00,,30.2,69,0.248,0.366
1985-09-27T06:00,,31.4,63,0.246,0.365
1985-09-27T07:00,,32.8,56,0.244,0.365
1985-09-27T08:00,,33.4,54,0.242,0.364
1985-09-27T09:00,,33.5,54,0.24,0.364
1985-09-27T10:00,,33.2,55,0.238,0.364
1985-09-27T11:00,,32.6,58,0.237,0.363
1985-09-27T12:00,,31.2,66,0.237,0.363
1985-09-27T13:00,,29.6,74,0.237,0.363
1985-09-27T14:00,,28.6,80,0.237,0.363
1985-09-27T15:00,,27.9,84,0.237,0.363
1985-09-27T16:00,,27.5,87,0.237,0.363
1985-09-27T17:00,,27.1,89,0.237,0.363
1985-09-27T18:00,,26.7,91,0.237,0.363
1985-09-27T19:00,,26.4,93,0.238,0.363
1985-09-27T20:00,,26.1,95,0.238,0.363
1985-09-27T21:00,,25.9,95,0.238,0.363
1985-09-27T22:00,,25.8,95,0.238,0.363
1985-09-27T23:00,,25.6,96,0.238,0.363
1985-09-28T00:00,,25.5,96,0.239,0.363
1985-09-28T01:00,,25.3,97,0.239,0.363
1985-09-28T02:00,,25.8,95,0.239,0.363
1985-09-28T03:00,,27.5,87,0.239,0.363
1985-09-28T04:00,,29.1,77,0.238,0.362
1985-09-28T05:00,,30.3,71,0.237,0.362
1985-09-28T06:00,,31.3,67,0.236,0.362
1985-09-28T07:00,,32.3,62,0.234,0.361
1985-09-28T08:00,,32.8,60,0.232,0.361
1985-09-28T09:00,,32.8,60,0.231,0.36
1985-09-28T10:00,,32.6,61,0.23,0.36
1985-09-28T11:00,,32.1,62,0.229,0.36
1985-09-28T12:00,,31.1,67,0.229,0.359
1985-09-28T13:00,,29.7,73,0.228,0.359
1985-09-28T14:00,,28.7,78,0.228,0.359
1985-09-28T15:00,,28.1,81,0.229,0.359
1985-09-28T16:00,,27.7,84,0.229,0.359
1985-09-28T17:00,,27.3,86,0.229,0.359
1985-09-28T18:00,,27.0,89,0.229,0.359
1985-09-28T19:00,,26.8,91,0.229,0.359
1985-09-28T20:00,,26.4,93,0.229,0.359
1985-09-28T21:00,,26.2,94,0.229,0.359
1985-09-28T22:00,,26.0,95,0.23,0.359
1985-09-28T23:00,,25.9,95,0.23,0.359
1985-09-29T00:00,,25.7,96,0.23,0.359
1985-09-29T01:00,,25.6,96,0.23,0.359
1985-09-29T02:00,,26.1,94,0.23,0.359
1985-09-29T03:00,,27.6,85,0.23,0.359
1985-09-29T04:00,,29.2,76,0.23,0.359
1985-09-29T05:00,,30.4,69,0.229,0.358
1985-09-29T06:00,,31.5,65,0.228,0.358
1985-09-29T07:00,,32.5,62,0.226,0.358
1985-09-29T08:00,,33.0,60,0.225,0.357
1985-09-29T09:00,,33.2,59,0.223,0.357
1985-09-29T10:00,,33.1,59,0.222,0.356
1985-09-29T11:00,,32.5,62,0.221,0.356
1985-09-29T12:00,,31.4,66,0.221,0.356
1985-09-29T13:00,,30.1,72,0.221,0.356
1985-09-29T14:00,,29.1,76,0.221,0.356
1985-09-29T15:00,,28.5,80,0.221,0.356
1985-09-29T16:00,,28.0,84,0.221,0.356
1985-09-29T17:00,,27.5,87,0.221,0.356
1985-09-29T18:00,,27.2,89,0.222,0.356
1985-09-29T19:00,,26.9,92,0.222,0.356
1985-09-29T20:00,,26.6,93,0.222,0.356
1985-09-29T21:00,,26.4,94,0.222,0.356
1985-09-29T22:00,,26.2,95,0.222,0.356
1985-09-29T23:00,,26.0,95,0.222,0.356
1985-09-30T00:00,,25.8,95,0.223,0.356
1985-09-30T01:00,,25.6,96,0.223,0.356
1985-09-30T02:00,,26.1,94,0.223,0.356
1985-09-30T03:00,,27.8,84,0.223,0.355
1985-09-30T04:00,,29.5,74,0.223,0.355
1985-09-30T05:00,,30.8,68,0.222,0.355
1985-09-30T06:00,,32.0,63,0.221,0.354
1985-09-30T07:00,,32.7,61,0.219,0.354
1985-09-30T08:00,,33.3,58,0.218,0.354
1985-09-30T09:00,,33.7,56,0.217,0.353
1985-09-30T10:00,,33.9,55,0.216,0.353
1985-09-30T11:00,,33.6,56,0.215,0.353
1985-09-30T12:00,,32.9,59,0.215,0.352
1985-09-30T13:00,,31.6,65,0.215,0.352
1985-09-30T14:00,,30.5,70,0.215,0.352
1985-09-30T15:00,,29.8,73,0.215,0.352
1985-09-30T16:00,,29.0,78,0.215,0.352
1985-09-30T17:00,,28.4,83,0.215,0.352
1985-09-30T18:00,,27.9,87,0.215,0.352
1985-09-30T19:00,,27.6,89,0.215,0.352
1985-09-30T20:00,,27.2,92,0.215,0.352
1985-09-30T21:00,,26.8,94,0.216,0.352
1985-09-30T22:00,,26.5,95,0.216,0.352
1985-09-30T23:00,,26.2,97,0.216,0.352
1985-10-01T00:00,,26.0,97,0.216,0.352
1985-10-01T01:00,,25.8,97,0.216,0.352
1985-10-01T02:00,,26.2,95,0.216,0.352
1985-10-01T03:00,,28.2,85,0.216,0.352
1985-10-01T04:00,,30.1,72,0.216,0.352
1985-10-01T05:00,,31.6,64,0.215,0.352
1985-10-01T06:00,,33.0,57,0.214,0.351
1985-10-01T07:00,,33.9,52,0.213,0.351
1985-10-01T08:00,,34.5,48,0.212,0.35
1985-10-01T09:00,,34.9,45,0.211,0.35
1985-10-01T10:00,,34.8,44,0.21,0.349
1985-10-01T11:00,,34.4,46,0.209,0.349
1985-10-01T12:00,,33.5,50,0.209,0.349
1985-10-01T13:00,,32.4,54,0.209,0.349
1985-10-01T14:00,,31.5,55,0.209,0.349
1985-10-01T15:00,,30.9,54,0.209,0.349
1985-10-01T16:00,,30.4,55,0.209,0.349
1985-10-01T17:00,,29.6,59,0.209,0.349
1985-10-01T18:00,,28.5,68,0.209,0.349
1985-10-01T19:00,,28.3,56,0.209,0.349
1985-10-01T20:00,,27.3,58,0.209,0.349
1985-10-01T21:00,,26.3,64,0.209,0.349
1985-10-01T22:00,,25.3,70,0.209,0.349
1985-10-01T23:00,,24.8,75,0.209,0.349
1985-10-02T00:00,,24.5,77,0.209,0.349
1985-10-02T01:00,,24.0,78,0.21,0.349
1985-10-02T02:00,,25.0,71,0.21,0.349
1985-10-02T03:00,,27.5,61,0.21,0.349
1985-10-02T04:00,,30.4,50,0.209,0.348
1985-10-02T05:00,,32.8,41,0.209,0.348
1985-10-02T06:00,,34.6,36,0.208,0.348
1985-10-02T07:00,,36.0,33,0.206,0.347
1985-10-02T08:00,,36.3,31,0.205,0.347
1985-10-02T09:00,,36.3,31,0.205,0.347
1985-10-02T10:00,,36.1,31,0.204,0.346
1985-10-02T11:00,,35.7,32,0.203,0.346
1985-10-02T12:00,,34.6,37,0.203,0.346
1985-10-02T13:00,,32.9,42,0.203,0.346
1985-10-02T14:00,,31.7,45,0.203,0.346
1985-10-02T15:00,,31.0,48,0.203,0.346
1985-10-02T16:00,,30.6,49,0.203,0.346
1985-10-02T17:00,,30.1,51,0.203,0.346
1985-10-02T18:00,,29.6,51,0.203,0.346
1985-10-02T19:00,,29.4,46,0.203,0.346
1985-10-02T20:00,,29.2,46,0.203,0.346
1985-10-02T21:00,,28.7,49,0.203,0.346
1985-10-02T22:00,,28.2,52,0.203,0.346
1985-10-02T23:00,,27.9,53,0.203,0.346
1985-10-03T00:00,,27.8,53,0.203,0.346
1985-10-03T01:00,,27.8,53,0.203,0.346
1985-10-03T02:00,,28.1,54,0.203,0.346
1985-10-03T03:00,,29.1,53,0.203,0.345
1985-10-03T04:00,,31.1,48,0.202,0.345
1985-10-03T05:00,,32.9,45,0.202,0.345
1985-10-03T06:00,,34.0,42,0.201,0.345
1985-10-03T07:00,,34.4,41,0.2,0.344
1985-10-03T08:00,,35.1,39,0.2,0.344
1985-10-03T09:00,,35.2,39,0.199,0.344
1985-10-03T10:00,,35.1,39,0.199,0.343
1985-10-03T11:00,,34.4,42,0.198,0.343
1985-10-03T12:00,,33.4,47,0.198,0.343
1985-10-03T13:00,,32.1,53,0.198,0.343
1985-10-03T14:00,,31.3,55,0.198,0.343
1985-10-03T15:00,,31.0,55,0.198,0.343
1985-10-03T16:00,,30.7,56,0.198,0.343
1985-10-03T17:00,,30.1,57,0.198,0.343
1985-10-03T18:00,,29.6,57,0.198,0.343
1985-10-03T19:00,,28.8,64,0.198,0.343
1985-10-03T20:00,,28.2,68,0.198,0.343
1985-10-03T21:00,,27.8,72,0.198,0.343
1985-10-03T22:00,,27.4,75,0.199,0.343
1985-10-03T23:00,,27.0,78,0.199,0.343
1985-10-04T00:00,,26.7,81,0.199,0.343
1985-10-04T01:00,,26.7,80,0.199,0.343
1985-10-04T02:00,,27.1,79,0.199,0.343
1985-10-04T03:00,,28.4,70,0.199,0.343
1985-10-04T04:00,,29.7,64,0.199,0.342
1985-10-04T05:00,,30.5,61,0.199,0.342
1985-10-04T06:00,,31.6,58,0.198,0.342
1985-10-04T07:00,,33.0,54,0.198,0.342
1985-10-04T08:00,,33.5,52,0.197,0.341
1985-10-04T09:00,,33.4,52,0.197,0.341
1985-10-04T10:00,,32.3,58,0.2,0.341
1985-10-04T11:00,,30.7,67,0.214,0.341
1985-10-04T12:00,,29.0,77,0.23,0.341
1985-10-04T13:00,,28.3,82,0.231,0.341
1985-10-04T14:00,,27.5,86,0.247,0.341
1985-10-04T15:00,,26.6,91,0.275,0.341
1985-10-04T16:00,,26.5,92,0.275,0.341
1985-10-04T17:00,,26.5,92,0.277,0.341
1985-10-04T18:00,,26.4,92,0.278,0.341
1985-10-04T19:00,,26.3,90,0.281,0.341
1985-10-04T20:00,,26.1,89,0.281,0.341
1985-10-04T21:00,,26.0,88,0.282,0.341
1985-10-04T22:00,,25.9,88,0.282,0.341
1985-10-04T23:00,,25.7,88,0.282,0.341
1985-10-05T00:00,,25.7,88,0.282,0.341
1985-10-05T01:00,,25.6,88,0.282,0.341
1985-10-05T02:00,,26.0,88,0.283,0.341
1985-10-05T03:00,,26.9,83,0.283,0.341
1985-10-05T04:00,,27.9,78,0.287,0.341
1985-10-05T05:00,,28.9,73,0.291,0.341
1985-10-05T06:00,,28.8,74,0.293,0.341
1985-10-05T07:00,,30.2,67,0.292,0.341
1985-10-05T08:00,,31.0,65,0.29,0.34
1985-10-05T09:00,,30.9,66,0.289,0.34
1985-10-05T10:00,,30.2,69,0.333,0.34
1985-10-05T11:00,,28.1,82,0.417,0.34
1985-10-05T12:00,,26.9,90,0.471,0.341
1985-10-05T13:00,,26.6,92,0.472,0.343
1985-10-05T14:00,,26.4,93,0.467,0.345
1985-10-05T15:00,,26.4,93,0.464,0.346
1985-10-05T16:00,,26.6,91,0.462,0.347
1985-10-05T17:00,,26.3,93,0.469,0.348
1985-10-05T18:00,,26.1,93,0.479,0.35
1985-10-05T19:00,,26.3,91,0.475,0.352
1985-10-05T20:00,,26.1,90,0.472,0.353
1985-10-05T21:00,,25.9,88,0.47,0.355
1985-10-05T22:00,,25.6,88,0.468,0.356
1985-10-05T23:00,,25.4,90,0.468,0.357
1985-10-06T00:00,,25.3,90,0.468,0.358
1985-10-06T01:00,,25.2,90,0.467,0.359
1985-10-06T02:00,,25.5,89,0.466,0.36
1985-10-06T03:00,,26.5,85,0.464,0.361
1985-10-06T04:00,,27.7,78,0.461,0.362
1985-10-06T05:00,,28.9,72,0.457,0.362
1985-10-06T06:00,,30.2,67,0.452,0.363
1985-10-06T07:00,,30.5,67,0.447,0.363
1985-10-06T08:00,,30.0,70,0.461,0.363
1985-10-06T09:00,,28.6,78,0.517,0.364
1985-10-06T10:00,,27.5,81,0.45,0.398
1985-10-06T11:00,,27.1,83,0.443,0.402
1985-10-06T12:00,,27.1,83,0.447,0.403
1985-10-06T13:00,,26.8,84,0.447,0.404
1985-10-06T14:00,,25.9,90,0.457,0.405
1985-10-06T15:00,,25.8,89,0.465,0.406
1985-10-06T16:00,,25.5,90,0.493,0.407
1985-10-06T17:00,,25.2,91,0.479,0.421
1985-10-06T18:00,,25.0,92,0.495,0.423
1985-10-06T19:00,,24.8,92,0.499,0.43
1985-10-06T20:00,,24.7,91,0.499,0.435
1985-10-06T21:00,,24.7,90,0.506,0.438
1985-10-06T22:00,,24.7,90,0.497,0.442
1985-10-06T23:00,,24.7,90,0.495,0.444
1985-10-07T00:00,,24.6,90,0.496,0.445
1985-10-07T01:00,,24.6,91,0.496,0.446
1985-10-07T02:00,,24.7,90,0.496,0.448
1985-10-07T03:00,,24.9,89,0.503,0.449
1985-10-07T04:00,,25.3,88,0.508,0.452
1985-10-07T05:00,,25.5,87,0.507,0.455
1985-10-07T06:00,,25.9,87,0.503,0.458
1985-10-07T07:00,,26.6,84,0.506,0.459
1985-10-07T08:00,,27.1,82,0.501,0.462
1985-10-07T09:00,,26.9,82,0.498,0.463
1985-10-07T10:00,,26.6,83,0.496,0.464
1985-10-07T11:00,,26.3,84,0.498,0.464
1985-10-07T12:00,,25.7,87,0.512,0.466
1985-10-07T13:00,,25.3,90,0.512,0.47
1985-10-07T14:00,,25.2,90,0.504,0.473
1985-10-07T15:00,,25.0,90,0.502,0.474
1985-10-07T16:00,,25.1,91,0.501,0.475
1985-10-07T17:00,,24.9,92,0.501,0.476
1985-10-07T18:00,,24.8,92,0.504,0.477
1985-10-07T19:00,,24.7,93,0.515,0.479
1985-10-07T20:00,,24.9,92,0.473,0.497
1985-10-07T21:00,,24.9,92,0.487,0.495
1985-10-07T22:00,,24.7,93,0.503,0.495
1985-10-07T23:00,,24.5,94,0.506,0.499
1985-10-08T00:00,,24.6,95,0.512,0.5
1985-10-08T01:00,,24.7,94,0.474,0.509
1985-10-08T02:00,,24.9,93,0.439,0.488
1985-10-08T03:00,,25.2,93,0.442,0.488
1985-10-08T04:00,,25.5,94,0.452,0.487
1985-10-08T05:00,,26.0,93,0.461,0.487
1985-10-08T06:00,,26.1,91,0.471,0.487
1985-10-08T07:00,,27.2,84,0.473,0.487
1985-10-08T08:00,,27.8,83,0.47,0.487
1985-10-08T09:00,,28.3,78,0.47,0.486
1985-10-08T10:00,,28.5,77,0.468,0.485
1985-10-08T11:00,,28.5,76,0.467,0.484
1985-10-08T12:00,,27.5,79,0.467,0.484
1985-10-08T13:00,,27.1,82,0.467,0.483
1985-10-08T14:00,,26.6,85,0.468,0.483
1985-10-08T15:00,,26.3,87,0.469,0.482
1985-10-08T16:00,,26.2,88,0.469,0.482
1985-10-08T17:00,,26.1,89,0.469,0.482
1985-10-08T18:00,,25.9,91,0.469,0.481
1985-10-08T19:00,,25.6,92,0.47,0.481
1985-10-08T20:00,,25.4,93,0.471,0.481
1985-10-08T21:00,,25.2,94,0.474,0.48
1985-10-08T22:00,,25.1,94,0.475,0.48
1985-10-08T23:00,,25.1,93,0.478,0.48
1985-10-09T00:00,,25.0,94,0.478,0.48
1985-10-09T01:00,,25.0,95,0.479,0.48
1985-10-09T02:00,,25.4,94,0.48,0.479
1985-10-09T03:00,,26.7,88,0.48,0.479
1985-10-09T04:00,,27.9,81,0.48,0.479
1985-10-09T05:00,,28.8,76,0.477,0.478
1985-10-09T06:00,,29.5,72,0.474,0.478
1985-10-09T07:00,,29.9,69,0.47,0.477
1985-10-09T08:00,,30.2,68,0.466,0.476
1985-10-09T09:00,,30.5,67,0.462,0.475
1985-10-09T10:00,,30.4,68,0.459,0.474
1985-10-09T11:00,,29.8,71,0.457,0.474
1985-10-09T12:00,,28.9,78,0.456,0.473
1985-10-09T13:00,,27.7,84,0.455,0.473
1985-10-09T14:00,,26.9,88,0.456,0.472
1985-10-09T15:00,,26.4,91,0.456,0.472
1985-10-09T16:00,,26.2,93,0.456,0.472
1985-10-09T17:00,,25.9,95,0.456,0.472
1985-10-09T18:00,,25.8,95,0.456,0.471
1985-10-09T19:00,,25.4,96,0.456,0.471
1985-10-09T20:00,,25.3,96,0.457,0.471
1985-10-09T21:00,,25.2,96,0.457,0.47
1985-10-09T22:00,,25.2,96,0.457,0.47
1985-10-09T23:00,,25.1,96,0.457,0.47
1985-10-10T00:00,,25.2,95,0.458,0.47
1985-10-10T01:00,,25.1,94,0.458,0.47
1985-10-10T02:00,,25.4,93,0.458,0.469
1985-10-10T03:00,,26.2,87,0.458,0.469
1985-10-10T04:00,,27.2,81,0.457,0.469
1985-10-10T05:00,,28.0,77,0.454,0.468
1985-10-10T06:00,,28.7,73,0.451,0.467
1985-10-10T07:00,,29.1,70,0.448,0.466
1985-10-10T08:00,,29.2,70,0.444,0.465
1985-10-10T09:00,,29.1,71,0.441,0.465
1985-10-10T10:00,,28.7,73,0.438,0.464
1985-10-10T11:00,,28.2,76,0.437,0.463
1985-10-10T12:00,,27.5,78,0.436,0.463
1985-10-10T13:00,,26.5,83,0.436,0.463
1985-10-10T14:00,,25.7,86,0.436,0.462
1985-10-10T15:00,,25.2,88,0.436,0.462
1985-10-10T16:00,,24.8,90,0.437,0.462
1985-10-10T17:00,,24.5,91,0.437,0.462
1985-10-10T18:00,,24.3,92,0.438,0.461
1985-10-10T19:00,,24.2,91,0.438,0.461
1985-10-10T20:00,,24.0,92,0.438,0.461
1985-10-10T21:00,,23.8,94,0.439,0.461
1985-10-10T22:00,,24.1,92,0.439,0.46
1985-10-10T23:00,,24.1,93,0.439,0.46
1985-10-11T00:00,,23.5,96,0.439,0.46
1985-10-11T01:00,,23.6,95,0.44,0.46
1985-10-11T02:00,,24.1,94,0.44,0.46
1985-10-11T03:00,,25.2,87,0.44,0.459
1985-10-11T04:00,,26.4,81,0.438,0.459
1985-10-11T05:00,,27.5,76,0.436,0.458
1985-10-11T06:00,,28.5,72,0.434,0.457
1985-10-11T07:00,,28.8,73,0.431,0.457
1985-10-11T08:00,,29.1,73,0.429,0.456
1985-10-11T09:00,,29.2,72,0.427,0.455
1985-10-11T10:00,,29.2,72,0.425,0.455
1985-10-11T11:00,,28.9,73,0.423,0.454
1985-10-11T12:00,,28.2,76,0.423,0.454
1985-10-11T13:00,,27.0,79,0.426,0.453
1985-10-11T14:00,,26.4,83,0.426,0.453
1985-10-11T15:00,,25.7,88,0.426,0.453
1985-10-11T16:00,,25.2,88,0.427,0.453
1985-10-11T17:00,,25.0,88,0.427,0.453
1985-10-11T18:00,,24.7,88,0.427,0.452
1985-10-11T19:00,,24.7,86,0.428,0.452
1985-10-11T20:00,,24.3,85,0.428,0.452
1985-10-11T21:00,,23.9,85,0.428,0.452
1985-10-11T22:00,,23.4,85,0.428,0.452
1985-10-11T23:00,,22.8,87,0.429,0.452
1985-10-12T00:00,,22.3,88,0.429,0.451
1985-10-12T01:00,,21.9,89,0.429,0.451
1985-10-12T02:00,,22.5,87,0.429,0.451
1985-10-12T03:00,,24.3,78,0.429,0.451
1985-10-12T04:00,,26.2,69,0.428,0.45
1985-10-12T05:00,,27.7,61,0.425,0.45
1985-10-12T06:00,,28.8,54,0.421,0.449
1985-10-12T07:00,,29.5,52,0.417,0.448
1985-10-12T08:00,,29.8,49,0.413,0.447
1985-10-12T09:00,,29.8,49,0.41,0.447
1985-10-12T10:00,,29.4,52,0.407,0.446
1985-10-12T11:00,,28.8,57,0.405,0.445
1985-10-12T12:00,,27.9,65,0.404,0.445
1985-10-12T13:00,,26.8,71,0.404,0.445
1985-10-12T14:00,,26.0,76,0.404,0.445
1985-10-12T15:00,,25.5,79,0.405,0.444
1985-10-12T16:00,,25.1,81,0.405,0.444
1985-10-12T17:00,,24.8,83,0.405,0.444
1985-10-12T18:00,,24.5,85,0.406,0.444
1985-10-12T19:00,,24.4,83,0.406,0.444
1985-10-12T20:00,,24.7,81,0.407,0.443
1985-10-12T21:00,,24.3,84,0.407,0.443
1985-10-12T22:00,,23.6,88,0.407,0.443
1985-10-12T23:00,,23.8,88,0.408,0.443
1985-10-13T00:00,,23.2,91,0.408,0.443
1985-10-13T01:00,,21.9,96,0.409,0.442
1985-10-13T02:00,,22.5,95,0.409,0.442
1985-10-13T03:00,,25.2,89,0.409,0.442
1985-10-13T04:00,,26.9,83,0.408,0.442
1985-10-13T05:00,,28.1,73,0.406,0.441
1985-10-13T06:00,,29.1,64,0.403,0.44
1985-10-13T07:00,,29.8,60,0.399,0.44
1985-10-13T08:00,,30.1,58,0.396,0.439
1985-10-13T09:00,,30.2,55,0.392,0.438
1985-10-13T10:00,,30.1,54,0.389,0.437
1985-10-13T11:00,,29.6,56,0.388,0.437
1985-10-13T12:00,,28.6,63,0.387,0.436
1985-10-13T13:00,,27.2,70,0.387,0.436
1985-10-13T14:00,,26.1,75,0.387,0.436
1985-10-13T15:00,,25.4,79,0.387,0.436
1985-10-13T16:00,,24.9,81,0.388,0.435
1985-10-13T17:00,,24.3,84,0.388,0.435
1985-10-13T18:00,,23.8,86,0.389,0.435
1985-10-13T19:00,,23.7,88,0.389,0.435
1985-10-13T20:00,,23.5,89,0.389,0.435
1985-10-13T21:00,,23.0,91,0.39,0.435
1985-10-13T22:00,,22.3,94,0.39,0.434
1985-10-13T23:00,,21.8,95,0.391,0.434
1985-10-14T00:00,,21.9,95,0.391,0.434
1985-10-14T01:00,,21.9,94,0.392,0.434
1985-10-14T02:00,,22.7,93,0.392,0.434
1985-10-14T03:00,,25.0,86,0.392,0.434
1985-10-14T04:00,,26.7,80,0.391,0.433
1985-10-14T05:00,,27.9,71,0.389,0.433
1985-10-14T06:00,,28.9,65,0.386,0.432
1985-10-14T07:00,,29.5,60,0.382,0.431
1985-10-14T08:00,,29.8,59,0.379,0.43
1985-10-14T09:00,,29.8,59,0.376,0.43
1985-10-14T10:00,,29.6,59,0.373,0.429
1985-10-14T11:00,,29.1,61,0.371,0.428
1985-10-14T12:00,,28.2,67,0.371,0.428
1985-10-14T13:00,,26.9,74,0.371,0.428
1985-10-14T14:00,,25.9,80,0.371,0.428
1985-10-14T15:00,,25.3,83,0.371,0.427
1985-10-14T16:00,,24.8,87,0.372,0.427
1985-10-14T17:00,,24.3,89,0.372,0.427
1985-10-14T18:00,,23.8,91,0.373,0.427
1985-10-14T19:00,,24.0,93,0.373,0.427
1985-10-14T20:00,,23.9,94,0.374,0.427
1985-10-14T21:00,,23.8,95,0.374,0.426
1985-10-14T22:00,,23.7,96,0.374,0.426
1985-10-14T23:00,,23.6,96,0.375,0.426
1985-10-15T00:00,,23.6,96,0.375,0.426
1985-10-15T01:00,,23.4,97,0.376,0.426
1985-10-15T02:00,,23.8,96,0.376,0.426
1985-10-15T03:00,,24.9,89,0.376,0.426
1985-10-15T04:00,,26.0,82,0.375,0.425
1985-10-15T05:00,,27.1,76,0.373,0.425
1985-10-15T06:00,,28.0,72,0.371,0.424
1985-10-15T07:00,,28.7,67,0.367,0.423
1985-10-15T08:00,,28.7,67,0.364,0.423
1985-10-15T09:00,,28.4,69,0.362,0.422
1985-10-15T10:00,,28.1,71,0.36,0.421
1985-10-15T11:00,,27.6,73,0.358,0.421
1985-10-15T12:00,,26.8,77,0.358,0.421
1985-10-15T13:00,,26.0,82,0.358,0.421
1985-10-15T14:00,,25.4,85,0.358,0.42
1985-10-15T15:00,,25.0,86,0.359,0.42
1985-10-15T16:00,,24.6,88,0.359,0.42
1985-10-15T17:00,,24.3,89,0.359,0.42
1985-10-15T18:00,,24.2,90,0.36,0.42
1985-10-15T19:00,,24.3,91,0.36,0.42
1985-10-15T20:00,,24.2,91,0.361,0.42
1985-10-15T21:00,,24.3,91,0.361,0.419
1985-10-15T22:00,,24.3,90,0.361,0.419
1985-10-15T23:00,,24.4,89,0.362,0.419
1985-10-16T00:00,,24.3,89,0.362,0.419
1985-10-16T01:00,,24.3,88,0.363,0.419
1985-10-16T02:00,,24.6,87,0.363,0.419
1985-10-16T03:00,,25.2,82,0.363,0.418
1985-10-16T04:00,,26.0,78,0.362,0.418
1985-10-16T05:00,,26.9,73,0.361,0.418
1985-10-16T06:00,,27.6,69,0.358,0.417
1985-10-16T07:00,,28.3,66,0.356,0.416
1985-10-16T08:00,,28.7,64,0.353,0.416
1985-10-16T09:00,,28.6,66,0.351,0.415
1985-10-16T10:00,,28.3,67,0.349,0.415
1985-10-16T11:00,,27.8,70,0.347,0.414
1985-10-16T12:00,,26.9,75,0.347,0.414
1985-10-16T13:00,,25.9,80,0.347,0.414
1985-10-16T14:00,,25.3,83,0.347,0.414
1985-10-16T15:00,,24.9,84,0.347,0.414
1985-10-16T16:00,,24.5,86,0.347,0.413
1985-10-16T17:00,,24.3,87,0.348,0.413
1985-10-16T18:00,,24.0,88,0.348,0.413
1985-10-16T19:00,,23.9,89,0.349,0.413
1985-10-16T20:00,,23.6,90,0.349,0.413
1985-10-16T21:00,,23.4,91,0.349,0.413
1985-10-16T22:00,,23.3,91,0.35,0.413
1985-10-16T23:00,,23.2,91,0.35,0.413
1985-10-17T00:00,,23.2,91,0.35,0.412
1985-10-17T01:00,,23.1,91,0.351,0.412
1985-10-17T02:00,,23.7,90,0.351,0.412
1985-10-17T03:00,,25.2,83,0.351,0.412
1985-10-17T04:00,,26.3,76,0.35,0.412
1985-10-17T05:00,,27.1,71,0.349,0.411
1985-10-17T06:00,,27.8,67,0.347,0.411
1985-10-17T07:00,,28.4,64,0.344,0.41
1985-10-17T08:00,,28.8,62,0.341,0.409
1985-10-17T09:00,,28.7,63,0.339,0.409
1985-10-17T10:00,,28.2,66,0.337,0.408
1985-10-17T11:00,,27.5,69,0.335,0.408
1985-10-17T12:00,,26.8,72,0.335,0.408
1985-10-17T13:00,,25.9,76,0.335,0.408
1985-10-17T14:00,,25.2,79,0.335,0.407
1985-10-17T15:00,,24.7,82,0.335,0.407
1985-10-17T16:00,,24.3,84,0.335,0.407
1985-10-17T17:00,,23.9,86,0.336,0.407
1985-10-17T18:00,,23.4,89,0.336,0.407
1985-10-17T19:00,,22.9,91,0.336,0.407
1985-10-17T20:00,,22.5,92,0.337,0.407
1985-10-17T21:00,,22.2,93,0.337,0.407
1985-10-17T22:00,,21.9,94,0.338,0.407
1985-10-17T23:00,,21.7,95,0.338,0.406
1985-10-18T00:00,,21.5,95,0.338,0.406
1985-10-18T01:00,,21.9,93,0.339,0.406
1985-10-18T02:00,,22.7,93,0.339,0.406
1985-10-18T03:00,,24.6,86,0.339,0.406
1985-10-18T04:00,,26.1,78,0.338,0.406
1985-10-18T05:00,,27.1,71,0.337,0.405
1985-10-18T06:00,,27.8,68,0.335,0.405
1985-10-18T07:00,,28.6,66,0.332,0.404
1985-10-18T08:00,,28.9,64,0.329,0.403
1985-10-18T09:00,,28.8,65,0.327,0.403
1985-10-18T10:00,,28.7,66,0.325,0.402
1985-10-18T11:00,,28.3,67,0.323,0.402
1985-10-18T12:00,,27.6,71,0.323,0.402
1985-10-18T13:00,,26.5,76,0.323,0.402
1985-10-18T14:00,,25.5,81,0.323,0.401
1985-10-18T15:00,,25.0,83,0.323,0.401
1985-10-18T16:00,,24.4,86,0.324,0.401
1985-10-18T17:00,,23.8,89,0.324,0.401
1985-10-18T18:00,,23.6,89,0.324,0.401
1985-10-18T19:00,,24.0,88,0.325,0.401
1985-10-18T20:00,,23.6,90,0.325,0.401
1985-10-18T21:00,,22.4,94,0.325,0.401
1985-10-18T22:00,,21.2,97,0.326,0.401
1985-10-18T23:00,,21.4,96,0.326,0.4
1985-10-19T00:00,,21.3,96,0.326,0.4
1985-10-19T01:00,,21.3,96,0.327,0.4
1985-10-19T02:00,,21.7,96,0.327,0.4
1985-10-19T03:00,,23.5,91,0.327,0.4
1985-10-19T04:00,,25.7,81,0.327,0.4
1985-10-19T05:00,,27.5,71,0.325,0.399
1985-10-19T06:00,,28.9,63,0.322,0.399
1985-10-19T07:00,,30.2,55,0.32,0.398
1985-10-19T08:00,,31.0,49,0.317,0.397
1985-10-19T09:00,,31.3,47,0.314,0.397
1985-10-19T10:00,,31.4,46,0.311,0.396
1985-10-19T11:00,,31.0,48,0.31,0.396
1985-10-19T12:00,,29.9,56,0.309,0.395
1985-10-19T13:00,,28.2,65,0.309,0.395
1985-10-19T14:00,,27.0,70,0.309,0.395
1985-10-19T15:00,,26.2,74,0.309,0.395
1985-10-19T16:00,,25.6,76,0.309,0.395
1985-10-19T17:00,,25.0,76,0.309,0.395
1985-10-19T18:00,,24.5,75,0.309,0.395
1985-10-19T19:00,,24.0,71,0.31,0.395
1985-10-19T20:00,,23.5,69,0.31,0.395
1985-10-19T21:00,,23.1,68,0.31,0.394
1985-10-19T22:00,,22.5,69,0.31,0.394
1985-10-19T23:00,,22.0,72,0.31,0.394
1985-10-20T00:00,,21.4,75,0.31,0.394
1985-10-20T01:00,,21.0,75,0.311,0.394
1985-10-20T02:00,,21.3,76,0.311,0.394
1985-10-20T03:00,,24.3,64,0.311,0.394
1985-10-20T04:00,,27.0,56,0.31,0.393
1985-10-20T05:00,,29.3,47,0.308,0.393
1985-10-20T06:00,,30.9,40,0.305,0.392
1985-10-20T07:00,,32.0,36,0.302,0.392
1985-10-20T08:00,,32.5,35,0.299,0.391
1985-10-20T09:00,,32.7,35,0.297,0.39
1985-10-20T10:00,,32.5,36,0.294,0.39
1985-10-20T11:00,,31.8,41,0.293,0.389
1985-10-20T12:00,,30.4,50,0.292,0.389
1985-10-20T13:00,,28.6,57,0.291,0.389
1985-10-20T14:00,,27.3,60,0.291,0.389
1985-10-20T15:00,,26.4,61,0.291,0.389
1985-10-20T16:00,,25.6,61,0.291,0.389
1985-10-20T17:00,,24.9,59,0.291,0.389
1985-10-20T18:00,,24.2,58,0.291,0.388
1985-10-20T19:00,,23.5,57,0.291,0.388
1985-10-20T20:00,,22.9,58,0.291,0.388
1985-10-20T21:00,,22.4,58,0.291,0.388
1985-10-20T22:00,,22.0,56,0.291,0.388
1985-10-20T23:00,,21.7,55,0.291,0.388
1985-10-21T00:00,,21.4,55,0.291,0.388
1985-10-21T01:00,,21.1,55,0.291,0.388
1985-10-21T02:00,,21.3,56,0.291,0.388
1985-10-21T03:00,,24.1,50,0.291,0.387
1985-10-21T04:00,,27.1,41,0.29,0.387
1985-10-21T05:00,,29.4,36,0.288,0.387
1985-10-21T06:00,,31.1,32,0.286,0.386
1985-10-21T07:00,,32.4,29,0.283,0.385
1985-10-21T08:00,,32.8,29,0.28,0.385
1985-10-21T09:00,,32.9,29,0.277,0.384
1985-10-21T10:00,,32.5,31,0.275,0.384
1985-10-21T11:00,,31.7,37,0.274,0.383
1985-10-21T12:00,,30.0,47,0.273,0.383
1985-10-21T13:00,,28.1,54,0.273,0.383
1985-10-21T14:00,,26.8,58,0.273,0.383
1985-10-21T15:00,,25.9,60,0.273,0.383
1985-10-21T16:00,,25.3,61,0.273,0.382
1985-10-21T17:00,,24.4,63,0.273,0.382
1985-10-21T18:00,,23.5,64,0.273,0.382
1985-10-21T19:00,,22.8,64,0.273,0.382
1985-10-21T20:00,,22.2,62,0.273,0.382
1985-10-21T21:00,,21.7,61,0.273,0.382
1985-10-21T22:00,,21.2,60,0.273,0.382
1985-10-21T23:00,,20.7,61,0.273,0.382
1985-10-22T00:00,,20.4,60,0.273,0.382
1985-10-22T01:00,,20.2,58,0.273,0.382
1985-10-22T02:00,,20.7,57,0.273,0.382
1985-10-22T03:00,,23.6,49,0.273,0.381
1985-10-22T04:00,,27.0,41,0.272,0.381
1985-10-22T05:00,,29.7,35,0.271,0.381
1985-10-22T06:00,,31.4,30,0.268,0.38
1985-10-22T07:00,,32.0,30,0.266,0.379
1985-10-22T08:00,,32.4,30,0.263,0.379
1985-10-22T09:00,,32.4,30,0.261,0.378
1985-10-22T10:00,,32.1,31,0.259,0.378
1985-10-22T11:00,,31.4,36,0.258,0.377
1985-10-22T12:00,,29.8,46,0.257,0.377
1985-10-22T13:00,,27.9,53,0.257,0.377
1985-10-22T14:00,,26.7,55,0.257,0.377
1985-10-22T15:00,,26.0,57,0.257,0.377
1985-10-22T16:00,,25.3,59,0.257,0.377
1985-10-22T17:00,,24.4,61,0.257,0.377
1985-10-22T18:00,,23.5,62,0.257,0.376
1985-10-22T19:00,,22.5,68,0.257,0.376
1985-10-22T20:00,,21.8,67,0.257,0.376
1985-10-22T21:00,,21.2,66,0.257,0.376
1985-10-22T22:00,,20.7,64,0.257,0.376
1985-10-22T23:00,,20.3,64,0.257,0.376
1985-10-23T00:00,,19.9,62,0.257,0.376
1985-10-23T01:00,,19.6,60,0.257,0.376
1985-10-23T02:00,,20.0,58,0.258,0.376
1985-10-23T03:00,,23.0,50,0.257,0.376
1985-10-23T04:00,,26.5,41,0.257,0.375
1985-10-23T05:00,,29.2,35,0.255,0.375
1985-10-23T06:00,,31.0,29,0.253,0.374
1985-10-23T07:00,,31.9,26,0.251,0.374
1985-10-23T08:00,,32.4,25,0.249,0.373
1985-10-23T09:00,,32.5,25,0.246,0.373
1985-10-23T10:00,,32.3,24,0.245,0.372
1985-10-23T11:00,,31.8,27,0.243,0.372
1985-10-23T12:00,,30.2,36,0.243,0.371
1985-10-23T13:00,,28.1,43,0.242,0.371
1985-10-23T14:00,,26.6,48,0.242,0.371
1985-10-23T15:00,,25.6,51,0.242,0.371
1985-10-23T16:00,,24.8,52,0.242,0.371
1985-10-23T17:00,,23.9,52,0.242,0.371
1985-10-23T18:00,,23.1,51,0.242,0.371
1985-10-23T19:00,,22.2,52,0.242,0.371
1985-10-23T20:00,,21.6,51,0.242,0.371
1985-10-23T21:00,,20.9,51,0.242,0.371
1985-10-23T22:00,,20.4,53,0.242,0.371
1985-10-23T23:00,,19.9,54,0.242,0.371
1985-10-24T00:00,,19.6,55,0.242,0.371
1985-10-24T01:00,,19.3,56,0.242,0.37
1985-10-24T02:00,,19.7,58,0.242,0.37
1985-10-24T03:00,,22.8,49,0.242,0.37
1985-10-24T04:00,,26.0,40,0.241,0.37
1985-10-24T05:00,,28.7,34,0.24,0.369
1985-10-24T06:00,,30.8,29,0.239,0.369
1985-10-24T07:00,,32.0,25,0.236,0.368
1985-10-24T08:00,,32.5,24,0.234,0.368
1985-10-24T09:00,,32.7,24,0.233,0.367
1985-10-24T10:00,,32.5,25,0.231,0.367
1985-10-24T11:00,,32.0,27,0.23,0.366
1985-10-24T12:00,,30.4,34,0.229,0.366
1985-10-24T13:00,,28.4,39,0.229,0.366
1985-10-24T14:00,,27.1,43,0.229,0.366
1985-10-24T15:00,,26.2,45,0.229,0.366
1985-10-24T16:00,,25.5,47,0.229,0.366
1985-10-24T17:00,,24.7,50,0.229,0.366
1985-10-24T18:00,,23.8,52,0.229,0.366
1985-10-24T19:00,,22.9,53,0.229,0.366
1985-10-24T20:00,,22.1,54,0.229,0.366
1985-10-24T21:00,,21.5,54,0.229,0.366
1985-10-24T22:00,,20.9,54,0.229,0.366
1985-10-24T23:00,,20.4,55,0.229,0.365
1985-10-25T00:00,,20.0,55,0.229,0.365
1985-10-25T01:00,,19.7,56,0.229,0.365
1985-10-25T02:00,,20.1,56,0.229,0.365
1985-10-25T03:00,,22.9,49,0.229,0.365
1985-10-25T04:00,,26.3,41,0.228,0.365
1985-10-25T05:00,,29.2,33,0.227,0.364
1985-10-25T06:00,,31.2,26,0.226,0.364
1985-10-25T07:00,,32.3,23,0.224,0.363
1985-10-25T08:00,,32.9,22,0.222,0.363
1985-10-25T09:00,,33.2,22,0.221,0.362
1985-10-25T10:00,,33.0,23,0.219,0.362
1985-10-25T11:00,,32.6,25,0.218,0.362
1985-10-25T12:00,,30.9,32,0.218,0.361
1985-10-25T13:00,,28.6,38,0.218,0.361
1985-10-25T14:00,,27.3,41,0.218,0.361
1985-10-25T15:00,,26.4,43,0.218,0.361
1985-10-25T16:00,,25.7,43,0.218,0.361
1985-10-25T17:00,,25.0,44,0.218,0.361
1985-10-25T18:00,,24.1,46,0.217,0.361
1985-10-25T19:00,,23.2,45,0.217,0.361
1985-10-25T20:00,,22.5,46,0.217,0.361
1985-10-25T21:00,,21.9,48,0.217,0.361
1985-10-25T22:00,,21.5,49,0.217,0.361
1985-10-25T23:00,,21.1,50,0.217,0.361
1985-10-26T00:00,,20.7,52,0.218,0.361
1985-10-26T01:00,,20.4,53,0.218,0.36
1985-10-26T02:00,,20.8,55,0.218,0.36
1985-10-26T03:00,,23.6,47,0.218,0.36
1985-10-26T04:00,,26.8,39,0.217,0.36
1985-10-26T05:00,,29.5,34,0.216,0.36
1985-10-26T06:00,,31.5,28,0.215,0.359
1985-10-26T07:00,,32.5,25,0.214,0.359
1985-10-26T08:00,,33.0,24,0.212,0.358
1985-10-26T09:00,,33.2,24,0.211,0.358
1985-10-26T10:00,,33.1,25,0.21,0.357
1985-10-26T11:00,,32.5,27,0.21,0.357
1985-10-26T12:00,,31.0,34,0.209,0.357
1985-10-26T13:00,,28.9,39,0.209,0.357
1985-10-26T14:00,,27.5,43,0.209,0.357
1985-10-26T15:00,,26.7,44,0.209,0.357
1985-10-26T16:00,,25.9,45,0.209,0.357
1985-10-26T17:00,,25.3,46,0.209,0.356
1985-10-26T18:00,,24.5,48,0.209,0.356
1985-10-26T19:00,,23.5,49,0.209,0.356
1985-10-26T20:00,,22.7,50,0.209,0.356
1985-10-26T21:00,,21.9,51,0.209,0.356
1985-10-26T22:00,,21.3,52,0.209,0.356
1985-10-26T23:00,,20.8,53,0.209,0.356
1985-10-27T00:00,,20.3,54,0.209,0.356
1985-10-27T01:00,,20.0,55,0.209,0.356
1985-10-27T02:00,,20.4,55,0.209,0.356
1985-10-27T03:00,,23.4,47,0.209,0.356
1985-10-27T04:00,,26.7,39,0.209,0.356
1985-10-27T05:00,,29.7,33,0.208,0.355
1985-10-27T06:00,,31.8,27,0.208,0.355
1985-10-27T07:00,,32.9,24,0.206,0.354
1985-10-27T08:00,,33.5,24,0.205,0.354
1985-10-27T09:00,,33.6,24,0.204,0.353
1985-10-27T10:00,,33.4,26,0.204,0.353
1985-10-27T11:00,,32.9,28,0.203,0.353
1985-10-27T12:00,,31.3,34,0.203,0.353
1985-10-27T13:00,,29.3,39,0.203,0.352
1985-10-27T14:00,,28.0,42,0.203,0.352
1985-10-27T15:00,,27.1,44,0.203,0.352
1985-10-27T16:00,,26.4,45,0.203,0.352
1985-10-27T17:00,,25.7,47,0.203,0.352
1985-10-27T18:00,,25.0,49,0.203,0.352
1985-10-27T19:00,,24.3,50,0.203,0.352
1985-10-27T20:00,,23.7,52,0.203,0.352
1985-10-27T21:00,,23.0,54,0.203,0.352
1985-10-27T22:00,,22.4,56,0.203,0.352
1985-10-27T23:00,,21.8,56,0.203,0.352
1985-10-28T00:00,,21.3,57,0.203,0.352
1985-10-28T01:00,,20.9,57,0.203,0.352
1985-10-28T02:00,,21.3,56,0.203,0.352
1985-10-28T03:00,,24.1,47,0.203,0.352
1985-10-28T04:00,,27.3,39,0.203,0.351
1985-10-28T05:00,,30.0,33,0.203,0.351
1985-10-28T06:00,,31.9,28,0.202,0.351
1985-10-28T07:00,,32.9,26,0.201,0.35
1985-10-28T08:00,,33.4,26,0.2,0.35
1985-10-28T09:00,,33.5,27,0.199,0.349
1985-10-28T10:00,,33.4,27,0.199,0.349
1985-10-28T11:00,,32.8,30,0.199,0.349
1985-10-28T12:00,,31.3,36,0.198,0.349
1985-10-28T13:00,,29.5,41,0.198,0.349
1985-10-28T14:00,,28.2,45,0.198,0.348
1985-10-28T15:00,,27.3,47,0.198,0.348
1985-10-28T16:00,,26.6,48,0.199,0.348
1985-10-28T17:00,,25.7,50,0.199,0.348
1985-10-28T18:00,,24.9,50,0.199,0.348
1985-10-28T19:00,,24.2,52,0.199,0.348
1985-10-28T20:00,,23.5,52,0.199,0.348
1985-10-28T21:00,,22.9,53,0.199,0.348
1985-10-28T22:00,,22.5,54,0.199,0.348
1985-10-28T23:00,,22.0,54,0.199,0.348
1985-10-29T00:00,,21.5,56,0.199,0.348
1985-10-29T01:00,,21.0,57,0.199,0.348
1985-10-29T02:00,,21.2,56,0.199,0.348
1985-10-29T03:00,,24.0,48,0.199,0.348
1985-10-29T04:00,,27.4,38,0.199,0.348
1985-10-29T05:00,,30.3,32,0.199,0.347
1985-10-29T06:00,,32.3,27,0.198,0.347
1985-10-29T07:00,,33.2,24,0.197,0.346
1985-10-29T08:00,,33.6,24,0.197,0.346
1985-10-29T09:00,,33.7,24,0.196,0.346
1985-10-29T10:00,,33.6,24,0.196,0.345
1985-10-29T11:00,,33.0,27,0.195,0.345
1985-10-29T12:00,,31.5,34,0.195,0.345
1985-10-29T13:00,,29.5,41,0.195,0.345
1985-10-29T14:00,,28.2,44,0.195,0.345
1985-10-29T15:00,,27.3,45,0.195,0.345
1985-10-29T16:00,,26.5,46,0.195,0.345
1985-10-29T17:00,,25.7,45,0.195,0.345
1985-10-29T18:00,,24.9,44,0.196,0.345
1985-10-29T19:00,,24.3,45,0.196,0.345
1985-10-29T20:00,,23.6,46,0.196,0.345
1985-10-29T21:00,,23.0,48,0.196,0.345
1985-10-29T22:00,,22.5,49,0.196,0.345
1985-10-29T23:00,,21.9,49,0.196,0.345
1985-10-30T00:00,,21.4,50,0.196,0.344
1985-10-30T01:00,,20.9,51,0.196,0.344
1985-10-30T02:00,,21.3,50,0.196,0.344
1985-10-30T03:00,,24.0,42,0.196,0.344
1985-10-30T04:00,,27.3,35,0.196,0.344
1985-10-30T05:00,,30.1,30,0.196,0.344
1985-10-30T06:00,,32.2,26,0.195,0.343
1985-10-30T07:00,,33.1,24,0.195,0.343
1985-10-30T08:00,,33.6,24,0.194,0.343
1985-10-30T09:00,,33.8,24,0.194,0.342
1985-10-30T10:00,,33.6,25,0.193,0.342
1985-10-30T11:00,,33.0,28,0.193,0.342
1985-10-30T12:00,,31.4,36,0.193,0.342
1985-10-30T13:00,,29.5,41,0.193,0.341
1985-10-30T14:00,,28.3,44,0.193,0.341
1985-10-30T15:00,,27.4,45,0.193,0.341
1985-10-30T16:00,,26.6,45,0.193,0.341
1985-10-30T17:00,,25.7,45,0.193,0.341
1985-10-30T18:00,,24.9,44,0.193,0.341
1985-10-30T19:00,,24.3,45,0.193,0.341
1985-10-30T20:00,,23.6,45,0.194,0.341
1985-10-30T21:00,,23.0,46,0.194,0.341
1985-10-30T22:00,,22.5,46,0.194,0.341
1985-10-30T23:00,,22.0,46,0.194,0.341
1985-10-31T00:00,,21.7,45,0.194,0.341
1985-10-31T01:00,,21.5,44,0.194,0.341
1985-10-31T02:00,,21.9,43,0.194,0.341
1985-10-31T03:00,,24.6,38,0.194,0.341
1985-10-31T04:00,,27.8,31,0.194,0.341
1985-10-31T05:00,,30.5,28,0.194,0.34
1985-10-31T06:00,,32.5,24,0.193,0.34
1985-10-31T07:00,,33.3,22,0.193,0.34
1985-10-31T08:00,,33.7,21,0.192,0.339
1985-10-31T09:00,,33.8,23,0.192,0.339
1985-10-31T10:00,,33.5,24,0.192,0.339
1985-10-31T11:00,,32.7,28,0.192,0.338
1985-10-31T12:00,,30.9,36,0.192,0.338
1985-10-31T13:00,,28.9,43,0.192,0.338
1985-10-31T14:00,,27.6,47,0.192,0.338
1985-10-31T15:00,,26.7,48,0.192,0.338
1985-10-31T16:00,,26.0,48,0.192,0.338
1985-10-31T17:00,,25.3,47,0.192,0.338
1985-10-31T18:00,,24.6,46,0.192,0.338
1985-10-31T19:00,,23.2,73,0.192,0.338
1985-10-31T20:00,,22.5,68,0.192,0.338
1985-10-31T21:00,,21.7,67,0.192,0.338
1985-10-31T22:00,,21.2,65,0.192,0.338
1985-10-31T23:00,,20.8,63,0.192,0.338
1985-11-01T00:00,,20.5,60,0.193,0.338
1985-11-01T01:00,,20.3,56,0.193,0.338
1985-11-01T02:00,,20.8,51,0.193,0.338
1985-11-01T03:00,,23.5,42,0.193,0.338
1985-11-01T04:00,,26.8,34,0.193,0.338
1985-11-01T05:00,,29.6,30,0.192,0.337
1985-11-01T06:00,,31.6,26,0.192,0.337
1985-11-01T07:00,,32.8,23,0.192,0.337
1985-11-01T08:00,,33.3,21,0.191,0.336
1985-11-01T09:00,,33.4,22,0.191,0.336
1985-11-01T10:00,,33.1,24,0.191,0.336
1985-11-01T11:00,,32.4,27,0.191,0.336
1985-11-01T12:00,,30.7,35,0.191,0.335
1985-11-01T13:00,,28.7,42,0.191,0.335
1985-11-01T14:00,,27.4,45,0.191,0.335
1985-11-01T15:00,,26.5,45,0.191,0.335
1985-11-01T16:00,,25.8,43,0.191,0.335
1985-11-01T17:00,,25.1,41,0.191,0.335
1985-11-01T18:00,,24.3,42,0.191,0.335
1985-11-01T19:00,,23.3,51,0.191,0.335
1985-11-01T20:00,,22.3,54,0.191,0.335
1985-11-01T21:00,,21.5,56,0.191,0.335
1985-11-01T22:00,,20.9,57,0.191,0.335
1985-11-01T23:00,,20.4,57,0.191,0.335
1985-11-02T00:00,,20.1,56,0.192,0.335
1985-11-02T01:00,,19.9,53,0.192,0.335
1985-11-02T02:00,,20.5,51,0.192,0.335
1985-11-02T03:00,,23.2,43,0.192,0.335
1985-11-02T04:00,,26.5,35,0.192,0.335
1985-11-02T05:00,,29.3,31,0.191,0.335
1985-11-02T06:00,,31.4,27,0.191,0.334
1985-11-02T07:00,,32.4,25,0.191,0.334
1985-11-02T08:00,,33.0,24,0.191,0.334
1985-11-02T09:00,,33.2,24,0.19,0.333
1985-11-02T10:00,,33.1,25,0.19,0.333
1985-11-02T11:00,,32.4,28,0.19,0.333
1985-11-02T12:00,,30.7,36,0.19,0.333
1985-11-02T13:00,,28.7,41,0.19,0.333
1985-11-02T14:00,,27.5,42,0.19,0.333
1985-11-02T15:00,,26.7,41,0.19,0.333
1985-11-02T16:00,,25.9,40,0.19,0.333
1985-11-02T17:00,,25.2,39,0.19,0.333
1985-11-02T18:00,,24.4,41,0.19,0.333
1985-11-02T19:00,,23.4,44,0.19,0.333
1985-11-02T20:00,,22.5,45,0.19,0.333
1985-11-02T21:00,,21.9,45,0.19,0.333
1985-11-02T22:00,,21.6,44,0.191,0.333
1985-11-02T23:00,,21.6,41,0.191,0.333
1985-11-03T00:00,,21.6,40,0.191,0.333
1985-11-03T01:00,,21.5,40,0.191,0.333
1985-11-03T02:00,,21.7,42,0.191,0.332
1985-11-03T03:00,,24.2,39,0.191,0.332
1985-11-03T04:00,,27.3,33,0.191,0.332
1985-11-03T05:00,,30.1,29,0.191,0.332
1985-11-03T06:00,,32.1,23,0.19,0.332
1985-11-03T07:00,,32.9,21,0.19,0.331
1985-11-03T08:00,,33.4,19,0.19,0.331
1985-11-03T09:00,,33.7,20,0.19,0.331
1985-11-03T10:00,,33.4,21,0.189,0.33
1985-11-03T11:00,,32.9,23,0.189,0.33
1985-11-03T12:00,,31.2,29,0.189,0.33
1985-11-03T13:00,,29.0,33,0.189,0.33
1985-11-03T14:00,,27.7,35,0.189,0.33
1985-11-03T15:00,,26.8,36,0.189,0.33
1985-11-03T16:00,,26.0,37,0.189,0.33
1985-11-03T17:00,,25.2,39,0.19,0.33
1985-11-03T18:00,,24.4,40,0.19,0.33
1985-11-03T19:00,,23.5,42,0.19,0.33
1985-11-03T20:00,,22.8,42,0.19,0.33
1985-11-03T21:00,,22.3,43,0.19,0.33
1985-11-03T22:00,,21.9,43,0.19,0.33
1985-11-03T23:00,,21.6,44,0.19,0.33
1985-11-04T00:00,,21.4,44,0.19,0.33
1985-11-04T01:00,,21.2,45,0.19,0.33
1985-11-04T02:00,,21.6,45,0.19,0.33
1985-11-04T03:00,,24.3,41,0.19,0.33
1985-11-04T04:00,,27.5,35,0.19,0.33
1985-11-04T05:00,,30.1,30,0.19,0.329
1985-11-04T06:00,,31.9,25,0.19,0.329
1985-11-04T07:00,,32.8,23,0.189,0.329
1985-11-04T08:00,,33.3,22,0.189,0.329
1985-11-04T09:00,,33.6,23,0.189,0.328
1985-11-04T10:00,,33.4,24,0.189,0.328
1985-11-04T11:00,,32.9,25,0.189,0.328
1985-11-04T12:00,,31.2,31,0.189,0.328
1985-11-04T13:00,,29.1,35,0.189,0.328
1985-11-04T14:00,,27.9,37,0.189,0.328
1985-11-04T15:00,,27.1,38,0.189,0.328
1985-11-04T16:00,,26.4,39,0.189,0.328
1985-11-04T17:00,,25.6,40,0.189,0.328
1985-11-04T18:00,,24.9,42,0.189,0.328
1985-11-04T19:00,,23.7,43,0.189,0.328
1985-11-04T20:00,,23.0,45,0.189,0.328
1985-11-04T21:00,,22.5,45,0.189,0.328
1985-11-04T22:00,,22.0,46,0.189,0.328
1985-11-04T23:00,,21.6,47,0.189,0.328
1985-11-05T00:00,,21.3,47,0.189,0.328
1985-11-05T01:00,,21.1,47,0.189,0.328
1985-11-05T02:00,,21.5,47,0.19,0.328
1985-11-05T03:00,,24.1,42,0.19,0.327
1985-11-05T04:00,,27.4,35,0.19,0.327
1985-11-05T05:00,,30.2,30,0.189,0.327
1985-11-05T06:00,,32.2,24,0.189,0.327
1985-11-05T07:00,,33.1,22,0.189,0.327
1985-11-05T08:00,,33.6,21,0.189,0.326
1985-11-05T09:00,,33.7,22,0.189,0.326
1985-11-05T10:00,,33.4,24,0.189,0.326
1985-11-05T11:00,,32.9,26,0.189,0.326
1985-11-05T12:00,,31.2,30,0.189,0.326
1985-11-05T13:00,,29.2,34,0.189,0.326
1985-11-05T14:00,,28.0,36,0.189,0.325
1985-11-05T15:00,,27.1,38,0.189,0.325
1985-11-05T16:00,,26.2,39,0.189,0.325
1985-11-05T17:00,,25.4,41,0.189,0.325
1985-11-05T18:00,,24.7,43,0.189,0.325
1985-11-05T19:00,,23.7,44,0.189,0.325
1985-11-05T20:00,,23.0,46,0.189,0.325
1985-11-05T21:00,,22.3,48,0.189,0.325
1985-11-05T22:00,,21.8,50,0.189,0.325
1985-11-05T23:00,,21.4,51,0.189,0.325
1985-11-06T00:00,,21.2,52,0.189,0.325
1985-11-06T01:00,,21.0,52,0.189,0.325
1985-11-06T02:00,,21.2,53,0.189,0.325
1985-11-06T03:00,,23.8,46,0.189,0.325
1985-11-06T04:00,,27.0,38,0.189,0.325
1985-11-06T05:00,,30.0,31,0.189,0.325
1985-11-06T06:00,,32.1,25,0.189,0.325
1985-11-06T07:00,,33.2,22,0.189,0.324
1985-11-06T08:00,,33.6,21,0.189,0.324
1985-11-06T09:00,,33.7,22,0.188,0.324
1985-11-06T10:00,,33.4,24,0.188,0.324
1985-11-06T11:00,,32.8,26,0.188,0.323
1985-11-06T12:00,,31.0,34,0.188,0.323
1985-11-06T13:00,,28.9,39,0.188,0.323
1985-11-06T14:00,,27.6,42,0.188,0.323
1985-11-06T15:00,,26.6,41,0.188,0.323
1985-11-06T16:00,,25.8,41,0.188,0.323
1985-11-06T17:00,,24.9,41,0.188,0.323
1985-11-06T18:00,,24.0,43,0.188,0.323
1985-11-06T19:00,,23.3,41,0.188,0.323
1985-11-06T20:00,,22.8,42,0.189,0.323
1985-11-06T21:00,,22.6,42,0.189,0.323
1985-11-06T22:00,,22.4,43,0.189,0.323
1985-11-06T23:00,,22.3,43,0.189,0.323
1985-11-07T00:00,,22.1,44,0.189,0.323
1985-11-07T01:00,,21.9,46,0.189,0.323
1985-11-07T02:00,,22.1,48,0.189,0.323
1985-11-07T03:00,,24.6,44,0.189,0.323
1985-11-07T04:00,,27.5,38,0.189,0.323
1985-11-07T05:00,,30.0,34,0.189,0.323
1985-11-07T06:00,,32.0,30,0.189,0.323
1985-11-07T07:00,,33.0,26,0.188,0.322
1985-11-07T08:00,,33.5,24,0.188,0.322
1985-11-07T09:00,,33.7,25,0.188,0.322
1985-11-07T10:00,,33.4,26,0.188,0.322
1985-11-07T11:00,,32.7,29,0.188,0.321
1985-11-07T12:00,,30.9,37,0.188,0.321
1985-11-07T13:00,,28.8,43,0.188,0.321
1985-11-07T14:00,,27.5,46,0.188,0.321
1985-11-07T15:00,,26.5,46,0.188,0.321
1985-11-07T16:00,,25.7,45,0.188,0.321
1985-11-07T17:00,,24.8,45,0.188,0.321
1985-11-07T18:00,,24.2,45,0.188,0.321
1985-11-07T19:00,,23.5,51,0.188,0.321
1985-11-07T20:00,,22.7,51,0.188,0.321
1985-11-07T21:00,,22.1,52,0.188,0.321
1985-11-07T22:00,,21.5,53,0.188,0.321
1985-11-07T23:00,,21.1,53,0.188,0.321
1985-11-08T00:00,,20.7,54,0.189,0.321
1985-11-08T01:00,,20.5,53,0.189,0.321
1985-11-08T02:00,,21.1,51,0.189,0.321
1985-11-08T03:00,,23.9,45,0.189,0.321
1985-11-08T04:00,,27.2,40,0.189,0.321
1985-11-08T05:00,,29.8,36,0.189,0.321
1985-11-08T06:00,,31.7,33,0.188,0.321
1985-11-08T07:00,,32.8,34,0.188,0.32
1985-11-08T08:00,,33.0,34,0.188,0.32
1985-11-08T09:00,,32.7,35,0.188,0.32
1985-11-08T10:00,,31.9,37,0.188,0.32
1985-11-08T11:00,,30.8,40,0.188,0.32
1985-11-08T12:00,,29.3,46,0.188,0.32
1985-11-08T13:00,,27.6,53,0.188,0.32
1985-11-08T14:00,,26.5,60,0.188,0.32
1985-11-08T15:00,,25.7,66,0.188,0.32
1985-11-08T16:00,,25.5,65,0.188,0.32
1985-11-08T17:00,,23.7,75,0.188,0.32
1985-11-08T18:00,,22.8,76,0.188,0.32
1985-11-08T19:00,,22.7,80,0.188,0.32
1985-11-08T20:00,,22.4,82,0.188,0.32
1985-11-08T21:00,,22.2,84,0.188,0.32
1985-11-08T22:00,,21.7,88,0.189,0.32
1985-11-08T23:00,,21.7,88,0.189,0.32
1985-11-09T00:00,,21.7,87,0.189,0.32
1985-11-09T01:00,,20.8,90,0.189,0.32
1985-11-09T02:00,,20.8,91,0.189,0.32
1985-11-09T03:00,,24.1,76,0.189,0.32
1985-11-09T04:00,,26.6,65,0.189,0.319
1985-11-09T05:00,,28.6,53,0.189,0.319
1985-11-09T06:00,,30.1,47,0.189,0.319
1985-11-09T07:00,,31.2,43,0.188,0.319
1985-11-09T08:00,,31.8,42,0.188,0.319
1985-11-09T09:00,,32.0,42,0.188,0.318
1985-11-09T10:00,,31.6,43,0.188,0.318
1985-11-09T11:00,,30.7,47,0.188,0.318
1985-11-09T12:00,,29.3,55,0.188,0.318
1985-11-09T13:00,,27.6,62,0.188,0.318
1985-11-09T14:00,,26.7,65,0.188,0.318
1985-11-09T15:00,,26.0,68,0.188,0.318
1985-11-09T16:00,,25.5,70,0.188,0.318
1985-11-09T17:00,,24.0,78,0.188,0.318
1985-11-09T18:00,,22.7,84,0.188,0.318
1985-11-09T19:00,,22.3,92,0.188,0.318
1985-11-09T20:00,,21.9,95,0.189,0.318
1985-11-09T21:00,,21.7,96,0.189,0.318
1985-11-09T22:00,,21.8,96,0.189,0.318
1985-11-09T23:00,,22.4,94,0.189,0.318
1985-11-10T00:00,,22.3,95,0.189,0.318
1985-11-10T01:00,,22.1,96,0.189,0.318
1985-11-10T02:00,,21.6,97,0.189,0.318
1985-11-10T03:00,,24.3,85,0.189,0.318
1985-11-10T04:00,,26.3,74,0.189,0.318
1985-11-10T05:00,,28.2,60,0.189,0.318
1985-11-10T06:00,,29.7,51,0.189,0.318
1985-11-10T07:00,,30.6,48,0.189,0.317
1985-11-10T08:00,,31.1,47,0.188,0.317
1985-11-10T09:00,,31.3,47,0.188,0.317
1985-11-10T10:00,,31.0,47,0.188,0.317
1985-11-10T11:00,,30.3,51,0.188,0.317
1985-11-10T12:00,,29.0,58,0.188,0.317
1985-11-10T13:00,,27.4,66,0.188,0.317
1985-11-10T14:00,,26.5,71,0.188,0.317
1985-11-10T15:00,,25.8,75,0.188,0.317
1985-11-10T16:00,,25.3,79,0.188,0.317
1985-11-10T17:00,,24.3,86,0.189,0.317
1985-11-10T18:00,,23.8,89,0.189,0.317
1985-11-10T19:00,,23.4,91,0.189,0.317
1985-11-10T20:00,,23.1,93,0.189,0.317
1985-11-10T21:00,,22.8,94,0.189,0.317
1985-11-10T22:00,,22.7,93,0.189,0.317
1985-11-10T23:00,,22.5,92,0.189,0.317
1985-11-11T00:00,,22.2,91,0.189,0.317
1985-11-11T01:00,,22.1,89,0.189,0.317
1985-11-11T02:00,,22.4,85,0.189,0.317
1985-11-11T03:00,,24.8,73,0.189,0.317
1985-11-11T04:00,,27.5,59,0.189,0.316
1985-11-11T05:00,,29.6,50,0.189,0.316
1985-11-11T06:00,,31.1,44,0.189,0.316
1985-11-11T07:00,,31.9,42,0.189,0.316
1985-11-11T08:00,,32.3,40,0.188,0.316
1985-11-11T09:00,,32.5,39,0.188,0.316
1985-11-11T10:00,,32.6,38,0.188,0.315
1985-11-11T11:00,,32.3,39,0.188,0.315
1985-11-11T12:00,,31.3,44,0.188,0.315
1985-11-11T13:00,,29.9,49,0.188,0.315
1985-11-11T14:00,,28.9,52,0.188,0.315
1985-11-11T15:00,,28.1,53,0.188,0.315
1985-11-11T16:00,,27.6,52,0.188,0.315
1985-11-11T17:00,,27.0,51,0.188,0.315
1985-11-11T18:00,,26.3,51,0.188,0.315
1985-11-11T19:00,,25.2,54,0.188,0.315
1985-11-11T20:00,,24.5,52,0.188,0.315
1985-11-11T21:00,,24.0,50,0.188,0.315
1985-11-11T22:00,,23.8,47,0.188,0.315
1985-11-11T23:00,,23.6,44,0.188,0.315
1985-11-12T00:00,,23.3,43,0.189,0.315
1985-11-12T01:00,,23.0,43,0.189,0.315
1985-11-12T02:00,,23.0,44,0.189,0.315
1985-11-12T03:00,,25.1,39,0.189,0.315
1985-11-12T04:00,,27.9,32,0.189,0.315
1985-11-12T05:00,,30.5,28,0.188,0.315
1985-11-12T06:00,,32.5,24,0.188,0.315
1985-11-12T07:00,,33.2,22,0.188,0.314
1985-11-12T08:00,,33.7,21,0.188,0.314
1985-11-12T09:00,,33.9,22,0.188,0.314
1985-11-12T10:00,,33.6,23,0.188,0.314
1985-11-12T11:00,,32.9,25,0.188,0.314
1985-11-12T12:00,,31.0,32,0.188,0.314
1985-11-12T13:00,,29.1,36,0.188,0.314
1985-11-12T14:00,,27.9,37,0.188,0.314
1985-11-12T15:00,,27.1,38,0.188,0.314
1985-11-12T16:00,,26.4,38,0.188,0.314
1985-11-12T17:00,,25.7,38,0.188,0.314
1985-11-12T18:00,,25.0,39,0.188,0.314
1985-11-12T19:00,,23.8,42,0.188,0.314
1985-11-12T20:00,,23.0,43,0.188,0.314
1985-11-12T21:00,,22.3,44,0.188,0.314
1985-11-12T22:00,,21.8,45,0.188,0.314
1985-11-12T23:00,,21.4,45,0.188,0.314
1985-11-13T00:00,,21.0,46,0.188,0.314
1985-11-13T01:00,,20.8,46,0.188,0.314
1985-11-13T02:00,,20.9,46,0.188,0.314
1985-11-13T03:00,,23.2,41,0.188,0.314
1985-11-13T04:00,,26.4,34,0.188,0.313
1985-11-13T05:00,,29.3,29,0.188,0.313
1985-11-13T06:00,,31.4,24,0.188,0.313
1985-11-13T07:00,,32.3,22,0.188,0.313
1985-11-13T08:00,,32.8,21,0.188,0.313
1985-11-13T09:00,,33.0,22,0.187,0.313
1985-11-13T10:00,,32.8,23,0.187,0.312
1985-11-13T11:00,,32.0,26,0.187,0.312
1985-11-13T12:00,,30.4,32,0.187,0.312
1985-11-13T13:00,,28.3,37,0.187,0.312
1985-11-13T14:00,,27.1,40,0.187,0.312
1985-11-13T15:00,,26.3,42,0.187,0.312
1985-11-13T16:00,,25.6,43,0.187,0.312
1985-11-13T17:00,,24.9,43,0.188,0.312
1985-11-13T18:00,,24.3,43,0.188,0.312
1985-11-13T19:00,,23.5,45,0.188,0.312
1985-11-13T20:00,,22.8,47,0.188,0.312
1985-11-13T21:00,,22.2,48,0.188,0.312
1985-11-13T22:00,,21.7,49,0.188,0.312
1985-11-13T23:00,,21.2,50,0.188,0.312
1985-11-14T00:00,,20.9,51,0.188,0.312
1985-11-14T01:00,,20.6,51,0.188,0.312
1985-11-14T02:00,,20.7,52,0.188,0.312
1985-11-14T03:00,,22.9,46,0.188,0.312
1985-11-14T04:00,,26.4,37,0.188,0.312
1985-11-14T05:00,,29.4,29,0.188,0.312
1985-11-14T06:00,,31.4,24,0.188,0.312
1985-11-14T07:00,,32.1,22,0.188,0.311
1985-11-14T08:00,,32.6,21,0.187,0.311
1985-11-14T09:00,,32.6,22,0.187,0.311
1985-11-14T10:00,,32.4,24,0.187,0.311
1985-11-14T11:00,,31.7,27,0.187,0.311
1985-11-14T12:00,,30.0,35,0.187,0.311
1985-11-14T13:00,,28.0,42,0.187,0.311
1985-11-14T14:00,,26.8,46,0.187,0.311
1985-11-14T15:00,,25.9,48,0.187,0.311
1985-11-14T16:00,,25.2,49,0.187,0.311
1985-11-14T17:00,,24.4,50,0.187,0.311
1985-11-14T18:00,,23.6,51,0.187,0.311
1985-11-14T19:00,,23.0,50,0.187,0.311
1985-11-14T20:00,,22.4,51,0.187,0.311
1985-11-14T21:00,,21.9,51,0.188,0.311
1985-11-14T22:00,,21.5,52,0.188,0.311
1985-11-14T23:00,,21.2,53,0.188,0.311
1985-11-15T00:00,,20.9,53,0.188,0.311
1985-11-15T01:00,,20.6,54,0.188,0.311
1985-11-15T02:00,,20.7,54,0.188,0.311
1985-11-15T03:00,,23.1,48,0.188,0.311
1985-11-15T04:00,,26.6,40,0.188,0.311
1985-11-15T05:00,,29.6,32,0.188,0.311
1985-11-15T06:00,,31.2,26,0.188,0.31
1985-11-15T07:00,,31.6,25,0.187,0.31
1985-11-15T08:00,,31.9,26,0.187,0.31
1985-11-15T09:00,,32.0,27,0.187,0.31
1985-11-15T10:00,,31.7,28,0.187,0.31
1985-11-15T11:00,,31.1,32,0.187,0.31
1985-11-15T12:00,,29.5,40,0.187,0.31
1985-11-15T13:00,,27.8,46,0.187,0.31
1985-11-15T14:00,,26.7,49,0.187,0.31
1985-11-15T15:00,,25.8,51,0.187,0.31
1985-11-15T16:00,,25.1,53,0.187,0.31
1985-11-15T17:00,,24.3,54,0.187,0.31
1985-11-15T18:00,,23.6,54,0.187,0.31
1985-11-15T19:00,,22.9,57,0.187,0.31
1985-11-15T20:00,,22.2,57,0.187,0.31
1985-11-15T21:00,,21.6,58,0.187,0.31
1985-11-15T22:00,,21.2,58,0.187,0.31
1985-11-15T23:00,,20.9,58,0.187,0.31
1985-11-16T00:00,,20.6,58,0.188,0.31
1985-11-16T01:00,,20.4,58,0.188,0.31
1985-11-16T02:00,,20.5,57,0.188,0.309
1985-11-16T03:00,,22.8,51,0.188,0.309
1985-11-16T04:00,,26.1,41,0.188,0.309
1985-11-16T05:00,,28.9,33,0.188,0.309
1985-11-16T06:00,,30.7,28,0.187,0.309
1985-11-16T07:00,,31.4,27,0.187,0.309
1985-11-16T08:00,,31.9,26,0.187,0.309
1985-11-16T09:00,,32.1,26,0.187,0.309
1985-11-16T10:00,,31.9,26,0.187,0.308
1985-11-16T11:00,,31.3,28,0.187,0.308
1985-11-16T12:00,,29.8,34,0.187,0.308
1985-11-16T13:00,,27.8,39,0.187,0.308
1985-11-16T14:00,,26.6,42,0.187,0.308
1985-11-16T15:00,,25.6,43,0.187,0.308
1985-11-16T16:00,,24.8,44,0.187,0.308
1985-11-16T17:00,,24.1,45,0.187,0.308
1985-11-16T18:00,,23.3,47,0.187,0.308
1985-11-16T19:00,,22.3,50,0.187,0.308
1985-11-16T20:00,,21.7,51,0.187,0.308
1985-11-16T21:00,,21.1,52,0.187,0.308
1985-11-16T22:00,,20.6,53,0.187,0.308
1985-11-16T23:00,,20.2,53,0.187,0.308
1985-11-17T00:00,,19.8,53,0.187,0.308
1985-11-17T01:00,,19.6,53,0.187,0.308
1985-11-17T02:00,,19.8,52,0.187,0.308
1985-11-17T03:00,,22.2,46,0.188,0.308
1985-11-17T04:00,,25.6,37,0.187,0.308
1985-11-17T05:00,,28.4,31,0.187,0.308
1985-11-17T06:00,,30.4,26,0.187,0.308
1985-11-17T07:00,,31.4,24,0.187,0.308
1985-11-17T08:00,,31.9,23,0.187,0.308
1985-11-17T09:00,,32.0,23,0.187,0.307
1985-11-17T10:00,,31.7,25,0.187,0.307
1985-11-17T11:00,,31.1,27,0.187,0.307
1985-11-17T12:00,,29.5,33,0.187,0.307
1985-11-17T13:00,,27.6,37,0.187,0.307
1985-11-17T14:00,,26.2,41,0.187,0.307
1985-11-17T15:00,,25.2,43,0.187,0.307
1985-11-17T16:00,,24.4,44,0.187,0.307
1985-11-17T17:00,,23.7,46,0.187,0.307
1985-11-17T18:00,,23.0,48,0.187,0.307
1985-11-17T19:00,,22.3,50,0.187,0.307
1985-11-17T20:00,,21.7,52,0.187,0.307
1985-11-17T21:00,,21.1,54,0.187,0.307
1985-11-17T22:00,,20.6,55,0.187,0.307
1985-11-17T23:00,,20.2,56,0.187,0.307
1985-11-18T00:00,,19.8,57,0.187,0.307
1985-11-18T01:00,,19.5,57,0.187,0.307
1985-11-18T02:00,,19.4,58,0.187,0.307
1985-11-18T03:00,,21.9,51,0.187,0.307
1985-11-18T04:00,,25.4,42,0.187,0.307
1985-11-18T05:00,,28.3,33,0.187,0.307
1985-11-18T06:00,,30.2,27,0.187,0.307
1985-11-18T07:00,,31.1,24,0.187,0.307
1985-11-18T08:00,,31.6,24,0.187,0.306
1985-11-18T09:00,,31.8,24,0.187,0.306
1985-11-18T10:00,,31.5,26,0.187,0.306
1985-11-18T11:00,,30.8,29,0.187,0.306
1985-11-18T12:00,,29.1,37,0.187,0.306
1985-11-18T13:00,,27.2,44,0.187,0.306
1985-11-18T14:00,,25.9,48,0.187,0.306
1985-11-18T15:00,,25.0,51,0.187,0.306
1985-11-18T16:00,,24.1,53,0.187,0.306
1985-11-18T17:00,,23.3,54,0.187,0.306
1985-11-18T18:00,,22.5,54,0.187,0.306
1985-11-18T19:00,,21.7,54,0.187,0.306
1985-11-18T20:00,,21.1,55,0.187,0.306
1985-11-18T21:00,,20.4,57,0.187,0.306
1985-11-18T22:00,,19.8,59,0.187,0.306
1985-11-18T23:00,,19.4,60,0.187,0.306
1985-11-19T00:00,,19.0,60,0.187,0.306
1985-11-19T01:00,,18.6,61,0.187,0.306
1985-11-19T02:00,,18.6,61,0.187,0.306
1985-11-19T03:00,,21.2,53,0.187,0.306
1985-11-19T04:00,,25.0,44,0.187,0.306
1985-11-19T05:00,,28.2,33,0.187,0.306
1985-11-19T06:00,,30.1,25,0.187,0.306
1985-11-19T07:00,,30.9,23,0.187,0.306
1985-11-19T08:00,,31.3,23,0.187,0.305
1985-11-19T09:00,,31.5,24,0.187,0.305
1985-11-19T10:00,,31.3,25,0.187,0.305
1985-11-19T11:00,,30.4,31,0.187,0.305
1985-11-19T12:00,,28.6,40,0.187,0.305
1985-11-19T13:00,,26.7,48,0.187,0.305
1985-11-19T14:00,,25.5,52,0.187,0.305
1985-11-19T15:00,,24.7,54,0.187,0.305
1985-11-19T16:00,,23.9,56,0.187,0.305
1985-11-19T17:00,,23.0,57,0.187,0.305
1985-11-19T18:00,,22.1,58,0.187,0.305
1985-11-19T19:00,,21.5,59,0.187,0.305
1985-11-19T20:00,,21.1,56,0.187,0.305
1985-11-19T21:00,,20.7,55,0.187,0.305
1985-11-19T22:00,,20.3,55,0.187,0.305
1985-11-19T23:00,,19.9,56,0.187,0.305
1985-11-20T00:00,,19.5,58,0.187,0.305
1985-11-20T01:00,,19.1,60,0.187,0.305
1985-11-20T02:00,,18.9,63,0.187,0.305
1985-11-20T03:00,,21.4,55,0.187,0.305
1985-11-20T04:00,,24.7,46,0.187,0.305
1985-11-20T05:00,,27.6,38,0.187,0.305
1985-11-20T06:00,,29.6,31,0.187,0.305
1985-11-20T07:00,,30.9,26,0.187,0.305
1985-11-20T08:00,,31.4,25,0.187,0.304
1985-11-20T09:00,,31.5,25,0.187,0.304
1985-11-20T10:00,,31.3,27,0.187,0.304
1985-11-20T11:00,,30.4,32,0.187,0.304
1985-11-20T12:00,,28.5,41,0.187,0.304
1985-11-20T13:00,,26.5,49,0.187,0.304
1985-11-20T14:00,,25.3,57,0.187,0.304
1985-11-20T15:00,,24.3,63,0.187,0.304
1985-11-20T16:00,,23.4,69,0.187,0.304
1985-11-20T17:00,,21.8,77,0.187,0.304
1985-11-20T18:00,,20.9,82,0.187,0.304
1985-11-20T19:00,,20.6,82,0.187,0.304
1985-11-20T20:00,,20.3,81,0.187,0.304
1985-11-20T21:00,,19.9,82,0.187,0.304
1985-11-20T22:00,,19.3,85,0.187,0.304
1985-11-20T23:00,,18.9,86,0.187,0.304
1985-11-21T00:00,,18.7,85,0.187,0.304
1985-11-21T01:00,,18.4,87,0.187,0.304
1985-11-21T02:00,,18.5,87,0.187,0.304
1985-11-21T03:00,,21.5,76,0.187,0.304
1985-11-21T04:00,,24.3,67,0.187,0.304
1985-11-21T05:00,,26.3,59,0.187,0.304
1985-11-21T06:00,,28.0,48,0.187,0.304
1985-11-21T07:00,,29.0,40,0.187,0.304
1985-11-21T08:00,,29.7,36,0.187,0.303
1985-11-21T09:00,,29.8,34,0.187,0.303
1985-11-21T10:00,,29.4,35,0.187,0.303
1985-11-21T11:00,,28.5,40,0.187,0.303
1985-11-21T12:00,,27.0,49,0.187,0.303
1985-11-21T13:00,,25.3,58,0.187,0.303
1985-11-21T14:00,,24.3,65,0.187,0.303
1985-11-21T15:00,,23.3,71,0.187,0.303
1985-11-21T16:00,,22.0,79,0.187,0.303
1985-11-21T17:00,,20.8,85,0.187,0.303
1985-11-21T18:00,,20.2,88,0.187,0.303
1985-11-21T19:00,,19.9,89,0.187,0.303
1985-11-21T20:00,,19.7,90,0.187,0.303
1985-11-21T21:00,,19.6,90,0.187,0.303
1985-11-21T22:00,,20.1,88,0.187,0.303
1985-11-21T23:00,,21.3,84,0.187,0.303
1985-11-22T00:00,,21.1,85,0.187,0.303
1985-11-22T01:00,,20.4,86,0.187,0.303
1985-11-22T02:00,,18.4,93,0.188,0.303
1985-11-22T03:00,,21.6,82,0.188,0.303
1985-11-22T04:00,,23.9,74,0.188,0.303
1985-11-22T05:00,,25.6,64,0.188,0.303
1985-11-22T06:00,,26.9,55,0.187,0.303
1985-11-22T07:00,,28.0,45,0.187,0.303
1985-11-22T08:00,,28.6,40,0.187,0.303
1985-11-22T09:00,,28.8,38,0.187,0.303
1985-11-22T10:00,,28.7,37,0.187,0.302
1985-11-22T11:00,,28.1,39,0.187,0.302
1985-11-22T12:00,,27.0,44,0.187,0.302
1985-11-22T13:00,,25.5,51,0.187,0.302
1985-11-22T14:00,,24.5,57,0.187,0.302
1985-11-22T15:00,,23.8,62,0.187,0.302
1985-11-22T16:00,,23.2,66,0.187,0.302
1985-11-22T17:00,,22.8,71,0.187,0.302
1985-11-22T18:00,,22.6,75,0.187,0.302
1985-11-22T19:00,,22.4,80,0.187,0.302
1985-11-22T20:00,,22.0,84,0.187,0.302
1985-11-22T21:00,,22.1,82,0.187,0.302
1985-11-22T22:00,,21.2,85,0.187,0.302
1985-11-22T23:00,,19.8,92,0.187,0.302
1985-11-23T00:00,,19.6,91,0.188,0.302
1985-11-23T01:00,,19.2,91,0.188,0.302
1985-11-23T02:00,,19.3,88,0.188,0.302
1985-11-23T03:00,,21.5,79,0.188,0.302
1985-11-23T04:00,,24.1,73,0.188,0.302
1985-11-23T05:00,,25.7,66,0.188,0.302
1985-11-23T06:00,,27.0,58,0.188,0.302
1985-11-23T07:00,,27.7,53,0.187,0.302
1985-11-23T08:00,,28.3,49,0.187,0.302
1985-11-23T09:00,,28.4,47,0.187,0.302
1985-11-23T10:00,,28.3,47,0.187,0.302
1985-11-23T11:00,,27.8,48,0.187,0.302
1985-11-23T12:00,,26.7,53,0.187,0.302
1985-11-23T13:00,,25.4,59,0.187,0.302
1985-11-23T14:00,,24.5,66,0.187,0.302
1985-11-23T15:00,,23.7,71,0.187,0.302
1985-11-23T16:00,,23.1,75,0.187,0.302
1985-11-23T17:00,,22.7,78,0.187,0.302
1985-11-23T18:00,,22.4,80,0.187,0.302
1985-11-23T19:00,,22.0,83,0.187,0.302
1985-11-23T20:00,,21.8,84,0.187,0.302
1985-11-23T21:00,,21.5,85,0.187,0.302
1985-11-23T22:00,,21.3,85,0.188,0.302
1985-11-23T23:00,,21.1,84,0.188,0.302
1985-11-24T00:00,,21.1,81,0.188,0.302
1985-11-24T01:00,,20.4,84,0.188,0.302
1985-11-24T02:00,,19.0,92,0.188,0.302
1985-11-24T03:00,,21.9,81,0.188,0.302
1985-11-24T04:00,,24.4,69,0.188,0.302
1985-11-24T05:00,,25.9,57,0.188,0.301
1985-11-24T06:00,,27.1,49,0.188,0.301
1985-11-24T07:00,,27.9,46,0.187,0.301
1985-11-24T08:00,,28.5,44,0.187,0.301
1985-11-24T09:00,,28.7,43,0.187,0.301
1985-11-24T10:00,,28.4,44,0.187,0.301
1985-11-24T11:00,,27.7,47,0.187,0.301
1985-11-24T12:00,,26.5,54,0.187,0.301
1985-11-24T13:00,,25.1,60,0.187,0.301
1985-11-24T14:00,,24.1,65,0.187,0.301
1985-11-24T15:00,,23.5,69,0.187,0.301
1985-11-24T16:00,,22.5,77,0.187,0.301
1985-11-24T17:00,,22.1,78,0.187,0.301
1985-11-24T18:00,,20.6,86,0.187,0.301
1985-11-24T19:00,,20.1,90,0.187,0.301
1985-11-24T20:00,,19.6,92,0.187,0.301
1985-11-24T21:00,,19.5,93,0.187,0.301
1985-11-24T22:00,,19.9,91,0.188,0.301
1985-11-24T23:00,,19.4,92,0.188,0.301
1985-11-25T00:00,,18.5,95,0.188,0.301
1985-11-25T01:00,,18.6,94,0.188,0.301
1985-11-25T02:00,,18.9,90,0.188,0.301
1985-11-25T03:00,,21.1,80,0.188,0.301
1985-11-25T04:00,,23.8,66,0.188,0.301
1985-11-25T05:00,,26.2,53,0.188,0.301
1985-11-25T06:00,,28.2,44,0.188,0.301
1985-11-25T07:00,,29.6,39,0.187,0.301
1985-11-25T08:00,,30.4,37,0.187,0.3
1985-11-25T09:00,,30.8,36,0.187,0.3
1985-11-25T10:00,,30.8,37,0.187,0.3
1985-11-25T11:00,,30.2,40,0.187,0.3
1985-11-25T12:00,,28.8,47,0.187,0.3
1985-11-25T13:00,,27.1,54,0.187,0.3
1985-11-25T14:00,,26.1,58,0.187,0.3
1985-11-25T15:00,,25.3,61,0.187,0.3
1985-11-25T16:00,,24.7,63,0.187,0.3
1985-11-25T17:00,,24.0,64,0.187,0.3
1985-11-25T18:00,,23.1,65,0.187,0.3
1985-11-25T19:00,,22.5,68,0.187,0.3
1985-11-25T20:00,,21.9,69,0.187,0.3
1985-11-25T21:00,,21.5,70,0.187,0.3
1985-11-25T22:00,,21.2,70,0.187,0.3
1985-11-25T23:00,,21.0,69,0.187,0.3
1985-11-26T00:00,,20.8,68,0.187,0.3
1985-11-26T01:00,,20.6,68,0.187,0.3
1985-11-26T02:00,,20.6,68,0.187,0.3
1985-11-26T03:00,,22.4,62,0.188,0.3
1985-11-26T04:00,,25.0,53,0.187,0.3
1985-11-26T05:00,,27.5,45,0.187,0.3
1985-11-26T06:00,,29.5,39,0.187,0.3
1985-11-26T07:00,,30.5,36,0.187,0.3
1985-11-26T08:00,,31.3,35,0.187,0.3
1985-11-26T09:00,,31.5,35,0.187,0.3
1985-11-26T10:00,,31.4,36,0.187,0.299
1985-11-26T11:00,,30.7,40,0.187,0.299
1985-11-26T12:00,,29.2,47,0.187,0.299
1985-11-26T13:00,,27.5,53,0.187,0.299
1985-11-26T14:00,,26.4,56,0.187,0.299
1985-11-26T15:00,,25.7,57,0.187,0.299
1985-11-26T16:00,,25.3,58,0.187,0.299
1985-11-26T17:00,,24.7,59,0.187,0.299
1985-11-26T18:00,,23.7,61,0.187,0.299
1985-11-26T19:00,,23.0,64,0.187,0.299
1985-11-26T20:00,,22.4,65,0.187,0.299
1985-11-26T21:00,,21.9,66,0.187,0.299
1985-11-26T22:00,,21.5,67,0.187,0.299
1985-11-26T23:00,,21.2,67,0.187,0.299
1985-11-27T00:00,,20.9,68,0.187,0.299
1985-11-27T01:00,,20.7,68,0.187,0.299
1985-11-27T02:00,,20.7,68,0.187,0.299
1985-11-27T03:00,,22.8,60,0.187,0.299
1985-11-27T04:00,,25.9,49,0.187,0.299
1985-11-27T05:00,,28.6,40,0.187,0.299
1985-11-27T06:00,,30.5,32,0.187,0.299
1985-11-27T07:00,,31.3,32,0.187,0.299
1985-11-27T08:00,,31.8,31,0.187,0.299
1985-11-27T09:00,,31.8,32,0.187,0.299
1985-11-27T10:00,,31.4,33,0.187,0.299
1985-11-27T11:00,,30.5,36,0.187,0.299
1985-11-27T12:00,,28.9,42,0.187,0.299
1985-11-27T13:00,,27.3,44,0.187,0.299
1985-11-27T14:00,,26.3,45,0.187,0.299
1985-11-27T15:00,,25.6,45,0.187,0.299
1985-11-27T16:00,,25.0,46,0.187,0.299
1985-11-27T17:00,,24.1,49,0.187,0.299
1985-11-27T18:00,,23.2,53,0.187,0.299
1985-11-27T19:00,,22.4,55,0.187,0.299
1985-11-27T20:00,,21.7,57,0.187,0.299
1985-11-27T21:00,,21.3,58,0.187,0.299
1985-11-27T22:00,,20.9,59,0.187,0.299
1985-11-27T23:00,,20.5,61,0.187,0.299
1985-11-28T00:00,,20.2,63,0.187,0.299
1985-11-28T01:00,,19.8,64,0.187,0.299
1985-11-28T02:00,,19.6,66,0.187,0.299
1985-11-28T03:00,,21.9,59,0.187,0.299
1985-11-28T04:00,,24.9,48,0.187,0.299
1985-11-28T05:00,,27.4,40,0.187,0.298
1985-11-28T06:00,,29.3,35,0.187,0.298
1985-11-28T07:00,,30.5,33,0.187,0.298
1985-11-28T08:00,,31.1,32,0.187,0.298
1985-11-28T09:00,,31.2,33,0.187,0.298
1985-11-28T10:00,,31.0,34,0.187,0.298
1985-11-28T11:00,,30.2,37,0.187,0.298
1985-11-28T12:00,,28.6,44,0.187,0.298
1985-11-28T13:00,,26.9,49,0.187,0.298
1985-11-28T14:00,,25.8,52,0.187,0.298
1985-11-28T15:00,,25.1,53,0.187,0.298
1985-11-28T16:00,,24.4,54,0.187,0.298
1985-11-28T17:00,,23.3,58,0.187,0.298
1985-11-28T18:00,,22.6,59,0.187,0.298
1985-11-28T19:00,,21.8,66,0.187,0.298
1985-11-28T20:00,,21.2,68,0.187,0.298
1985-11-28T21:00,,20.5,71,0.187,0.298
1985-11-28T22:00,,19.9,75,0.187,0.298
1985-11-28T23:00,,19.5,77,0.187,0.298
1985-11-29T00:00,,19.0,79,0.187,0.298
1985-11-29T01:00,,18.8,79,0.187,0.298
1985-11-29T02:00,,18.9,78,0.187,0.298
1985-11-29T03:00,,21.7,65,0.187,0.298
1985-11-29T04:00,,24.9,52,0.187,0.298
1985-11-29T05:00,,27.6,43,0.187,0.298
1985-11-29T06:00,,29.6,37,0.187,0.298
1985-11-29T07:00,,30.5,34,0.187,0.298
1985-11-29T08:00,,31.2,33,0.187,0.297
1985-11-29T09:00,,31.4,33,0.187,0.297
1985-11-29T10:00,,31.2,34,0.187,0.297
1985-11-29T11:00,,30.4,39,0.187,0.297
1985-11-29T12:00,,28.7,47,0.187,0.297
1985-11-29T13:00,,27.1,53,0.187,0.297
1985-11-29T14:00,,26.2,56,0.187,0.297
1985-11-29T15:00,,25.5,57,0.187,0.297
1985-11-29T16:00,,24.9,58,0.187,0.297
1985-11-29T17:00,,24.3,58,0.187,0.297
1985-11-29T18:00,,23.6,59,0.187,0.297
1985-11-29T19:00,,23.2,60,0.187,0.297
1985-11-29T20:00,,22.4,62,0.187,0.297
1985-11-29T21:00,,21.7,63,0.187,0.297
1985-11-29T22:00,,21.1,64,0.187,0.297
1985-11-29T23:00,,20.5,65,0.187,0.297
1985-11-30T00:00,,20.0,66,0.187,0.297
1985-11-30T01:00,,19.7,66,0.187,0.297
1985-11-30T02:00,,19.6,65,0.187,0.297
1985-11-30T03:00,,21.6,57,0.187,0.297
1985-11-30T04:00,,24.8,46,0.187,0.297
1985-11-30T05:00,,27.8,38,0.187,0.297
1985-11-30T06:00,,29.9,32,0.187,0.297
1985-11-30T07:00,,30.8,29,0.187,0.297
1985-11-30T08:00,,31.3,28,0.187,0.297
1985-11-30T09:00,,31.5,29,0.187,0.297
1985-11-30T10:00,,31.4,29,0.187,0.297
1985-11-30T11:00,,30.7,32,0.187,0.297
1985-11-30T12:00,,29.1,40,0.187,0.297
1985-11-30T13:00,,27.2,46,0.187,0.297
1985-11-30T14:00,,26.1,49,0.187,0.297
1985-11-30T15:00,,25.3,51,0.187,0.297
1985-11-30T16:00,,24.5,52,0.187,0.297
1985-11-30T17:00,,23.7,53,0.187,0.297
1985-11-30T18:00,,22.9,54,0.187,0.297
1985-11-30T19:00,,22.3,53,0.187,0.297
1985-11-30T20:00,,21.7,54,0.187,0.297
1985-11-30T21:00,,21.2,53,0.187,0.297
1985-11-30T22:00,,20.7,54,0.187,0.297
1985-11-30T23:00,,20.3,54,0.187,0.297
1985-12-01T00:00,,20.0,54,0.187,0.297
1985-12-01T01:00,,19.7,54,0.187,0.297
1985-12-01T02:00,,19.6,53,0.187,0.297
1985-12-01T03:00,,21.5,48,0.187,0.297
1985-12-01T04:00,,24.6,38,0.187,0.296
1985-12-01T05:00,,27.4,32,0.187,0.296
1985-12-01T06:00,,29.6,27,0.187,0.296
1985-12-01T07:00,,30.8,22,0.187,0.296
1985-12-01T08:00,,31.5,20,0.187,0.296
1985-12-01T09:00,,31.7,20,0.187,0.296
1985-12-01T10:00,,31.5,22,0.187,0.296
1985-12-01T11:00,,30.9,24,0.187,0.296
1985-12-01T12:00,,29.2,29,0.187,0.296
1985-12-01T13:00,,27.2,32,0.187,0.296
1985-12-01T14:00,,26.0,33,0.187,0.296
1985-12-01T15:00,,25.0,34,0.187,0.296
1985-12-01T16:00,,24.1,36,0.187,0.296
1985-12-01T17:00,,23.1,38,0.187,0.296
1985-12-01T18:00,,22.2,41,0.187,0.296
1985-12-01T19:00,,21.6,41,0.187,0.296
1985-12-01T20:00,,21.0,43,0.187,0.296
1985-12-01T21:00,,20.6,44,0.187,0.296
1985-12-01T22:00,,20.2,44,0.187,0.296
1985-12-01T23:00,,19.9,45,0.187,0.296
1985-12-02T00:00,,19.6,45,0.187,0.296
1985-12-02T01:00,,19.4,46,0.187,0.296
1985-12-02T02:00,,19.4,46,0.187,0.296
1985-12-02T03:00,,21.3,42,0.187,0.296
1985-12-02T04:00,,24.6,34,0.187,0.296
1985-12-02T05:00,,27.6,28,0.187,0.296
1985-12-02T06:00,,29.9,22,0.187,0.296
1985-12-02T07:00,,31.2,19,0.187,0.296
1985-12-02T08:00,,31.7,18,0.187,0.295
1985-12-02T09:00,,31.9,18,0.186,0.295
1985-12-02T10:00,,31.7,21,0.186,0.295
1985-12-02T11:00,,31.2,24,0.186,0.295
1985-12-02T12:00,,29.3,30,0.186,0.295
1985-12-02T13:00,,27.1,34,0.186,0.295
1985-12-02T14:00,,25.9,34,0.186,0.295
1985-12-02T15:00,,24.9,34,0.186,0.295
1985-12-02T16:00,,24.0,35,0.186,0.295
1985-12-02T17:00,,23.1,37,0.187,0.295
1985-12-02T18:00,,22.2,39,0.187,0.295
1985-12-02T19:00,,21.6,40,0.187,0.295
1985-12-02T20:00,,20.9,42,0.187,0.295
1985-12-02T21:00,,20.5,43,0.187,0.295
1985-12-02T22:00,,20.1,44,0.187,0.295
1985-12-02T23:00,,19.8,45,0.187,0.295
1985-12-03T00:00,,19.5,46,0.187,0.295
1985-12-03T01:00,,19.2,46,0.187,0.295
1985-12-03T02:00,,19.2,46,0.187,0.295
1985-12-03T03:00,,21.2,42,0.187,0.295
1985-12-03T04:00,,24.5,34,0.187,0.295
1985-12-03T05:00,,27.5,28,0.187,0.295
1985-12-03T06:00,,30.0,24,0.187,0.295
1985-12-03T07:00,,31.4,21,0.187,0.295
1985-12-03T08:00,,32.1,19,0.186,0.295
1985-12-03T09:00,,32.3,20,0.186,0.295
1985-12-03T10:00,,32.1,23,0.186,0.295
1985-12-03T11:00,,31.5,25,0.186,0.295
1985-12-03T12:00,,29.7,31,0.186,0.295
1985-12-03T13:00,,27.5,34,0.186,0.295
1985-12-03T14:00,,26.2,34,0.186,0.295
1985-12-03T15:00,,25.2,35,0.186,0.295
1985-12-03T16:00,,24.3,36,0.186,0.295
1985-12-03T17:00,,23.4,38,0.186,0.295
1985-12-03T18:00,,22.6,40,0.186,0.295
1985-12-03T19:00,,21.8,42,0.186,0.295
1985-12-03T20:00,,21.0,45,0.187,0.295
1985-12-03T21:00,,20.5,46,0.187,0.295
1985-12-03T22:00,,20.0,47,0.187,0.295
1985-12-03T23:00,,19.7,48,0.187,0.295
1985-12-04T00:00,,19.4,48,0.187,0.295
1985-12-04T01:00,,19.2,49,0.187,0.295
1985-12-04T02:00,,19.1,49,0.187,0.295
1985-12-04T03:00,,21.1,45,0.187,0.295
1985-12-04T04:00,,24.4,36,0.187,0.295
1985-12-04T05:00,,27.3,29,0.187,0.294
1985-12-04T06:00,,29.6,26,0.187,0.294
1985-12-04T07:00,,31.0,23,0.187,0.294
1985-12-04T08:00,,31.7,22,0.186,0.294
1985-12-04T09:00,,31.9,22,0.186,0.294
1985-12-04T10:00,,31.7,24,0.186,0.294
1985-12-04T11:00,,31.2,27,0.186,0.294
1985-12-04T12:00,,29.4,34,0.186,0.294
1985-12-04T13:00,,27.2,39,0.186,0.294
1985-12-04T14:00,,25.8,41,0.186,0.294
1985-12-04T15:00,,24.7,41,0.186,0.294
1985-12-04T16:00,,23.8,40,0.186,0.294
1985-12-04T17:00,,23.1,40,0.186,0.294
1985-12-04T18:00,,22.3,42,0.186,0.294
1985-12-04T19:00,,21.7,45,0.186,0.294
1985-12-04T20:00,,21.0,48,0.186,0.294
1985-12-04T21:00,,20.4,50,0.187,0.294
1985-12-04T22:00,,19.9,50,0.187,0.294
1985-12-04T23:00,,19.6,50,0.187,0.294
1985-12-05T00:00,,19.4,49,0.187,0.294
1985-12-05T01:00,,19.3,49,0.187,0.294
1985-12-05T02:00,,19.2,50,0.187,0.294
1985-12-05T03:00,,21.3,45,0.187,0.294
1985-12-05T04:00,,24.5,37,0.187,0.294
1985-12-05T05:00,,27.3,32,0.187,0.294
1985-12-05T06:00,,29.4,29,0.187,0.294
1985-12-05T07:00,,30.5,28,0.186,0.294
1985-12-05T08:00,,31.1,28,0.186,0.294
1985-12-05T09:00,,31.3,29,0.186,0.294
1985-12-05T10:00,,30.9,31,0.186,0.293
1985-12-05T11:00,,30.0,35,0.186,0.293
1985-12-05T12:00,,28.3,44,0.186,0.293
1985-12-05T13:00,,26.3,51,0.186,0.293
1985-12-05T14:00,,25.2,56,0.186,0.293
1985-12-05T15:00,,24.3,60,0.186,0.293
1985-12-05T16:00,,23.4,63,0.186,0.293
1985-12-05T17:00,,22.3,66,0.186,0.293
1985-12-05T18:00,,21.2,70,0.186,0.293
1985-12-05T19:00,,20.2,75,0.186,0.293
1985-12-05T20:00,,19.6,77,0.187,0.293
1985-12-05T21:00,,19.0,79,0.187,0.293
1985-12-05T22:00,,18.4,82,0.187,0.293
1985-12-05T23:00,,18.0,82,0.187,0.293
1985-12-06T00:00,,17.8,79,0.187,0.293
1985-12-06T01:00,,17.6,77,0.187,0.293
1985-12-06T02:00,,17.6,75,0.187,0.293
1985-12-06T03:00,,19.4,68,0.187,0.293
1985-12-06T04:00,,22.6,58,0.187,0.293
1985-12-06T05:00,,25.7,49,0.187,0.293
1985-12-06T06:00,,27.7,43,0.187,0.293
1985-12-06T07:00,,29.5,37,0.187,0.293
1985-12-06T08:00,,30.2,36,0.187,0.293
1985-12-06T09:00,,30.4,36,0.187,0.293
1985-12-06T10:00,,30.1,37,0.187,0.293
1985-12-06T11:00,,29.2,41,0.187,0.293
1985-12-06T12:00,,27.5,51,0.187,0.293
1985-12-06T13:00,,25.5,60,0.187,0.293
1985-12-06T14:00,,24.4,66,0.187,0.293
1985-12-06T15:00,,23.8,70,0.187,0.293
1985-12-06T16:00,,23.1,74,0.187,0.293
1985-12-06T17:00,,22.6,76,0.187,0.293
1985-12-06T18:00,,21.0,85,0.187,0.293
1985-12-06T19:00,,20.0,87,0.187,0.293
1985-12-06T20:00,,19.2,90,0.187,0.293
1985-12-06T21:00,,18.7,92,0.187,0.293
1985-12-06T22:00,,18.3,92,0.187,0.293
1985-12-06T23:00,,18.1,92,0.187,0.293
1985-12-07T00:00,,17.9,90,0.187,0.293
1985-12-07T01:00,,18.0,85,0.187,0.293
1985-12-07T02:00,,17.8,83,0.187,0.293
1985-12-07T03:00,,19.1,78,0.187,0.293
1985-12-07T04:00,,22.5,66,0.187,0.293
1985-12-07T05:00,,25.2,56,0.187,0.293
1985-12-07T06:00,,27.1,46,0.187,0.293
1985-12-07T07:00,,28.7,39,0.187,0.293
1985-12-07T08:00,,29.3,37,0.187,0.293
1985-12-07T09:00,,29.6,36,0.187,0.293
1985-12-07T10:00,,29.4,36,0.187,0.293
1985-12-07T11:00,,28.7,38,0.187,0.292
1985-12-07T12:00,,27.2,45,0.187,0.292
1985-12-07T13:00,,25.5,51,0.187,0.292
1985-12-07T14:00,,24.4,56,0.187,0.292
1985-12-07T15:00,,23.7,59,0.187,0.292
1985-12-07T16:00,,23.0,65,0.187,0.292
1985-12-07T17:00,,21.8,70,0.187,0.292
1985-12-07T18:00,,20.4,76,0.187,0.292
1985-12-07T19:00,,19.7,82,0.187,0.292
1985-12-07T20:00,,19.3,83,0.187,0.292
1985-12-07T21:00,,19.2,82,0.187,0.292
1985-12-07T22:00,,18.7,84,0.187,0.292
1985-12-07T23:00,,17.9,87,0.187,0.292
1985-12-08T00:00,,17.7,86,0.187,0.292
1985-12-08T01:00,,17.8,82,0.187,0.292
1985-12-08T02:00,,17.9,78,0.187,0.292
1985-12-08T03:00,,20.2,67,0.187,0.292
1985-12-08T04:00,,23.4,54,0.187,0.292
1985-12-08T05:00,,26.2,45,0.187,0.292
1985-12-08T06:00,,28.4,38,0.187,0.292
1985-12-08T07:00,,30.0,31,0.187,0.292
1985-12-08T08:00,,30.8,28,0.187,0.292
1985-12-08T09:00,,31.0,29,0.187,0.292
1985-12-08T10:00,,30.8,30,0.187,0.292
1985-12-08T11:00,,30.2,33,0.187,0.292
1985-12-08T12:00,,28.5,39,0.187,0.292
1985-12-08T13:00,,26.6,44,0.187,0.292
1985-12-08T14:00,,25.4,47,0.187,0.292
1985-12-08T15:00,,24.5,48,0.187,0.292
1985-12-08T16:00,,23.7,48,0.187,0.292
1985-12-08T17:00,,22.9,49,0.187,0.292
1985-12-08T18:00,,22.2,51,0.187,0.292
1985-12-08T19:00,,21.4,53,0.187,0.292
1985-12-08T20:00,,20.8,55,0.187,0.292
1985-12-08T21:00,,20.3,56,0.187,0.292
1985-12-08T22:00,,19.7,57,0.187,0.292
1985-12-08T23:00,,19.3,57,0.187,0.292
1985-12-09T00:00,,18.8,57,0.187,0.292
1985-12-09T01:00,,18.4,57,0.187,0.292
1985-12-09T02:00,,18.2,58,0.187,0.292
1985-12-09T03:00,,19.4,53,0.187,0.292
1985-12-09T04:00,,21.8,46,0.187,0.292
1985-12-09T05:00,,24.3,41,0.187,0.292
1985-12-09T06:00,,26.7,36,0.187,0.292
1985-12-09T07:00,,28.6,33,0.187,0.292
1985-12-09T08:00,,29.6,31,0.187,0.292
1985-12-09T09:00,,29.9,31,0.187,0.292
1985-12-09T10:00,,29.8,33,0.187,0.292
1985-12-09T11:00,,28.9,36,0.187,0.292
1985-12-09T12:00,,27.3,43,0.187,0.292
1985-12-09T13:00,,25.5,48,0.187,0.292
1985-12-09T14:00,,24.4,50,0.187,0.292
1985-12-09T15:00,,23.6,50,0.187,0.292
1985-12-09T16:00,,22.8,51,0.187,0.292
1985-12-09T17:00,,22.0,53,0.187,0.292
1985-12-09T18:00,,21.3,54,0.187,0.292
1985-12-09T19:00,,20.7,57,0.187,0.292
1985-12-09T20:00,,20.1,59,0.187,0.292
1985-12-09T21:00,,19.7,61,0.187,0.292
1985-12-09T22:00,,19.3,62,0.187,0.292
1985-12-09T23:00,,18.9,63,0.187,0.292
1985-12-10T00:00,,18.5,63,0.187,0.292
1985-12-10T01:00,,18.0,63,0.187,0.292
1985-12-10T02:00,,17.6,63,0.187,0.292
1985-12-10T03:00,,18.9,58,0.187,0.292
1985-12-10T04:00,,21.0,49,0.187,0.292
1985-12-10T05:00,,23.2,43,0.187,0.292
1985-12-10T06:00,,25.2,38,0.187,0.291
1985-12-10T07:00,,26.8,37,0.187,0.291
1985-12-10T08:00,,27.4,36,0.187,0.291
1985-12-10T09:00,,27.6,36,0.187,0.291
1985-12-10T10:00,,27.4,36,0.187,0.291
1985-12-10T11:00,,26.8,36,0.187,0.291
1985-12-10T12:00,,25.7,40,0.187,0.291
1985-12-10T13:00,,24.3,45,0.187,0.291
1985-12-10T14:00,,23.4,49,0.187,0.291
1985-12-10T15:00,,22.7,52,0.187,0.291
1985-12-10T16:00,,21.9,55,0.187,0.291
1985-12-10T17:00,,21.0,58,0.187,0.291
1985-12-10T18:00,,20.4,59,0.187,0.291
1985-12-10T19:00,,19.7,62,0.187,0.291
1985-12-10T20:00,,19.3,61,0.187,0.291
1985-12-10T21:00,,18.9,60,0.187,0.291
1985-12-10T22:00,,18.4,59,0.187,0.291
1985-12-10T23:00,,17.9,57,0.187,0.291
1985-12-11T00:00,,17.5,56,0.187,0.291
1985-12-11T01:00,,17.2,55,0.187,0.291
1985-12-11T02:00,,17.0,54,0.187,0.291
1985-12-11T03:00,,18.3,50,0.187,0.291
1985-12-11T04:00,,20.5,41,0.187,0.291
1985-12-11T05:00,,22.7,35,0.187,0.291
1985-12-11T06:00,,24.5,31,0.187,0.291
1985-12-11T07:00,,25.4,31,0.187,0.291
1985-12-11T08:00,,26.2,31,0.187,0.291
1985-12-11T09:00,,26.5,30,0.187,0.291
1985-12-11T10:00,,26.5,31,0.187,0.291
1985-12-11T11:00,,26.1,31,0.187,0.291
1985-12-11T12:00,,25.1,35,0.187,0.291
1985-12-11T13:00,,23.7,39,0.187,0.291
1985-12-11T14:00,,22.9,41,0.187,0.291
1985-12-11T15:00,,22.3,43,0.187,0.291
1985-12-11T16:00,,21.7,44,0.187,0.291
1985-12-11T17:00,,21.1,45,0.187,0.291
1985-12-11T18:00,,20.5,46,0.187,0.291
1985-12-11T19:00,,19.7,50,0.187,0.291
1985-12-11T20:00,,19.1,51,0.187,0.291
1985-12-11T21:00,,18.6,53,0.187,0.291
1985-12-11T22:00,,18.2,54,0.187,0.291
1985-12-11T23:00,,17.8,54,0.187,0.291
1985-12-12T00:00,,17.4,56,0.187,0.291
1985-12-12T01:00,,17.2,57,0.187,0.291
1985-12-12T02:00,,17.2,57,0.187,0.291
1985-12-12T03:00,,18.4,53,0.187,0.291
1985-12-12T04:00,,20.3,46,0.187,0.291
1985-12-12T05:00,,22.1,41,0.187,0.291
1985-12-12T06:00,,23.0,39,0.187,0.291
1985-12-12T07:00,,23.6,39,0.187,0.291
1985-12-12T08:00,,24.2,38,0.187,0.291
1985-12-12T09:00,,24.3,39,0.188,0.291
1985-12-12T10:00,,24.2,41,0.189,0.291
1985-12-12T11:00,,24.1,42,0.189,0.291
1985-12-12T12:00,,23.7,45,0.189,0.291
1985-12-12T13:00,,23.0,48,0.189,0.291
1985-12-12T14:00,,22.6,50,0.189,0.291
1985-12-12T15:00,,22.0,54,0.189,0.291
1985-12-12T16:00,,21.4,59,0.189,0.291
1985-12-12T17:00,,20.9,64,0.189,0.291
1985-12-12T18:00,,20.4,68,0.189,0.291
1985-12-12T19:00,,20.1,77,0.189,0.291
1985-12-12T20:00,,19.7,81,0.189,0.291
1985-12-12T21:00,,19.4,84,0.189,0.291
1985-12-12T22:00,,19.2,87,0.19,0.291
1985-12-12T23:00,,19.0,88,0.19,0.291
1985-12-13T00:00,,18.8,90,0.19,0.291
1985-12-13T01:00,,18.6,91,0.19,0.291
1985-12-13T02:00,,18.6,90,0.19,0.291
1985-12-13T03:00,,19.9,82,0.19,0.291
1985-12-13T04:00,,21.9,71,0.19,0.291
1985-12-13T05:00,,23.8,62,0.19,0.291
1985-12-13T06:00,,25.4,56,0.19,0.29
1985-12-13T07:00,,26.9,52,0.189,0.29
1985-12-13T08:00,,27.8,50,0.189,0.29
1985-12-13T09:00,,28.3,49,0.189,0.29
1985-12-13T10:00,,28.2,50,0.189,0.29
1985-12-13T11:00,,27.6,52,0.189,0.29
1985-12-13T12:00,,26.2,57,0.189,0.29
1985-12-13T13:00,,24.7,61,0.189,0.29
1985-12-13T14:00,,24.0,63,0.189,0.29
1985-12-13T15:00,,23.5,63,0.189,0.29
1985-12-13T16:00,,23.0,63,0.189,0.29
1985-12-13T17:00,,22.5,64,0.189,0.29
1985-12-13T18:00,,21.9,66,0.189,0.29
1985-12-13T19:00,,21.5,69,0.189,0.29
1985-12-13T20:00,,20.9,72,0.189,0.29
1985-12-13T21:00,,20.3,76,0.189,0.29
1985-12-13T22:00,,19.9,78,0.189,0.29
1985-12-13T23:00,,19.5,80,0.189,0.29
1985-12-14T00:00,,19.1,82,0.189,0.29
1985-12-14T01:00,,18.7,84,0.189,0.29
1985-12-14T02:00,,18.5,85,0.189,0.29
1985-12-14T03:00,,20.1,78,0.189,0.29
1985-12-14T04:00,,22.7,67,0.189,0.29
1985-12-14T05:00,,25.0,59,0.189,0.29
1985-12-14T06:00,,26.9,52,0.189,0.29
1985-12-14T07:00,,28.2,46,0.188,0.29
1985-12-14T08:00,,28.8,46,0.188,0.29
1985-12-14T09:00,,28.9,46,0.188,0.29
1985-12-14T10:00,,28.5,49,0.188,0.29
1985-12-14T11:00,,27.6,52,0.188,0.29
1985-12-14T12:00,,26.4,58,0.188,0.29
1985-12-14T13:00,,25.0,65,0.188,0.29
1985-12-14T14:00,,24.2,69,0.188,0.29
1985-12-14T15:00,,23.5,72,0.188,0.29
1985-12-14T16:00,,22.9,76,0.188,0.29
1985-12-14T17:00,,22.0,80,0.188,0.29
1985-12-14T18:00,,21.5,81,0.188,0.29
1985-12-14T19:00,,21.3,85,0.188,0.29
1985-12-14T20:00,,21.1,86,0.188,0.29
1985-12-14T21:00,,20.6,88,0.188,0.29
1985-12-14T22:00,,20.3,90,0.188,0.29
1985-12-14T23:00,,20.4,89,0.188,0.29
1985-12-15T00:00,,20.4,90,0.188,0.29
1985-12-15T01:00,,20.3,90,0.188,0.29
1985-12-15T02:00,,20.0,91,0.188,0.29
1985-12-15T03:00,,21.4,85,0.188,0.29
1985-12-15T04:00,,23.8,73,0.188,0.29
1985-12-15T05:00,,25.9,62,0.188,0.29
1985-12-15T06:00,,27.4,56,0.188,0.29
1985-12-15T07:00,,28.8,53,0.188,0.29
1985-12-15T08:00,,28.8,54,0.188,0.29
1985-12-15T09:00,,28.3,56,0.188,0.29
1985-12-15T10:00,,27.6,58,0.188,0.29
1985-12-15T11:00,,27.1,58,0.188,0.29
1985-12-15T12:00,,26.3,62,0.188,0.29
1985-12-15T13:00,,25.2,67,0.188,0.29
1985-12-15T14:00,,24.4,72,0.188,0.29
1985-12-15T15:00,,23.7,77,0.188,0.29
1985-12-15T16:00,,23.1,81,0.188,0.29
1985-12-15T17:00,,22.4,86,0.188,0.29
1985-12-15T18:00,,22.0,88,0.188,0.29
1985-12-15T19:00,,21.6,91,0.188,0.29
1985-12-15T20:00,,21.4,91,0.188,0.29
1985-12-15T21:00,,21.3,90,0.188,0.29
1985-12-15T22:00,,21.4,89,0.188,0.29
1985-12-15T23:00,,20.8,92,0.188,0.29
1985-12-16T00:00,,20.3,94,0.188,0.29
1985-12-16T01:00,,20.5,93,0.188,0.29
1985-12-16T02:00,,20.4,93,0.188,0.29
1985-12-16T03:00,,22.1,84,0.188,0.29
1985-12-16T04:00,,24.4,70,0.188,0.29
1985-12-16T05:00,,26.4,61,0.188,0.29
1985-12-16T06:00,,28.0,55,0.188,0.289
1985-12-16T07:00,,28.5,55,0.188,0.289
1985-12-16T08:00,,28.9,54,0.188,0.289
1985-12-16T09:00,,28.9,54,0.188,0.289
1985-12-16T10:00,,28.8,55,0.188,0.289
1985-12-16T11:00,,28.6,56,0.188,0.289
1985-12-16T12:00,,27.7,60,0.188,0.289
1985-12-16T13:00,,26.5,65,0.188,0.289
1985-12-16T14:00,,25.7,68,0.188,0.289
1985-12-16T15:00,,25.2,70,0.188,0.289
1985-12-16T16:00,,24.6,73,0.188,0.289
1985-12-16T17:00,,23.9,76,0.188,0.289
1985-12-16T18:00,,23.3,79,0.188,0.289
1985-12-16T19:00,,23.0,80,0.188,0.289
1985-12-16T20:00,,22.6,81,0.188,0.289
1985-12-16T21:00,,22.1,83,0.188,0.289
1985-12-16T22:00,,21.5,86,0.188,0.289
1985-12-16T23:00,,21.0,88,0.188,0.289
1985-12-17T00:00,,20.7,89,0.188,0.289
1985-12-17T01:00,,20.5,89,0.188,0.289
1985-12-17T02:00,,20.4,89,0.188,0.289
1985-12-17T03:00,,22.1,81,0.188,0.289
1985-12-17T04:00,,24.7,70,0.188,0.289
1985-12-17T05:00,,27.0,60,0.188,0.289
1985-12-17T06:00,,28.6,54,0.188,0.289
1985-12-17T07:00,,29.5,51,0.187,0.289
1985-12-17T08:00,,30.2,47,0.187,0.289
1985-12-17T09:00,,30.4,45,0.187,0.289
1985-12-17T10:00,,30.3,45,0.187,0.289
1985-12-17T11:00,,29.7,47,0.187,0.289
1985-12-17T12:00,,28.6,52,0.187,0.289
1985-12-17T13:00,,27.0,58,0.187,0.289
1985-12-17T14:00,,25.8,62,0.187,0.289
1985-12-17T15:00,,25.0,65,0.187,0.289
1985-12-17T16:00,,24.4,66,0.187,0.289
1985-12-17T17:00,,23.6,67,0.187,0.289
1985-12-17T18:00,,22.9,68,0.187,0.289
1985-12-17T19:00,,22.8,69,0.187,0.289
1985-12-17T20:00,,22.4,69,0.187,0.289
1985-12-17T21:00,,21.9,71,0.187,0.289
1985-12-17T22:00,,21.5,72,0.187,0.289
1985-12-17T23:00,,21.2,74,0.187,0.289
1985-12-18T00:00,,20.8,75,0.187,0.289
1985-12-18T01:00,,20.4,76,0.187,0.289
1985-12-18T02:00,,20.1,78,0.187,0.289
1985-12-18T03:00,,21.6,73,0.187,0.289
1985-12-18T04:00,,24.5,62,0.187,0.289
1985-12-18T05:00,,27.4,52,0.187,0.289
1985-12-18T06:00,,29.4,42,0.187,0.289
1985-12-18T07:00,,30.8,38,0.187,0.289
1985-12-18T08:00,,31.5,35,0.187,0.289
1985-12-18T09:00,,31.7,35,0.187,0.289
1985-12-18T10:00,,31.5,35,0.187,0.289
1985-12-18T11:00,,30.9,37,0.187,0.289
1985-12-18T12:00,,29.4,43,0.187,0.289
1985-12-18T13:00,,27.6,48,0.187,0.289
1985-12-18T14:00,,26.4,51,0.187,0.289
1985-12-18T15:00,,25.5,53,0.187,0.289
1985-12-18T16:00,,24.7,55,0.187,0.289
1985-12-18T17:00,,23.9,57,0.187,0.289
1985-12-18T18:00,,23.2,59,0.187,0.289
1985-12-18T19:00,,22.6,60,0.187,0.289
1985-12-18T20:00,,22.0,62,0.187,0.289
1985-12-18T21:00,,21.5,64,0.187,0.289
1985-12-18T22:00,,21.1,66,0.187,0.289
1985-12-18T23:00,,20.6,68,0.187,0.289
1985-12-19T00:00,,20.2,70,0.187,0.289
1985-12-19T01:00,,19.6,73,0.187,0.289
1985-12-19T02:00,,19.2,75,0.187,0.289
1985-12-19T03:00,,20.7,70,0.187,0.289
1985-12-19T04:00,,23.6,59,0.187,0.289
1985-12-19T05:00,,26.3,50,0.187,0.288
1985-12-19T06:00,,28.5,43,0.187,0.288
1985-12-19T07:00,,29.7,37,0.187,0.288
1985-12-19T08:00,,30.5,35,0.187,0.288
1985-12-19T09:00,,30.8,34,0.187,0.288
1985-12-19T10:00,,30.5,36,0.187,0.288
1985-12-19T11:00,,29.8,40,0.187,0.288
1985-12-19T12:00,,28.3,47,0.187,0.288
1985-12-19T13:00,,26.5,53,0.187,0.288
1985-12-19T14:00,,25.4,57,0.187,0.288
1985-12-19T15:00,,24.5,60,0.187,0.288
1985-12-19T16:00,,23.9,60,0.187,0.288
1985-12-19T17:00,,23.3,60,0.187,0.288
1985-12-19T18:00,,22.7,61,0.187,0.288
1985-12-19T19:00,,22.0,61,0.187,0.288
1985-12-19T20:00,,21.4,63,0.187,0.288
1985-12-19T21:00,,21.0,64,0.187,0.288
1985-12-19T22:00,,20.5,66,0.187,0.288
1985-12-19T23:00,,20.0,67,0.187,0.288
1985-12-20T00:00,,19.6,68,0.187,0.288
1985-12-20T01:00,,19.2,69,0.187,0.288
1985-12-20T02:00,,18.9,70,0.187,0.288
1985-12-20T03:00,,20.3,65,0.187,0.288
1985-12-20T04:00,,23.6,54,0.187,0.288
1985-12-20T05:00,,26.8,44,0.187,0.288
1985-12-20T06:00,,29.2,37,0.187,0.288
1985-12-20T07:00,,30.5,32,0.187,0.288
1985-12-20T08:00,,31.3,30,0.187,0.288
1985-12-20T09:00,,31.7,29,0.187,0.288
1985-12-20T10:00,,31.7,29,0.187,0.288
1985-12-20T11:00,,31.2,31,0.186,0.288
1985-12-20T12:00,,29.7,36,0.186,0.288
1985-12-20T13:00,,27.7,40,0.186,0.288
1985-12-20T14:00,,26.4,43,0.187,0.288
1985-12-20T15:00,,25.3,46,0.187,0.288
1985-12-20T16:00,,24.4,48,0.187,0.288
1985-12-20T17:00,,23.6,51,0.187,0.288
1985-12-20T18:00,,22.8,53,0.187,0.288
1985-12-20T19:00,,21.8,55,0.187,0.288
1985-12-20T20:00,,21.1,58,0.187,0.288
1985-12-20T21:00,,20.6,59,0.187,0.288
1985-12-20T22:00,,20.2,60,0.187,0.288
1985-12-20T23:00,,19.9,60,0.187,0.288
1985-12-21T00:00,,19.7,61,0.187,0.288
1985-12-21T01:00,,19.7,60,0.187,0.288
1985-12-21T02:00,,19.7,60,0.187,0.288
1985-12-21T03:00,,21.4,55,0.187,0.288
1985-12-21T04:00,,24.6,46,0.187,0.288
1985-12-21T05:00,,27.5,40,0.187,0.288
1985-12-21T06:00,,29.7,37,0.187,0.288
1985-12-21T07:00,,31.0,34,0.187,0.288
1985-12-21T08:00,,31.8,31,0.187,0.288
1985-12-21T09:00,,32.2,30,0.186,0.288
1985-12-21T10:00,,32.1,30,0.186,0.288
1985-12-21T11:00,,31.6,31,0.186,0.288
1985-12-21T12:00,,30.0,34,0.186,0.288
1985-12-21T13:00,,28.1,37,0.186,0.288
1985-12-21T14:00,,27.0,39,0.186,0.288
1985-12-21T15:00,,25.9,40,0.186,0.288
1985-12-21T16:00,,25.0,42,0.186,0.288
1985-12-21T17:00,,24.1,43,0.186,0.288
1985-12-21T18:00,,23.4,45,0.186,0.287
1985-12-21T19:00,,22.9,46,0.186,0.287
1985-12-21T20:00,,22.5,47,0.186,0.287
1985-12-21T21:00,,22.1,48,0.186,0.287
1985-12-21T22:00,,21.8,48,0.186,0.287
1985-12-21T23:00,,21.5,48,0.186,0.287
1985-12-22T00:00,,21.2,48,0.186,0.288
1985-12-22T01:00,,20.9,49,0.187,0.288
1985-12-22T02:00,,20.7,50,0.187,0.288
1985-12-22T03:00,,22.0,48,0.187,0.287
1985-12-22T04:00,,24.9,41,0.187,0.287
1985-12-22T05:00,,27.6,36,0.187,0.287
1985-12-22T06:00,,29.7,33,0.186,0.287
1985-12-22T07:00,,30.9,32,0.186,0.287
1985-12-22T08:00,,31.6,31,0.186,0.287
1985-12-22T09:00,,31.8,32,0.186,0.287
1985-12-22T10:00,,31.5,33,0.186,0.287
1985-12-22T11:00,,30.7,36,0.186,0.287
1985-12-22T12:00,,29.1,41,0.186,0.287
1985-12-22T13:00,,27.2,44,0.186,0.287
1985-12-22T14:00,,26.1,45,0.186,0.287
1985-12-22T15:00,,25.2,45,0.186,0.287
1985-12-22T16:00,,24.4,45,0.186,0.287
1985-12-22T17:00,,23.6,46,0.186,0.287
1985-12-22T18:00,,22.8,47,0.186,0.287
1985-12-22T19:00,,22.2,48,0.186,0.287
1985-12-22T20:00,,21.6,49,0.186,0.287
1985-12-22T21:00,,21.0,51,0.186,0.287
1985-12-22T22:00,,20.4,53,0.186,0.287
1985-12-22T23:00,,19.9,55,0.186,0.287
1985-12-23T00:00,,19.4,58,0.186,0.287
1985-12-23T01:00,,19.0,60,0.186,0.287
1985-12-23T02:00,,18.5,63,0.186,0.287
1985-12-23T03:00,,19.9,60,0.186,0.287
1985-12-23T04:00,,22.8,51,0.186,0.287
1985-12-23T05:00,,25.8,43,0.186,0.287
1985-12-23T06:00,,28.1,37,0.186,0.287
1985-12-23T07:00,,29.6,34,0.186,0.287
1985-12-23T08:00,,30.3,33,0.186,0.287
1985-12-23T09:00,,30.4,33,0.186,0.287
1985-12-23T10:00,,30.1,34,0.186,0.287
1985-12-23T11:00,,29.3,36,0.186,0.287
1985-12-23T12:00,,27.8,42,0.186,0.287
1985-12-23T13:00,,26.0,47,0.186,0.287
1985-12-23T14:00,,24.8,49,0.186,0.287
1985-12-23T15:00,,24.0,50,0.186,0.287
1985-12-23T16:00,,23.4,51,0.186,0.287
1985-12-23T17:00,,22.5,54,0.186,0.287
1985-12-23T18:00,,21.6,56,0.186,0.287
1985-12-23T19:00,,21.0,60,0.186,0.287
1985-12-23T20:00,,20.2,62,0.186,0.287
1985-12-23T21:00,,19.6,64,0.186,0.287
1985-12-23T22:00,,18.8,68,0.186,0.287
1985-12-23T23:00,,18.2,72,0.186,0.287
1985-12-24T00:00,,17.8,74,0.186,0.287
1985-12-24T01:00,,17.7,74,0.186,0.287
1985-12-24T02:00,,17.6,73,0.186,0.287
1985-12-24T03:00,,19.3,67,0.186,0.287
1985-12-24T04:00,,22.6,53,0.186,0.287
1985-12-24T05:00,,25.5,43,0.186,0.287
1985-12-24T06:00,,27.7,37,0.186,0.287
1985-12-24T07:00,,28.9,35,0.186,0.287
1985-12-24T08:00,,29.6,35,0.186,0.287
1985-12-24T09:00,,29.8,35,0.186,0.287
1985-12-24T10:00,,29.6,37,0.186,0.287
1985-12-24T11:00,,28.8,40,0.186,0.287
1985-12-24T12:00,,27.4,45,0.186,0.287
1985-12-24T13:00,,25.7,48,0.186,0.287
1985-12-24T14:00,,24.6,51,0.186,0.287
1985-12-24T15:00,,23.9,53,0.186,0.287
1985-12-24T16:00,,22.7,59,0.186,0.287
1985-12-24T17:00,,21.6,63,0.186,0.287
1985-12-24T18:00,,20.7,66,0.186,0.287
1985-12-24T19:00,,19.9,71,0.186,0.287
1985-12-24T20:00,,19.3,75,0.186,0.287
1985-12-24T21:00,,19.3,75,0.186,0.287
1985-12-24T22:00,,18.9,77,0.186,0.287
1985-12-24T23:00,,18.4,78,0.186,0.287
1985-12-25T00:00,,17.9,81,0.186,0.287
1985-12-25T01:00,,17.4,83,0.186,0.287
1985-12-25T02:00,,17.1,85,0.186,0.287
1985-12-25T03:00,,19.6,74,0.187,0.287
1985-12-25T04:00,,23.3,59,0.187,0.287
1985-12-25T05:00,,26.2,47,0.186,0.287
1985-12-25T06:00,,28.1,41,0.186,0.286
1985-12-25T07:00,,28.1,43,0.186,0.286
1985-12-25T08:00,,28.8,40,0.186,0.286
1985-12-25T09:00,,29.0,38,0.186,0.286
1985-12-25T10:00,,28.7,39,0.186,0.286
1985-12-25T11:00,,28.0,41,0.186,0.286
1985-12-25T12:00,,26.6,47,0.186,0.286
1985-12-25T13:00,,24.8,56,0.186,0.286
1985-12-25T14:00,,23.5,64,0.186,0.286
1985-12-25T15:00,,22.6,72,0.186,0.286
1985-12-25T16:00,,21.7,77,0.186,0.286
1985-12-25T17:00,,21.2,79,0.186,0.286
1985-12-25T18:00,,20.7,80,0.186,0.286
1985-12-25T19:00,,20.4,82,0.186,0.286
1985-12-25T20:00,,20.1,83,0.186,0.286
1985-12-25T21:00,,19.8,85,0.186,0.286
1985-12-25T22:00,,19.5,87,0.186,0.286
1985-12-25T23:00,,19.1,89,0.186,0.286
1985-12-26T00:00,,18.5,92,0.187,0.286
1985-12-26T01:00,,18.0,93,0.187,0.286
1985-12-26T02:00,,17.6,93,0.187,0.286
1985-12-26T03:00,,19.6,87,0.187,0.286
1985-12-26T04:00,,22.7,74,0.187,0.286
1985-12-26T05:00,,24.5,65,0.187,0.286
1985-12-26T06:00,,26.0,55,0.187,0.286
1985-12-26T07:00,,27.2,49,0.186,0.286
1985-12-26T08:00,,27.7,46,0.186,0.286
1985-12-26T09:00,,27.8,45,0.186,0.286
1985-12-26T10:00,,27.7,45,0.186,0.286
1985-12-26T11:00,,27.1,46,0.186,0.286
1985-12-26T12:00,,26.1,52,0.186,0.286
1985-12-26T13:00,,24.6,61,0.186,0.286
1985-12-26T14:00,,23.6,69,0.186,0.286
1985-12-26T15:00,,22.8,75,0.186,0.286
1985-12-26T16:00,,22.3,80,0.186,0.286
1985-12-26T17:00,,21.8,84,0.186,0.286
1985-12-26T18:00,,21.5,88,0.186,0.286
1985-12-26T19:00,,21.4,90,0.186,0.286
1985-12-26T20:00,,21.2,92,0.186,0.286
1985-12-26T21:00,,21.0,93,0.187,0.286
1985-12-26T22:00,,20.8,94,0.187,0.286
1985-12-26T23:00,,20.6,95,0.187,0.286
1985-12-27T00:00,,20.3,95,0.187,0.286
1985-12-27T01:00,,20.0,96,0.187,0.286
1985-12-27T02:00,,19.5,97,0.187,0.286
1985-12-27T03:00,,21.3,92,0.187,0.286
1985-12-27T04:00,,23.2,84,0.187,0.286
1985-12-27T05:00,,24.6,73,0.187,0.286
1985-12-27T06:00,,25.9,63,0.187,0.286
1985-12-27T07:00,,26.5,58,0.187,0.286
1985-12-27T08:00,,27.0,55,0.186,0.286
1985-12-27T09:00,,27.4,51,0.186,0.286
1985-12-27T10:00,,27.4,50,0.186,0.286
1985-12-27T11:00,,27.0,50,0.186,0.286
1985-12-27T12:00,,26.1,55,0.186,0.286
1985-12-27T13:00,,24.8,62,0.186,0.286
1985-12-27T14:00,,23.7,69,0.186,0.286
1985-12-27T15:00,,22.8,75,0.186,0.286
1985-12-27T16:00,,22.0,81,0.186,0.286
1985-12-27T17:00,,20.9,88,0.186,0.286
1985-12-27T18:00,,20.3,91,0.187,0.286
1985-12-27T19:00,,20.3,89,0.187,0.286
1985-12-27T20:00,,20.0,91,0.187,0.286
1985-12-27T21:00,,18.9,95,0.187,0.286
1985-12-27T22:00,,17.8,97,0.187,0.286
1985-12-27T23:00,,17.8,95,0.187,0.286
1985-12-28T00:00,,17.9,94,0.187,0.286
1985-12-28T01:00,,17.7,93,0.187,0.286
1985-12-28T02:00,,17.5,92,0.187,0.286
1985-12-28T03:00,,19.1,81,0.187,0.286
1985-12-28T04:00,,22.3,65,0.187,0.286
1985-12-28T05:00,,25.2,50,0.187,0.286
1985-12-28T06:00,,27.3,38,0.187,0.286
1985-12-28T07:00,,28.6,32,0.187,0.286
1985-12-28T08:00,,29.4,29,0.187,0.286
1985-12-28T09:00,,29.7,28,0.186,0.286
1985-12-28T10:00,,29.7,29,0.186,0.286
1985-12-28T11:00,,29.2,30,0.186,0.286
1985-12-28T12:00,,27.8,35,0.186,0.286
1985-12-28T13:00,,25.9,40,0.186,0.286
1985-12-28T14:00,,24.5,44,0.186,0.286
1985-12-28T15:00,,23.5,46,0.186,0.286
1985-12-28T16:00,,22.7,47,0.186,0.286
1985-12-28T17:00,,21.9,48,0.186,0.286
1985-12-28T18:00,,21.2,48,0.186,0.286
1985-12-28T19:00,,20.5,50,0.186,0.286
1985-12-28T20:00,,19.8,52,0.186,0.286
1985-12-28T21:00,,19.3,54,0.186,0.286
1985-12-28T22:00,,18.8,55,0.186,0.286
1985-12-28T23:00,,18.5,56,0.187,0.286
1985-12-29T00:00,,18.1,58,0.187,0.286
1985-12-29T01:00,,17.8,59,0.187,0.286
1985-12-29T02:00,,17.4,61,0.187,0.286
1985-12-29T03:00,,18.6,59,0.187,0.286
1985-12-29T04:00,,21.8,50,0.187,0.286
1985-12-29T05:00,,25.0,41,0.187,0.286
1985-12-29T06:00,,27.8,35,0.186,0.286
1985-12-29T07:00,,29.2,31,0.186,0.285
1985-12-29T08:00,,30.1,28,0.186,0.285
1985-12-29T09:00,,30.5,27,0.186,0.285
1985-12-29T10:00,,30.4,28,0.186,0.285
1985-12-29T11:00,,29.9,29,0.186,0.285
1985-12-29T12:00,,28.3,35,0.186,0.285
1985-12-29T13:00,,26.3,39,0.186,0.285
1985-12-29T14:00,,25.0,42,0.186,0.285
1985-12-29T15:00,,24.0,43,0.186,0.285
1985-12-29T16:00,,23.1,44,0.186,0.285
1985-12-29T17:00,,22.3,45,0.186,0.285
1985-12-29T18:00,,21.6,47,0.186,0.285
1985-12-29T19:00,,21.2,46,0.186,0.285
1985-12-29T20:00,,20.7,47,0.186,0.285
1985-12-29T21:00,,20.1,49,0.186,0.285
1985-12-29T22:00,,19.6,50,0.186,0.285
1985-12-29T23:00,,19.1,51,0.186,0.285
1985-12-30T00:00,,18.6,53,0.186,0.285
1985-12-30T01:00,,18.2,54,0.186,0.285
1985-12-30T02:00,,17.7,56,0.186,0.285
1985-12-30T03:00,,18.8,53,0.186,0.285
1985-12-30T04:00,,21.8,45,0.186,0.285
1985-12-30T05:00,,24.9,38,0.186,0.285
1985-12-30T06:00,,27.6,31,0.186,0.285
1985-12-30T07:00,,29.5,27,0.186,0.285
1985-12-30T08:00,,30.6,23,0.186,0.285
1985-12-30T09:00,,31.0,23,0.186,0.285
1985-12-30T10:00,,31.0,23,0.186,0.285
1985-12-30T11:00,,30.4,24,0.186,0.285
1985-12-30T12:00,,28.7,30,0.186,0.285
1985-12-30T13:00,,26.6,35,0.186,0.285
1985-12-30T14:00,,25.1,38,0.186,0.285
1985-12-30T15:00,,24.0,40,0.186,0.285
1985-12-30T16:00,,23.1,41,0.186,0.285
1985-12-30T17:00,,22.3,42,0.186,0.285
1985-12-30T18:00,,21.5,43,0.186,0.285
1985-12-30T19:00,,20.6,46,0.186,0.285
1985-12-30T20:00,,19.9,48,0.186,0.285
1985-12-30T21:00,,19.3,50,0.186,0.285
1985-12-30T22:00,,18.7,51,0.186,0.285
1985-12-30T23:00,,18.1,53,0.186,0.285
1985-12-31T00:00,,17.5,56,0.186,0.285
1985-12-31T01:00,,17.0,58,0.186,0.285
1985-12-31T02:00,,16.5,59,0.186,0.285
1985-12-31T03:00,,17.6,57,0.186,0.285
1985-12-31T04:00,,20.4,48,0.186,0.285
1985-12-31T05:00,,23.5,40,0.186,0.285
1985-12-31T06:00,,26.2,32,0.186,0.285
1985-12-31T07:00,,27.9,29,0.186,0.285
1985-12-31T08:00,,29.1,27,0.186,0.285
1985-12-31T09:00,,29.6,26,0.186,0.285
1985-12-31T10:00,,29.6,27,0.186,0.285
1985-12-31T11:00,,29.0,30,0.186,0.285
1985-12-31T12:00,,27.4,38,0.186,0.285
1985-12-31T13:00,,25.4,43,0.186,0.285
1985-12-31T14:00,,24.0,47,0.186,0.285
1985-12-31T15:00,,23.1,49,0.186,0.285
1985-12-31T16:00,,22.3,49,0.186,0.285
1985-12-31T17:00,,21.5,50,0.186,0.285
1985-12-31T18:00,,20.8,51,0.186,0.285
1985-12-31T19:00,,20.0,53,0.186,0.285
1985-12-31T20:00,,19.4,55,0.186,0.285
1985-12-31T21:00,,18.8,56,0.186,0.285
1985-12-31T22:00,,18.3,58,0.186,0.285
1985-12-31T23:00,,17.8,59,0.186,0.285
