time,precipitation,temperature_2m,relative_humidity_2m,soil_moisture_0_to_7cm,soil_moisture_7_to_28cm
1985-01-01T00:00,,14.9,54,0.253,0.297
1985-01-01T01:00,,15.1,52,0.253,0.297
1985-01-01T02:00,,14.9,52,0.253,0.297
1985-01-01T03:00,,15.4,53,0.253,0.297
1985-01-01T04:00,,17.9,41,0.253,0.297
1985-01-01T05:00,,20.2,33,0.253,0.297
1985-01-01T06:00,,22.0,29,0.253,0.297
1985-01-01T07:00,,23.4,26,0.253,0.297
1985-01-01T08:00,,24.3,24,0.253,0.297
1985-01-01T09:00,,24.6,23,0.253,0.297
1985-01-01T10:00,,24.5,23,0.253,0.297
1985-01-01T11:00,,23.7,24,0.253,0.297
1985-01-01T12:00,,22.5,26,0.253,0.297
1985-01-01T13:00,,20.8,29,0.253,0.297
1985-01-01T14:00,,19.5,32,0.253,0.297
1985-01-01T15:00,,18.3,35,0.253,0.297
1985-01-01T16:00,,17.4,37,0.253,0.297
1985-01-01T17:00,,16.5,40,0.253,0.297
1985-01-01T18:00,,15.4,45,0.253,0.297
1985-01-01T19:00,,14.4,52,0.253,0.297
1985-01-01T20:00,,14.1,52,0.253,0.297
1985-01-01T21:00,,13.7,52,0.253,0.297
1985-01-01T22:00,,14.0,51,0.253,0.297
1985-01-01T23:00,,13.6,52,0.253,0.297
1985-01-02T00:00,,12.8,55,0.253,0.297
1985-01-02T01:00,,12.4,57,0.253,0.297
1985-01-02T02:00,,12.0,59,0.253,0.297
1985-01-02T03:00,,13.8,57,0.253,0.297
1985-01-02T04:00,,17.9,39,0.253,0.297
1985-01-02T05:00,,20.8,31,0.253,0.297
1985-01-02T06:00,,23.0,27,0.253,0.297
1985-01-02T07:00,,24.2,27,0.253,0.296
1985-01-02T08:00,,25.2,26,0.253,0.296
1985-01-02T09:00,,25.7,25,0.253,0.296
1985-01-02T10:00,,25.7,25,0.253,0.296
1985-01-02T11:00,,25.1,27,0.253,0.296
1985-01-02T12:00,,23.8,31,0.253,0.296
1985-01-02T13:00,,21.8,36,0.253,0.296
1985-01-02T14:00,,20.3,41,0.253,0.296
1985-01-02T15:00,,19.2,45,0.253,0.296
1985-01-02T16:00,,18.4,47,0.253,0.296
1985-01-02T17:00,,17.6,49,0.253,0.296
1985-01-02T18:00,,16.8,52,0.253,0.296
1985-01-02T19:00,,16.1,55,0.253,0.296
1985-01-02T20:00,,15.9,54,0.253,0.296
1985-01-02T21:00,,15.9,54,0.253,0.296
1985-01-02T22:00,,16.1,54,0.253,0.296
1985-01-02T23:00,,16.2,57,0.253,0.296
1985-01-03T00:00,,16.3,61,0.253,0.296
1985-01-03T01:00,,16.4,66,0.253,0.296
1985-01-03T02:00,,16.6,70,0.253,0.296
1985-01-03T03:00,,18.2,70,0.253,0.296
1985-01-03T04:00,,20.9,64,0.253,0.296
1985-01-03T05:00,,23.1,57,0.253,0.296
1985-01-03T06:00,,25.0,49,0.253,0.296
1985-01-03T07:00,,26.3,43,0.253,0.296
1985-01-03T08:00,,27.4,37,0.253,0.296
1985-01-03T09:00,,28.0,35,0.253,0.296
1985-01-03T10:00,,28.2,33,0.253,0.296
1985-01-03T11:00,,27.8,34,0.253,0.296
1985-01-03T12:00,,26.3,40,0.253,0.296
1985-01-03T13:00,,24.2,48,0.253,0.296
1985-01-03T14:00,,22.7,55,0.253,0.296
1985-01-03T15:00,,21.8,58,0.253,0.296
1985-01-03T16:00,,21.0,61,0.253,0.296
1985-01-03T17:00,,20.3,62,0.253,0.296
1985-01-03T18:00,,19.6,64,0.253,0.296
1985-01-03T19:00,,18.9,67,0.253,0.296
1985-01-03T20:00,,18.4,69,0.253,0.296
1985-01-03T21:00,,18.1,71,0.253,0.296
1985-01-03T22:00,,17.7,73,0.253,0.296
1985-01-03T23:00,,17.4,74,0.253,0.296
1985-01-04T00:00,,17.2,75,0.253,0.296
1985-01-04T01:00,,16.9,76,0.253,0.296
1985-01-04T02:00,,16.7,76,0.253,0.296
1985-01-04T03:00,,18.4,69,0.253,0.296
1985-01-04T04:00,,22.2,54,0.253,0.296
1985-01-04T05:00,,24.9,45,0.253,0.296
1985-01-04T06:00,,26.6,39,0.253,0.296
1985-01-04T07:00,,27.5,36,0.253,0.296
1985-01-04T08:00,,28.2,33,0.253,0.296
1985-01-04T09:00,,28.4,32,0.253,0.296
1985-01-04T10:00,,28.1,32,0.253,0.296
1985-01-04T11:00,,27.3,35,0.253,0.296
1985-01-04T12:00,,25.8,41,0.253,0.296
1985-01-04T13:00,,23.8,48,0.253,0.296
1985-01-04T14:00,,22.2,55,0.253,0.296
1985-01-04T15:00,,21.0,61,0.253,0.296
1985-01-04T16:00,,19.9,68,0.253,0.296
1985-01-04T17:00,,18.7,74,0.253,0.296
1985-01-04T18:00,,17.8,76,0.253,0.296
1985-01-04T19:00,,17.2,79,0.253,0.296
1985-01-04T20:00,,16.7,80,0.253,0.296
1985-01-04T21:00,,16.5,78,0.253,0.296
1985-01-04T22:00,,17.0,73,0.253,0.296
1985-01-04T23:00,,18.2,66,0.253,0.296
1985-01-05T00:00,,18.0,66,0.253,0.296
1985-01-05T01:00,,17.6,67,0.253,0.296
1985-01-05T02:00,,17.3,68,0.253,0.296
1985-01-05T03:00,,17.5,69,0.253,0.296
1985-01-05T04:00,,19.7,56,0.253,0.296
1985-01-05T05:00,,22.0,45,0.253,0.296
1985-01-05T06:00,,23.7,38,0.253,0.296
1985-01-05T07:00,,25.2,34,0.253,0.296
1985-01-05T08:00,,26.2,31,0.253,0.295
1985-01-05T09:00,,26.6,29,0.253,0.295
1985-01-05T10:00,,26.6,28,0.253,0.295
1985-01-05T11:00,,25.8,30,0.253,0.295
1985-01-05T12:00,,24.5,33,0.253,0.295
1985-01-05T13:00,,22.7,36,0.253,0.295
1985-01-05T14:00,,21.3,39,0.253,0.295
1985-01-05T15:00,,20.4,40,0.253,0.295
1985-01-05T16:00,,19.1,49,0.253,0.295
1985-01-05T17:00,,18.9,45,0.253,0.295
1985-01-05T18:00,,18.6,43,0.253,0.295
1985-01-05T19:00,,18.2,43,0.253,0.295
1985-01-05T20:00,,17.9,43,0.253,0.295
1985-01-05T21:00,,17.8,42,0.253,0.295
1985-01-05T22:00,,17.9,41,0.253,0.295
1985-01-05T23:00,,17.7,42,0.253,0.295
1985-01-06T00:00,,17.5,42,0.253,0.295
1985-01-06T01:00,,17.4,43,0.253,0.295
1985-01-06T02:00,,15.8,50,0.253,0.295
1985-01-06T03:00,,15.6,56,0.253,0.295
1985-01-06T04:00,,19.6,40,0.253,0.295
1985-01-06T05:00,,21.8,36,0.253,0.295
1985-01-06T06:00,,23.5,34,0.253,0.295
1985-01-06T07:00,,24.6,32,0.253,0.295
1985-01-06T08:00,,25.3,32,0.253,0.295
1985-01-06T09:00,,25.6,31,0.253,0.295
1985-01-06T10:00,,25.5,31,0.253,0.295
1985-01-06T11:00,,25.0,32,0.253,0.295
1985-01-06T12:00,,24.0,35,0.253,0.295
1985-01-06T13:00,,22.3,40,0.253,0.295
1985-01-06T14:00,,21.2,44,0.253,0.295
1985-01-06T15:00,,20.0,51,0.253,0.295
1985-01-06T16:00,,19.2,54,0.253,0.295
1985-01-06T17:00,,19.0,53,0.253,0.295
1985-01-06T18:00,,18.9,52,0.253,0.295
1985-01-06T19:00,,18.0,54,0.253,0.295
1985-01-06T20:00,,17.1,58,0.253,0.295
1985-01-06T21:00,,16.6,59,0.253,0.295
1985-01-06T22:00,,16.1,61,0.253,0.295
1985-01-06T23:00,,15.2,65,0.253,0.295
1985-01-07T00:00,,14.0,71,0.253,0.295
1985-01-07T01:00,,13.6,72,0.253,0.295
1985-01-07T02:00,,13.2,74,0.253,0.295
1985-01-07T03:00,,14.8,75,0.253,0.295
1985-01-07T04:00,,19.8,50,0.253,0.295
1985-01-07T05:00,,22.2,42,0.253,0.295
1985-01-07T06:00,,23.5,38,0.253,0.295
1985-01-07T07:00,,23.9,37,0.253,0.295
1985-01-07T08:00,,24.2,35,0.253,0.295
1985-01-07T09:00,,24.4,33,0.253,0.295
1985-01-07T10:00,,24.3,32,0.253,0.295
1985-01-07T11:00,,23.8,33,0.253,0.295
1985-01-07T12:00,,22.8,36,0.253,0.295
1985-01-07T13:00,,21.1,41,0.253,0.295
1985-01-07T14:00,,19.8,45,0.253,0.295
1985-01-07T15:00,,18.6,49,0.253,0.295
1985-01-07T16:00,,17.7,52,0.253,0.295
1985-01-07T17:00,,16.8,60,0.253,0.295
1985-01-07T18:00,,17.3,53,0.253,0.295
1985-01-07T19:00,,17.2,55,0.253,0.295
1985-01-07T20:00,,17.0,56,0.253,0.295
1985-01-07T21:00,,16.6,58,0.253,0.295
1985-01-07T22:00,,16.0,61,0.253,0.295
1985-01-07T23:00,,15.2,66,0.253,0.295
1985-01-08T00:00,,14.2,71,0.253,0.295
1985-01-08T01:00,,13.5,75,0.253,0.295
1985-01-08T02:00,,13.1,77,0.253,0.295
1985-01-08T03:00,,15.4,70,0.253,0.295
1985-01-08T04:00,,18.9,54,0.253,0.295
1985-01-08T05:00,,21.2,44,0.253,0.295
1985-01-08T06:00,,23.0,38,0.253,0.295
1985-01-08T07:00,,24.1,35,0.253,0.295
1985-01-08T08:00,,24.9,33,0.253,0.295
1985-01-08T09:00,,25.3,32,0.253,0.295
1985-01-08T10:00,,25.3,32,0.253,0.295
1985-01-08T11:00,,24.7,33,0.253,0.295
1985-01-08T12:00,,23.5,37,0.253,0.295
1985-01-08T13:00,,21.7,41,0.253,0.295
1985-01-08T14:00,,20.5,45,0.253,0.295
1985-01-08T15:00,,19.6,47,0.253,0.295
1985-01-08T16:00,,18.6,51,0.253,0.295
1985-01-08T17:00,,17.5,57,0.253,0.295
1985-01-08T18:00,,17.0,57,0.253,0.295
1985-01-08T19:00,,17.1,54,0.253,0.295
1985-01-08T20:00,,17.2,53,0.253,0.295
1985-01-08T21:00,,17.3,52,0.253,0.295
1985-01-08T22:00,,16.8,53,0.253,0.295
1985-01-08T23:00,,16.4,54,0.253,0.295
1985-01-09T00:00,,15.6,57,0.253,0.295
1985-01-09T01:00,,14.3,62,0.253,0.295
1985-01-09T02:00,,13.4,65,0.253,0.295
1985-01-09T03:00,,15.0,65,0.253,0.295
1985-01-09T04:00,,20.2,42,0.253,0.295
1985-01-09T05:00,,23.0,30,0.253,0.295
1985-01-09T06:00,,24.9,25,0.253,0.295
1985-01-09T07:00,,25.8,25,0.253,0.294
1985-01-09T08:00,,26.6,24,0.253,0.294
1985-01-09T09:00,,27.1,24,0.253,0.294
1985-01-09T10:00,,26.8,25,0.253,0.294
1985-01-09T11:00,,25.9,27,0.253,0.294
1985-01-09T12:00,,24.4,30,0.253,0.294
1985-01-09T13:00,,22.5,34,0.253,0.294
1985-01-09T14:00,,21.3,37,0.253,0.294
1985-01-09T15:00,,20.3,40,0.253,0.294
1985-01-09T16:00,,19.1,45,0.253,0.294
1985-01-09T17:00,,18.0,50,0.253,0.294
1985-01-09T18:00,,17.9,49,0.253,0.294
1985-01-09T19:00,,17.8,47,0.253,0.294
1985-01-09T20:00,,17.5,47,0.253,0.294
1985-01-09T21:00,,16.7,50,0.253,0.294
1985-01-09T22:00,,15.4,54,0.253,0.294
1985-01-09T23:00,,14.5,57,0.253,0.294
1985-01-10T00:00,,14.0,58,0.253,0.294
1985-01-10T01:00,,13.2,61,0.253,0.294
1985-01-10T02:00,,12.8,64,0.253,0.294
1985-01-10T03:00,,14.6,66,0.253,0.294
1985-01-10T04:00,,20.7,40,0.253,0.294
1985-01-10T05:00,,23.4,32,0.253,0.294
1985-01-10T06:00,,25.2,29,0.253,0.294
1985-01-10T07:00,,26.0,29,0.253,0.294
1985-01-10T08:00,,26.6,28,0.253,0.294
1985-01-10T09:00,,26.8,28,0.253,0.294
1985-01-10T10:00,,26.4,28,0.253,0.294
1985-01-10T11:00,,25.6,30,0.253,0.294
1985-01-10T12:00,,24.4,33,0.253,0.294
1985-01-10T13:00,,22.6,38,0.253,0.294
1985-01-10T14:00,,21.2,42,0.253,0.294
1985-01-10T15:00,,20.1,45,0.253,0.294
1985-01-10T16:00,,19.1,50,0.253,0.294
1985-01-10T17:00,,18.2,56,0.253,0.294
1985-01-10T18:00,,18.1,53,0.253,0.294
1985-01-10T19:00,,17.6,55,0.253,0.294
1985-01-10T20:00,,17.3,56,0.253,0.294
1985-01-10T21:00,,17.1,56,0.253,0.294
1985-01-10T22:00,,17.0,56,0.253,0.294
1985-01-10T23:00,,16.8,56,0.253,0.294
1985-01-11T00:00,,15.3,62,0.253,0.294
1985-01-11T01:00,,13.8,69,0.253,0.294
1985-01-11T02:00,,13.2,71,0.253,0.294
1985-01-11T03:00,,15.1,69,0.253,0.294
1985-01-11T04:00,,19.9,47,0.253,0.294
1985-01-11T05:00,,22.4,38,0.253,0.294
1985-01-11T06:00,,24.1,34,0.253,0.294
1985-01-11T07:00,,25.2,33,0.253,0.294
1985-01-11T08:00,,25.8,32,0.253,0.294
1985-01-11T09:00,,26.1,31,0.253,0.294
1985-01-11T10:00,,25.9,32,0.253,0.294
1985-01-11T11:00,,25.2,33,0.253,0.294
1985-01-11T12:00,,23.9,35,0.253,0.294
1985-01-11T13:00,,22.1,38,0.253,0.294
1985-01-11T14:00,,20.8,41,0.253,0.294
1985-01-11T15:00,,19.7,43,0.253,0.294
1985-01-11T16:00,,18.6,47,0.253,0.294
1985-01-11T17:00,,17.7,52,0.253,0.294
1985-01-11T18:00,,18.1,48,0.253,0.294
1985-01-11T19:00,,17.7,49,0.253,0.294
1985-01-11T20:00,,17.8,48,0.253,0.294
1985-01-11T21:00,,17.6,49,0.253,0.294
1985-01-11T22:00,,17.2,51,0.253,0.294
1985-01-11T23:00,,16.7,53,0.253,0.294
1985-01-12T00:00,,16.2,55,0.253,0.294
1985-01-12T01:00,,15.8,56,0.253,0.294
1985-01-12T02:00,,15.4,57,0.253,0.294
1985-01-12T03:00,,15.8,59,0.253,0.294
1985-01-12T04:00,,18.7,47,0.253,0.294
1985-01-12T05:00,,21.2,38,0.253,0.294
1985-01-12T06:00,,23.1,32,0.253,0.294
1985-01-12T07:00,,24.3,30,0.253,0.294
1985-01-12T08:00,,25.3,28,0.253,0.294
1985-01-12T09:00,,25.7,26,0.253,0.294
1985-01-12T10:00,,25.6,26,0.253,0.294
1985-01-12T11:00,,25.0,26,0.253,0.294
1985-01-12T12:00,,23.7,28,0.253,0.294
1985-01-12T13:00,,21.9,32,0.253,0.294
1985-01-12T14:00,,20.5,35,0.253,0.294
1985-01-12T15:00,,19.4,39,0.253,0.294
1985-01-12T16:00,,18.0,47,0.253,0.294
1985-01-12T17:00,,17.4,50,0.253,0.294
1985-01-12T18:00,,17.6,48,0.253,0.294
1985-01-12T19:00,,17.1,51,0.253,0.294
1985-01-12T20:00,,16.6,53,0.253,0.294
1985-01-12T21:00,,15.5,58,0.253,0.294
1985-01-12T22:00,,14.6,62,0.253,0.294
1985-01-12T23:00,,13.6,67,0.253,0.294
1985-01-13T00:00,,12.9,69,0.253,0.294
1985-01-13T01:00,,12.4,71,0.253,0.294
1985-01-13T02:00,,12.2,71,0.253,0.294
1985-01-13T03:00,,13.8,68,0.253,0.294
1985-01-13T04:00,,19.5,47,0.253,0.294
1985-01-13T05:00,,22.5,38,0.253,0.294
1985-01-13T06:00,,24.7,31,0.253,0.294
1985-01-13T07:00,,26.1,29,0.253,0.294
1985-01-13T08:00,,27.1,26,0.253,0.293
1985-01-13T09:00,,27.7,25,0.253,0.293
1985-01-13T10:00,,27.8,24,0.253,0.293
1985-01-13T11:00,,27.4,26,0.253,0.293
1985-01-13T12:00,,25.9,30,0.253,0.293
1985-01-13T13:00,,23.5,37,0.253,0.293
1985-01-13T14:00,,22.0,41,0.253,0.293
1985-01-13T15:00,,21.0,43,0.253,0.293
1985-01-13T16:00,,20.2,45,0.253,0.293
1985-01-13T17:00,,19.2,47,0.253,0.293
1985-01-13T18:00,,18.1,50,0.253,0.293
1985-01-13T19:00,,17.5,52,0.253,0.293
1985-01-13T20:00,,16.6,52,0.253,0.293
1985-01-13T21:00,,16.0,53,0.253,0.293
1985-01-13T22:00,,15.1,55,0.253,0.293
1985-01-13T23:00,,15.1,54,0.253,0.293
1985-01-14T00:00,,15.3,53,0.253,0.293
1985-01-14T01:00,,15.7,55,0.253,0.293
1985-01-14T02:00,,16.2,60,0.253,0.293
1985-01-14T03:00,,18.5,60,0.253,0.293
1985-01-14T04:00,,21.9,56,0.253,0.293
1985-01-14T05:00,,24.8,48,0.253,0.293
1985-01-14T06:00,,27.0,38,0.253,0.293
1985-01-14T07:00,,28.3,28,0.253,0.293
1985-01-14T08:00,,29.1,25,0.253,0.293
1985-01-14T09:00,,29.4,24,0.253,0.293
1985-01-14T10:00,,29.4,24,0.253,0.293
1985-01-14T11:00,,28.9,25,0.253,0.293
1985-01-14T12:00,,27.5,29,0.253,0.293
1985-01-14T13:00,,25.2,37,0.253,0.293
1985-01-14T14:00,,23.7,43,0.253,0.293
1985-01-14T15:00,,22.7,49,0.253,0.293
1985-01-14T16:00,,21.9,51,0.253,0.293
1985-01-14T17:00,,22.3,47,0.253,0.293
1985-01-14T18:00,,21.9,48,0.253,0.293
1985-01-14T19:00,,20.3,54,0.253,0.293
1985-01-14T20:00,,17.9,62,0.253,0.293
1985-01-14T21:00,,17.7,61,0.253,0.293
1985-01-14T22:00,,17.7,61,0.253,0.293
1985-01-14T23:00,,17.5,60,0.253,0.293
1985-01-15T00:00,,17.7,58,0.253,0.293
1985-01-15T01:00,,17.9,56,0.253,0.293
1985-01-15T02:00,,17.8,57,0.253,0.293
1985-01-15T03:00,,19.3,54,0.253,0.293
1985-01-15T04:00,,22.5,47,0.253,0.293
1985-01-15T05:00,,25.2,40,0.253,0.293
1985-01-15T06:00,,27.2,33,0.253,0.293
1985-01-15T07:00,,27.7,30,0.253,0.293
1985-01-15T08:00,,28.1,28,0.253,0.293
1985-01-15T09:00,,28.2,28,0.253,0.293
1985-01-15T10:00,,28.2,28,0.253,0.293
1985-01-15T11:00,,27.8,29,0.253,0.293
1985-01-15T12:00,,26.6,32,0.253,0.293
1985-01-15T13:00,,24.7,36,0.253,0.293
1985-01-15T14:00,,23.3,40,0.253,0.293
1985-01-15T15:00,,22.3,43,0.253,0.293
1985-01-15T16:00,,21.0,51,0.253,0.293
1985-01-15T17:00,,20.7,49,0.253,0.293
1985-01-15T18:00,,19.9,51,0.253,0.293
1985-01-15T19:00,,18.9,55,0.253,0.293
1985-01-15T20:00,,17.8,58,0.253,0.293
1985-01-15T21:00,,17.1,60,0.253,0.293
1985-01-15T22:00,,16.8,60,0.253,0.293
1985-01-15T23:00,,16.3,61,0.253,0.293
1985-01-16T00:00,,16.1,62,0.253,0.293
1985-01-16T01:00,,16.1,61,0.253,0.293
1985-01-16T02:00,,16.4,59,0.253,0.293
1985-01-16T03:00,,18.7,53,0.253,0.293
1985-01-16T04:00,,22.6,42,0.253,0.293
1985-01-16T05:00,,25.3,35,0.253,0.293
1985-01-16T06:00,,27.2,30,0.253,0.293
1985-01-16T07:00,,28.2,28,0.253,0.293
1985-01-16T08:00,,29.0,27,0.253,0.293
1985-01-16T09:00,,29.4,26,0.253,0.293
1985-01-16T10:00,,29.4,26,0.253,0.293
1985-01-16T11:00,,29.1,27,0.253,0.293
1985-01-16T12:00,,28.0,29,0.253,0.293
1985-01-16T13:00,,25.8,35,0.253,0.293
1985-01-16T14:00,,24.2,40,0.253,0.293
1985-01-16T15:00,,22.9,43,0.253,0.293
1985-01-16T16:00,,22.0,45,0.253,0.293
1985-01-16T17:00,,21.1,47,0.253,0.293
1985-01-16T18:00,,20.5,48,0.253,0.293
1985-01-16T19:00,,20.4,47,0.253,0.293
1985-01-16T20:00,,20.3,46,0.253,0.293
1985-01-16T21:00,,20.1,45,0.253,0.293
1985-01-16T22:00,,20.0,45,0.253,0.293
1985-01-16T23:00,,20.1,45,0.253,0.293
1985-01-17T00:00,,20.0,46,0.253,0.293
1985-01-17T01:00,,19.9,48,0.253,0.293
1985-01-17T02:00,,19.6,52,0.253,0.293
1985-01-17T03:00,,20.9,51,0.253,0.293
1985-01-17T04:00,,23.7,45,0.253,0.293
1985-01-17T05:00,,26.3,39,0.253,0.293
1985-01-17T06:00,,28.4,33,0.253,0.293
1985-01-17T07:00,,29.5,29,0.253,0.293
1985-01-17T08:00,,30.4,26,0.253,0.293
1985-01-17T09:00,,30.5,24,0.253,0.292
1985-01-17T10:00,,30.1,24,0.253,0.292
1985-01-17T11:00,,29.4,27,0.253,0.292
1985-01-17T12:00,,28.3,31,0.253,0.292
1985-01-17T13:00,,26.5,37,0.253,0.292
1985-01-17T14:00,,25.0,43,0.253,0.292
1985-01-17T15:00,,23.7,54,0.253,0.292
1985-01-17T16:00,,22.3,56,0.253,0.292
1985-01-17T17:00,,21.6,58,0.253,0.292
1985-01-17T18:00,,21.9,54,0.253,0.292
1985-01-17T19:00,,21.1,56,0.253,0.292
1985-01-17T20:00,,20.6,57,0.253,0.292
1985-01-17T21:00,,19.9,59,0.253,0.292
1985-01-17T22:00,,19.8,58,0.253,0.292
1985-01-17T23:00,,19.4,59,0.253,0.292
1985-01-18T00:00,,18.7,60,0.253,0.292
1985-01-18T01:00,,18.5,60,0.253,0.292
1985-01-18T02:00,,18.1,62,0.253,0.292
1985-01-18T03:00,,19.4,61,0.253,0.292
1985-01-18T04:00,,24.1,45,0.253,0.292
1985-01-18T05:00,,26.7,36,0.253,0.292
1985-01-18T06:00,,28.4,31,0.253,0.292
1985-01-18T07:00,,29.7,26,0.253,0.292
1985-01-18T08:00,,30.3,24,0.253,0.292
1985-01-18T09:00,,30.3,23,0.253,0.292
1985-01-18T10:00,,30.0,23,0.253,0.292
1985-01-18T11:00,,29.1,25,0.253,0.292
1985-01-18T12:00,,27.7,29,0.253,0.292
1985-01-18T13:00,,25.6,36,0.253,0.292
1985-01-18T14:00,,23.7,43,0.253,0.292
1985-01-18T15:00,,22.3,49,0.253,0.292
1985-01-18T16:00,,21.3,54,0.253,0.292
1985-01-18T17:00,,20.6,56,0.253,0.292
1985-01-18T18:00,,20.0,56,0.253,0.292
1985-01-18T19:00,,19.3,55,0.253,0.292
1985-01-18T20:00,,18.8,55,0.253,0.292
1985-01-18T21:00,,18.3,56,0.253,0.292
1985-01-18T22:00,,17.8,60,0.253,0.292
1985-01-18T23:00,,17.4,63,0.253,0.292
1985-01-19T00:00,,16.7,68,0.253,0.292
1985-01-19T01:00,,15.8,73,0.253,0.292
1985-01-19T02:00,,15.3,75,0.253,0.292
1985-01-19T03:00,,17.2,69,0.253,0.292
1985-01-19T04:00,,20.3,50,0.253,0.292
1985-01-19T05:00,,22.2,40,0.253,0.292
1985-01-19T06:00,,23.9,34,0.253,0.292
1985-01-19T07:00,,24.9,32,0.253,0.292
1985-01-19T08:00,,25.7,29,0.253,0.292
1985-01-19T09:00,,26.0,27,0.253,0.292
1985-01-19T10:00,,25.9,26,0.253,0.292
1985-01-19T11:00,,25.3,26,0.253,0.292
1985-01-19T12:00,,24.2,27,0.253,0.292
1985-01-19T13:00,,22.5,31,0.253,0.292
1985-01-19T14:00,,21.1,35,0.253,0.292
1985-01-19T15:00,,19.9,38,0.253,0.292
1985-01-19T16:00,,18.6,47,0.253,0.292
1985-01-19T17:00,,19.2,41,0.253,0.292
1985-01-19T18:00,,18.8,42,0.253,0.292
1985-01-19T19:00,,17.8,46,0.253,0.292
1985-01-19T20:00,,17.4,48,0.253,0.292
1985-01-19T21:00,,17.7,47,0.253,0.292
1985-01-19T22:00,,17.8,49,0.253,0.292
1985-01-19T23:00,,17.6,52,0.253,0.292
1985-01-20T00:00,,17.4,54,0.253,0.292
1985-01-20T01:00,,17.1,56,0.253,0.292
1985-01-20T02:00,,16.8,58,0.253,0.292
1985-01-20T03:00,,17.0,60,0.253,0.292
1985-01-20T04:00,,19.1,54,0.253,0.292
1985-01-20T05:00,,21.3,45,0.253,0.292
1985-01-20T06:00,,22.8,39,0.253,0.292
1985-01-20T07:00,,23.8,37,0.253,0.292
1985-01-20T08:00,,24.7,33,0.253,0.292
1985-01-20T09:00,,25.1,31,0.253,0.292
1985-01-20T10:00,,25.2,30,0.253,0.292
1985-01-20T11:00,,24.7,31,0.253,0.292
1985-01-20T12:00,,23.8,34,0.253,0.292
1985-01-20T13:00,,22.2,38,0.253,0.292
1985-01-20T14:00,,20.8,43,0.253,0.292
1985-01-20T15:00,,19.8,46,0.253,0.292
1985-01-20T16:00,,18.5,54,0.253,0.292
1985-01-20T17:00,,18.9,50,0.253,0.292
1985-01-20T18:00,,17.8,54,0.253,0.292
1985-01-20T19:00,,15.8,62,0.253,0.292
1985-01-20T20:00,,15.2,63,0.253,0.292
1985-01-20T21:00,,14.8,64,0.253,0.292
1985-01-20T22:00,,14.5,65,0.253,0.292
1985-01-20T23:00,,14.7,64,0.253,0.292
1985-01-21T00:00,,14.9,61,0.253,0.292
1985-01-21T01:00,,14.4,63,0.253,0.292
1985-01-21T02:00,,14.5,62,0.253,0.292
1985-01-21T03:00,,16.4,57,0.253,0.292
1985-01-21T04:00,,19.6,44,0.253,0.292
1985-01-21T05:00,,21.9,37,0.253,0.292
1985-01-21T06:00,,23.8,34,0.253,0.292
1985-01-21T07:00,,25.0,31,0.253,0.292
1985-01-21T08:00,,26.0,29,0.253,0.292
1985-01-21T09:00,,26.6,28,0.253,0.292
1985-01-21T10:00,,26.7,28,0.253,0.292
1985-01-21T11:00,,26.2,29,0.253,0.292
1985-01-21T12:00,,24.9,32,0.253,0.292
1985-01-21T13:00,,23.0,37,0.253,0.292
1985-01-21T14:00,,21.6,40,0.253,0.292
1985-01-21T15:00,,20.6,43,0.253,0.292
1985-01-21T16:00,,19.6,47,0.253,0.292
1985-01-21T17:00,,18.5,51,0.253,0.292
1985-01-21T18:00,,17.5,55,0.253,0.292
1985-01-21T19:00,,17.0,56,0.253,0.292
1985-01-21T20:00,,16.4,57,0.253,0.292
1985-01-21T21:00,,16.1,56,0.253,0.292
1985-01-21T22:00,,15.7,57,0.253,0.292
1985-01-21T23:00,,15.0,58,0.253,0.292
1985-01-22T00:00,,15.3,55,0.253,0.292
1985-01-22T01:00,,15.8,52,0.253,0.292
1985-01-22T02:00,,16.1,52,0.253,0.292
1985-01-22T03:00,,18.0,50,0.253,0.292
1985-01-22T04:00,,21.3,45,0.253,0.292
1985-01-22T05:00,,24.1,40,0.253,0.292
1985-01-22T06:00,,26.3,35,0.253,0.292
1985-01-22T07:00,,27.8,31,0.253,0.292
1985-01-22T08:00,,28.8,29,0.253,0.291
1985-01-22T09:00,,29.3,28,0.253,0.291
1985-01-22T10:00,,29.4,27,0.253,0.291
1985-01-22T11:00,,29.0,29,0.252,0.291
1985-01-22T12:00,,27.6,33,0.252,0.291
1985-01-22T13:00,,25.4,42,0.252,0.291
1985-01-22T14:00,,23.8,48,0.252,0.291
1985-01-22T15:00,,22.8,51,0.253,0.291
1985-01-22T16:00,,21.9,54,0.253,0.291
1985-01-22T17:00,,21.3,55,0.253,0.291
1985-01-22T18:00,,20.9,56,0.253,0.291
1985-01-22T19:00,,20.3,58,0.253,0.291
1985-01-22T20:00,,20.1,59,0.253,0.291
1985-01-22T21:00,,19.9,62,0.253,0.291
1985-01-22T22:00,,19.6,64,0.253,0.291
1985-01-22T23:00,,19.3,66,0.253,0.291
1985-01-23T00:00,,19.0,68,0.253,0.291
1985-01-23T01:00,,18.8,71,0.253,0.291
1985-01-23T02:00,,18.8,73,0.253,0.291
1985-01-23T03:00,,20.0,69,0.253,0.291
1985-01-23T04:00,,22.5,60,0.253,0.291
1985-01-23T05:00,,25.1,50,0.253,0.291
1985-01-23T06:00,,27.2,42,0.253,0.291
1985-01-23T07:00,,28.6,36,0.253,0.291
1985-01-23T08:00,,29.2,33,0.253,0.291
1985-01-23T09:00,,29.7,31,0.253,0.291
1985-01-23T10:00,,29.9,30,0.252,0.291
1985-01-23T11:00,,29.4,30,0.252,0.291
1985-01-23T12:00,,28.4,33,0.252,0.291
1985-01-23T13:00,,26.5,39,0.252,0.291
1985-01-23T14:00,,25.0,45,0.252,0.291
1985-01-23T15:00,,23.8,49,0.252,0.291
1985-01-23T16:00,,22.9,52,0.252,0.291
1985-01-23T17:00,,22.1,55,0.252,0.291
1985-01-23T18:00,,21.2,58,0.253,0.291
1985-01-23T19:00,,20.4,62,0.253,0.291
1985-01-23T20:00,,19.8,64,0.253,0.291
1985-01-23T21:00,,19.7,64,0.253,0.291
1985-01-23T22:00,,19.5,65,0.253,0.291
1985-01-23T23:00,,19.5,65,0.253,0.291
1985-01-24T00:00,,19.3,65,0.253,0.291
1985-01-24T01:00,,19.3,65,0.253,0.291
1985-01-24T02:00,,19.2,65,0.253,0.291
1985-01-24T03:00,,20.9,60,0.253,0.291
1985-01-24T04:00,,23.9,49,0.253,0.291
1985-01-24T05:00,,26.4,41,0.253,0.291
1985-01-24T06:00,,28.2,36,0.253,0.291
1985-01-24T07:00,,29.4,32,0.253,0.291
1985-01-24T08:00,,30.2,29,0.252,0.291
1985-01-24T09:00,,30.4,28,0.252,0.291
1985-01-24T10:00,,30.2,28,0.252,0.291
1985-01-24T11:00,,29.6,30,0.252,0.291
1985-01-24T12:00,,28.6,34,0.252,0.291
1985-01-24T13:00,,26.7,40,0.252,0.291
1985-01-24T14:00,,25.2,45,0.252,0.291
1985-01-24T15:00,,24.3,48,0.252,0.291
1985-01-24T16:00,,23.5,51,0.252,0.291
1985-01-24T17:00,,22.6,54,0.252,0.291
1985-01-24T18:00,,21.4,59,0.252,0.291
1985-01-24T19:00,,20.8,61,0.252,0.291
1985-01-24T20:00,,20.0,63,0.252,0.291
1985-01-24T21:00,,19.3,65,0.252,0.291
1985-01-24T22:00,,18.9,65,0.253,0.291
1985-01-24T23:00,,18.4,67,0.253,0.291
1985-01-25T00:00,,18.1,68,0.253,0.291
1985-01-25T01:00,,17.7,68,0.253,0.291
1985-01-25T02:00,,17.4,68,0.253,0.291
1985-01-25T03:00,,19.4,62,0.253,0.291
1985-01-25T04:00,,24.4,44,0.253,0.291
1985-01-25T05:00,,27.0,35,0.253,0.291
1985-01-25T06:00,,28.5,32,0.253,0.291
1985-01-25T07:00,,29.4,29,0.252,0.291
1985-01-25T08:00,,30.0,27,0.252,0.291
1985-01-25T09:00,,30.2,26,0.252,0.291
1985-01-25T10:00,,30.0,26,0.252,0.291
1985-01-25T11:00,,29.2,27,0.252,0.291
1985-01-25T12:00,,28.0,29,0.252,0.291
1985-01-25T13:00,,26.2,33,0.252,0.291
1985-01-25T14:00,,24.7,36,0.252,0.291
1985-01-25T15:00,,23.6,39,0.252,0.291
1985-01-25T16:00,,22.8,43,0.252,0.291
1985-01-25T17:00,,23.0,40,0.252,0.291
1985-01-25T18:00,,21.6,44,0.252,0.291
1985-01-25T19:00,,19.8,51,0.252,0.291
1985-01-25T20:00,,19.1,54,0.252,0.291
1985-01-25T21:00,,19.1,53,0.252,0.291
1985-01-25T22:00,,19.0,52,0.252,0.291
1985-01-25T23:00,,19.0,52,0.252,0.291
1985-01-26T00:00,,19.1,50,0.252,0.291
1985-01-26T01:00,,18.3,52,0.252,0.291
1985-01-26T02:00,,17.2,55,0.252,0.291
1985-01-26T03:00,,18.6,56,0.252,0.291
1985-01-26T04:00,,23.9,34,0.252,0.291
1985-01-26T05:00,,26.5,25,0.252,0.291
1985-01-26T06:00,,28.3,22,0.252,0.291
1985-01-26T07:00,,29.1,22,0.252,0.291
1985-01-26T08:00,,29.6,21,0.252,0.291
1985-01-26T09:00,,29.6,22,0.252,0.291
1985-01-26T10:00,,29.1,22,0.252,0.291
1985-01-26T11:00,,28.2,24,0.252,0.291
1985-01-26T12:00,,26.8,26,0.252,0.291
1985-01-26T13:00,,25.0,30,0.252,0.291
1985-01-26T14:00,,23.5,33,0.252,0.291
1985-01-26T15:00,,22.2,40,0.252,0.291
1985-01-26T16:00,,22.4,36,0.252,0.291
1985-01-26T17:00,,21.8,37,0.252,0.291
1985-01-26T18:00,,20.9,39,0.252,0.291
1985-01-26T19:00,,19.5,42,0.252,0.291
1985-01-26T20:00,,19.7,41,0.252,0.291
1985-01-26T21:00,,19.9,39,0.252,0.291
1985-01-26T22:00,,19.9,38,0.252,0.291
1985-01-26T23:00,,20.2,35,0.252,0.291
1985-01-27T00:00,,20.2,33,0.252,0.291
1985-01-27T01:00,,19.9,33,0.252,0.291
1985-01-27T02:00,,19.2,35,0.252,0.291
1985-01-27T03:00,,18.5,40,0.252,0.291
1985-01-27T04:00,,21.7,33,0.252,0.291
1985-01-27T05:00,,24.0,32,0.252,0.291
1985-01-27T06:00,,25.7,28,0.252,0.291
1985-01-27T07:00,,26.8,27,0.252,0.291
1985-01-27T08:00,,27.7,25,0.252,0.29
1985-01-27T09:00,,28.1,24,0.252,0.29
1985-01-27T10:00,,28.0,24,0.252,0.29
1985-01-27T11:00,,27.4,26,0.252,0.29
1985-01-27T12:00,,26.3,29,0.252,0.29
1985-01-27T13:00,,24.5,34,0.252,0.29
1985-01-27T14:00,,23.0,38,0.252,0.29
1985-01-27T15:00,,21.9,41,0.252,0.29
1985-01-27T16:00,,20.9,43,0.252,0.29
1985-01-27T17:00,,19.7,46,0.252,0.29
1985-01-27T18:00,,18.5,51,0.252,0.29
1985-01-27T19:00,,18.1,50,0.252,0.29
1985-01-27T20:00,,17.7,50,0.252,0.29
1985-01-27T21:00,,17.2,51,0.252,0.29
1985-01-27T22:00,,16.0,55,0.252,0.29
1985-01-27T23:00,,15.1,57,0.252,0.29
1985-01-28T00:00,,14.8,58,0.252,0.29
1985-01-28T01:00,,13.8,62,0.252,0.29
1985-01-28T02:00,,13.4,63,0.252,0.29
1985-01-28T03:00,,15.8,56,0.252,0.29
1985-01-28T04:00,,21.5,38,0.252,0.29
1985-01-28T05:00,,24.9,27,0.252,0.29
1985-01-28T06:00,,27.1,22,0.252,0.29
1985-01-28T07:00,,28.5,20,0.252,0.29
1985-01-28T08:00,,29.5,19,0.252,0.29
1985-01-28T09:00,,29.9,19,0.252,0.29
1985-01-28T10:00,,29.7,19,0.252,0.29
1985-01-28T11:00,,28.8,21,0.252,0.29
1985-01-28T12:00,,27.3,25,0.252,0.29
1985-01-28T13:00,,25.1,29,0.252,0.29
1985-01-28T14:00,,23.6,32,0.252,0.29
1985-01-28T15:00,,22.5,35,0.252,0.29
1985-01-28T16:00,,21.0,40,0.252,0.29
1985-01-28T17:00,,19.9,42,0.252,0.29
1985-01-28T18:00,,18.7,45,0.252,0.29
1985-01-28T19:00,,18.0,46,0.252,0.29
1985-01-28T20:00,,16.8,49,0.252,0.29
1985-01-28T21:00,,16.2,49,0.252,0.29
1985-01-28T22:00,,16.0,47,0.252,0.29
1985-01-28T23:00,,16.1,44,0.252,0.29
1985-01-29T00:00,,15.9,43,0.252,0.29
1985-01-29T01:00,,15.9,41,0.252,0.29
1985-01-29T02:00,,15.9,40,0.252,0.29
1985-01-29T03:00,,17.9,38,0.252,0.29
1985-01-29T04:00,,22.4,30,0.252,0.29
1985-01-29T05:00,,26.0,24,0.252,0.29
1985-01-29T06:00,,28.3,21,0.252,0.29
1985-01-29T07:00,,29.6,20,0.252,0.29
1985-01-29T08:00,,30.5,19,0.252,0.29
1985-01-29T09:00,,30.8,19,0.252,0.29
1985-01-29T10:00,,30.5,20,0.252,0.29
1985-01-29T11:00,,29.7,21,0.252,0.29
1985-01-29T12:00,,28.3,25,0.252,0.29
1985-01-29T13:00,,26.2,29,0.252,0.29
1985-01-29T14:00,,24.9,32,0.252,0.29
1985-01-29T15:00,,24.4,33,0.252,0.29
1985-01-29T16:00,,24.0,33,0.252,0.29
1985-01-29T17:00,,23.5,34,0.252,0.29
1985-01-29T18:00,,22.9,35,0.252,0.29
1985-01-29T19:00,,19.1,46,0.252,0.29
1985-01-29T20:00,,18.6,46,0.252,0.29
1985-01-29T21:00,,17.4,51,0.252,0.29
1985-01-29T22:00,,16.8,52,0.252,0.29
1985-01-29T23:00,,16.7,51,0.252,0.29
1985-01-30T00:00,,16.7,49,0.252,0.29
1985-01-30T01:00,,16.8,47,0.252,0.29
1985-01-30T02:00,,16.7,46,0.252,0.29
1985-01-30T03:00,,18.8,42,0.252,0.29
1985-01-30T04:00,,23.5,33,0.252,0.29
1985-01-30T05:00,,27.1,26,0.252,0.29
1985-01-30T06:00,,29.1,23,0.252,0.29
1985-01-30T07:00,,30.1,23,0.252,0.29
1985-01-30T08:00,,30.9,21,0.252,0.29
1985-01-30T09:00,,31.1,21,0.252,0.29
1985-01-30T10:00,,30.7,22,0.252,0.29
1985-01-30T11:00,,29.8,24,0.252,0.29
1985-01-30T12:00,,28.4,27,0.252,0.29
1985-01-30T13:00,,26.3,32,0.252,0.29
1985-01-30T14:00,,24.7,36,0.252,0.29
1985-01-30T15:00,,23.6,40,0.252,0.29
1985-01-30T16:00,,22.1,47,0.252,0.29
1985-01-30T17:00,,21.7,47,0.252,0.29
1985-01-30T18:00,,22.1,44,0.252,0.29
1985-01-30T19:00,,20.4,49,0.252,0.29
1985-01-30T20:00,,19.1,53,0.252,0.29
1985-01-30T21:00,,18.4,55,0.252,0.29
1985-01-30T22:00,,17.8,56,0.252,0.29
1985-01-30T23:00,,17.3,57,0.252,0.29
1985-01-31T00:00,,17.5,56,0.252,0.29
1985-01-31T01:00,,18.3,51,0.252,0.29
1985-01-31T02:00,,18.2,51,0.252,0.29
1985-01-31T03:00,,19.2,50,0.252,0.29
1985-01-31T04:00,,22.5,39,0.252,0.29
1985-01-31T05:00,,25.1,30,0.252,0.29
1985-01-31T06:00,,26.9,25,0.252,0.29
1985-01-31T07:00,,28.3,22,0.252,0.29
1985-01-31T08:00,,29.1,20,0.252,0.29
1985-01-31T09:00,,29.3,20,0.252,0.29
1985-01-31T10:00,,29.2,20,0.252,0.29
1985-01-31T11:00,,28.5,20,0.252,0.29
1985-01-31T12:00,,27.4,22,0.252,0.29
1985-01-31T13:00,,25.4,26,0.252,0.29
1985-01-31T14:00,,23.6,30,0.252,0.29
1985-01-31T15:00,,22.3,35,0.252,0.29
1985-01-31T16:00,,20.9,42,0.252,0.29
1985-01-31T17:00,,21.2,39,0.252,0.29
1985-01-31T18:00,,21.2,38,0.252,0.29
1985-01-31T19:00,,21.0,38,0.252,0.29
1985-01-31T20:00,,20.7,39,0.252,0.29
1985-01-31T21:00,,20.5,40,0.252,0.29
1985-01-31T22:00,,20.4,40,0.252,0.29
1985-01-31T23:00,,20.2,41,0.252,0.29
1985-02-01T00:00,,20.1,42,0.252,0.29
1985-02-01T01:00,,19.9,42,0.252,0.29
1985-02-01T02:00,,19.6,42,0.252,0.29
1985-02-01T03:00,,19.2,45,0.252,0.29
1985-02-01T04:00,,22.3,35,0.252,0.29
1985-02-01T05:00,,24.8,27,0.252,0.29
1985-02-01T06:00,,26.6,21,0.252,0.29
1985-02-01T07:00,,27.9,18,0.252,0.29
1985-02-01T08:00,,28.8,17,0.252,0.29
1985-02-01T09:00,,29.3,16,0.252,0.29
1985-02-01T10:00,,29.3,16,0.252,0.29
1985-02-01T11:00,,28.8,16,0.252,0.289
1985-02-01T12:00,,27.6,19,0.252,0.289
1985-02-01T13:00,,25.6,24,0.252,0.289
1985-02-01T14:00,,24.1,27,0.252,0.289
1985-02-01T15:00,,22.5,35,0.252,0.289
1985-02-01T16:00,,21.6,37,0.252,0.289
1985-02-01T17:00,,20.8,38,0.252,0.289
1985-02-01T18:00,,19.8,41,0.252,0.289
1985-02-01T19:00,,19.2,43,0.252,0.289
1985-02-01T20:00,,17.9,47,0.252,0.29
1985-02-01T21:00,,17.1,49,0.252,0.29
1985-02-01T22:00,,16.8,49,0.252,0.29
1985-02-01T23:00,,16.4,50,0.252,0.29
1985-02-02T00:00,,15.8,52,0.252,0.29
1985-02-02T01:00,,16.0,51,0.252,0.29
1985-02-02T02:00,,16.4,50,0.252,0.29
1985-02-02T03:00,,18.8,45,0.252,0.29
1985-02-02T04:00,,22.5,39,0.252,0.29
1985-02-02T05:00,,25.5,35,0.252,0.289
1985-02-02T06:00,,27.7,28,0.252,0.289
1985-02-02T07:00,,29.3,23,0.252,0.289
1985-02-02T08:00,,30.3,20,0.252,0.289
1985-02-02T09:00,,30.9,18,0.252,0.289
1985-02-02T10:00,,31.1,17,0.252,0.289
1985-02-02T11:00,,30.8,17,0.252,0.289
1985-02-02T12:00,,29.7,20,0.252,0.289
1985-02-02T13:00,,27.2,26,0.252,0.289
1985-02-02T14:00,,25.3,32,0.252,0.289
1985-02-02T15:00,,23.9,38,0.252,0.289
1985-02-02T16:00,,22.4,42,0.252,0.289
1985-02-02T17:00,,21.2,44,0.252,0.289
1985-02-02T18:00,,20.3,46,0.252,0.289
1985-02-02T19:00,,19.8,46,0.252,0.289
1985-02-02T20:00,,18.3,51,0.252,0.289
1985-02-02T21:00,,17.3,55,0.252,0.289
1985-02-02T22:00,,16.7,57,0.252,0.289
1985-02-02T23:00,,16.4,58,0.252,0.289
1985-02-03T00:00,,16.2,58,0.252,0.289
1985-02-03T01:00,,16.2,56,0.252,0.289
1985-02-03T02:00,,16.4,53,0.252,0.289
1985-02-03T03:00,,19.0,47,0.252,0.289
1985-02-03T04:00,,24.3,35,0.252,0.289
1985-02-03T05:00,,27.7,27,0.252,0.289
1985-02-03T06:00,,29.5,22,0.252,0.289
1985-02-03T07:00,,30.6,19,0.252,0.289
1985-02-03T08:00,,31.5,17,0.252,0.289
1985-02-03T09:00,,31.9,16,0.252,0.289
1985-02-03T10:00,,31.8,16,0.252,0.289
1985-02-03T11:00,,31.1,17,0.252,0.289
1985-02-03T12:00,,29.8,20,0.252,0.289
1985-02-03T13:00,,27.5,24,0.252,0.289
1985-02-03T14:00,,25.8,28,0.252,0.289
1985-02-03T15:00,,24.2,36,0.252,0.289
1985-02-03T16:00,,24.3,31,0.252,0.289
1985-02-03T17:00,,23.8,32,0.252,0.289
1985-02-03T18:00,,21.7,38,0.252,0.289
1985-02-03T19:00,,19.9,42,0.252,0.289
1985-02-03T20:00,,18.8,45,0.252,0.289
1985-02-03T21:00,,18.2,46,0.252,0.289
1985-02-03T22:00,,17.6,47,0.252,0.289
1985-02-03T23:00,,17.1,49,0.252,0.289
1985-02-04T00:00,,16.7,49,0.252,0.289
1985-02-04T01:00,,16.3,49,0.252,0.289
1985-02-04T02:00,,16.1,49,0.252,0.289
1985-02-04T03:00,,18.5,45,0.252,0.289
1985-02-04T04:00,,23.7,30,0.252,0.289
1985-02-04T05:00,,26.1,22,0.252,0.289
1985-02-04T06:00,,28.0,17,0.252,0.289
1985-02-04T07:00,,29.5,15,0.252,0.289
1985-02-04T08:00,,30.3,14,0.252,0.289
1985-02-04T09:00,,30.5,14,0.252,0.289
1985-02-04T10:00,,30.3,14,0.252,0.289
1985-02-04T11:00,,29.5,16,0.252,0.289
1985-02-04T12:00,,28.2,18,0.252,0.289
1985-02-04T13:00,,26.1,23,0.252,0.289
1985-02-04T14:00,,24.3,27,0.252,0.289
1985-02-04T15:00,,23.0,30,0.252,0.289
1985-02-04T16:00,,21.5,37,0.252,0.289
1985-02-04T17:00,,20.9,37,0.252,0.289
1985-02-04T18:00,,19.4,40,0.252,0.289
1985-02-04T19:00,,18.1,45,0.252,0.289
1985-02-04T20:00,,17.4,46,0.252,0.289
1985-02-04T21:00,,16.9,47,0.252,0.289
1985-02-04T22:00,,16.4,47,0.252,0.289
1985-02-04T23:00,,16.6,45,0.252,0.289
1985-02-05T00:00,,17.6,41,0.252,0.289
1985-02-05T01:00,,17.6,40,0.252,0.289
1985-02-05T02:00,,16.1,46,0.252,0.289
1985-02-05T03:00,,17.5,47,0.252,0.289
1985-02-05T04:00,,21.2,44,0.252,0.289
1985-02-05T05:00,,23.3,40,0.252,0.289
1985-02-05T06:00,,24.9,37,0.252,0.289
1985-02-05T07:00,,26.2,35,0.252,0.289
1985-02-05T08:00,,27.0,34,0.252,0.289
1985-02-05T09:00,,27.6,33,0.252,0.289
1985-02-05T10:00,,27.7,33,0.252,0.289
1985-02-05T11:00,,27.2,34,0.252,0.289
1985-02-05T12:00,,26.3,37,0.252,0.289
1985-02-05T13:00,,24.6,43,0.252,0.289
1985-02-05T14:00,,23.1,48,0.252,0.289
1985-02-05T15:00,,21.8,54,0.252,0.289
1985-02-05T16:00,,20.7,59,0.252,0.289
1985-02-05T17:00,,19.5,66,0.252,0.289
1985-02-05T18:00,,18.5,70,0.252,0.289
1985-02-05T19:00,,18.2,69,0.252,0.289
1985-02-05T20:00,,17.7,70,0.252,0.289
1985-02-05T21:00,,17.7,70,0.252,0.289
1985-02-05T22:00,,18.0,68,0.252,0.289
1985-02-05T23:00,,18.1,67,0.252,0.289
1985-02-06T00:00,,17.8,68,0.252,0.289
1985-02-06T01:00,,17.4,69,0.252,0.289
1985-02-06T02:00,,16.9,70,0.252,0.289
1985-02-06T03:00,,18.3,66,0.252,0.289
1985-02-06T04:00,,21.2,54,0.252,0.289
1985-02-06T05:00,,23.5,45,0.252,0.289
1985-02-06T06:00,,25.0,37,0.252,0.289
1985-02-06T07:00,,26.4,33,0.252,0.289
1985-02-06T08:00,,27.2,30,0.252,0.289
1985-02-06T09:00,,27.8,27,0.252,0.289
1985-02-06T10:00,,27.9,25,0.252,0.289
1985-02-06T11:00,,27.6,25,0.252,0.289
1985-02-06T12:00,,26.7,26,0.252,0.289
1985-02-06T13:00,,25.1,30,0.252,0.289
1985-02-06T14:00,,23.7,33,0.252,0.289
1985-02-06T15:00,,22.6,36,0.252,0.289
1985-02-06T16:00,,21.0,44,0.252,0.289
1985-02-06T17:00,,20.8,43,0.252,0.289
1985-02-06T18:00,,21.3,39,0.252,0.289
1985-02-06T19:00,,20.8,38,0.252,0.289
1985-02-06T20:00,,19.3,41,0.252,0.289
1985-02-06T21:00,,17.7,44,0.252,0.289
1985-02-06T22:00,,17.2,44,0.252,0.289
1985-02-06T23:00,,17.1,43,0.252,0.289
1985-02-07T00:00,,17.6,40,0.252,0.289
1985-02-07T01:00,,17.8,38,0.252,0.289
1985-02-07T02:00,,16.5,41,0.252,0.289
1985-02-07T03:00,,17.7,42,0.252,0.289
1985-02-07T04:00,,22.3,28,0.252,0.289
1985-02-07T05:00,,24.8,23,0.252,0.289
1985-02-07T06:00,,26.5,20,0.252,0.289
1985-02-07T07:00,,27.7,19,0.252,0.289
1985-02-07T08:00,,28.7,17,0.252,0.289
1985-02-07T09:00,,29.2,16,0.252,0.289
1985-02-07T10:00,,29.2,16,0.252,0.289
1985-02-07T11:00,,28.6,16,0.252,0.289
1985-02-07T12:00,,27.5,18,0.252,0.288
1985-02-07T13:00,,25.4,22,0.252,0.288
1985-02-07T14:00,,23.7,26,0.252,0.288
1985-02-07T15:00,,22.4,30,0.252,0.288
1985-02-07T16:00,,21.3,36,0.252,0.289
1985-02-07T17:00,,21.5,34,0.252,0.289
1985-02-07T18:00,,19.2,41,0.252,0.289
1985-02-07T19:00,,17.4,44,0.252,0.289
1985-02-07T20:00,,16.7,46,0.252,0.289
1985-02-07T21:00,,16.0,49,0.252,0.289
1985-02-07T22:00,,16.1,49,0.252,0.289
1985-02-07T23:00,,16.7,47,0.252,0.289
1985-02-08T00:00,,17.7,45,0.252,0.289
1985-02-08T01:00,,16.9,48,0.252,0.289
1985-02-08T02:00,,15.0,56,0.252,0.289
1985-02-08T03:00,,16.7,56,0.252,0.289
1985-02-08T04:00,,20.8,48,0.252,0.289
1985-02-08T05:00,,23.1,41,0.252,0.289
1985-02-08T06:00,,25.0,36,0.252,0.288
1985-02-08T07:00,,26.5,30,0.252,0.288
1985-02-08T08:00,,27.4,29,0.252,0.288
1985-02-08T09:00,,27.7,28,0.252,0.288
1985-02-08T10:00,,27.5,29,0.252,0.288
1985-02-08T11:00,,26.8,32,0.252,0.288
1985-02-08T12:00,,25.5,36,0.252,0.288
1985-02-08T13:00,,23.7,42,0.252,0.288
1985-02-08T14:00,,21.9,48,0.252,0.288
1985-02-08T15:00,,20.5,54,0.252,0.288
1985-02-08T16:00,,19.2,62,0.252,0.288
1985-02-08T17:00,,18.5,63,0.252,0.288
1985-02-08T18:00,,17.5,66,0.252,0.288
1985-02-08T19:00,,17.3,65,0.252,0.288
1985-02-08T20:00,,17.6,62,0.252,0.288
1985-02-08T21:00,,17.9,59,0.252,0.288
1985-02-08T22:00,,18.0,57,0.252,0.288
1985-02-08T23:00,,17.8,57,0.252,0.288
1985-02-09T00:00,,17.5,56,0.252,0.288
1985-02-09T01:00,,17.3,56,0.252,0.288
1985-02-09T02:00,,17.0,57,0.252,0.288
1985-02-09T03:00,,17.7,57,0.252,0.288
1985-02-09T04:00,,20.1,51,0.252,0.288
1985-02-09T05:00,,22.5,41,0.252,0.288
1985-02-09T06:00,,24.5,31,0.252,0.288
1985-02-09T07:00,,25.8,27,0.252,0.288
1985-02-09T08:00,,26.7,24,0.252,0.288
1985-02-09T09:00,,27.2,22,0.252,0.288
1985-02-09T10:00,,27.3,21,0.252,0.288
1985-02-09T11:00,,26.9,21,0.252,0.288
1985-02-09T12:00,,26.0,22,0.252,0.288
1985-02-09T13:00,,24.3,25,0.252,0.288
1985-02-09T14:00,,22.8,28,0.252,0.288
1985-02-09T15:00,,21.6,30,0.252,0.288
1985-02-09T16:00,,20.7,31,0.252,0.288
1985-02-09T17:00,,19.4,33,0.252,0.288
1985-02-09T18:00,,18.0,36,0.252,0.288
1985-02-09T19:00,,18.7,31,0.252,0.288
1985-02-09T20:00,,19.9,26,0.252,0.288
1985-02-09T21:00,,19.7,25,0.252,0.288
1985-02-09T22:00,,19.5,24,0.252,0.288
1985-02-09T23:00,,19.2,23,0.252,0.288
1985-02-10T00:00,,19.0,23,0.252,0.288
1985-02-10T01:00,,18.6,22,0.252,0.288
1985-02-10T02:00,,18.1,22,0.252,0.288
1985-02-10T03:00,,18.1,24,0.252,0.288
1985-02-10T04:00,,20.7,18,0.252,0.288
1985-02-10T05:00,,23.4,14,0.252,0.288
1985-02-10T06:00,,25.3,12,0.252,0.288
1985-02-10T07:00,,26.4,13,0.252,0.288
1985-02-10T08:00,,27.1,12,0.252,0.288
1985-02-10T09:00,,27.3,11,0.252,0.288
1985-02-10T10:00,,27.0,11,0.252,0.288
1985-02-10T11:00,,26.4,11,0.252,0.288
1985-02-10T12:00,,25.3,13,0.252,0.288
1985-02-10T13:00,,23.5,16,0.252,0.288
1985-02-10T14:00,,21.8,18,0.252,0.288
1985-02-10T15:00,,20.5,21,0.252,0.288
1985-02-10T16:00,,19.0,28,0.252,0.288
1985-02-10T17:00,,20.0,22,0.252,0.288
1985-02-10T18:00,,19.8,22,0.252,0.288
1985-02-10T19:00,,18.7,24,0.252,0.288
1985-02-10T20:00,,17.0,27,0.252,0.288
1985-02-10T21:00,,18.2,24,0.252,0.288
1985-02-10T22:00,,18.7,23,0.252,0.288
1985-02-10T23:00,,18.5,23,0.252,0.288
1985-02-11T00:00,,18.2,23,0.252,0.288
1985-02-11T01:00,,17.5,25,0.252,0.288
1985-02-11T02:00,,14.7,32,0.252,0.288
1985-02-11T03:00,,15.9,36,0.252,0.288
1985-02-11T04:00,,20.8,24,0.252,0.288
1985-02-11T05:00,,23.3,21,0.252,0.288
1985-02-11T06:00,,25.2,20,0.252,0.288
1985-02-11T07:00,,26.7,20,0.252,0.288
1985-02-11T08:00,,27.7,18,0.252,0.288
1985-02-11T09:00,,28.3,18,0.252,0.288
1985-02-11T10:00,,28.5,18,0.252,0.288
1985-02-11T11:00,,28.1,18,0.252,0.288
1985-02-11T12:00,,27.2,20,0.252,0.288
1985-02-11T13:00,,25.0,25,0.252,0.288
1985-02-11T14:00,,23.2,28,0.252,0.288
1985-02-11T15:00,,22.2,30,0.252,0.288
1985-02-11T16:00,,20.7,37,0.252,0.288
1985-02-11T17:00,,19.8,38,0.252,0.288
1985-02-11T18:00,,19.0,39,0.252,0.288
1985-02-11T19:00,,17.4,42,0.252,0.288
1985-02-11T20:00,,16.8,43,0.252,0.288
1985-02-11T21:00,,16.6,41,0.252,0.288
1985-02-11T22:00,,16.1,40,0.252,0.288
1985-02-11T23:00,,16.1,36,0.252,0.288
1985-02-12T00:00,,16.2,31,0.252,0.288
1985-02-12T01:00,,16.4,27,0.252,0.288
1985-02-12T02:00,,16.6,25,0.252,0.288
1985-02-12T03:00,,18.6,23,0.252,0.288
1985-02-12T04:00,,21.9,19,0.252,0.288
1985-02-12T05:00,,24.7,17,0.252,0.288
1985-02-12T06:00,,26.8,17,0.252,0.288
1985-02-12T07:00,,28.3,16,0.252,0.288
1985-02-12T08:00,,29.2,15,0.252,0.288
1985-02-12T09:00,,29.6,15,0.252,0.288
1985-02-12T10:00,,29.6,15,0.252,0.288
1985-02-12T11:00,,29.1,16,0.252,0.288
1985-02-12T12:00,,27.9,18,0.252,0.288
1985-02-12T13:00,,25.7,22,0.252,0.288
1985-02-12T14:00,,23.7,25,0.252,0.288
1985-02-12T15:00,,22.4,28,0.252,0.288
1985-02-12T16:00,,21.3,30,0.252,0.288
1985-02-12T17:00,,20.2,33,0.252,0.288
1985-02-12T18:00,,18.8,37,0.252,0.288
1985-02-12T19:00,,18.1,37,0.252,0.288
1985-02-12T20:00,,17.2,37,0.252,0.288
1985-02-12T21:00,,16.4,39,0.252,0.288
1985-02-12T22:00,,15.7,39,0.252,0.288
1985-02-12T23:00,,15.2,39,0.252,0.288
1985-02-13T00:00,,15.1,38,0.252,0.288
1985-02-13T01:00,,14.9,37,0.252,0.288
1985-02-13T02:00,,15.0,35,0.252,0.288
1985-02-13T03:00,,17.0,34,0.252,0.288
1985-02-13T04:00,,22.3,24,0.252,0.288
1985-02-13T05:00,,25.4,18,0.252,0.288
1985-02-13T06:00,,27.5,17,0.252,0.288
1985-02-13T07:00,,28.6,17,0.252,0.288
1985-02-13T08:00,,29.5,17,0.252,0.288
1985-02-13T09:00,,29.9,16,0.252,0.288
1985-02-13T10:00,,29.8,16,0.252,0.288
1985-02-13T11:00,,29.2,17,0.252,0.288
1985-02-13T12:00,,27.9,19,0.252,0.288
1985-02-13T13:00,,25.8,23,0.252,0.288
1985-02-13T14:00,,24.1,26,0.252,0.288
1985-02-13T15:00,,22.9,28,0.252,0.288
1985-02-13T16:00,,21.2,33,0.252,0.288
1985-02-13T17:00,,19.9,37,0.252,0.288
1985-02-13T18:00,,21.0,31,0.252,0.288
1985-02-13T19:00,,20.8,31,0.252,0.288
1985-02-13T20:00,,20.4,31,0.252,0.288
1985-02-13T21:00,,20.0,31,0.252,0.288
1985-02-13T22:00,,19.8,30,0.252,0.288
1985-02-13T23:00,,18.4,33,0.252,0.288
1985-02-14T00:00,,17.9,33,0.252,0.288
1985-02-14T01:00,,18.1,32,0.252,0.288
1985-02-14T02:00,,18.4,31,0.252,0.288
1985-02-14T03:00,,19.3,31,0.252,0.288
1985-02-14T04:00,,22.4,23,0.252,0.288
1985-02-14T05:00,,24.9,18,0.252,0.288
1985-02-14T06:00,,26.6,16,0.252,0.288
1985-02-14T07:00,,27.4,16,0.252,0.288
1985-02-14T08:00,,28.1,15,0.252,0.288
1985-02-14T09:00,,28.3,14,0.252,0.288
1985-02-14T10:00,,28.2,14,0.252,0.288
1985-02-14T11:00,,27.7,15,0.252,0.288
1985-02-14T12:00,,26.6,16,0.252,0.288
1985-02-14T13:00,,24.7,19,0.252,0.288
1985-02-14T14:00,,22.8,22,0.252,0.288
1985-02-14T15:00,,21.4,25,0.252,0.288
1985-02-14T16:00,,20.1,28,0.252,0.288
1985-02-14T17:00,,19.1,33,0.252,0.288
1985-02-14T18:00,,20.2,27,0.252,0.288
1985-02-14T19:00,,20.0,27,0.252,0.288
1985-02-14T20:00,,19.7,27,0.252,0.288
1985-02-14T21:00,,19.5,27,0.252,0.288
1985-02-14T22:00,,18.6,28,0.252,0.288
1985-02-14T23:00,,15.7,35,0.252,0.288
1985-02-15T00:00,,14.6,36,0.252,0.288
1985-02-15T01:00,,14.4,34,0.252,0.288
1985-02-15T02:00,,14.3,32,0.252,0.288
1985-02-15T03:00,,17.3,27,0.252,0.288
1985-02-15T04:00,,21.3,20,0.252,0.288
1985-02-15T05:00,,23.9,17,0.252,0.288
1985-02-15T06:00,,25.7,15,0.252,0.288
1985-02-15T07:00,,26.9,14,0.252,0.287
1985-02-15T08:00,,27.7,13,0.252,0.287
1985-02-15T09:00,,28.2,12,0.252,0.287
1985-02-15T10:00,,28.3,12,0.252,0.287
1985-02-15T11:00,,27.9,13,0.252,0.287
1985-02-15T12:00,,27.0,14,0.252,0.287
1985-02-15T13:00,,24.9,17,0.252,0.287
1985-02-15T14:00,,22.9,20,0.252,0.287
1985-02-15T15:00,,21.4,22,0.252,0.287
1985-02-15T16:00,,20.2,24,0.252,0.287
1985-02-15T17:00,,19.2,26,0.252,0.287
1985-02-15T18:00,,18.4,27,0.252,0.287
1985-02-15T19:00,,17.8,27,0.252,0.287
1985-02-15T20:00,,17.0,27,0.252,0.287
1985-02-15T21:00,,16.5,27,0.252,0.287
1985-02-15T22:00,,16.1,26,0.252,0.287
1985-02-15T23:00,,15.8,25,0.252,0.287
1985-02-16T00:00,,15.7,24,0.252,0.287
1985-02-16T01:00,,15.7,23,0.252,0.287
1985-02-16T02:00,,15.8,23,0.252,0.287
1985-02-16T03:00,,18.6,21,0.252,0.287
1985-02-16T04:00,,22.5,16,0.252,0.287
1985-02-16T05:00,,25.4,13,0.252,0.287
1985-02-16T06:00,,27.4,12,0.252,0.287
1985-02-16T07:00,,28.9,11,0.252,0.287
1985-02-16T08:00,,29.9,11,0.252,0.287
1985-02-16T09:00,,30.5,11,0.252,0.287
1985-02-16T10:00,,30.5,11,0.252,0.287
1985-02-16T11:00,,30.1,11,0.252,0.287
1985-02-16T12:00,,29.1,13,0.252,0.287
1985-02-16T13:00,,26.7,16,0.252,0.287
1985-02-16T14:00,,24.5,19,0.252,0.287
1985-02-16T15:00,,23.0,21,0.252,0.287
1985-02-16T16:00,,21.6,23,0.252,0.287
1985-02-16T17:00,,20.4,24,0.252,0.287
1985-02-16T18:00,,19.4,25,0.252,0.287
1985-02-16T19:00,,18.4,27,0.252,0.287
1985-02-16T20:00,,17.9,27,0.252,0.287
1985-02-16T21:00,,17.4,27,0.252,0.287
1985-02-16T22:00,,17.0,28,0.252,0.287
1985-02-16T23:00,,16.8,28,0.252,0.287
1985-02-17T00:00,,16.8,27,0.252,0.287
1985-02-17T01:00,,16.8,27,0.252,0.287
1985-02-17T02:00,,17.0,27,0.252,0.287
1985-02-17T03:00,,19.7,25,0.252,0.287
1985-02-17T04:00,,24.4,18,0.252,0.287
1985-02-17T05:00,,27.6,13,0.252,0.287
1985-02-17T06:00,,29.6,12,0.252,0.287
1985-02-17T07:00,,30.8,12,0.252,0.287
1985-02-17T08:00,,31.5,11,0.252,0.287
1985-02-17T09:00,,31.9,11,0.252,0.287
1985-02-17T10:00,,32.0,11,0.252,0.287
1985-02-17T11:00,,31.6,12,0.252,0.287
1985-02-17T12:00,,30.5,14,0.252,0.287
1985-02-17T13:00,,28.1,18,0.252,0.287
1985-02-17T14:00,,25.9,21,0.252,0.287
1985-02-17T15:00,,24.4,27,0.252,0.287
1985-02-17T16:00,,22.8,28,0.252,0.287
1985-02-17T17:00,,21.1,29,0.252,0.287
1985-02-17T18:00,,19.9,29,0.252,0.287
1985-02-17T19:00,,20.3,31,0.252,0.287
1985-02-17T20:00,,19.9,31,0.252,0.287
1985-02-17T21:00,,19.2,31,0.252,0.287
1985-02-17T22:00,,18.4,32,0.252,0.287
1985-02-17T23:00,,17.8,33,0.252,0.287
1985-02-18T00:00,,17.2,33,0.252,0.287
1985-02-18T01:00,,16.6,34,0.252,0.287
1985-02-18T02:00,,16.2,35,0.252,0.287
1985-02-18T03:00,,18.9,38,0.252,0.287
1985-02-18T04:00,,25.2,23,0.252,0.287
1985-02-18T05:00,,27.5,19,0.252,0.287
1985-02-18T06:00,,29.0,17,0.252,0.287
1985-02-18T07:00,,30.4,15,0.252,0.287
1985-02-18T08:00,,31.3,14,0.252,0.287
1985-02-18T09:00,,31.6,15,0.252,0.287
1985-02-18T10:00,,31.5,15,0.252,0.287
1985-02-18T11:00,,30.8,17,0.252,0.287
1985-02-18T12:00,,29.5,20,0.252,0.287
1985-02-18T13:00,,27.4,24,0.252,0.287
1985-02-18T14:00,,25.5,28,0.252,0.287
1985-02-18T15:00,,24.3,30,0.252,0.287
1985-02-18T16:00,,23.0,36,0.252,0.287
1985-02-18T17:00,,23.5,32,0.252,0.287
1985-02-18T18:00,,22.0,36,0.252,0.287
1985-02-18T19:00,,21.6,36,0.252,0.287
1985-02-18T20:00,,21.8,35,0.252,0.287
1985-02-18T21:00,,21.5,35,0.252,0.287
1985-02-18T22:00,,20.3,38,0.252,0.287
1985-02-18T23:00,,20.0,39,0.252,0.287
1985-02-19T00:00,,19.8,40,0.252,0.287
1985-02-19T01:00,,19.7,40,0.252,0.287
1985-02-19T02:00,,19.4,41,0.252,0.287
1985-02-19T03:00,,20.0,42,0.252,0.287
1985-02-19T04:00,,22.4,32,0.252,0.287
1985-02-19T05:00,,24.6,27,0.252,0.287
1985-02-19T06:00,,26.3,24,0.252,0.287
1985-02-19T07:00,,27.3,24,0.252,0.287
1985-02-19T08:00,,27.9,25,0.252,0.287
1985-02-19T09:00,,28.2,25,0.252,0.287
1985-02-19T10:00,,28.1,27,0.252,0.287
1985-02-19T11:00,,27.6,28,0.252,0.287
1985-02-19T12:00,,26.7,30,0.252,0.287
1985-02-19T13:00,,25.4,33,0.252,0.287
1985-02-19T14:00,,24.0,36,0.252,0.287
1985-02-19T15:00,,22.9,39,0.252,0.287
1985-02-19T16:00,,21.8,42,0.252,0.287
1985-02-19T17:00,,20.7,46,0.252,0.287
1985-02-19T18:00,,19.3,52,0.252,0.287
1985-02-19T19:00,,18.0,60,0.252,0.287
1985-02-19T20:00,,17.4,62,0.252,0.287
1985-02-19T21:00,,16.9,64,0.252,0.287
1985-02-19T22:00,,17.5,60,0.252,0.287
1985-02-19T23:00,,17.8,58,0.252,0.287
1985-02-20T00:00,,15.4,71,0.252,0.287
1985-02-20T01:00,,15.4,74,0.252,0.287
1985-02-20T02:00,,15.9,74,0.252,0.287
1985-02-20T03:00,,17.0,71,0.252,0.287
1985-02-20T04:00,,19.7,54,0.252,0.287
1985-02-20T05:00,,22.2,43,0.252,0.287
1985-02-20T06:00,,24.5,35,0.252,0.287
1985-02-20T07:00,,26.4,30,0.252,0.287
1985-02-20T08:00,,27.6,27,0.252,0.287
1985-02-20T09:00,,28.2,25,0.252,0.287
1985-02-20T10:00,,28.2,25,0.252,0.287
1985-02-20T11:00,,27.8,25,0.252,0.287
1985-02-20T12:00,,26.9,25,0.252,0.287
1985-02-20T13:00,,25.4,27,0.252,0.287
1985-02-20T14:00,,23.8,30,0.252,0.287
1985-02-20T15:00,,22.7,31,0.252,0.287
1985-02-20T16:00,,21.8,32,0.252,0.287
1985-02-20T17:00,,20.5,35,0.252,0.287
1985-02-20T18:00,,19.2,38,0.252,0.287
1985-02-20T19:00,,18.4,39,0.252,0.287
1985-02-20T20:00,,17.8,40,0.252,0.287
1985-02-20T21:00,,17.2,40,0.252,0.287
1985-02-20T22:00,,16.7,41,0.252,0.287
1985-02-20T23:00,,16.3,41,0.252,0.287
1985-02-21T00:00,,15.9,41,0.252,0.287
1985-02-21T01:00,,15.7,40,0.252,0.287
1985-02-21T02:00,,16.2,38,0.252,0.287
1985-02-21T03:00,,19.7,31,0.252,0.287
1985-02-21T04:00,,23.6,22,0.252,0.287
1985-02-21T05:00,,26.5,17,0.252,0.287
1985-02-21T06:00,,28.7,16,0.252,0.287
1985-02-21T07:00,,29.8,16,0.252,0.287
1985-02-21T08:00,,30.6,16,0.252,0.287
1985-02-21T09:00,,31.0,16,0.252,0.287
1985-02-21T10:00,,31.0,17,0.252,0.287
1985-02-21T11:00,,30.5,17,0.252,0.287
1985-02-21T12:00,,29.3,18,0.252,0.287
1985-02-21T13:00,,27.3,21,0.252,0.287
1985-02-21T14:00,,25.5,23,0.252,0.287
1985-02-21T15:00,,24.1,25,0.252,0.287
1985-02-21T16:00,,22.9,26,0.252,0.287
1985-02-21T17:00,,22.1,26,0.252,0.287
1985-02-21T18:00,,21.6,24,0.252,0.287
1985-02-21T19:00,,21.3,23,0.252,0.287
1985-02-21T20:00,,20.9,21,0.252,0.287
1985-02-21T21:00,,20.5,19,0.252,0.287
1985-02-21T22:00,,20.1,18,0.252,0.287
1985-02-21T23:00,,19.7,18,0.252,0.287
1985-02-22T00:00,,19.5,18,0.252,0.287
1985-02-22T01:00,,19.2,18,0.252,0.287
1985-02-22T02:00,,19.0,18,0.252,0.287
1985-02-22T03:00,,21.2,17,0.252,0.287
1985-02-22T04:00,,24.9,14,0.252,0.287
1985-02-22T05:00,,27.9,11,0.252,0.287
1985-02-22T06:00,,30.0,9,0.252,0.287
1985-02-22T07:00,,31.2,8,0.252,0.287
1985-02-22T08:00,,32.2,8,0.252,0.287
1985-02-22T09:00,,32.6,7,0.252,0.287
1985-02-22T10:00,,32.5,7,0.252,0.287
1985-02-22T11:00,,31.9,8,0.252,0.286
1985-02-22T12:00,,30.6,9,0.252,0.286
1985-02-22T13:00,,28.2,12,0.252,0.286
1985-02-22T14:00,,26.1,14,0.252,0.286
1985-02-22T15:00,,24.7,16,0.252,0.286
1985-02-22T16:00,,23.1,18,0.252,0.286
1985-02-22T17:00,,21.5,19,0.252,0.286
1985-02-22T18:00,,20.1,21,0.252,0.287
1985-02-22T19:00,,19.2,22,0.252,0.287
1985-02-22T20:00,,18.2,23,0.252,0.287
1985-02-22T21:00,,17.5,24,0.252,0.287
1985-02-22T22:00,,17.0,24,0.252,0.287
1985-02-22T23:00,,16.9,25,0.252,0.287
1985-02-23T00:00,,16.2,26,0.252,0.287
1985-02-23T01:00,,15.6,28,0.252,0.287
1985-02-23T02:00,,15.6,29,0.252,0.287
1985-02-23T03:00,,18.5,33,0.252,0.287
1985-02-23T04:00,,26.0,15,0.252,0.287
1985-02-23T05:00,,29.1,9,0.252,0.286
1985-02-23T06:00,,30.8,9,0.252,0.286
1985-02-23T07:00,,31.8,10,0.252,0.286
1985-02-23T08:00,,32.5,10,0.252,0.286
1985-02-23T09:00,,32.7,10,0.252,0.286
1985-02-23T10:00,,32.5,10,0.252,0.286
1985-02-23T11:00,,31.8,11,0.252,0.286
1985-02-23T12:00,,30.6,12,0.252,0.286
1985-02-23T13:00,,28.5,14,0.252,0.286
1985-02-23T14:00,,26.7,16,0.252,0.286
1985-02-23T15:00,,25.3,18,0.252,0.286
1985-02-23T16:00,,23.8,24,0.252,0.286
1985-02-23T17:00,,24.9,18,0.252,0.286
1985-02-23T18:00,,23.9,19,0.252,0.286
1985-02-23T19:00,,21.3,23,0.252,0.286
1985-02-23T20:00,,19.7,26,0.252,0.286
1985-02-23T21:00,,19.1,26,0.252,0.286
1985-02-23T22:00,,20.0,24,0.252,0.286
1985-02-23T23:00,,22.4,19,0.252,0.286
1985-02-24T00:00,,22.2,19,0.252,0.286
1985-02-24T01:00,,21.8,19,0.252,0.286
1985-02-24T02:00,,19.3,23,0.252,0.286
1985-02-24T03:00,,20.8,26,0.252,0.286
1985-02-24T04:00,,25.1,16,0.252,0.286
1985-02-24T05:00,,27.5,14,0.252,0.286
1985-02-24T06:00,,29.2,12,0.252,0.286
1985-02-24T07:00,,30.3,12,0.252,0.286
1985-02-24T08:00,,31.2,12,0.252,0.286
1985-02-24T09:00,,31.6,12,0.252,0.286
1985-02-24T10:00,,31.6,12,0.252,0.286
1985-02-24T11:00,,30.9,13,0.252,0.286
1985-02-24T12:00,,29.7,14,0.252,0.286
1985-02-24T13:00,,27.7,16,0.252,0.286
1985-02-24T14:00,,25.8,18,0.252,0.286
1985-02-24T15:00,,24.5,20,0.252,0.286
1985-02-24T16:00,,23.1,23,0.252,0.286
1985-02-24T17:00,,21.7,27,0.252,0.286
1985-02-24T18:00,,20.9,28,0.252,0.286
1985-02-24T19:00,,21.0,27,0.252,0.286
1985-02-24T20:00,,20.4,27,0.252,0.286
1985-02-24T21:00,,19.9,28,0.252,0.286
1985-02-24T22:00,,19.4,28,0.252,0.286
1985-02-24T23:00,,18.7,29,0.252,0.286
1985-02-25T00:00,,17.7,31,0.252,0.286
1985-02-25T01:00,,16.8,32,0.252,0.286
1985-02-25T02:00,,16.5,33,0.252,0.286
1985-02-25T03:00,,19.1,37,0.252,0.286
1985-02-25T04:00,,25.3,20,0.252,0.286
1985-02-25T05:00,,28.1,16,0.252,0.286
1985-02-25T06:00,,30.1,15,0.252,0.286
1985-02-25T07:00,,31.5,14,0.252,0.286
1985-02-25T08:00,,32.5,13,0.252,0.286
1985-02-25T09:00,,32.9,13,0.252,0.286
1985-02-25T10:00,,32.7,14,0.252,0.286
1985-02-25T11:00,,32.1,15,0.252,0.286
1985-02-25T12:00,,30.8,16,0.252,0.286
1985-02-25T13:00,,28.7,20,0.252,0.286
1985-02-25T14:00,,26.9,22,0.252,0.286
1985-02-25T15:00,,25.5,25,0.252,0.286
1985-02-25T16:00,,23.9,28,0.252,0.286
1985-02-25T17:00,,22.5,30,0.252,0.286
1985-02-25T18:00,,21.6,32,0.252,0.286
1985-02-25T19:00,,20.9,32,0.252,0.286
1985-02-25T20:00,,19.9,34,0.252,0.286
1985-02-25T21:00,,18.7,37,0.252,0.286
1985-02-25T22:00,,17.7,40,0.252,0.286
1985-02-25T23:00,,16.9,42,0.252,0.286
1985-02-26T00:00,,16.5,43,0.252,0.286
1985-02-26T01:00,,16.4,42,0.252,0.286
1985-02-26T02:00,,16.8,39,0.252,0.286
1985-02-26T03:00,,20.7,31,0.252,0.286
1985-02-26T04:00,,26.9,19,0.252,0.286
1985-02-26T05:00,,30.7,12,0.252,0.286
1985-02-26T06:00,,32.8,11,0.252,0.286
1985-02-26T07:00,,33.9,10,0.252,0.286
1985-02-26T08:00,,34.7,10,0.252,0.286
1985-02-26T09:00,,35.1,10,0.252,0.286
1985-02-26T10:00,,34.9,10,0.252,0.286
1985-02-26T11:00,,34.2,11,0.252,0.286
1985-02-26T12:00,,32.8,13,0.252,0.286
1985-02-26T13:00,,30.3,17,0.252,0.286
1985-02-26T14:00,,28.3,20,0.252,0.286
1985-02-26T15:00,,26.7,25,0.252,0.286
1985-02-26T16:00,,25.1,27,0.252,0.286
1985-02-26T17:00,,24.1,28,0.252,0.286
1985-02-26T18:00,,22.8,31,0.252,0.286
1985-02-26T19:00,,21.5,33,0.252,0.286
1985-02-26T20:00,,20.9,34,0.252,0.286
1985-02-26T21:00,,20.5,34,0.252,0.286
1985-02-26T22:00,,20.1,34,0.252,0.286
1985-02-26T23:00,,19.4,35,0.252,0.286
1985-02-27T00:00,,18.8,36,0.252,0.286
1985-02-27T01:00,,18.2,36,0.252,0.286
1985-02-27T02:00,,17.7,38,0.252,0.286
1985-02-27T03:00,,20.3,41,0.252,0.286
1985-02-27T04:00,,27.7,21,0.252,0.286
1985-02-27T05:00,,30.9,13,0.252,0.286
1985-02-27T06:00,,32.8,12,0.252,0.286
1985-02-27T07:00,,34.6,11,0.252,0.286
1985-02-27T08:00,,35.4,11,0.252,0.286
1985-02-27T09:00,,35.7,11,0.252,0.286
1985-02-27T10:00,,35.4,12,0.252,0.286
1985-02-27T11:00,,34.6,13,0.252,0.286
1985-02-27T12:00,,33.0,16,0.252,0.286
1985-02-27T13:00,,30.5,20,0.252,0.286
1985-02-27T14:00,,28.2,23,0.252,0.286
1985-02-27T15:00,,26.7,25,0.252,0.286
1985-02-27T16:00,,25.1,30,0.252,0.286
1985-02-27T17:00,,24.2,30,0.252,0.286
1985-02-27T18:00,,23.0,32,0.252,0.286
1985-02-27T19:00,,21.2,35,0.252,0.286
1985-02-27T20:00,,20.3,36,0.252,0.286
1985-02-27T21:00,,19.7,35,0.252,0.286
1985-02-27T22:00,,19.8,33,0.252,0.286
1985-02-27T23:00,,20.6,29,0.252,0.286
1985-02-28T00:00,,20.2,27,0.252,0.286
1985-02-28T01:00,,18.9,27,0.252,0.286
1985-02-28T02:00,,19.4,25,0.252,0.286
1985-02-28T03:00,,23.2,21,0.252,0.286
1985-02-28T04:00,,25.7,19,0.252,0.286
1985-02-28T05:00,,27.5,21,0.252,0.286
1985-02-28T06:00,,29.1,19,0.252,0.286
1985-02-28T07:00,,30.5,18,0.252,0.286
1985-02-28T08:00,,31.6,16,0.252,0.286
1985-02-28T09:00,,32.1,15,0.252,0.286
1985-02-28T10:00,,32.0,15,0.252,0.286
1985-02-28T11:00,,31.4,16,0.252,0.286
1985-02-28T12:00,,30.2,17,0.252,0.286
1985-02-28T13:00,,28.4,21,0.252,0.286
1985-02-28T14:00,,26.5,24,0.252,0.286
1985-02-28T15:00,,24.9,30,0.252,0.286
1985-02-28T16:00,,25.3,26,0.252,0.286
1985-02-28T17:00,,22.0,33,0.252,0.286
1985-02-28T18:00,,20.4,36,0.252,0.286
1985-02-28T19:00,,19.7,36,0.252,0.286
1985-02-28T20:00,,20.4,31,0.252,0.286
1985-02-28T21:00,,23.5,24,0.252,0.286
1985-02-28T22:00,,23.3,25,0.252,0.286
1985-02-28T23:00,,22.5,26,0.252,0.286
1985-03-01T00:00,,21.9,27,0.252,0.286
1985-03-01T01:00,,21.2,29,0.252,0.286
1985-03-01T02:00,,19.4,34,0.252,0.286
1985-03-01T03:00,,21.6,33,0.252,0.286
1985-03-01T04:00,,25.0,27,0.252,0.286
1985-03-01T05:00,,27.5,25,0.252,0.286
1985-03-01T06:00,,29.3,22,0.252,0.286
1985-03-01T07:00,,30.6,21,0.252,0.286
1985-03-01T08:00,,31.5,19,0.252,0.286
1985-03-01T09:00,,32.0,18,0.252,0.286
1985-03-01T10:00,,31.9,18,0.252,0.286
1985-03-01T11:00,,31.5,18,0.252,0.286
1985-03-01T12:00,,30.5,20,0.252,0.286
1985-03-01T13:00,,28.8,23,0.252,0.286
1985-03-01T14:00,,27.3,26,0.252,0.286
1985-03-01T15:00,,26.9,26,0.252,0.286
1985-03-01T16:00,,23.7,32,0.252,0.286
1985-03-01T17:00,,22.0,35,0.252,0.286
1985-03-01T18:00,,21.3,36,0.252,0.286
1985-03-01T19:00,,23.8,30,0.252,0.286
1985-03-01T20:00,,23.0,32,0.252,0.286
1985-03-01T21:00,,22.8,33,0.252,0.286
1985-03-01T22:00,,23.1,32,0.252,0.286
1985-03-01T23:00,,22.6,34,0.252,0.286
1985-03-02T00:00,,22.0,36,0.252,0.286
1985-03-02T01:00,,21.8,38,0.252,0.286
1985-03-02T02:00,,21.5,40,0.252,0.286
1985-03-02T03:00,,22.4,42,0.252,0.286
1985-03-02T04:00,,24.9,38,0.252,0.286
1985-03-02T05:00,,27.3,31,0.252,0.286
1985-03-02T06:00,,29.2,26,0.252,0.286
1985-03-02T07:00,,30.6,22,0.252,0.286
1985-03-02T08:00,,31.5,20,0.252,0.286
1985-03-02T09:00,,32.0,18,0.252,0.286
1985-03-02T10:00,,32.1,18,0.252,0.286
1985-03-02T11:00,,31.7,18,0.252,0.286
1985-03-02T12:00,,30.8,19,0.252,0.286
1985-03-02T13:00,,29.1,22,0.252,0.286
1985-03-02T14:00,,27.6,24,0.252,0.286
1985-03-02T15:00,,27.4,24,0.252,0.286
1985-03-02T16:00,,25.0,29,0.252,0.286
1985-03-02T17:00,,24.4,30,0.252,0.286
1985-03-02T18:00,,23.8,31,0.252,0.286
1985-03-02T19:00,,22.8,32,0.252,0.286
1985-03-02T20:00,,21.9,35,0.252,0.286
1985-03-02T21:00,,21.6,36,0.252,0.286
1985-03-02T22:00,,20.6,39,0.252,0.286
1985-03-02T23:00,,19.6,41,0.252,0.286
1985-03-03T00:00,,19.2,42,0.252,0.286
1985-03-03T01:00,,19.5,40,0.252,0.286
1985-03-03T02:00,,20.5,38,0.252,0.286
1985-03-03T03:00,,22.7,36,0.252,0.286
1985-03-03T04:00,,25.4,29,0.252,0.286
1985-03-03T05:00,,27.9,22,0.252,0.286
1985-03-03T06:00,,29.9,17,0.252,0.286
1985-03-03T07:00,,31.4,15,0.252,0.286
1985-03-03T08:00,,32.2,14,0.252,0.286
1985-03-03T09:00,,32.6,14,0.252,0.286
1985-03-03T10:00,,32.5,14,0.252,0.286
1985-03-03T11:00,,31.9,15,0.252,0.286
1985-03-03T12:00,,30.9,16,0.252,0.286
1985-03-03T13:00,,29.1,19,0.252,0.286
1985-03-03T14:00,,27.6,21,0.252,0.286
1985-03-03T15:00,,26.8,23,0.252,0.286
1985-03-03T16:00,,25.6,25,0.252,0.286
1985-03-03T17:00,,23.4,29,0.252,0.286
1985-03-03T18:00,,22.1,31,0.252,0.286
1985-03-03T19:00,,20.6,37,0.252,0.286
1985-03-03T20:00,,20.0,37,0.252,0.286
1985-03-03T21:00,,20.0,37,0.252,0.286
1985-03-03T22:00,,20.3,35,0.252,0.286
1985-03-03T23:00,,20.5,34,0.252,0.286
1985-03-04T00:00,,20.6,33,0.252,0.286
1985-03-04T01:00,,20.2,33,0.252,0.286
1985-03-04T02:00,,19.5,35,0.252,0.286
1985-03-04T03:00,,23.0,32,0.252,0.286
1985-03-04T04:00,,26.4,26,0.252,0.286
1985-03-04T05:00,,29.1,22,0.252,0.286
1985-03-04T06:00,,31.2,18,0.252,0.286
1985-03-04T07:00,,32.3,17,0.252,0.285
1985-03-04T08:00,,33.4,15,0.252,0.285
1985-03-04T09:00,,33.9,14,0.252,0.285
1985-03-04T10:00,,33.8,14,0.252,0.285
1985-03-04T11:00,,33.2,16,0.252,0.285
1985-03-04T12:00,,32.0,18,0.252,0.285
1985-03-04T13:00,,30.1,22,0.252,0.285
1985-03-04T14:00,,28.3,25,0.252,0.285
1985-03-04T15:00,,27.1,29,0.252,0.285
1985-03-04T16:00,,25.6,34,0.252,0.285
1985-03-04T17:00,,25.8,32,0.252,0.285
1985-03-04T18:00,,24.6,35,0.252,0.285
1985-03-04T19:00,,25.4,33,0.252,0.285
1985-03-04T20:00,,24.9,34,0.252,0.285
1985-03-04T21:00,,24.9,34,0.252,0.285
1985-03-04T22:00,,24.7,34,0.252,0.285
1985-03-04T23:00,,24.2,35,0.252,0.285
1985-03-05T00:00,,23.8,36,0.252,0.285
1985-03-05T01:00,,23.3,37,0.252,0.285
1985-03-05T02:00,,22.5,39,0.252,0.285
1985-03-05T03:00,,23.9,38,0.252,0.285
1985-03-05T04:00,,26.8,30,0.252,0.285
1985-03-05T05:00,,29.5,24,0.252,0.285
1985-03-05T06:00,,31.6,20,0.252,0.285
1985-03-05T07:00,,33.2,17,0.252,0.285
1985-03-05T08:00,,34.3,16,0.252,0.285
1985-03-05T09:00,,35.0,15,0.252,0.285
1985-03-05T10:00,,35.2,15,0.252,0.285
1985-03-05T11:00,,34.7,15,0.252,0.285
1985-03-05T12:00,,33.5,16,0.252,0.285
1985-03-05T13:00,,31.4,19,0.252,0.285
1985-03-05T14:00,,29.6,21,0.252,0.285
1985-03-05T15:00,,28.1,24,0.252,0.285
1985-03-05T16:00,,26.5,28,0.252,0.285
1985-03-05T17:00,,25.7,28,0.252,0.285
1985-03-05T18:00,,25.4,28,0.252,0.285
1985-03-05T19:00,,25.9,26,0.252,0.285
1985-03-05T20:00,,25.3,27,0.252,0.285
1985-03-05T21:00,,24.5,28,0.252,0.285
1985-03-05T22:00,,24.2,27,0.252,0.285
1985-03-05T23:00,,24.6,26,0.252,0.285
1985-03-06T00:00,,24.3,26,0.252,0.285
1985-03-06T01:00,,24.1,26,0.252,0.285
1985-03-06T02:00,,24.2,25,0.252,0.285
1985-03-06T03:00,,24.9,26,0.252,0.285
1985-03-06T04:00,,27.8,19,0.252,0.285
1985-03-06T05:00,,30.4,14,0.252,0.285
1985-03-06T06:00,,32.4,11,0.252,0.285
1985-03-06T07:00,,33.7,9,0.252,0.285
1985-03-06T08:00,,34.6,8,0.252,0.285
1985-03-06T09:00,,35.2,7,0.252,0.285
1985-03-06T10:00,,35.1,7,0.252,0.285
1985-03-06T11:00,,34.4,9,0.252,0.285
1985-03-06T12:00,,33.1,11,0.252,0.285
1985-03-06T13:00,,30.9,15,0.252,0.285
1985-03-06T14:00,,28.7,18,0.252,0.285
1985-03-06T15:00,,27.1,21,0.252,0.285
1985-03-06T16:00,,26.8,22,0.252,0.285
1985-03-06T17:00,,24.9,25,0.252,0.285
1985-03-06T18:00,,23.1,28,0.252,0.285
1985-03-06T19:00,,24.4,25,0.252,0.285
1985-03-06T20:00,,24.9,24,0.252,0.285
1985-03-06T21:00,,24.6,24,0.252,0.285
1985-03-06T22:00,,23.6,24,0.252,0.285
1985-03-06T23:00,,21.0,28,0.252,0.285
1985-03-07T00:00,,19.4,30,0.252,0.285
1985-03-07T01:00,,18.7,31,0.252,0.285
1985-03-07T02:00,,18.7,31,0.252,0.285
1985-03-07T03:00,,23.6,27,0.252,0.285
1985-03-07T04:00,,28.5,18,0.252,0.285
1985-03-07T05:00,,30.8,15,0.252,0.285
1985-03-07T06:00,,32.6,14,0.252,0.285
1985-03-07T07:00,,33.9,14,0.252,0.285
1985-03-07T08:00,,34.9,13,0.252,0.285
1985-03-07T09:00,,35.5,12,0.252,0.285
1985-03-07T10:00,,35.5,11,0.252,0.285
1985-03-07T11:00,,35.1,12,0.252,0.285
1985-03-07T12:00,,34.1,13,0.252,0.285
1985-03-07T13:00,,32.0,17,0.252,0.285
1985-03-07T14:00,,30.1,20,0.252,0.285
1985-03-07T15:00,,28.4,26,0.252,0.285
1985-03-07T16:00,,29.1,23,0.252,0.285
1985-03-07T17:00,,28.4,24,0.252,0.285
1985-03-07T18:00,,25.8,30,0.252,0.285
1985-03-07T19:00,,23.8,34,0.252,0.285
1985-03-07T20:00,,23.0,36,0.252,0.285
1985-03-07T21:00,,22.3,37,0.252,0.285
1985-03-07T22:00,,22.7,36,0.252,0.285
1985-03-07T23:00,,25.7,30,0.252,0.285
1985-03-08T00:00,,25.9,29,0.252,0.285
1985-03-08T01:00,,22.6,36,0.252,0.285
1985-03-08T02:00,,20.9,40,0.252,0.285
1985-03-08T03:00,,24.8,35,0.252,0.285
1985-03-08T04:00,,30.0,23,0.252,0.285
1985-03-08T05:00,,32.8,19,0.252,0.285
1985-03-08T06:00,,34.7,15,0.252,0.285
1985-03-08T07:00,,35.8,13,0.252,0.285
1985-03-08T08:00,,36.7,12,0.252,0.285
1985-03-08T09:00,,37.1,12,0.252,0.285
1985-03-08T10:00,,37.0,12,0.252,0.285
1985-03-08T11:00,,36.4,13,0.252,0.285
1985-03-08T12:00,,35.2,14,0.252,0.285
1985-03-08T13:00,,33.0,17,0.252,0.285
1985-03-08T14:00,,31.1,19,0.252,0.285
1985-03-08T15:00,,29.8,21,0.252,0.285
1985-03-08T16:00,,28.0,25,0.252,0.285
1985-03-08T17:00,,27.3,26,0.252,0.285
1985-03-08T18:00,,26.5,26,0.252,0.285
1985-03-08T19:00,,25.2,29,0.252,0.285
1985-03-08T20:00,,24.4,29,0.252,0.285
1985-03-08T21:00,,24.0,29,0.252,0.285
1985-03-08T22:00,,23.6,30,0.252,0.285
1985-03-08T23:00,,23.1,30,0.252,0.285
1985-03-09T00:00,,22.8,30,0.252,0.285
1985-03-09T01:00,,22.4,30,0.252,0.285
1985-03-09T02:00,,22.1,31,0.252,0.285
1985-03-09T03:00,,26.0,28,0.252,0.285
1985-03-09T04:00,,30.7,18,0.252,0.285
1985-03-09T05:00,,33.2,15,0.252,0.285
1985-03-09T06:00,,34.8,13,0.252,0.285
1985-03-09T07:00,,35.7,13,0.252,0.285
1985-03-09T08:00,,36.4,12,0.252,0.285
1985-03-09T09:00,,36.7,12,0.252,0.285
1985-03-09T10:00,,36.7,12,0.252,0.285
1985-03-09T11:00,,36.1,13,0.252,0.285
1985-03-09T12:00,,35.0,13,0.252,0.285
1985-03-09T13:00,,33.0,16,0.252,0.285
1985-03-09T14:00,,31.0,17,0.252,0.285
1985-03-09T15:00,,29.6,19,0.252,0.285
1985-03-09T16:00,,28.5,20,0.252,0.285
1985-03-09T17:00,,27.4,22,0.252,0.285
1985-03-09T18:00,,25.7,25,0.252,0.285
1985-03-09T19:00,,24.6,27,0.252,0.285
1985-03-09T20:00,,23.9,28,0.252,0.285
1985-03-09T21:00,,23.4,28,0.252,0.285
1985-03-09T22:00,,23.0,28,0.252,0.285
1985-03-09T23:00,,22.8,29,0.252,0.285
1985-03-10T00:00,,22.3,29,0.252,0.285
1985-03-10T01:00,,21.5,30,0.252,0.285
1985-03-10T02:00,,21.1,31,0.252,0.285
1985-03-10T03:00,,25.2,27,0.252,0.285
1985-03-10T04:00,,30.1,15,0.252,0.285
1985-03-10T05:00,,32.7,11,0.252,0.285
1985-03-10T06:00,,34.4,10,0.252,0.285
1985-03-10T07:00,,35.2,10,0.252,0.285
1985-03-10T08:00,,35.8,10,0.252,0.285
1985-03-10T09:00,,36.1,9,0.252,0.285
1985-03-10T10:00,,35.9,9,0.252,0.285
1985-03-10T11:00,,35.4,10,0.252,0.285
1985-03-10T12:00,,34.3,10,0.252,0.285
1985-03-10T13:00,,32.5,12,0.252,0.285
1985-03-10T14:00,,30.6,14,0.252,0.285
1985-03-10T15:00,,29.2,16,0.252,0.285
1985-03-10T16:00,,28.1,17,0.252,0.285
1985-03-10T17:00,,26.5,21,0.252,0.285
1985-03-10T18:00,,25.1,24,0.252,0.285
1985-03-10T19:00,,24.2,26,0.252,0.285
1985-03-10T20:00,,23.3,27,0.252,0.285
1985-03-10T21:00,,22.7,29,0.252,0.285
1985-03-10T22:00,,22.2,29,0.252,0.285
1985-03-10T23:00,,21.8,29,0.252,0.285
1985-03-11T00:00,,21.4,29,0.252,0.285
1985-03-11T01:00,,20.9,30,0.252,0.285
1985-03-11T02:00,,20.7,31,0.252,0.285
1985-03-11T03:00,,24.9,28,0.252,0.285
1985-03-11T04:00,,30.8,15,0.252,0.285
1985-03-11T05:00,,33.3,11,0.252,0.285
1985-03-11T06:00,,34.9,10,0.252,0.285
1985-03-11T07:00,,36.1,9,0.252,0.285
1985-03-11T08:00,,36.8,9,0.252,0.285
1985-03-11T09:00,,37.1,9,0.252,0.285
1985-03-11T10:00,,37.0,9,0.252,0.285
1985-03-11T11:00,,36.5,10,0.252,0.285
1985-03-11T12:00,,35.3,11,0.252,0.285
1985-03-11T13:00,,33.2,14,0.252,0.285
1985-03-11T14:00,,31.2,17,0.252,0.285
1985-03-11T15:00,,29.9,19,0.252,0.285
1985-03-11T16:00,,28.1,23,0.252,0.285
1985-03-11T17:00,,27.1,24,0.252,0.285
1985-03-11T18:00,,26.6,24,0.252,0.285
1985-03-11T19:00,,24.9,26,0.252,0.285
1985-03-11T20:00,,24.1,27,0.252,0.285
1985-03-11T21:00,,23.4,27,0.252,0.285
1985-03-11T22:00,,22.9,28,0.252,0.285
1985-03-11T23:00,,22.4,28,0.252,0.285
1985-03-12T00:00,,22.0,29,0.252,0.285
1985-03-12T01:00,,21.7,28,0.252,0.285
1985-03-12T02:00,,21.9,28,0.252,0.285
1985-03-12T03:00,,25.6,27,0.252,0.285
1985-03-12T04:00,,31.1,16,0.252,0.285
1985-03-12T05:00,,33.6,13,0.252,0.285
1985-03-12T06:00,,35.3,11,0.252,0.285
1985-03-12T07:00,,36.3,11,0.252,0.285
1985-03-12T08:00,,37.0,10,0.252,0.285
1985-03-12T09:00,,37.3,10,0.252,0.285
1985-03-12T10:00,,37.2,11,0.252,0.285
1985-03-12T11:00,,36.7,11,0.252,0.285
1985-03-12T12:00,,35.5,13,0.252,0.285
1985-03-12T13:00,,33.5,16,0.252,0.285
1985-03-12T14:00,,31.4,18,0.252,0.285
1985-03-12T15:00,,30.2,20,0.252,0.285
1985-03-12T16:00,,29.1,22,0.252,0.285
1985-03-12T17:00,,27.7,24,0.252,0.285
1985-03-12T18:00,,26.2,27,0.252,0.285
1985-03-12T19:00,,25.3,28,0.252,0.285
1985-03-12T20:00,,25.0,28,0.252,0.285
1985-03-12T21:00,,25.0,28,0.252,0.285
1985-03-12T22:00,,25.2,27,0.252,0.285
1985-03-12T23:00,,24.9,27,0.252,0.285
1985-03-13T00:00,,24.0,28,0.252,0.285
1985-03-13T01:00,,22.8,29,0.252,0.285
1985-03-13T02:00,,22.3,30,0.252,0.285
1985-03-13T03:00,,26.7,26,0.252,0.285
1985-03-13T04:00,,31.5,15,0.252,0.285
1985-03-13T05:00,,33.9,13,0.252,0.285
1985-03-13T06:00,,35.5,12,0.252,0.285
1985-03-13T07:00,,36.1,12,0.252,0.285
1985-03-13T08:00,,36.7,12,0.252,0.285
1985-03-13T09:00,,36.9,12,0.252,0.285
1985-03-13T10:00,,36.6,12,0.252,0.285
1985-03-13T11:00,,36.0,13,0.252,0.285
1985-03-13T12:00,,34.8,14,0.252,0.285
1985-03-13T13:00,,33.0,16,0.252,0.285
1985-03-13T14:00,,31.2,18,0.252,0.285
1985-03-13T15:00,,30.0,20,0.252,0.285
1985-03-13T16:00,,28.3,25,0.252,0.285
1985-03-13T17:00,,27.2,26,0.252,0.285
1985-03-13T18:00,,26.1,27,0.252,0.285
1985-03-13T19:00,,25.6,28,0.252,0.285
1985-03-13T20:00,,27.8,24,0.252,0.285
1985-03-13T21:00,,27.5,24,0.252,0.285
1985-03-13T22:00,,26.6,25,0.252,0.285
1985-03-13T23:00,,26.0,26,0.252,0.285
1985-03-14T00:00,,23.2,31,0.252,0.285
1985-03-14T01:00,,21.7,34,0.252,0.285
1985-03-14T02:00,,22.0,33,0.252,0.285
1985-03-14T03:00,,26.9,26,0.252,0.285
1985-03-14T04:00,,30.0,16,0.252,0.285
1985-03-14T05:00,,32.0,13,0.252,0.285
1985-03-14T06:00,,33.5,12,0.252,0.285
1985-03-14T07:00,,34.1,12,0.252,0.285
1985-03-14T08:00,,34.9,11,0.252,0.285
1985-03-14T09:00,,35.3,11,0.252,0.285
1985-03-14T10:00,,35.2,11,0.252,0.285
1985-03-14T11:00,,34.7,11,0.252,0.285
1985-03-14T12:00,,33.7,12,0.252,0.285
1985-03-14T13:00,,32.0,14,0.252,0.285
1985-03-14T14:00,,30.1,16,0.252,0.285
1985-03-14T15:00,,28.7,17,0.252,0.285
1985-03-14T16:00,,27.1,22,0.252,0.285
1985-03-14T17:00,,28.1,18,0.252,0.285
1985-03-14T18:00,,27.7,18,0.252,0.285
1985-03-14T19:00,,27.4,18,0.252,0.285
1985-03-14T20:00,,26.8,19,0.252,0.285
1985-03-14T21:00,,26.2,19,0.252,0.285
1985-03-14T22:00,,25.6,20,0.252,0.285
1985-03-14T23:00,,25.1,21,0.252,0.285
1985-03-15T00:00,,23.2,24,0.252,0.285
1985-03-15T01:00,,21.9,26,0.252,0.285
1985-03-15T02:00,,21.5,27,0.252,0.285
1985-03-15T03:00,,25.3,25,0.252,0.285
1985-03-15T04:00,,29.1,18,0.252,0.285
1985-03-15T05:00,,31.8,14,0.252,0.285
1985-03-15T06:00,,33.9,12,0.252,0.285
1985-03-15T07:00,,34.9,11,0.252,0.285
1985-03-15T08:00,,35.8,10,0.252,0.285
1985-03-15T09:00,,36.2,10,0.252,0.285
1985-03-15T10:00,,36.2,10,0.252,0.285
1985-03-15T11:00,,35.6,11,0.252,0.285
1985-03-15T12:00,,34.5,12,0.252,0.284
1985-03-15T13:00,,32.5,15,0.252,0.284
1985-03-15T14:00,,30.4,19,0.252,0.284
1985-03-15T15:00,,28.8,23,0.252,0.284
1985-03-15T16:00,,27.2,28,0.252,0.284
1985-03-15T17:00,,27.1,28,0.252,0.285
1985-03-15T18:00,,26.5,28,0.252,0.285
1985-03-15T19:00,,26.4,29,0.252,0.285
1985-03-15T20:00,,25.9,29,0.252,0.285
1985-03-15T21:00,,25.4,30,0.252,0.285
1985-03-15T22:00,,24.6,32,0.252,0.285
1985-03-15T23:00,,23.0,35,0.252,0.285
1985-03-16T00:00,,21.3,39,0.252,0.285
1985-03-16T01:00,,20.7,39,0.252,0.285
1985-03-16T02:00,,20.9,39,0.252,0.285
1985-03-16T03:00,,24.7,34,0.252,0.285
1985-03-16T04:00,,28.8,20,0.252,0.285
1985-03-16T05:00,,31.0,17,0.252,0.284
1985-03-16T06:00,,32.8,15,0.252,0.284
1985-03-16T07:00,,34.0,14,0.252,0.284
1985-03-16T08:00,,34.9,13,0.252,0.284
1985-03-16T09:00,,35.3,13,0.252,0.284
1985-03-16T10:00,,35.2,13,0.252,0.284
1985-03-16T11:00,,34.7,14,0.252,0.284
1985-03-16T12:00,,33.6,16,0.252,0.284
1985-03-16T13:00,,31.8,20,0.252,0.284
1985-03-16T14:00,,29.9,25,0.252,0.284
1985-03-16T15:00,,28.4,30,0.252,0.284
1985-03-16T16:00,,27.2,35,0.252,0.284
1985-03-16T17:00,,26.1,39,0.252,0.284
1985-03-16T18:00,,24.9,43,0.252,0.284
1985-03-16T19:00,,24.6,42,0.252,0.284
1985-03-16T20:00,,24.5,43,0.252,0.284
1985-03-16T21:00,,23.8,45,0.252,0.284
1985-03-16T22:00,,23.3,48,0.252,0.284
1985-03-16T23:00,,22.6,50,0.252,0.284
1985-03-17T00:00,,21.6,54,0.252,0.284
1985-03-17T01:00,,20.8,56,0.252,0.284
1985-03-17T02:00,,20.8,55,0.252,0.284
1985-03-17T03:00,,25.2,38,0.252,0.284
1985-03-17T04:00,,28.6,23,0.252,0.284
1985-03-17T05:00,,31.0,19,0.252,0.284
1985-03-17T06:00,,32.8,16,0.252,0.284
1985-03-17T07:00,,33.8,15,0.252,0.284
1985-03-17T08:00,,34.6,15,0.252,0.284
1985-03-17T09:00,,34.8,15,0.252,0.284
1985-03-17T10:00,,34.5,16,0.252,0.284
1985-03-17T11:00,,33.6,18,0.252,0.284
1985-03-17T12:00,,32.1,22,0.252,0.284
1985-03-17T13:00,,30.3,29,0.252,0.284
1985-03-17T14:00,,28.3,37,0.252,0.284
1985-03-17T15:00,,26.7,44,0.252,0.284
1985-03-17T16:00,,25.6,49,0.252,0.284
1985-03-17T17:00,,24.6,53,0.252,0.284
1985-03-17T18:00,,23.7,58,0.252,0.284
1985-03-17T19:00,,23.0,61,0.252,0.284
1985-03-17T20:00,,22.2,65,0.252,0.284
1985-03-17T21:00,,21.5,67,0.252,0.284
1985-03-17T22:00,,20.6,69,0.252,0.284
1985-03-17T23:00,,20.0,70,0.252,0.284
1985-03-18T00:00,,19.9,66,0.252,0.284
1985-03-18T01:00,,19.8,63,0.252,0.284
1985-03-18T02:00,,20.0,59,0.252,0.284
1985-03-18T03:00,,23.7,41,0.252,0.284
1985-03-18T04:00,,26.5,32,0.252,0.284
1985-03-18T05:00,,29.1,27,0.252,0.284
1985-03-18T06:00,,31.2,23,0.252,0.284
1985-03-18T07:00,,32.2,22,0.252,0.284
1985-03-18T08:00,,33.1,21,0.252,0.284
1985-03-18T09:00,,33.4,21,0.252,0.284
1985-03-18T10:00,,33.1,22,0.252,0.284
1985-03-18T11:00,,32.3,25,0.252,0.284
1985-03-18T12:00,,30.9,31,0.252,0.284
1985-03-18T13:00,,29.0,40,0.252,0.284
1985-03-18T14:00,,27.0,49,0.252,0.284
1985-03-18T15:00,,25.5,57,0.252,0.284
1985-03-18T16:00,,24.3,62,0.252,0.284
1985-03-18T17:00,,23.3,68,0.252,0.284
1985-03-18T18:00,,22.3,73,0.252,0.284
1985-03-18T19:00,,21.4,77,0.252,0.284
1985-03-18T20:00,,20.7,81,0.252,0.284
1985-03-18T21:00,,20.0,83,0.252,0.284
1985-03-18T22:00,,19.6,83,0.252,0.284
1985-03-18T23:00,,19.2,81,0.252,0.284
1985-03-19T00:00,,18.9,77,0.252,0.284
1985-03-19T01:00,,18.8,72,0.252,0.284
1985-03-19T02:00,,19.1,66,0.252,0.284
1985-03-19T03:00,,24.2,43,0.252,0.284
1985-03-19T04:00,,27.4,29,0.252,0.284
1985-03-19T05:00,,29.9,24,0.252,0.284
1985-03-19T06:00,,31.8,21,0.252,0.284
1985-03-19T07:00,,33.2,18,0.252,0.284
1985-03-19T08:00,,34.0,17,0.252,0.284
1985-03-19T09:00,,34.2,17,0.252,0.284
1985-03-19T10:00,,34.0,17,0.252,0.284
1985-03-19T11:00,,33.2,19,0.252,0.284
1985-03-19T12:00,,32.0,22,0.252,0.284
1985-03-19T13:00,,30.4,27,0.252,0.284
1985-03-19T14:00,,28.6,33,0.252,0.284
1985-03-19T15:00,,27.2,39,0.252,0.284
1985-03-19T16:00,,26.2,43,0.252,0.284
1985-03-19T17:00,,25.1,50,0.252,0.284
1985-03-19T18:00,,24.8,50,0.252,0.284
1985-03-19T19:00,,25.5,47,0.252,0.284
1985-03-19T20:00,,25.3,45,0.252,0.284
1985-03-19T21:00,,24.4,45,0.252,0.284
1985-03-19T22:00,,22.7,46,0.252,0.284
1985-03-19T23:00,,22.3,43,0.252,0.284
1985-03-20T00:00,,23.0,36,0.252,0.284
1985-03-20T01:00,,23.7,30,0.252,0.284
1985-03-20T02:00,,24.0,27,0.252,0.284
1985-03-20T03:00,,25.7,24,0.252,0.284
1985-03-20T04:00,,28.3,18,0.252,0.284
1985-03-20T05:00,,30.6,13,0.252,0.284
1985-03-20T06:00,,32.2,10,0.252,0.284
1985-03-20T07:00,,33.2,9,0.252,0.284
1985-03-20T08:00,,33.6,9,0.252,0.284
1985-03-20T09:00,,33.7,8,0.252,0.284
1985-03-20T10:00,,33.5,8,0.252,0.284
1985-03-20T11:00,,33.0,8,0.252,0.284
1985-03-20T12:00,,32.2,8,0.252,0.284
1985-03-20T13:00,,30.8,10,0.252,0.284
1985-03-20T14:00,,29.2,11,0.252,0.284
1985-03-20T15:00,,27.5,13,0.252,0.284
1985-03-20T16:00,,26.1,17,0.252,0.284
1985-03-20T17:00,,27.4,14,0.252,0.284
1985-03-20T18:00,,27.0,14,0.252,0.284
1985-03-20T19:00,,26.5,14,0.252,0.284
1985-03-20T20:00,,25.3,15,0.252,0.284
1985-03-20T21:00,,24.5,16,0.252,0.284
1985-03-20T22:00,,24.3,16,0.252,0.284
1985-03-20T23:00,,24.1,16,0.252,0.284
1985-03-21T00:00,,24.2,16,0.252,0.284
1985-03-21T01:00,,23.3,17,0.252,0.284
1985-03-21T02:00,,21.9,20,0.252,0.284
1985-03-21T03:00,,24.9,19,0.252,0.284
1985-03-21T04:00,,28.4,13,0.252,0.284
1985-03-21T05:00,,31.0,11,0.252,0.284
1985-03-21T06:00,,32.8,9,0.252,0.284
1985-03-21T07:00,,33.9,9,0.252,0.284
1985-03-21T08:00,,34.7,8,0.252,0.284
1985-03-21T09:00,,35.1,8,0.252,0.284
1985-03-21T10:00,,35.0,8,0.252,0.284
1985-03-21T11:00,,34.6,9,0.252,0.284
1985-03-21T12:00,,33.6,9,0.252,0.284
1985-03-21T13:00,,31.8,11,0.252,0.284
1985-03-21T14:00,,29.9,14,0.252,0.284
1985-03-21T15:00,,28.1,18,0.252,0.284
1985-03-21T16:00,,28.3,17,0.252,0.284
1985-03-21T17:00,,28.0,17,0.252,0.284
1985-03-21T18:00,,27.5,18,0.252,0.284
1985-03-21T19:00,,25.1,20,0.252,0.284
1985-03-21T20:00,,22.8,23,0.252,0.284
1985-03-21T21:00,,22.1,24,0.252,0.284
1985-03-21T22:00,,22.1,23,0.252,0.284
1985-03-21T23:00,,22.7,21,0.252,0.284
1985-03-22T00:00,,24.2,19,0.252,0.284
1985-03-22T01:00,,23.5,19,0.252,0.284
1985-03-22T02:00,,22.7,21,0.252,0.284
1985-03-22T03:00,,26.1,20,0.252,0.284
1985-03-22T04:00,,29.7,15,0.252,0.284
1985-03-22T05:00,,31.9,14,0.252,0.284
1985-03-22T06:00,,33.3,12,0.252,0.284
1985-03-22T07:00,,34.6,12,0.252,0.284
1985-03-22T08:00,,35.5,12,0.252,0.284
1985-03-22T09:00,,36.0,12,0.252,0.284
1985-03-22T10:00,,36.0,12,0.252,0.284
1985-03-22T11:00,,35.6,13,0.252,0.284
1985-03-22T12:00,,34.5,14,0.252,0.284
1985-03-22T13:00,,32.7,16,0.252,0.284
1985-03-22T14:00,,30.8,18,0.252,0.284
1985-03-22T15:00,,29.6,20,0.252,0.284
1985-03-22T16:00,,28.0,25,0.252,0.284
1985-03-22T17:00,,27.0,27,0.252,0.284
1985-03-22T18:00,,25.7,29,0.252,0.284
1985-03-22T19:00,,26.0,28,0.252,0.284
1985-03-22T20:00,,24.4,32,0.252,0.284
1985-03-22T21:00,,23.5,35,0.252,0.284
1985-03-22T22:00,,22.8,38,0.252,0.284
1985-03-22T23:00,,22.0,42,0.252,0.284
1985-03-23T00:00,,21.1,46,0.252,0.284
1985-03-23T01:00,,20.7,47,0.252,0.284
1985-03-23T02:00,,20.9,47,0.252,0.284
1985-03-23T03:00,,26.0,35,0.252,0.284
1985-03-23T04:00,,29.3,27,0.252,0.284
1985-03-23T05:00,,31.4,23,0.252,0.284
1985-03-23T06:00,,33.2,20,0.252,0.284
1985-03-23T07:00,,34.3,19,0.252,0.284
1985-03-23T08:00,,35.0,18,0.252,0.284
1985-03-23T09:00,,35.1,19,0.252,0.284
1985-03-23T10:00,,35.0,18,0.252,0.284
1985-03-23T11:00,,33.7,21,0.252,0.284
1985-03-23T12:00,,32.4,25,0.252,0.284
1985-03-23T13:00,,30.4,31,0.252,0.284
1985-03-23T14:00,,28.2,38,0.252,0.284
1985-03-23T15:00,,26.5,45,0.252,0.284
1985-03-23T16:00,,25.1,52,0.252,0.284
1985-03-23T17:00,,24.0,59,0.252,0.284
1985-03-23T18:00,,23.1,63,0.252,0.284
1985-03-23T19:00,,22.8,60,0.252,0.284
1985-03-23T20:00,,22.4,58,0.252,0.284
1985-03-23T21:00,,22.1,55,0.252,0.284
1985-03-23T22:00,,21.8,56,0.252,0.284
1985-03-23T23:00,,21.5,57,0.252,0.284
1985-03-24T00:00,,21.1,60,0.252,0.284
1985-03-24T01:00,,20.8,62,0.252,0.284
1985-03-24T02:00,,21.1,62,0.252,0.284
1985-03-24T03:00,,23.8,54,0.252,0.284
1985-03-24T04:00,,26.4,43,0.252,0.284
1985-03-24T05:00,,28.7,33,0.252,0.284
1985-03-24T06:00,,30.7,26,0.252,0.284
1985-03-24T07:00,,31.8,24,0.252,0.284
1985-03-24T08:00,,32.6,22,0.252,0.284
1985-03-24T09:00,,32.9,22,0.252,0.284
1985-03-24T10:00,,32.8,22,0.252,0.284
1985-03-24T11:00,,32.0,23,0.252,0.284
1985-03-24T12:00,,30.6,27,0.252,0.284
1985-03-24T13:00,,28.6,33,0.252,0.284
1985-03-24T14:00,,26.7,40,0.252,0.284
1985-03-24T15:00,,25.1,47,0.252,0.284
1985-03-24T16:00,,23.9,52,0.252,0.284
1985-03-24T17:00,,23.0,57,0.252,0.284
1985-03-24T18:00,,22.1,61,0.252,0.284
1985-03-24T19:00,,21.2,62,0.252,0.284
1985-03-24T20:00,,20.5,63,0.252,0.284
1985-03-24T21:00,,20.1,61,0.252,0.284
1985-03-24T22:00,,19.6,59,0.252,0.284
1985-03-24T23:00,,19.1,58,0.252,0.284
1985-03-25T00:00,,18.9,54,0.252,0.284
1985-03-25T01:00,,18.7,51,0.252,0.284
1985-03-25T02:00,,19.5,47,0.252,0.284
1985-03-25T03:00,,24.1,34,0.252,0.284
1985-03-25T04:00,,26.8,34,0.252,0.284
1985-03-25T05:00,,29.2,31,0.252,0.284
1985-03-25T06:00,,31.4,28,0.252,0.284
1985-03-25T07:00,,32.7,27,0.252,0.284
1985-03-25T08:00,,33.6,26,0.252,0.284
1985-03-25T09:00,,34.0,26,0.252,0.284
1985-03-25T10:00,,33.7,27,0.252,0.284
1985-03-25T11:00,,32.0,32,0.252,0.284
1985-03-25T12:00,,31.5,34,0.252,0.284
1985-03-25T13:00,,29.7,42,0.252,0.284
1985-03-25T14:00,,27.6,51,0.252,0.284
1985-03-25T15:00,,25.9,58,0.252,0.284
1985-03-25T16:00,,24.8,63,0.252,0.284
1985-03-25T17:00,,23.9,66,0.252,0.284
1985-03-25T18:00,,22.9,71,0.252,0.284
1985-03-25T19:00,,22.0,73,0.252,0.284
1985-03-25T20:00,,21.7,73,0.252,0.284
1985-03-25T21:00,,21.7,71,0.252,0.284
1985-03-25T22:00,,21.6,71,0.252,0.284
1985-03-25T23:00,,21.6,70,0.252,0.284
1985-03-26T00:00,,20.9,73,0.252,0.284
1985-03-26T01:00,,19.9,77,0.252,0.284
1985-03-26T02:00,,19.6,78,0.252,0.284
1985-03-26T03:00,,24.6,51,0.252,0.284
1985-03-26T04:00,,28.0,36,0.252,0.284
1985-03-26T05:00,,30.7,28,0.252,0.284
1985-03-26T06:00,,32.7,24,0.252,0.284
1985-03-26T07:00,,33.7,23,0.252,0.284
1985-03-26T08:00,,34.7,20,0.252,0.284
1985-03-26T09:00,,35.2,19,0.252,0.284
1985-03-26T10:00,,35.2,18,0.252,0.284
1985-03-26T11:00,,34.6,19,0.252,0.284
1985-03-26T12:00,,33.4,23,0.252,0.284
1985-03-26T13:00,,31.6,30,0.252,0.284
1985-03-26T14:00,,29.4,39,0.252,0.284
1985-03-26T15:00,,27.6,48,0.252,0.284
1985-03-26T16:00,,26.3,55,0.252,0.284
1985-03-26T17:00,,25.0,62,0.252,0.284
1985-03-26T18:00,,24.0,65,0.252,0.284
1985-03-26T19:00,,24.0,63,0.252,0.284
1985-03-26T20:00,,23.4,64,0.252,0.284
1985-03-26T21:00,,23.5,63,0.252,0.284
1985-03-26T22:00,,23.8,61,0.252,0.284
1985-03-26T23:00,,23.4,62,0.252,0.284
1985-03-27T00:00,,23.1,62,0.252,0.284
1985-03-27T01:00,,21.6,66,0.252,0.284
1985-03-27T02:00,,21.5,65,0.252,0.284
1985-03-27T03:00,,25.7,45,0.252,0.284
1985-03-27T04:00,,28.3,38,0.252,0.284
1985-03-27T05:00,,30.7,31,0.252,0.284
1985-03-27T06:00,,32.8,25,0.252,0.284
1985-03-27T07:00,,34.2,22,0.252,0.284
1985-03-27T08:00,,35.3,18,0.252,0.284
1985-03-27T09:00,,35.8,16,0.252,0.284
1985-03-27T10:00,,35.6,17,0.252,0.284
1985-03-27T11:00,,35.1,18,0.252,0.283
1985-03-27T12:00,,34.2,20,0.252,0.283
1985-03-27T13:00,,32.7,24,0.252,0.283
1985-03-27T14:00,,30.8,28,0.252,0.283
1985-03-27T15:00,,29.3,33,0.252,0.283
1985-03-27T16:00,,27.8,40,0.252,0.283
1985-03-27T17:00,,26.4,47,0.252,0.283
1985-03-27T18:00,,25.2,54,0.252,0.283
1985-03-27T19:00,,24.6,55,0.252,0.283
1985-03-27T20:00,,23.4,64,0.252,0.283
1985-03-27T21:00,,23.3,63,0.252,0.283
1985-03-27T22:00,,22.0,68,0.252,0.284
1985-03-27T23:00,,21.5,68,0.252,0.284
1985-03-28T00:00,,21.1,67,0.252,0.284
1985-03-28T01:00,,20.8,66,0.252,0.284
1985-03-28T02:00,,21.8,63,0.252,0.284
1985-03-28T03:00,,26.5,46,0.252,0.284
1985-03-28T04:00,,29.1,38,0.252,0.283
1985-03-28T05:00,,31.2,33,0.252,0.283
1985-03-28T06:00,,33.0,29,0.252,0.283
1985-03-28T07:00,,34.5,24,0.252,0.283
1985-03-28T08:00,,35.3,21,0.252,0.283
1985-03-28T09:00,,35.5,20,0.252,0.283
1985-03-28T10:00,,35.2,20,0.252,0.283
1985-03-28T11:00,,35.0,20,0.252,0.283
1985-03-28T12:00,,34.2,21,0.252,0.283
1985-03-28T13:00,,33.1,23,0.252,0.283
1985-03-28T14:00,,31.3,28,0.252,0.283
1985-03-28T15:00,,29.7,34,0.252,0.283
1985-03-28T16:00,,28.4,41,0.252,0.283
1985-03-28T17:00,,27.0,48,0.252,0.283
1985-03-28T18:00,,25.9,54,0.252,0.283
1985-03-28T19:00,,24.6,63,0.252,0.283
1985-03-28T20:00,,23.8,68,0.252,0.283
1985-03-28T21:00,,23.4,70,0.252,0.283
1985-03-28T22:00,,22.6,73,0.252,0.283
1985-03-28T23:00,,22.2,72,0.252,0.283
1985-03-29T00:00,,22.3,70,0.252,0.283
1985-03-29T01:00,,22.1,68,0.252,0.283
1985-03-29T02:00,,23.1,65,0.252,0.283
1985-03-29T03:00,,26.1,53,0.252,0.283
1985-03-29T04:00,,28.4,43,0.252,0.283
1985-03-29T05:00,,30.2,36,0.252,0.283
1985-03-29T06:00,,32.0,31,0.252,0.283
1985-03-29T07:00,,33.8,25,0.252,0.283
1985-03-29T08:00,,35.0,22,0.252,0.283
1985-03-29T09:00,,35.2,21,0.252,0.283
1985-03-29T10:00,,35.2,21,0.252,0.283
1985-03-29T11:00,,33.7,22,0.255,0.283
1985-03-29T12:00,,33.0,24,0.255,0.283
1985-03-29T13:00,,32.0,25,0.255,0.283
1985-03-29T14:00,,30.7,30,0.255,0.283
1985-03-29T15:00,,29.2,36,0.255,0.283
1985-03-29T16:00,,27.9,42,0.255,0.283
1985-03-29T17:00,,26.9,49,0.255,0.283
1985-03-29T18:00,,25.7,53,0.255,0.283
1985-03-29T19:00,,24.4,62,0.255,0.283
1985-03-29T20:00,,23.5,67,0.255,0.283
1985-03-29T21:00,,22.9,69,0.255,0.283
1985-03-29T22:00,,22.4,69,0.255,0.283
1985-03-29T23:00,,22.2,69,0.255,0.283
1985-03-30T00:00,,22.0,69,0.255,0.283
1985-03-30T01:00,,21.7,70,0.255,0.283
1985-03-30T02:00,,22.5,71,0.255,0.283
1985-03-30T03:00,,26.2,52,0.255,0.283
1985-03-30T04:00,,28.7,42,0.255,0.283
1985-03-30T05:00,,31.1,33,0.255,0.283
1985-03-30T06:00,,33.2,27,0.255,0.283
1985-03-30T07:00,,34.3,25,0.255,0.283
1985-03-30T08:00,,35.1,23,0.255,0.283
1985-03-30T09:00,,35.4,22,0.255,0.283
1985-03-30T10:00,,34.6,23,0.255,0.283
1985-03-30T11:00,,32.3,28,0.257,0.283
1985-03-30T12:00,,32.0,29,0.257,0.283
1985-03-30T13:00,,31.6,30,0.257,0.283
1985-03-30T14:00,,30.3,34,0.257,0.283
1985-03-30T15:00,,28.9,40,0.257,0.283
1985-03-30T16:00,,27.6,45,0.257,0.283
1985-03-30T17:00,,26.6,50,0.257,0.283
1985-03-30T18:00,,25.7,55,0.257,0.283
1985-03-30T19:00,,24.8,57,0.256,0.283
1985-03-30T20:00,,24.2,58,0.256,0.283
1985-03-30T21:00,,23.5,61,0.256,0.283
1985-03-30T22:00,,23.0,64,0.256,0.283
1985-03-30T23:00,,22.6,65,0.256,0.283
1985-03-31T00:00,,22.4,63,0.256,0.283
1985-03-31T01:00,,22.2,62,0.256,0.283
1985-03-31T02:00,,22.8,65,0.256,0.283
1985-03-31T03:00,,27.1,41,0.256,0.283
1985-03-31T04:00,,29.6,33,0.256,0.283
1985-03-31T05:00,,31.6,29,0.256,0.283
1985-03-31T06:00,,33.1,27,0.256,0.283
1985-03-31T07:00,,33.5,27,0.256,0.283
1985-03-31T08:00,,34.2,25,0.256,0.283
1985-03-31T09:00,,34.2,25,0.256,0.283
1985-03-31T10:00,,32.8,28,0.258,0.283
1985-03-31T11:00,,30.9,31,0.274,0.283
1985-03-31T12:00,,30.2,32,0.274,0.283
1985-03-31T13:00,,29.1,37,0.274,0.283
1985-03-31T14:00,,28.0,41,0.274,0.283
1985-03-31T15:00,,27.0,49,0.274,0.283
1985-03-31T16:00,,26.2,49,0.273,0.283
1985-03-31T17:00,,25.3,52,0.273,0.283
1985-03-31T18:00,,24.6,54,0.273,0.283
1985-03-31T19:00,,23.9,56,0.273,0.283
1985-03-31T20:00,,23.5,57,0.273,0.283
1985-03-31T21:00,,23.1,58,0.273,0.283
1985-03-31T22:00,,22.9,58,0.273,0.283
1985-03-31T23:00,,22.6,58,0.273,0.283
1985-04-01T00:00,,22.3,60,0.273,0.283
1985-04-01T01:00,,22.0,61,0.273,0.283
1985-04-01T02:00,,22.6,60,0.273,0.283
1985-04-01T03:00,,25.9,50,0.273,0.283
1985-04-01T04:00,,28.9,40,0.273,0.283
1985-04-01T05:00,,31.0,32,0.272,0.283
1985-04-01T06:00,,32.6,27,0.272,0.283
1985-04-01T07:00,,33.3,23,0.271,0.283
1985-04-01T08:00,,34.1,21,0.271,0.283
1985-04-01T09:00,,34.6,19,0.27,0.283
1985-04-01T10:00,,33.1,21,0.27,0.283
1985-04-01T11:00,,32.0,22,0.27,0.283
1985-04-01T12:00,,31.3,24,0.27,0.283
1985-04-01T13:00,,30.1,28,0.27,0.283
1985-04-01T14:00,,28.4,36,0.27,0.283
1985-04-01T15:00,,26.8,46,0.27,0.283
1985-04-01T16:00,,25.5,56,0.27,0.283
1985-04-01T17:00,,24.6,63,0.269,0.283
1985-04-01T18:00,,24.1,67,0.269,0.283
1985-04-01T19:00,,24.2,65,0.269,0.283
1985-04-01T20:00,,23.7,67,0.269,0.283
1985-04-01T21:00,,23.1,73,0.269,0.283
1985-04-01T22:00,,22.6,77,0.269,0.283
1985-04-01T23:00,,22.3,78,0.269,0.283
1985-04-02T00:00,,21.8,79,0.269,0.283
1985-04-02T01:00,,21.2,83,0.269,0.283
1985-04-02T02:00,,22.2,76,0.269,0.283
1985-04-02T03:00,,24.5,60,0.269,0.283
1985-04-02T04:00,,27.0,49,0.269,0.283
1985-04-02T05:00,,29.2,42,0.269,0.283
1985-04-02T06:00,,31.2,36,0.268,0.283
1985-04-02T07:00,,32.6,29,0.268,0.283
1985-04-02T08:00,,33.5,26,0.267,0.283
1985-04-02T09:00,,33.6,25,0.267,0.283
1985-04-02T10:00,,32.4,23,0.268,0.283
1985-04-02T11:00,,31.1,24,0.267,0.283
1985-04-02T12:00,,30.4,28,0.267,0.283
1985-04-02T13:00,,28.8,37,0.267,0.283
1985-04-02T14:00,,27.1,45,0.267,0.283
1985-04-02T15:00,,25.8,51,0.267,0.283
1985-04-02T16:00,,24.8,57,0.267,0.283
1985-04-02T17:00,,23.9,62,0.267,0.283
1985-04-02T18:00,,23.3,63,0.267,0.283
1985-04-02T19:00,,22.6,64,0.267,0.283
1985-04-02T20:00,,22.0,65,0.267,0.283
1985-04-02T21:00,,21.3,67,0.267,0.283
1985-04-02T22:00,,20.8,68,0.267,0.283
1985-04-02T23:00,,20.1,71,0.267,0.283
1985-04-03T00:00,,19.5,73,0.267,0.283
1985-04-03T01:00,,19.1,76,0.267,0.283
1985-04-03T02:00,,20.0,77,0.267,0.283
1985-04-03T03:00,,23.2,63,0.267,0.283
1985-04-03T04:00,,25.5,52,0.267,0.283
1985-04-03T05:00,,27.9,42,0.266,0.283
1985-04-03T06:00,,30.1,32,0.266,0.283
1985-04-03T07:00,,31.8,26,0.266,0.283
1985-04-03T08:00,,32.9,23,0.265,0.283
1985-04-03T09:00,,33.3,21,0.265,0.283
1985-04-03T10:00,,33.2,21,0.264,0.283
1985-04-03T11:00,,32.5,22,0.264,0.283
1985-04-03T12:00,,31.0,26,0.264,0.283
1985-04-03T13:00,,29.0,33,0.264,0.283
1985-04-03T14:00,,26.9,41,0.264,0.283
1985-04-03T15:00,,25.2,49,0.264,0.283
1985-04-03T16:00,,23.9,55,0.264,0.283
1985-04-03T17:00,,22.9,60,0.264,0.283
1985-04-03T18:00,,21.9,65,0.264,0.283
1985-04-03T19:00,,21.4,66,0.264,0.283
1985-04-03T20:00,,20.7,68,0.264,0.283
1985-04-03T21:00,,20.0,70,0.264,0.283
1985-04-03T22:00,,19.5,73,0.264,0.283
1985-04-03T23:00,,19.0,75,0.264,0.283
1985-04-04T00:00,,18.7,74,0.264,0.283
1985-04-04T01:00,,18.3,74,0.264,0.283
1985-04-04T02:00,,19.3,74,0.264,0.283
1985-04-04T03:00,,23.6,46,0.264,0.283
1985-04-04T04:00,,26.2,38,0.263,0.283
1985-04-04T05:00,,28.4,30,0.263,0.283
1985-04-04T06:00,,30.5,24,0.263,0.283
1985-04-04T07:00,,31.6,22,0.262,0.283
1985-04-04T08:00,,32.5,21,0.262,0.283
1985-04-04T09:00,,32.8,20,0.262,0.283
1985-04-04T10:00,,32.6,21,0.262,0.283
1985-04-04T11:00,,31.9,23,0.261,0.283
1985-04-04T12:00,,30.5,26,0.261,0.283
1985-04-04T13:00,,28.7,31,0.261,0.283
1985-04-04T14:00,,26.7,37,0.261,0.283
1985-04-04T15:00,,25.2,44,0.261,0.283
1985-04-04T16:00,,23.9,50,0.261,0.283
1985-04-04T17:00,,22.8,56,0.261,0.283
1985-04-04T18:00,,21.8,61,0.261,0.283
1985-04-04T19:00,,21.4,61,0.261,0.283
1985-04-04T20:00,,20.6,65,0.261,0.283
1985-04-04T21:00,,19.7,73,0.261,0.283
1985-04-04T22:00,,18.7,81,0.261,0.283
1985-04-04T23:00,,18.1,83,0.261,0.283
1985-04-05T00:00,,17.7,82,0.261,0.283
1985-04-05T01:00,,17.5,80,0.261,0.283
1985-04-05T02:00,,18.8,75,0.261,0.283
1985-04-05T03:00,,23.4,50,0.261,0.283
1985-04-05T04:00,,26.0,44,0.261,0.283
1985-04-05T05:00,,28.4,36,0.26,0.283
1985-04-05T06:00,,30.4,29,0.26,0.283
1985-04-05T07:00,,31.6,27,0.26,0.283
1985-04-05T08:00,,32.7,24,0.26,0.283
1985-04-05T09:00,,33.1,22,0.259,0.283
1985-04-05T10:00,,33.2,22,0.259,0.283
1985-04-05T11:00,,32.9,20,0.259,0.283
1985-04-05T12:00,,31.6,22,0.259,0.283
1985-04-05T13:00,,30.0,29,0.259,0.283
1985-04-05T14:00,,28.0,40,0.259,0.283
1985-04-05T15:00,,26.2,53,0.259,0.283
1985-04-05T16:00,,24.7,63,0.259,0.283
1985-04-05T17:00,,23.7,70,0.259,0.283
1985-04-05T18:00,,22.8,76,0.259,0.283
1985-04-05T19:00,,22.6,76,0.259,0.283
1985-04-05T20:00,,22.0,78,0.259,0.283
1985-04-05T21:00,,21.3,82,0.259,0.283
1985-04-05T22:00,,20.7,83,0.259,0.283
1985-04-05T23:00,,20.2,84,0.259,0.283
1985-04-06T00:00,,19.9,82,0.259,0.283
1985-04-06T01:00,,19.6,81,0.259,0.283
1985-04-06T02:00,,20.9,77,0.259,0.283
1985-04-06T03:00,,25.0,54,0.259,0.283
1985-04-06T04:00,,27.4,45,0.259,0.283
1985-04-06T05:00,,29.7,37,0.258,0.283
1985-04-06T06:00,,31.4,30,0.258,0.283
1985-04-06T07:00,,32.9,24,0.258,0.283
1985-04-06T08:00,,33.7,22,0.258,0.283
1985-04-06T09:00,,34.2,21,0.258,0.283
1985-04-06T10:00,,34.4,20,0.257,0.283
1985-04-06T11:00,,33.6,23,0.257,0.283
1985-04-06T12:00,,31.7,32,0.257,0.283
1985-04-06T13:00,,29.1,46,0.257,0.283
1985-04-06T14:00,,27.1,56,0.257,0.283
1985-04-06T15:00,,25.8,62,0.257,0.283
1985-04-06T16:00,,25.1,65,0.257,0.283
1985-04-06T17:00,,24.3,69,0.257,0.283
1985-04-06T18:00,,23.6,72,0.257,0.283
1985-04-06T19:00,,23.1,71,0.257,0.283
1985-04-06T20:00,,22.3,75,0.257,0.283
1985-04-06T21:00,,21.5,81,0.257,0.283
1985-04-06T22:00,,21.1,82,0.257,0.283
1985-04-06T23:00,,20.6,82,0.257,0.283
1985-04-07T00:00,,20.3,82,0.257,0.283
1985-04-07T01:00,,19.9,81,0.257,0.283
1985-04-07T02:00,,21.1,77,0.257,0.283
1985-04-07T03:00,,24.8,55,0.257,0.283
1985-04-07T04:00,,26.9,49,0.257,0.283
1985-04-07T05:00,,29.0,42,0.257,0.283
1985-04-07T06:00,,30.7,37,0.257,0.283
1985-04-07T07:00,,32.6,30,0.256,0.283
1985-04-07T08:00,,33.5,29,0.256,0.283
1985-04-07T09:00,,33.9,28,0.256,0.283
1985-04-07T10:00,,33.8,28,0.256,0.283
1985-04-07T11:00,,32.9,31,0.256,0.283
1985-04-07T12:00,,31.6,34,0.256,0.283
1985-04-07T13:00,,29.8,40,0.256,0.283
1985-04-07T14:00,,28.0,47,0.256,0.283
1985-04-07T15:00,,26.4,53,0.256,0.283
1985-04-07T16:00,,25.2,59,0.256,0.283
1985-04-07T17:00,,24.2,65,0.256,0.283
1985-04-07T18:00,,23.2,71,0.256,0.283
1985-04-07T19:00,,22.8,74,0.256,0.283
1985-04-07T20:00,,22.1,82,0.256,0.283
1985-04-07T21:00,,21.7,87,0.256,0.283
1985-04-07T22:00,,21.5,88,0.256,0.283
1985-04-07T23:00,,21.1,87,0.256,0.283
1985-04-08T00:00,,20.8,86,0.256,0.283
1985-04-08T01:00,,20.6,84,0.256,0.283
1985-04-08T02:00,,21.6,78,0.256,0.283
1985-04-08T03:00,,23.7,70,0.256,0.283
1985-04-08T04:00,,26.1,56,0.256,0.283
1985-04-08T05:00,,28.5,45,0.256,0.283
1985-04-08T06:00,,30.5,38,0.255,0.283
1985-04-08T07:00,,31.6,36,0.255,0.283
1985-04-08T08:00,,32.5,32,0.255,0.283
1985-04-08T09:00,,32.8,31,0.255,0.283
1985-04-08T10:00,,32.5,31,0.255,0.283
1985-04-08T11:00,,31.6,33,0.255,0.283
1985-04-08T12:00,,30.2,37,0.255,0.283
1985-04-08T13:00,,28.4,44,0.255,0.283
1985-04-08T14:00,,26.7,52,0.255,0.283
1985-04-08T15:00,,25.4,60,0.255,0.283
1985-04-08T16:00,,24.4,67,0.255,0.283
1985-04-08T17:00,,23.6,74,0.255,0.283
1985-04-08T18:00,,22.9,79,0.255,0.283
1985-04-08T19:00,,22.3,84,0.255,0.283
1985-04-08T20:00,,21.9,86,0.255,0.283
1985-04-08T21:00,,21.6,87,0.255,0.283
1985-04-08T22:00,,21.3,88,0.255,0.283
1985-04-08T23:00,,21.1,87,0.255,0.283
1985-04-09T00:00,,21.1,85,0.255,0.283
1985-04-09T01:00,,21.0,85,0.255,0.283
1985-04-09T02:00,,21.7,82,0.255,0.283
1985-04-09T03:00,,23.2,74,0.255,0.283
1985-04-09T04:00,,25.2,64,0.255,0.283
1985-04-09T05:00,,27.4,54,0.255,0.283
1985-04-09T06:00,,29.3,46,0.255,0.283
1985-04-09T07:00,,31.3,37,0.255,0.283
1985-04-09T08:00,,32.3,33,0.255,0.283
1985-04-09T09:00,,32.5,33,0.254,0.283
1985-04-09T10:00,,32.0,35,0.254,0.283
1985-04-09T11:00,,31.0,38,0.254,0.283
1985-04-09T12:00,,29.7,42,0.254,0.283
1985-04-09T13:00,,28.0,48,0.254,0.283
1985-04-09T14:00,,26.5,55,0.254,0.283
1985-04-09T15:00,,25.4,61,0.254,0.283
1985-04-09T16:00,,24.5,67,0.254,0.283
1985-04-09T17:00,,23.7,72,0.254,0.283
1985-04-09T18:00,,23.1,77,0.254,0.283
1985-04-09T19:00,,22.7,78,0.254,0.283
1985-04-09T20:00,,22.4,79,0.254,0.283
1985-04-09T21:00,,22.2,80,0.254,0.283
1985-04-09T22:00,,22.0,83,0.254,0.283
1985-04-09T23:00,,21.7,85,0.254,0.283
1985-04-10T00:00,,21.4,88,0.254,0.283
1985-04-10T01:00,,21.3,89,0.254,0.283
1985-04-10T02:00,,22.3,84,0.254,0.283
1985-04-10T03:00,,24.9,64,0.254,0.283
1985-04-10T04:00,,27.5,45,0.254,0.283
1985-04-10T05:00,,29.5,37,0.254,0.283
1985-04-10T06:00,,31.1,33,0.254,0.283
1985-04-10T07:00,,32.3,32,0.254,0.283
1985-04-10T08:00,,33.1,30,0.254,0.283
1985-04-10T09:00,,33.5,28,0.254,0.283
1985-04-10T10:00,,33.5,27,0.254,0.283
1985-04-10T11:00,,32.9,27,0.254,0.283
1985-04-10T12:00,,31.7,27,0.254,0.283
1985-04-10T13:00,,30.2,29,0.254,0.283
1985-04-10T14:00,,28.5,33,0.254,0.283
1985-04-10T15:00,,26.9,38,0.254,0.283
1985-04-10T16:00,,25.5,44,0.254,0.283
1985-04-10T17:00,,24.4,51,0.254,0.283
1985-04-10T18:00,,23.4,57,0.254,0.283
1985-04-10T19:00,,22.8,62,0.254,0.283
1985-04-10T20:00,,22.0,65,0.254,0.283
1985-04-10T21:00,,21.3,67,0.254,0.283
1985-04-10T22:00,,20.7,67,0.254,0.283
1985-04-10T23:00,,20.2,66,0.254,0.283
1985-04-11T00:00,,19.8,66,0.254,0.283
1985-04-11T01:00,,19.5,66,0.254,0.283
1985-04-11T02:00,,20.9,63,0.254,0.283
1985-04-11T03:00,,25.0,49,0.254,0.283
1985-04-11T04:00,,27.6,41,0.254,0.283
1985-04-11T05:00,,30.0,33,0.253,0.283
1985-04-11T06:00,,32.0,27,0.253,0.283
1985-04-11T07:00,,34.1,21,0.253,0.283
1985-04-11T08:00,,35.0,20,0.253,0.283
1985-04-11T09:00,,35.3,20,0.253,0.283
1985-04-11T10:00,,35.1,20,0.253,0.283
1985-04-11T11:00,,34.3,20,0.253,0.282
1985-04-11T12:00,,33.0,22,0.253,0.282
1985-04-11T13:00,,31.1,25,0.253,0.282
1985-04-11T14:00,,28.8,31,0.253,0.282
1985-04-11T15:00,,26.9,37,0.253,0.282
1985-04-11T16:00,,25.4,43,0.253,0.282
1985-04-11T17:00,,24.3,47,0.253,0.282
1985-04-11T18:00,,23.4,51,0.253,0.282
1985-04-11T19:00,,23.0,52,0.253,0.282
1985-04-11T20:00,,22.1,55,0.253,0.282
1985-04-11T21:00,,21.2,56,0.253,0.283
1985-04-11T22:00,,20.8,56,0.253,0.283
1985-04-11T23:00,,20.3,56,0.253,0.283
1985-04-12T00:00,,19.7,59,0.253,0.283
1985-04-12T01:00,,19.5,60,0.253,0.283
1985-04-12T02:00,,21.2,56,0.253,0.283
1985-04-12T03:00,,24.8,49,0.253,0.283
1985-04-12T04:00,,27.5,40,0.253,0.282
1985-04-12T05:00,,30.1,31,0.253,0.282
1985-04-12T06:00,,32.1,25,0.253,0.282
1985-04-12T07:00,,33.9,22,0.253,0.282
1985-04-12T08:00,,35.0,19,0.253,0.282
1985-04-12T09:00,,35.6,18,0.253,0.282
1985-04-12T10:00,,35.7,17,0.253,0.282
1985-04-12T11:00,,35.1,18,0.253,0.282
1985-04-12T12:00,,34.1,20,0.253,0.282
1985-04-12T13:00,,32.4,23,0.253,0.282
1985-04-12T14:00,,30.2,27,0.253,0.282
1985-04-12T15:00,,28.3,31,0.253,0.282
1985-04-12T16:00,,26.7,36,0.253,0.282
1985-04-12T17:00,,25.4,41,0.253,0.282
1985-04-12T18:00,,24.3,45,0.253,0.282
1985-04-12T19:00,,23.9,48,0.253,0.282
1985-04-12T20:00,,23.0,52,0.253,0.282
1985-04-12T21:00,,22.5,54,0.253,0.282
1985-04-12T22:00,,21.9,57,0.253,0.282
1985-04-12T23:00,,21.7,58,0.253,0.282
1985-04-13T00:00,,21.2,61,0.253,0.282
1985-04-13T01:00,,20.7,65,0.253,0.282
1985-04-13T02:00,,21.9,64,0.253,0.282
1985-04-13T03:00,,25.3,54,0.253,0.282
1985-04-13T04:00,,27.8,45,0.253,0.282
1985-04-13T05:00,,30.0,37,0.253,0.282
1985-04-13T06:00,,31.6,33,0.252,0.282
1985-04-13T07:00,,33.1,29,0.252,0.282
1985-04-13T08:00,,34.1,26,0.252,0.282
1985-04-13T09:00,,34.6,24,0.252,0.282
1985-04-13T10:00,,34.3,24,0.252,0.282
1985-04-13T11:00,,33.4,23,0.252,0.282
1985-04-13T12:00,,32.2,24,0.252,0.282
1985-04-13T13:00,,30.6,25,0.252,0.282
1985-04-13T14:00,,28.9,28,0.252,0.282
1985-04-13T15:00,,27.3,32,0.252,0.282
1985-04-13T16:00,,25.9,38,0.252,0.282
1985-04-13T17:00,,24.8,44,0.252,0.282
1985-04-13T18:00,,23.8,51,0.252,0.282
1985-04-13T19:00,,23.3,54,0.252,0.282
1985-04-13T20:00,,22.6,57,0.252,0.282
1985-04-13T21:00,,22.0,61,0.252,0.282
1985-04-13T22:00,,21.4,67,0.252,0.282
1985-04-13T23:00,,20.9,74,0.252,0.282
1985-04-14T00:00,,20.4,81,0.252,0.282
1985-04-14T01:00,,20.0,85,0.252,0.282
1985-04-14T02:00,,20.9,82,0.252,0.282
1985-04-14T03:00,,23.2,64,0.252,0.282
1985-04-14T04:00,,25.6,45,0.252,0.282
1985-04-14T05:00,,27.9,34,0.252,0.282
1985-04-14T06:00,,29.8,26,0.252,0.282
1985-04-14T07:00,,31.2,22,0.252,0.282
1985-04-14T08:00,,32.3,18,0.252,0.282
1985-04-14T09:00,,32.8,16,0.252,0.282
1985-04-14T10:00,,32.8,15,0.252,0.282
1985-04-14T11:00,,32.3,15,0.252,0.282
1985-04-14T12:00,,31.3,15,0.252,0.282
1985-04-14T13:00,,29.7,17,0.252,0.282
1985-04-14T14:00,,27.6,21,0.252,0.282
1985-04-14T15:00,,25.8,25,0.252,0.282
1985-04-14T16:00,,24.3,30,0.252,0.282
1985-04-14T17:00,,23.1,37,0.252,0.282
1985-04-14T18:00,,22.1,44,0.252,0.282
1985-04-14T19:00,,21.1,50,0.252,0.282
1985-04-14T20:00,,20.5,55,0.252,0.282
1985-04-14T21:00,,20.1,58,0.252,0.282
1985-04-14T22:00,,19.8,58,0.252,0.282
1985-04-14T23:00,,19.6,58,0.252,0.282
1985-04-15T00:00,,19.4,58,0.252,0.282
1985-04-15T01:00,,19.1,60,0.252,0.282
1985-04-15T02:00,,20.5,57,0.252,0.282
1985-04-15T03:00,,23.3,54,0.252,0.282
1985-04-15T04:00,,25.9,44,0.252,0.282
1985-04-15T05:00,,28.5,34,0.252,0.282
1985-04-15T06:00,,30.6,26,0.252,0.282
1985-04-15T07:00,,32.2,24,0.252,0.282
1985-04-15T08:00,,33.3,21,0.252,0.282
1985-04-15T09:00,,33.8,20,0.252,0.282
1985-04-15T10:00,,33.8,21,0.252,0.282
1985-04-15T11:00,,33.2,23,0.252,0.282
1985-04-15T12:00,,31.7,28,0.252,0.282
1985-04-15T13:00,,29.5,35,0.252,0.282
1985-04-15T14:00,,27.1,43,0.252,0.282
1985-04-15T15:00,,25.3,50,0.252,0.282
1985-04-15T16:00,,24.1,55,0.252,0.282
1985-04-15T17:00,,23.1,60,0.252,0.282
1985-04-15T18:00,,22.4,64,0.252,0.282
1985-04-15T19:00,,22.1,64,0.252,0.282
1985-04-15T20:00,,21.5,66,0.252,0.282
1985-04-15T21:00,,20.6,69,0.252,0.282
1985-04-15T22:00,,19.7,72,0.252,0.282
1985-04-15T23:00,,19.1,74,0.252,0.282
1985-04-16T00:00,,18.7,74,0.252,0.282
1985-04-16T01:00,,18.5,74,0.252,0.282
1985-04-16T02:00,,20.1,67,0.252,0.282
1985-04-16T03:00,,23.7,42,0.252,0.282
1985-04-16T04:00,,26.6,29,0.252,0.282
1985-04-16T05:00,,29.1,23,0.252,0.282
1985-04-16T06:00,,31.1,21,0.252,0.282
1985-04-16T07:00,,33.0,19,0.252,0.282
1985-04-16T08:00,,34.3,17,0.252,0.282
1985-04-16T09:00,,35.1,16,0.252,0.282
1985-04-16T10:00,,35.3,16,0.252,0.282
1985-04-16T11:00,,34.6,18,0.252,0.282
1985-04-16T12:00,,32.9,23,0.252,0.282
1985-04-16T13:00,,30.5,31,0.252,0.282
1985-04-16T14:00,,28.2,38,0.252,0.282
1985-04-16T15:00,,26.5,44,0.252,0.282
1985-04-16T16:00,,25.3,48,0.252,0.282
1985-04-16T17:00,,24.4,51,0.252,0.282
1985-04-16T18:00,,23.4,54,0.252,0.282
1985-04-16T19:00,,22.6,58,0.252,0.282
1985-04-16T20:00,,21.7,61,0.252,0.282
1985-04-16T21:00,,20.8,64,0.252,0.282
1985-04-16T22:00,,20.0,67,0.252,0.282
1985-04-16T23:00,,19.4,69,0.252,0.282
1985-04-17T00:00,,18.9,71,0.252,0.282
1985-04-17T01:00,,18.3,71,0.252,0.282
1985-04-17T02:00,,20.3,62,0.252,0.282
1985-04-17T03:00,,24.9,34,0.252,0.282
1985-04-17T04:00,,27.5,31,0.252,0.282
1985-04-17T05:00,,30.0,26,0.252,0.282
1985-04-17T06:00,,32.2,21,0.252,0.282
1985-04-17T07:00,,33.8,17,0.252,0.282
1985-04-17T08:00,,34.9,16,0.252,0.282
1985-04-17T09:00,,35.4,16,0.252,0.282
1985-04-17T10:00,,35.4,16,0.252,0.282
1985-04-17T11:00,,35.0,17,0.252,0.282
1985-04-17T12:00,,33.8,20,0.252,0.282
1985-04-17T13:00,,32.0,27,0.252,0.282
1985-04-17T14:00,,29.6,36,0.252,0.282
1985-04-17T15:00,,27.6,45,0.252,0.282
1985-04-17T16:00,,26.1,53,0.252,0.282
1985-04-17T17:00,,24.8,59,0.252,0.282
1985-04-17T18:00,,23.8,64,0.252,0.282
1985-04-17T19:00,,23.4,68,0.252,0.282
1985-04-17T20:00,,22.7,71,0.252,0.282
1985-04-17T21:00,,22.1,73,0.252,0.282
1985-04-17T22:00,,21.5,74,0.252,0.282
1985-04-17T23:00,,20.9,74,0.252,0.282
1985-04-18T00:00,,20.4,72,0.252,0.282
1985-04-18T01:00,,20.1,70,0.252,0.282
1985-04-18T02:00,,22.0,61,0.252,0.282
1985-04-18T03:00,,25.8,46,0.252,0.282
1985-04-18T04:00,,28.4,39,0.252,0.282
1985-04-18T05:00,,30.9,32,0.252,0.282
1985-04-18T06:00,,32.8,28,0.252,0.282
1985-04-18T07:00,,34.5,25,0.252,0.282
1985-04-18T08:00,,35.5,23,0.252,0.282
1985-04-18T09:00,,35.9,22,0.252,0.282
1985-04-18T10:00,,35.8,22,0.252,0.282
1985-04-18T11:00,,35.0,22,0.252,0.282
1985-04-18T12:00,,34.0,23,0.252,0.282
1985-04-18T13:00,,32.2,26,0.252,0.282
1985-04-18T14:00,,30.1,30,0.252,0.282
1985-04-18T15:00,,28.2,35,0.252,0.282
1985-04-18T16:00,,26.8,41,0.252,0.282
1985-04-18T17:00,,25.7,45,0.252,0.282
1985-04-18T18:00,,24.7,50,0.252,0.282
1985-04-18T19:00,,24.3,51,0.252,0.282
1985-04-18T20:00,,23.6,53,0.252,0.282
1985-04-18T21:00,,22.9,55,0.252,0.282
1985-04-18T22:00,,22.2,55,0.252,0.282
1985-04-18T23:00,,21.8,55,0.252,0.282
1985-04-19T00:00,,21.4,54,0.252,0.282
1985-04-19T01:00,,21.1,55,0.252,0.282
1985-04-19T02:00,,22.9,51,0.252,0.282
1985-04-19T03:00,,26.5,43,0.252,0.282
1985-04-19T04:00,,29.1,36,0.252,0.282
1985-04-19T05:00,,31.4,30,0.252,0.282
1985-04-19T06:00,,33.2,26,0.252,0.282
1985-04-19T07:00,,34.5,24,0.252,0.282
1985-04-19T08:00,,34.9,24,0.252,0.282
1985-04-19T09:00,,35.6,22,0.252,0.282
1985-04-19T10:00,,35.2,22,0.252,0.282
1985-04-19T11:00,,34.8,23,0.252,0.282
1985-04-19T12:00,,33.7,24,0.252,0.282
1985-04-19T13:00,,32.1,26,0.252,0.282
1985-04-19T14:00,,30.2,29,0.252,0.282
1985-04-19T15:00,,28.6,33,0.252,0.282
1985-04-19T16:00,,27.3,36,0.252,0.282
1985-04-19T17:00,,26.3,40,0.252,0.282
1985-04-19T18:00,,25.2,45,0.252,0.282
1985-04-19T19:00,,24.3,50,0.252,0.282
1985-04-19T20:00,,23.7,53,0.252,0.282
1985-04-19T21:00,,23.7,52,0.252,0.282
1985-04-19T22:00,,23.3,52,0.252,0.282
1985-04-19T23:00,,22.4,53,0.252,0.282
1985-04-20T00:00,,22.3,51,0.252,0.282
1985-04-20T01:00,,22.4,49,0.252,0.282
1985-04-20T02:00,,25.0,42,0.252,0.282
1985-04-20T03:00,,26.8,41,0.252,0.282
1985-04-20T04:00,,28.9,36,0.252,0.282
1985-04-20T05:00,,31.1,31,0.252,0.282
1985-04-20T06:00,,32.9,27,0.252,0.282
1985-04-20T07:00,,34.6,24,0.252,0.282
1985-04-20T08:00,,35.7,21,0.252,0.282
1985-04-20T09:00,,36.3,20,0.252,0.282
1985-04-20T10:00,,36.4,19,0.252,0.282
1985-04-20T11:00,,36.1,18,0.252,0.282
1985-04-20T12:00,,35.2,19,0.252,0.282
1985-04-20T13:00,,34.0,21,0.252,0.282
1985-04-20T14:00,,32.4,23,0.252,0.282
1985-04-20T15:00,,31.3,25,0.252,0.282
1985-04-20T16:00,,30.4,26,0.252,0.282
1985-04-20T17:00,,29.8,28,0.252,0.282
1985-04-20T18:00,,29.2,28,0.252,0.282
1985-04-20T19:00,,28.5,29,0.252,0.282
1985-04-20T20:00,,28.0,29,0.252,0.282
1985-04-20T21:00,,27.6,29,0.252,0.282
1985-04-20T22:00,,27.2,30,0.252,0.282
1985-04-20T23:00,,26.9,30,0.252,0.282
1985-04-21T00:00,,26.6,31,0.252,0.282
1985-04-21T01:00,,26.1,32,0.252,0.282
1985-04-21T02:00,,27.0,31,0.252,0.282
1985-04-21T03:00,,30.1,25,0.252,0.282
1985-04-21T04:00,,32.2,22,0.252,0.282
1985-04-21T05:00,,34.0,20,0.252,0.282
1985-04-21T06:00,,35.6,18,0.252,0.282
1985-04-21T07:00,,37.0,16,0.252,0.282
1985-04-21T08:00,,37.8,15,0.252,0.282
1985-04-21T09:00,,38.2,15,0.252,0.282
1985-04-21T10:00,,38.2,15,0.252,0.282
1985-04-21T11:00,,37.8,15,0.252,0.282
1985-04-21T12:00,,36.8,16,0.252,0.282
1985-04-21T13:00,,35.4,18,0.252,0.282
1985-04-21T14:00,,33.6,21,0.252,0.282
1985-04-21T15:00,,32.4,23,0.252,0.282
1985-04-21T16:00,,31.5,24,0.252,0.282
1985-04-21T17:00,,30.6,24,0.252,0.282
1985-04-21T18:00,,29.8,24,0.252,0.282
1985-04-21T19:00,,29.0,25,0.252,0.282
1985-04-21T20:00,,28.4,25,0.252,0.282
1985-04-21T21:00,,27.9,26,0.252,0.282
1985-04-21T22:00,,27.7,26,0.252,0.282
1985-04-21T23:00,,27.3,26,0.252,0.282
1985-04-22T00:00,,26.7,27,0.252,0.282
1985-04-22T01:00,,26.2,28,0.252,0.282
1985-04-22T02:00,,27.6,26,0.252,0.282
1985-04-22T03:00,,30.3,21,0.252,0.282
1985-04-22T04:00,,33.2,17,0.252,0.282
1985-04-22T05:00,,34.9,16,0.252,0.282
1985-04-22T06:00,,36.6,15,0.252,0.282
1985-04-22T07:00,,37.7,15,0.252,0.282
1985-04-22T08:00,,38.2,14,0.252,0.282
1985-04-22T09:00,,38.4,14,0.252,0.282
1985-04-22T10:00,,38.2,14,0.252,0.282
1985-04-22T11:00,,37.7,15,0.252,0.282
1985-04-22T12:00,,36.8,16,0.252,0.282
1985-04-22T13:00,,35.5,18,0.252,0.282
1985-04-22T14:00,,33.7,20,0.252,0.282
1985-04-22T15:00,,32.4,22,0.252,0.282
1985-04-22T16:00,,31.4,23,0.252,0.282
1985-04-22T17:00,,30.2,26,0.252,0.282
1985-04-22T18:00,,29.8,27,0.252,0.282
1985-04-22T19:00,,27.9,29,0.252,0.282
1985-04-22T20:00,,26.7,32,0.252,0.282
1985-04-22T21:00,,25.7,37,0.252,0.282
1985-04-22T22:00,,24.9,42,0.252,0.282
1985-04-22T23:00,,24.4,44,0.252,0.282
1985-04-23T00:00,,24.6,41,0.252,0.282
1985-04-23T01:00,,24.6,37,0.252,0.282
1985-04-23T02:00,,25.4,34,0.252,0.282
1985-04-23T03:00,,27.9,23,0.252,0.282
1985-04-23T04:00,,29.9,20,0.252,0.282
1985-04-23T05:00,,31.0,19,0.252,0.282
1985-04-23T06:00,,32.8,17,0.252,0.282
1985-04-23T07:00,,34.8,16,0.252,0.282
1985-04-23T08:00,,35.7,16,0.252,0.282
1985-04-23T09:00,,36.2,15,0.252,0.282
1985-04-23T10:00,,36.1,15,0.252,0.282
1985-04-23T11:00,,35.5,15,0.252,0.282
1985-04-23T12:00,,34.4,16,0.252,0.282
1985-04-23T13:00,,33.0,18,0.252,0.282
1985-04-23T14:00,,31.1,21,0.252,0.282
1985-04-23T15:00,,29.3,26,0.252,0.282
1985-04-23T16:00,,27.7,32,0.252,0.282
1985-04-23T17:00,,26.3,40,0.252,0.282
1985-04-23T18:00,,25.3,45,0.252,0.282
1985-04-23T19:00,,24.9,48,0.252,0.282
1985-04-23T20:00,,24.4,50,0.252,0.282
1985-04-23T21:00,,24.0,53,0.252,0.282
1985-04-23T22:00,,23.6,57,0.252,0.282
1985-04-23T23:00,,23.2,62,0.252,0.282
1985-04-24T00:00,,22.8,65,0.252,0.282
1985-04-24T01:00,,22.5,66,0.252,0.282
1985-04-24T02:00,,23.7,62,0.252,0.282
1985-04-24T03:00,,26.4,49,0.252,0.282
1985-04-24T04:00,,29.1,37,0.252,0.282
1985-04-24T05:00,,31.6,30,0.252,0.282
1985-04-24T06:00,,33.6,24,0.252,0.282
1985-04-24T07:00,,34.5,23,0.252,0.282
1985-04-24T08:00,,35.2,20,0.252,0.282
1985-04-24T09:00,,35.4,19,0.252,0.282
1985-04-24T10:00,,35.2,18,0.252,0.282
1985-04-24T11:00,,34.5,19,0.252,0.282
1985-04-24T12:00,,33.3,22,0.252,0.282
1985-04-24T13:00,,31.5,28,0.252,0.282
1985-04-24T14:00,,29.6,35,0.252,0.282
1985-04-24T15:00,,27.9,42,0.252,0.282
1985-04-24T16:00,,26.7,49,0.252,0.282
1985-04-24T17:00,,25.7,54,0.252,0.282
1985-04-24T18:00,,25.0,55,0.252,0.282
1985-04-24T19:00,,24.8,54,0.252,0.282
1985-04-24T20:00,,24.3,55,0.252,0.282
1985-04-24T21:00,,23.9,56,0.252,0.282
1985-04-24T22:00,,23.5,58,0.252,0.282
1985-04-24T23:00,,23.0,61,0.252,0.282
1985-04-25T00:00,,22.4,63,0.252,0.282
1985-04-25T01:00,,21.9,65,0.252,0.282
1985-04-25T02:00,,23.6,59,0.252,0.282
1985-04-25T03:00,,27.3,42,0.252,0.282
1985-04-25T04:00,,30.1,31,0.252,0.282
1985-04-25T05:00,,32.4,23,0.252,0.282
1985-04-25T06:00,,34.2,19,0.252,0.282
1985-04-25T07:00,,35.7,16,0.252,0.282
1985-04-25T08:00,,36.4,15,0.252,0.282
1985-04-25T09:00,,36.7,14,0.252,0.282
1985-04-25T10:00,,36.4,14,0.252,0.282
1985-04-25T11:00,,35.7,14,0.252,0.282
1985-04-25T12:00,,34.4,16,0.252,0.282
1985-04-25T13:00,,32.4,20,0.252,0.282
1985-04-25T14:00,,30.0,26,0.252,0.282
1985-04-25T15:00,,28.1,33,0.252,0.282
1985-04-25T16:00,,26.5,39,0.252,0.282
1985-04-25T17:00,,25.3,44,0.252,0.282
1985-04-25T18:00,,24.3,46,0.252,0.282
1985-04-25T19:00,,23.6,46,0.252,0.282
1985-04-25T20:00,,22.8,47,0.252,0.282
1985-04-25T21:00,,22.1,51,0.252,0.282
1985-04-25T22:00,,21.7,54,0.252,0.282
1985-04-25T23:00,,21.0,57,0.252,0.282
1985-04-26T00:00,,20.6,60,0.252,0.282
1985-04-26T01:00,,20.4,61,0.252,0.282
1985-04-26T02:00,,22.7,56,0.252,0.282
1985-04-26T03:00,,26.0,48,0.252,0.282
1985-04-26T04:00,,28.9,39,0.252,0.282
1985-04-26T05:00,,31.5,30,0.252,0.282
1985-04-26T06:00,,33.5,25,0.252,0.282
1985-04-26T07:00,,35.2,21,0.252,0.282
1985-04-26T08:00,,36.2,18,0.252,0.282
1985-04-26T09:00,,36.6,18,0.252,0.282
1985-04-26T10:00,,36.6,17,0.252,0.282
1985-04-26T11:00,,35.8,19,0.252,0.282
1985-04-26T12:00,,34.4,23,0.252,0.282
1985-04-26T13:00,,32.2,32,0.252,0.282
1985-04-26T14:00,,29.8,41,0.252,0.282
1985-04-26T15:00,,27.8,50,0.252,0.282
1985-04-26T16:00,,26.4,57,0.252,0.282
1985-04-26T17:00,,25.2,63,0.252,0.282
1985-04-26T18:00,,24.2,68,0.252,0.282
1985-04-26T19:00,,23.4,71,0.252,0.282
1985-04-26T20:00,,22.7,74,0.252,0.282
1985-04-26T21:00,,22.1,78,0.252,0.282
1985-04-26T22:00,,21.6,80,0.252,0.282
1985-04-26T23:00,,21.4,80,0.252,0.282
1985-04-27T00:00,,21.2,78,0.252,0.282
1985-04-27T01:00,,20.9,77,0.252,0.282
1985-04-27T02:00,,22.4,67,0.252,0.282
1985-04-27T03:00,,24.9,56,0.252,0.282
1985-04-27T04:00,,27.5,46,0.252,0.282
1985-04-27T05:00,,30.1,37,0.252,0.282
1985-04-27T06:00,,32.5,30,0.252,0.282
1985-04-27T07:00,,34.2,25,0.252,0.282
1985-04-27T08:00,,35.4,22,0.252,0.282
1985-04-27T09:00,,35.9,21,0.252,0.282
1985-04-27T10:00,,35.9,22,0.252,0.282
1985-04-27T11:00,,35.2,24,0.252,0.281
1985-04-27T12:00,,33.8,28,0.252,0.281
1985-04-27T13:00,,31.6,38,0.252,0.281
1985-04-27T14:00,,29.4,47,0.252,0.281
1985-04-27T15:00,,27.7,55,0.252,0.281
1985-04-27T16:00,,26.3,62,0.252,0.281
1985-04-27T17:00,,25.1,68,0.252,0.281
1985-04-27T18:00,,24.1,74,0.252,0.281
1985-04-27T19:00,,23.8,78,0.252,0.281
1985-04-27T20:00,,23.1,81,0.252,0.281
1985-04-27T21:00,,22.5,83,0.252,0.281
1985-04-27T22:00,,22.1,84,0.252,0.281
1985-04-27T23:00,,21.5,84,0.252,0.282
1985-04-28T00:00,,21.0,83,0.252,0.282
1985-04-28T01:00,,20.8,81,0.252,0.282
1985-04-28T02:00,,23.4,66,0.252,0.282
1985-04-28T03:00,,26.5,55,0.252,0.281
1985-04-28T04:00,,29.2,46,0.252,0.281
1985-04-28T05:00,,31.8,36,0.252,0.281
1985-04-28T06:00,,34.0,29,0.252,0.281
1985-04-28T07:00,,35.6,25,0.252,0.281
1985-04-28T08:00,,36.6,22,0.252,0.281
1985-04-28T09:00,,37.1,21,0.252,0.281
1985-04-28T10:00,,37.1,20,0.252,0.281
1985-04-28T11:00,,36.6,22,0.252,0.281
1985-04-28T12:00,,35.5,24,0.252,0.281
1985-04-28T13:00,,33.7,30,0.252,0.281
1985-04-28T14:00,,31.4,40,0.252,0.281
1985-04-28T15:00,,29.4,49,0.252,0.281
1985-04-28T16:00,,27.8,56,0.252,0.281
1985-04-28T17:00,,26.6,62,0.252,0.281
1985-04-28T18:00,,25.5,68,0.252,0.281
1985-04-28T19:00,,25.0,67,0.252,0.281
1985-04-28T20:00,,24.4,67,0.252,0.281
1985-04-28T21:00,,23.9,66,0.252,0.281
1985-04-28T22:00,,23.5,64,0.252,0.281
1985-04-28T23:00,,23.2,64,0.252,0.281
1985-04-29T00:00,,23.5,64,0.252,0.281
1985-04-29T01:00,,23.8,66,0.252,0.281
1985-04-29T02:00,,25.1,64,0.252,0.281
1985-04-29T03:00,,28.1,48,0.252,0.281
1985-04-29T04:00,,30.8,33,0.252,0.281
1985-04-29T05:00,,33.0,25,0.252,0.281
1985-04-29T06:00,,34.8,21,0.252,0.281
1985-04-29T07:00,,36.2,19,0.252,0.281
1985-04-29T08:00,,37.1,17,0.252,0.281
1985-04-29T09:00,,37.7,15,0.252,0.281
1985-04-29T10:00,,37.8,14,0.252,0.281
1985-04-29T11:00,,37.3,13,0.252,0.281
1985-04-29T12:00,,36.4,14,0.252,0.281
1985-04-29T13:00,,35.0,15,0.252,0.281
1985-04-29T14:00,,32.6,19,0.252,0.281
1985-04-29T15:00,,30.3,27,0.252,0.281
1985-04-29T16:00,,28.4,36,0.252,0.281
1985-04-29T17:00,,27.0,43,0.252,0.281
1985-04-29T18:00,,26.2,46,0.252,0.281
1985-04-29T19:00,,25.8,47,0.252,0.281
1985-04-29T20:00,,25.4,49,0.252,0.281
1985-04-29T21:00,,24.9,52,0.252,0.281
1985-04-29T22:00,,24.4,55,0.252,0.281
1985-04-29T23:00,,23.6,59,0.252,0.281
1985-04-30T00:00,,22.9,62,0.252,0.281
1985-04-30T01:00,,23.1,59,0.252,0.281
1985-04-30T02:00,,24.6,53,0.252,0.281
1985-04-30T03:00,,27.6,32,0.252,0.281
1985-04-30T04:00,,30.0,23,0.252,0.281
1985-04-30T05:00,,32.0,17,0.252,0.281
1985-04-30T06:00,,33.9,14,0.252,0.281
1985-04-30T07:00,,35.1,13,0.252,0.281
1985-04-30T08:00,,35.8,12,0.252,0.281
1985-04-30T09:00,,36.1,12,0.252,0.281
1985-04-30T10:00,,35.8,12,0.252,0.281
1985-04-30T11:00,,34.9,12,0.252,0.281
1985-04-30T12:00,,33.4,15,0.252,0.281
1985-04-30T13:00,,31.2,21,0.252,0.281
1985-04-30T14:00,,28.9,30,0.252,0.281
1985-04-30T15:00,,27.2,38,0.252,0.281
1985-04-30T16:00,,26.0,44,0.252,0.281
1985-04-30T17:00,,25.1,50,0.252,0.281
1985-04-30T18:00,,24.4,58,0.252,0.281
1985-04-30T19:00,,23.9,66,0.252,0.281
1985-04-30T20:00,,23.2,72,0.252,0.281
1985-04-30T21:00,,22.7,77,0.252,0.281
1985-04-30T22:00,,22.2,81,0.252,0.281
1985-04-30T23:00,,21.7,84,0.252,0.281
1985-05-01T00:00,,21.4,87,0.252,0.281
1985-05-01T01:00,,21.3,88,0.252,0.281
1985-05-01T02:00,,22.3,82,0.252,0.281
1985-05-01T03:00,,24.5,67,0.252,0.281
1985-05-01T04:00,,27.0,52,0.252,0.281
1985-05-01T05:00,,29.3,41,0.252,0.281
1985-05-01T06:00,,31.2,33,0.252,0.281
1985-05-01T07:00,,32.9,26,0.252,0.281
1985-05-01T08:00,,33.7,22,0.252,0.281
1985-05-01T09:00,,33.9,20,0.252,0.281
1985-05-01T10:00,,33.4,20,0.252,0.281
1985-05-01T11:00,,32.5,21,0.252,0.281
1985-05-01T12:00,,31.1,23,0.252,0.281
1985-05-01T13:00,,29.2,30,0.252,0.281
1985-05-01T14:00,,27.3,38,0.252,0.281
1985-05-01T15:00,,25.9,45,0.252,0.281
1985-05-01T16:00,,24.8,52,0.252,0.281
1985-05-01T17:00,,23.9,58,0.252,0.281
1985-05-01T18:00,,23.0,65,0.252,0.281
1985-05-01T19:00,,22.5,71,0.252,0.281
1985-05-01T20:00,,21.9,80,0.252,0.281
1985-05-01T21:00,,21.5,87,0.252,0.281
1985-05-01T22:00,,21.4,89,0.252,0.281
1985-05-01T23:00,,21.3,90,0.252,0.281
1985-05-02T00:00,,21.4,89,0.252,0.281
1985-05-02T01:00,,21.5,89,0.252,0.281
1985-05-02T02:00,,22.3,82,0.252,0.281
1985-05-02T03:00,,24.0,69,0.252,0.281
1985-05-02T04:00,,25.7,61,0.252,0.281
1985-05-02T05:00,,27.8,50,0.252,0.281
1985-05-02T06:00,,29.5,42,0.252,0.281
1985-05-02T07:00,,30.8,36,0.252,0.281
1985-05-02T08:00,,32.0,31,0.252,0.281
1985-05-02T09:00,,32.5,28,0.252,0.281
1985-05-02T10:00,,32.2,28,0.252,0.281
1985-05-02T11:00,,31.3,30,0.252,0.281
1985-05-02T12:00,,30.0,34,0.252,0.281
1985-05-02T13:00,,28.2,40,0.252,0.281
1985-05-02T14:00,,26.5,50,0.252,0.281
1985-05-02T15:00,,25.2,59,0.252,0.281
1985-05-02T16:00,,24.2,66,0.252,0.281
1985-05-02T17:00,,23.4,73,0.252,0.281
1985-05-02T18:00,,22.8,78,0.252,0.281
1985-05-02T19:00,,22.6,82,0.252,0.281
1985-05-02T20:00,,22.3,85,0.252,0.281
1985-05-02T21:00,,22.0,87,0.252,0.281
1985-05-02T22:00,,21.7,89,0.252,0.281
1985-05-02T23:00,,21.6,90,0.252,0.281
1985-05-03T00:00,,21.3,90,0.252,0.281
1985-05-03T01:00,,21.2,90,0.252,0.281
1985-05-03T02:00,,22.3,81,0.252,0.281
1985-05-03T03:00,,24.2,65,0.252,0.281
1985-05-03T04:00,,26.2,54,0.252,0.281
1985-05-03T05:00,,28.4,44,0.252,0.281
1985-05-03T06:00,,30.4,37,0.252,0.281
1985-05-03T07:00,,31.9,29,0.252,0.281
1985-05-03T08:00,,32.5,28,0.252,0.281
1985-05-03T09:00,,32.5,28,0.252,0.281
1985-05-03T10:00,,31.8,31,0.252,0.281
1985-05-03T11:00,,30.6,36,0.252,0.281
1985-05-03T12:00,,28.8,43,0.252,0.281
1985-05-03T13:00,,26.9,52,0.252,0.281
1985-05-03T14:00,,25.3,60,0.252,0.281
1985-05-03T15:00,,24.3,66,0.252,0.281
1985-05-03T16:00,,23.6,70,0.252,0.281
1985-05-03T17:00,,22.9,75,0.252,0.281
1985-05-03T18:00,,22.4,79,0.252,0.281
1985-05-03T19:00,,22.2,81,0.252,0.281
1985-05-03T20:00,,21.9,84,0.252,0.281
1985-05-03T21:00,,21.7,87,0.252,0.281
1985-05-03T22:00,,21.7,88,0.252,0.281
1985-05-03T23:00,,21.8,88,0.252,0.281
1985-05-04T00:00,,21.8,89,0.252,0.281
1985-05-04T01:00,,21.5,91,0.253,0.281
1985-05-04T02:00,,22.7,83,0.253,0.281
1985-05-04T03:00,,24.4,71,0.253,0.281
1985-05-04T04:00,,26.4,60,0.253,0.281
1985-05-04T05:00,,28.4,51,0.253,0.281
1985-05-04T06:00,,30.3,43,0.253,0.281
1985-05-04T07:00,,32.2,37,0.253,0.281
1985-05-04T08:00,,33.1,33,0.253,0.281
1985-05-04T09:00,,33.6,31,0.253,0.281
1985-05-04T10:00,,33.2,33,0.253,0.281
1985-05-04T11:00,,32.0,38,0.253,0.281
1985-05-04T12:00,,30.2,47,0.253,0.281
1985-05-04T13:00,,28.1,55,0.252,0.281
1985-05-04T14:00,,26.2,62,0.252,0.281
1985-05-04T15:00,,24.9,68,0.252,0.281
1985-05-04T16:00,,24.0,72,0.252,0.281
1985-05-04T17:00,,23.4,75,0.253,0.281
1985-05-04T18:00,,22.7,78,0.253,0.281
1985-05-04T19:00,,22.4,81,0.253,0.281
1985-05-04T20:00,,22.0,84,0.253,0.281
1985-05-04T21:00,,21.6,87,0.253,0.281
1985-05-04T22:00,,21.5,87,0.253,0.281
1985-05-04T23:00,,21.3,88,0.253,0.281
1985-05-05T00:00,,21.0,89,0.253,0.281
1985-05-05T01:00,,20.9,89,0.253,0.281
1985-05-05T02:00,,22.1,79,0.253,0.281
1985-05-05T03:00,,24.3,63,0.253,0.281
1985-05-05T04:00,,26.8,51,0.253,0.281
1985-05-05T05:00,,29.1,44,0.252,0.281
1985-05-05T06:00,,31.1,39,0.252,0.281
1985-05-05T07:00,,32.4,38,0.252,0.281
1985-05-05T08:00,,33.2,35,0.252,0.281
1985-05-05T09:00,,33.4,33,0.252,0.281
1985-05-05T10:00,,33.4,33,0.252,0.281
1985-05-05T11:00,,32.5,37,0.252,0.281
1985-05-05T12:00,,31.0,42,0.252,0.281
1985-05-05T13:00,,29.0,50,0.252,0.281
1985-05-05T14:00,,27.0,58,0.252,0.281
1985-05-05T15:00,,25.5,66,0.252,0.281
1985-05-05T16:00,,24.4,73,0.252,0.281
1985-05-05T17:00,,23.6,79,0.252,0.281
1985-05-05T18:00,,22.9,84,0.252,0.281
1985-05-05T19:00,,22.7,86,0.252,0.281
1985-05-05T20:00,,22.2,89,0.252,0.281
1985-05-05T21:00,,22.0,89,0.252,0.281
1985-05-05T22:00,,21.7,90,0.252,0.281
1985-05-05T23:00,,21.4,90,0.252,0.281
1985-05-06T00:00,,21.2,90,0.252,0.281
1985-05-06T01:00,,21.3,88,0.252,0.281
1985-05-06T02:00,,22.7,77,0.252,0.281
1985-05-06T03:00,,24.8,65,0.252,0.281
1985-05-06T04:00,,27.3,56,0.252,0.281
1985-05-06T05:00,,29.9,47,0.252,0.281
1985-05-06T06:00,,32.0,41,0.252,0.281
1985-05-06T07:00,,33.6,35,0.252,0.281
1985-05-06T08:00,,34.7,32,0.252,0.281
1985-05-06T09:00,,34.6,31,0.252,0.281
1985-05-06T10:00,,34.7,31,0.252,0.281
1985-05-06T11:00,,33.0,35,0.256,0.281
1985-05-06T12:00,,32.0,39,0.256,0.281
1985-05-06T13:00,,31.1,43,0.256,0.281
1985-05-06T14:00,,29.1,51,0.256,0.281
1985-05-06T15:00,,27.3,58,0.256,0.281
1985-05-06T16:00,,26.1,64,0.256,0.281
1985-05-06T17:00,,25.2,69,0.256,0.281
1985-05-06T18:00,,24.4,73,0.256,0.281
1985-05-06T19:00,,24.1,77,0.256,0.281
1985-05-06T20:00,,23.4,81,0.256,0.281
1985-05-06T21:00,,23.0,85,0.256,0.281
1985-05-06T22:00,,22.5,87,0.256,0.281
1985-05-06T23:00,,22.2,86,0.256,0.281
1985-05-07T00:00,,22.0,85,0.256,0.281
1985-05-07T01:00,,21.9,84,0.256,0.281
1985-05-07T02:00,,23.8,71,0.256,0.281
1985-05-07T03:00,,26.5,58,0.256,0.281
1985-05-07T04:00,,29.0,49,0.255,0.281
1985-05-07T05:00,,31.4,41,0.255,0.281
1985-05-07T06:00,,33.6,34,0.255,0.281
1985-05-07T07:00,,35.4,29,0.255,0.281
1985-05-07T08:00,,36.3,27,0.255,0.281
1985-05-07T09:00,,36.9,26,0.255,0.281
1985-05-07T10:00,,35.7,29,0.256,0.281
1985-05-07T11:00,,34.9,31,0.266,0.281
1985-05-07T12:00,,33.6,35,0.277,0.281
1985-05-07T13:00,,32.2,41,0.277,0.281
1985-05-07T14:00,,30.4,49,0.276,0.281
1985-05-07T15:00,,28.9,56,0.276,0.281
1985-05-07T16:00,,27.9,63,0.276,0.281
1985-05-07T17:00,,27.0,67,0.276,0.281
1985-05-07T18:00,,26.3,71,0.276,0.281
1985-05-07T19:00,,25.8,73,0.276,0.281
1985-05-07T20:00,,25.2,77,0.276,0.281
1985-05-07T21:00,,24.4,81,0.276,0.281
1985-05-07T22:00,,23.8,83,0.276,0.281
1985-05-07T23:00,,23.3,85,0.276,0.281
1985-05-08T00:00,,22.7,87,0.276,0.281
1985-05-08T01:00,,23.1,83,0.276,0.281
1985-05-08T02:00,,25.4,64,0.276,0.281
1985-05-08T03:00,,27.4,53,0.276,0.281
1985-05-08T04:00,,30.4,42,0.276,0.281
1985-05-08T05:00,,33.3,32,0.275,0.281
1985-05-08T06:00,,35.5,25,0.275,0.281
1985-05-08T07:00,,36.8,22,0.274,0.281
1985-05-08T08:00,,38.0,19,0.273,0.281
1985-05-08T09:00,,38.5,18,0.272,0.281
1985-05-08T10:00,,38.6,18,0.272,0.281
1985-05-08T11:00,,37.1,20,0.272,0.281
1985-05-08T12:00,,36.2,21,0.273,0.281
1985-05-08T13:00,,34.6,25,0.273,0.281
1985-05-08T14:00,,32.7,34,0.273,0.281
1985-05-08T15:00,,30.7,44,0.273,0.281
1985-05-08T16:00,,29.3,51,0.273,0.281
1985-05-08T17:00,,28.3,56,0.273,0.281
1985-05-08T18:00,,27.3,61,0.273,0.281
1985-05-08T19:00,,26.6,68,0.273,0.281
1985-05-08T20:00,,26.6,59,0.273,0.281
1985-05-08T21:00,,26.0,62,0.273,0.281
1985-05-08T22:00,,25.6,65,0.273,0.281
1985-05-08T23:00,,25.3,65,0.273,0.281
1985-05-09T00:00,,24.8,67,0.273,0.281
1985-05-09T01:00,,24.6,70,0.272,0.281
1985-05-09T02:00,,26.3,62,0.272,0.281
1985-05-09T03:00,,27.8,56,0.272,0.281
1985-05-09T04:00,,30.3,45,0.272,0.281
1985-05-09T05:00,,32.6,38,0.272,0.281
1985-05-09T06:00,,34.7,32,0.271,0.281
1985-05-09T07:00,,35.3,31,0.271,0.281
1985-05-09T08:00,,36.4,28,0.27,0.281
1985-05-09T09:00,,36.9,26,0.27,0.281
1985-05-09T10:00,,37.2,25,0.27,0.281
1985-05-09T11:00,,36.2,25,0.274,0.281
1985-05-09T12:00,,35.1,28,0.274,0.281
1985-05-09T13:00,,34.0,32,0.274,0.281
1985-05-09T14:00,,32.3,39,0.274,0.281
1985-05-09T15:00,,30.8,46,0.274,0.281
1985-05-09T16:00,,29.5,51,0.273,0.281
1985-05-09T17:00,,28.4,56,0.273,0.281
1985-05-09T18:00,,27.5,60,0.273,0.281
1985-05-09T19:00,,26.6,64,0.273,0.281
1985-05-09T20:00,,25.7,70,0.273,0.281
1985-05-09T21:00,,25.2,71,0.273,0.281
1985-05-09T22:00,,24.8,70,0.273,0.281
1985-05-09T23:00,,24.3,71,0.273,0.281
1985-05-10T00:00,,24.2,68,0.273,0.281
1985-05-10T01:00,,24.3,66,0.273,0.281
1985-05-10T02:00,,27.0,53,0.273,0.281
1985-05-10T03:00,,30.4,37,0.273,0.281
1985-05-10T04:00,,32.6,30,0.273,0.281
1985-05-10T05:00,,34.5,25,0.272,0.281
1985-05-10T06:00,,36.2,23,0.272,0.281
1985-05-10T07:00,,36.4,24,0.271,0.281
1985-05-10T08:00,,37.1,23,0.271,0.281
1985-05-10T09:00,,37.4,22,0.27,0.281
1985-05-10T10:00,,37.5,21,0.269,0.281
1985-05-10T11:00,,37.0,22,0.269,0.281
1985-05-10T12:00,,35.8,24,0.269,0.281
1985-05-10T13:00,,34.2,27,0.268,0.281
1985-05-10T14:00,,32.3,31,0.268,0.281
1985-05-10T15:00,,30.6,36,0.268,0.281
1985-05-10T16:00,,29.2,41,0.268,0.281
1985-05-10T17:00,,28.0,46,0.268,0.281
1985-05-10T18:00,,27.0,52,0.268,0.281
1985-05-10T19:00,,26.5,57,0.268,0.281
1985-05-10T20:00,,25.9,59,0.268,0.281
1985-05-10T21:00,,25.5,59,0.268,0.281
1985-05-10T22:00,,25.2,59,0.268,0.281
1985-05-10T23:00,,25.0,59,0.268,0.281
1985-05-11T00:00,,24.5,62,0.268,0.281
1985-05-11T01:00,,24.2,66,0.268,0.281
1985-05-11T02:00,,26.2,59,0.268,0.281
1985-05-11T03:00,,28.4,55,0.267,0.281
1985-05-11T04:00,,30.7,47,0.267,0.281
1985-05-11T05:00,,33.0,40,0.267,0.281
1985-05-11T06:00,,34.9,34,0.266,0.281
1985-05-11T07:00,,35.9,32,0.266,0.281
1985-05-11T08:00,,36.4,31,0.265,0.281
1985-05-11T09:00,,36.6,30,0.265,0.281
1985-05-11T10:00,,36.3,29,0.265,0.281
1985-05-11T11:00,,35.2,31,0.264,0.281
1985-05-11T12:00,,34.3,33,0.264,0.281
1985-05-11T13:00,,32.7,39,0.264,0.281
1985-05-11T14:00,,30.9,46,0.264,0.281
1985-05-11T15:00,,29.2,54,0.264,0.281
1985-05-11T16:00,,27.8,61,0.264,0.281
1985-05-11T17:00,,26.8,68,0.264,0.281
1985-05-11T18:00,,26.0,72,0.264,0.281
1985-05-11T19:00,,25.8,71,0.264,0.281
1985-05-11T20:00,,25.5,69,0.264,0.281
1985-05-11T21:00,,25.3,66,0.264,0.281
1985-05-11T22:00,,25.1,64,0.264,0.281
1985-05-11T23:00,,24.9,62,0.264,0.281
1985-05-12T00:00,,24.5,65,0.264,0.281
1985-05-12T01:00,,24.3,66,0.264,0.281
1985-05-12T02:00,,26.1,61,0.264,0.281
1985-05-12T03:00,,28.6,52,0.263,0.281
1985-05-12T04:00,,31.1,43,0.263,0.281
1985-05-12T05:00,,33.3,36,0.263,0.281
1985-05-12T06:00,,35.0,31,0.263,0.281
1985-05-12T07:00,,36.5,28,0.262,0.281
1985-05-12T08:00,,37.3,25,0.262,0.281
1985-05-12T09:00,,37.4,24,0.261,0.281
1985-05-12T10:00,,37.5,24,0.261,0.281
1985-05-12T11:00,,37.1,24,0.261,0.281
1985-05-12T12:00,,35.8,26,0.261,0.281
1985-05-12T13:00,,34.3,29,0.261,0.281
1985-05-12T14:00,,32.3,34,0.261,0.281
1985-05-12T15:00,,30.5,39,0.26,0.281
1985-05-12T16:00,,29.1,43,0.26,0.281
1985-05-12T17:00,,28.0,47,0.26,0.281
1985-05-12T18:00,,27.1,50,0.26,0.281
1985-05-12T19:00,,26.8,49,0.26,0.281
1985-05-12T20:00,,26.3,51,0.26,0.281
1985-05-12T21:00,,25.9,53,0.26,0.281
1985-05-12T22:00,,25.4,57,0.26,0.281
1985-05-12T23:00,,24.9,61,0.26,0.281
1985-05-13T00:00,,24.5,64,0.26,0.281
1985-05-13T01:00,,24.2,66,0.26,0.281
1985-05-13T02:00,,25.6,61,0.26,0.281
1985-05-13T03:00,,28.0,50,0.26,0.281
1985-05-13T04:00,,30.6,40,0.26,0.281
1985-05-13T05:00,,33.0,33,0.26,0.281
1985-05-13T06:00,,34.9,29,0.259,0.281
1985-05-13T07:00,,36.3,27,0.259,0.281
1985-05-13T08:00,,37.1,25,0.259,0.281
1985-05-13T09:00,,37.4,25,0.258,0.281
1985-05-13T10:00,,37.0,26,0.258,0.281
1985-05-13T11:00,,35.9,29,0.258,0.281
1985-05-13T12:00,,34.1,34,0.258,0.281
1985-05-13T13:00,,32.3,39,0.258,0.281
1985-05-13T14:00,,30.3,46,0.258,0.281
1985-05-13T15:00,,28.7,53,0.258,0.281
1985-05-13T16:00,,27.5,59,0.258,0.281
1985-05-13T17:00,,26.6,63,0.258,0.281
1985-05-13T18:00,,25.8,66,0.258,0.281
1985-05-13T19:00,,25.5,66,0.258,0.281
1985-05-13T20:00,,25.0,67,0.258,0.281
1985-05-13T21:00,,24.6,68,0.258,0.281
1985-05-13T22:00,,24.2,69,0.258,0.281
1985-05-13T23:00,,24.0,70,0.258,0.281
1985-05-14T00:00,,23.8,71,0.258,0.281
1985-05-14T01:00,,23.7,72,0.258,0.281
1985-05-14T02:00,,25.1,67,0.258,0.281
1985-05-14T03:00,,27.0,59,0.258,0.281
1985-05-14T04:00,,29.4,51,0.257,0.281
1985-05-14T05:00,,31.7,43,0.257,0.281
1985-05-14T06:00,,33.7,38,0.257,0.281
1985-05-14T07:00,,35.0,35,0.257,0.281
1985-05-14T08:00,,35.8,33,0.257,0.281
1985-05-14T09:00,,36.3,30,0.257,0.281
1985-05-14T10:00,,36.2,29,0.256,0.281
1985-05-14T11:00,,35.0,33,0.256,0.281
1985-05-14T12:00,,33.6,38,0.256,0.281
1985-05-14T13:00,,31.8,44,0.256,0.281
1985-05-14T14:00,,30.0,51,0.256,0.281
1985-05-14T15:00,,28.5,58,0.256,0.281
1985-05-14T16:00,,27.4,63,0.256,0.281
1985-05-14T17:00,,26.5,68,0.256,0.281
1985-05-14T18:00,,25.5,75,0.256,0.281
1985-05-14T19:00,,24.7,80,0.256,0.281
1985-05-14T20:00,,24.0,85,0.256,0.281
1985-05-14T21:00,,23.6,86,0.256,0.281
1985-05-14T22:00,,23.3,85,0.256,0.281
1985-05-14T23:00,,23.2,82,0.256,0.281
1985-05-15T00:00,,23.0,80,0.256,0.281
1985-05-15T01:00,,23.0,78,0.256,0.281
1985-05-15T02:00,,24.6,69,0.256,0.281
1985-05-15T03:00,,27.0,57,0.256,0.281
1985-05-15T04:00,,29.6,46,0.256,0.281
1985-05-15T05:00,,32.0,37,0.256,0.281
1985-05-15T06:00,,34.0,31,0.256,0.281
1985-05-15T07:00,,35.5,27,0.255,0.281
1985-05-15T08:00,,36.4,25,0.255,0.281
1985-05-15T09:00,,36.8,24,0.255,0.281
1985-05-15T10:00,,36.5,24,0.255,0.281
1985-05-15T11:00,,35.5,27,0.255,0.281
1985-05-15T12:00,,34.0,32,0.255,0.281
1985-05-15T13:00,,31.9,40,0.255,0.281
1985-05-15T14:00,,29.8,49,0.255,0.281
1985-05-15T15:00,,28.3,56,0.255,0.281
1985-05-15T16:00,,27.0,63,0.255,0.281
1985-05-15T17:00,,25.9,70,0.255,0.281
1985-05-15T18:00,,24.9,76,0.255,0.281
1985-05-15T19:00,,24.3,80,0.255,0.281
1985-05-15T20:00,,23.9,82,0.255,0.281
1985-05-15T21:00,,23.3,86,0.255,0.281
1985-05-15T22:00,,22.8,87,0.255,0.281
1985-05-15T23:00,,22.6,85,0.255,0.281
1985-05-16T00:00,,22.5,82,0.255,0.281
1985-05-16T01:00,,22.6,78,0.255,0.281
1985-05-16T02:00,,24.7,64,0.255,0.281
1985-05-16T03:00,,27.2,53,0.255,0.281
1985-05-16T04:00,,29.7,45,0.255,0.281
1985-05-16T05:00,,31.9,37,0.255,0.281
1985-05-16T06:00,,34.0,32,0.254,0.281
1985-05-16T07:00,,35.7,29,0.254,0.281
1985-05-16T08:00,,36.8,26,0.254,0.281
1985-05-16T09:00,,37.3,25,0.254,0.281
1985-05-16T10:00,,37.1,25,0.254,0.281
1985-05-16T11:00,,36.4,27,0.254,0.281
1985-05-16T12:00,,35.4,30,0.254,0.281
1985-05-16T13:00,,33.8,36,0.254,0.281
1985-05-16T14:00,,31.7,44,0.254,0.281
1985-05-16T15:00,,29.8,51,0.254,0.281
1985-05-16T16:00,,28.4,58,0.254,0.281
1985-05-16T17:00,,27.3,63,0.254,0.281
1985-05-16T18:00,,26.2,68,0.254,0.281
1985-05-16T19:00,,25.5,72,0.254,0.281
1985-05-16T20:00,,24.5,77,0.254,0.281
1985-05-16T21:00,,23.8,79,0.254,0.281
1985-05-16T22:00,,23.2,79,0.254,0.281
1985-05-16T23:00,,22.8,79,0.254,0.281
1985-05-17T00:00,,22.4,78,0.254,0.281
1985-05-17T01:00,,22.5,75,0.254,0.281
1985-05-17T02:00,,25.9,59,0.254,0.281
1985-05-17T03:00,,29.3,47,0.254,0.281
1985-05-17T04:00,,31.7,40,0.254,0.281
1985-05-17T05:00,,34.1,33,0.254,0.281
1985-05-17T06:00,,36.1,27,0.254,0.281
1985-05-17T07:00,,37.5,22,0.254,0.281
1985-05-17T08:00,,38.7,19,0.254,0.281
1985-05-17T09:00,,39.2,18,0.253,0.281
1985-05-17T10:00,,39.2,18,0.253,0.281
1985-05-17T11:00,,38.2,19,0.253,0.281
1985-05-17T12:00,,37.1,23,0.253,0.281
1985-05-17T13:00,,35.6,29,0.253,0.281
1985-05-17T14:00,,33.4,37,0.253,0.281
1985-05-17T15:00,,31.5,46,0.253,0.281
1985-05-17T16:00,,30.1,52,0.253,0.281
1985-05-17T17:00,,28.9,58,0.253,0.281
1985-05-17T18:00,,27.9,62,0.253,0.281
1985-05-17T19:00,,26.9,66,0.253,0.281
1985-05-17T20:00,,26.0,69,0.253,0.281
1985-05-17T21:00,,25.3,72,0.253,0.281
1985-05-17T22:00,,24.8,73,0.253,0.281
1985-05-17T23:00,,24.5,73,0.253,0.281
1985-05-18T00:00,,24.2,72,0.253,0.281
1985-05-18T01:00,,24.1,70,0.253,0.281
1985-05-18T02:00,,26.9,57,0.253,0.281
1985-05-18T03:00,,29.5,48,0.253,0.281
1985-05-18T04:00,,31.5,43,0.253,0.281
1985-05-18T05:00,,33.7,37,0.253,0.281
1985-05-18T06:00,,35.6,32,0.253,0.281
1985-05-18T07:00,,37.1,28,0.253,0.281
1985-05-18T08:00,,38.0,25,0.253,0.281
1985-05-18T09:00,,38.6,23,0.253,0.281
1985-05-18T10:00,,38.5,23,0.253,0.281
1985-05-18T11:00,,37.8,25,0.253,0.281
1985-05-18T12:00,,36.3,31,0.253,0.281
1985-05-18T13:00,,34.4,39,0.253,0.281
1985-05-18T14:00,,32.5,46,0.253,0.281
1985-05-18T15:00,,31.0,50,0.253,0.281
1985-05-18T16:00,,29.9,53,0.253,0.281
1985-05-18T17:00,,29.0,56,0.253,0.281
1985-05-18T18:00,,28.1,59,0.253,0.281
1985-05-18T19:00,,27.5,62,0.253,0.281
1985-05-18T20:00,,26.7,65,0.253,0.281
1985-05-18T21:00,,26.1,67,0.253,0.281
1985-05-18T22:00,,25.8,67,0.253,0.281
1985-05-18T23:00,,25.4,67,0.253,0.281
1985-05-19T00:00,,25.1,69,0.253,0.281
1985-05-19T01:00,,24.9,71,0.253,0.281
1985-05-19T02:00,,26.0,68,0.253,0.281
1985-05-19T03:00,,28.1,61,0.253,0.281
1985-05-19T04:00,,30.4,50,0.253,0.281
1985-05-19T05:00,,32.6,41,0.253,0.281
1985-05-19T06:00,,34.4,36,0.253,0.281
1985-05-19T07:00,,35.9,33,0.253,0.281
1985-05-19T08:00,,36.6,31,0.252,0.281
1985-05-19T09:00,,37.0,31,0.252,0.281
1985-05-19T10:00,,36.9,31,0.252,0.281
1985-05-19T11:00,,36.2,33,0.252,0.281
1985-05-19T12:00,,35.0,35,0.252,0.281
1985-05-19T13:00,,33.4,39,0.252,0.281
1985-05-19T14:00,,31.6,43,0.252,0.281
1985-05-19T15:00,,30.0,48,0.252,0.281
1985-05-19T16:00,,28.6,55,0.252,0.281
1985-05-19T17:00,,27.5,60,0.252,0.281
1985-05-19T18:00,,26.6,63,0.252,0.281
1985-05-19T19:00,,26.5,60,0.252,0.281
1985-05-19T20:00,,26.0,59,0.252,0.281
1985-05-19T21:00,,25.5,61,0.252,0.281
1985-05-19T22:00,,24.9,65,0.252,0.281
1985-05-19T23:00,,24.4,71,0.252,0.281
1985-05-20T00:00,,23.9,77,0.252,0.281
1985-05-20T01:00,,23.5,81,0.252,0.281
1985-05-20T02:00,,24.5,78,0.252,0.281
1985-05-20T03:00,,26.5,67,0.252,0.281
1985-05-20T04:00,,28.5,57,0.252,0.281
1985-05-20T05:00,,30.8,47,0.252,0.281
1985-05-20T06:00,,32.8,39,0.252,0.281
1985-05-20T07:00,,34.1,35,0.252,0.281
1985-05-20T08:00,,34.9,32,0.252,0.281
1985-05-20T09:00,,35.1,30,0.252,0.281
1985-05-20T10:00,,34.8,30,0.252,0.281
1985-05-20T11:00,,33.9,32,0.252,0.281
1985-05-20T12:00,,32.5,36,0.252,0.281
1985-05-20T13:00,,30.7,42,0.252,0.281
1985-05-20T14:00,,28.7,52,0.252,0.281
1985-05-20T15:00,,26.9,61,0.252,0.281
1985-05-20T16:00,,25.6,69,0.252,0.281
1985-05-20T17:00,,24.5,77,0.252,0.281
1985-05-20T18:00,,23.9,82,0.252,0.281
1985-05-20T19:00,,23.9,81,0.252,0.281
1985-05-20T20:00,,23.6,81,0.252,0.281
1985-05-20T21:00,,23.3,81,0.252,0.281
1985-05-20T22:00,,23.0,83,0.252,0.281
1985-05-20T23:00,,22.8,84,0.252,0.281
1985-05-21T00:00,,22.5,85,0.252,0.281
1985-05-21T01:00,,22.5,84,0.252,0.281
1985-05-21T02:00,,23.7,78,0.252,0.281
1985-05-21T03:00,,25.7,68,0.252,0.281
1985-05-21T04:00,,27.9,59,0.252,0.281
1985-05-21T05:00,,29.9,51,0.252,0.281
1985-05-21T06:00,,31.8,44,0.252,0.281
1985-05-21T07:00,,33.1,40,0.252,0.281
1985-05-21T08:00,,33.9,36,0.252,0.281
1985-05-21T09:00,,34.3,33,0.252,0.281
1985-05-21T10:00,,34.1,32,0.252,0.281
1985-05-21T11:00,,33.2,33,0.252,0.281
1985-05-21T12:00,,32.0,36,0.252,0.281
1985-05-21T13:00,,30.3,42,0.252,0.281
1985-05-21T14:00,,28.5,51,0.252,0.281
1985-05-21T15:00,,27.0,61,0.252,0.281
1985-05-21T16:00,,25.9,69,0.252,0.281
1985-05-21T17:00,,25.1,75,0.252,0.281
1985-05-21T18:00,,24.4,80,0.252,0.281
1985-05-21T19:00,,24.1,77,0.252,0.281
1985-05-21T20:00,,23.8,78,0.252,0.281
1985-05-21T21:00,,23.5,79,0.252,0.281
1985-05-21T22:00,,23.3,81,0.252,0.281
1985-05-21T23:00,,23.0,84,0.252,0.281
1985-05-22T00:00,,22.9,86,0.252,0.281
1985-05-22T01:00,,22.8,87,0.252,0.281
1985-05-22T02:00,,24.0,80,0.252,0.281
1985-05-22T03:00,,25.7,71,0.252,0.281
1985-05-22T04:00,,27.5,62,0.252,0.281
1985-05-22T05:00,,29.5,54,0.252,0.281
1985-05-22T06:00,,31.5,47,0.252,0.281
1985-05-22T07:00,,33.0,42,0.252,0.281
1985-05-22T08:00,,34.0,38,0.252,0.28
1985-05-22T09:00,,34.3,38,0.252,0.28
1985-05-22T10:00,,33.7,38,0.252,0.28
1985-05-22T11:00,,32.5,41,0.252,0.28
1985-05-22T12:00,,31.2,47,0.252,0.28
1985-05-22T13:00,,29.5,53,0.252,0.28
1985-05-22T14:00,,27.8,60,0.252,0.28
1985-05-22T15:00,,26.4,68,0.252,0.28
1985-05-22T16:00,,25.4,74,0.252,0.28
1985-05-22T17:00,,24.8,78,0.252,0.28
1985-05-22T18:00,,24.4,81,0.252,0.28
1985-05-22T19:00,,23.9,85,0.252,0.28
1985-05-22T20:00,,23.6,86,0.252,0.28
1985-05-22T21:00,,23.3,88,0.252,0.28
1985-05-22T22:00,,23.0,90,0.252,0.28
1985-05-22T23:00,,22.9,90,0.252,0.28
1985-05-23T00:00,,22.9,90,0.252,0.28
1985-05-23T01:00,,22.9,90,0.252,0.28
1985-05-23T02:00,,23.8,84,0.252,0.28
1985-05-23T03:00,,25.4,74,0.252,0.28
1985-05-23T04:00,,27.3,65,0.252,0.28
1985-05-23T05:00,,29.0,57,0.252,0.28
1985-05-23T06:00,,30.4,52,0.252,0.28
1985-05-23T07:00,,32.1,46,0.252,0.28
1985-05-23T08:00,,32.8,43,0.252,0.28
1985-05-23T09:00,,33.2,42,0.252,0.28
1985-05-23T10:00,,32.9,42,0.252,0.28
1985-05-23T11:00,,32.0,44,0.252,0.28
1985-05-23T12:00,,30.8,46,0.252,0.28
1985-05-23T13:00,,29.4,50,0.252,0.28
1985-05-23T14:00,,28.0,56,0.252,0.28
1985-05-23T15:00,,26.7,63,0.252,0.28
1985-05-23T16:00,,25.6,70,0.252,0.28
1985-05-23T17:00,,24.8,77,0.252,0.28
1985-05-23T18:00,,24.2,81,0.252,0.28
1985-05-23T19:00,,23.9,84,0.252,0.28
1985-05-23T20:00,,23.6,86,0.252,0.28
1985-05-23T21:00,,23.4,87,0.252,0.28
1985-05-23T22:00,,23.2,89,0.252,0.28
1985-05-23T23:00,,23.1,89,0.252,0.28
1985-05-24T00:00,,23.0,90,0.252,0.28
1985-05-24T01:00,,23.1,89,0.252,0.28
1985-05-24T02:00,,24.0,82,0.252,0.28
1985-05-24T03:00,,25.6,72,0.252,0.28
1985-05-24T04:00,,27.6,62,0.252,0.28
1985-05-24T05:00,,29.3,55,0.252,0.28
1985-05-24T06:00,,31.0,49,0.252,0.28
1985-05-24T07:00,,31.9,46,0.252,0.28
1985-05-24T08:00,,32.6,44,0.252,0.28
1985-05-24T09:00,,32.8,43,0.252,0.28
1985-05-24T10:00,,32.5,43,0.252,0.28
1985-05-24T11:00,,31.7,45,0.252,0.28
1985-05-24T12:00,,30.4,49,0.252,0.28
1985-05-24T13:00,,28.8,56,0.252,0.28
1985-05-24T14:00,,27.1,64,0.252,0.28
1985-05-24T15:00,,26.0,72,0.252,0.28
1985-05-24T16:00,,25.3,77,0.252,0.28
1985-05-24T17:00,,24.6,81,0.252,0.28
1985-05-24T18:00,,24.1,84,0.252,0.28
1985-05-24T19:00,,23.8,85,0.252,0.28
1985-05-24T20:00,,23.5,87,0.252,0.28
1985-05-24T21:00,,23.2,88,0.252,0.28
1985-05-24T22:00,,23.0,89,0.252,0.28
1985-05-24T23:00,,22.7,91,0.252,0.28
1985-05-25T00:00,,22.7,91,0.252,0.28
1985-05-25T01:00,,22.7,91,0.253,0.28
1985-05-25T02:00,,23.9,81,0.253,0.28
1985-05-25T03:00,,25.6,70,0.252,0.28
1985-05-25T04:00,,27.3,61,0.252,0.28
1985-05-25T05:00,,29.0,53,0.252,0.28
1985-05-25T06:00,,30.6,46,0.252,0.28
1985-05-25T07:00,,32.0,42,0.252,0.28
1985-05-25T08:00,,33.1,37,0.252,0.28
1985-05-25T09:00,,33.5,35,0.252,0.28
1985-05-25T10:00,,33.1,35,0.252,0.28
1985-05-25T11:00,,32.1,39,0.252,0.28
1985-05-25T12:00,,30.6,45,0.252,0.28
1985-05-25T13:00,,28.8,52,0.252,0.28
1985-05-25T14:00,,27.2,60,0.252,0.28
1985-05-25T15:00,,26.0,67,0.252,0.28
1985-05-25T16:00,,25.1,73,0.252,0.28
1985-05-25T17:00,,24.4,77,0.252,0.28
1985-05-25T18:00,,23.9,81,0.252,0.28
1985-05-25T19:00,,24.0,84,0.252,0.28
1985-05-25T20:00,,23.7,86,0.252,0.28
1985-05-25T21:00,,23.5,87,0.252,0.28
1985-05-25T22:00,,23.2,89,0.253,0.28
1985-05-25T23:00,,23.0,91,0.253,0.28
1985-05-26T00:00,,22.8,92,0.253,0.28
1985-05-26T01:00,,22.7,93,0.253,0.28
1985-05-26T02:00,,23.7,85,0.253,0.28
1985-05-26T03:00,,25.4,73,0.253,0.28
1985-05-26T04:00,,27.2,61,0.253,0.28
1985-05-26T05:00,,29.1,52,0.253,0.28
1985-05-26T06:00,,30.8,45,0.253,0.28
1985-05-26T07:00,,31.9,42,0.253,0.28
1985-05-26T08:00,,32.9,38,0.253,0.28
1985-05-26T09:00,,33.4,35,0.253,0.28
1985-05-26T10:00,,33.2,35,0.253,0.28
1985-05-26T11:00,,32.3,38,0.253,0.28
1985-05-26T12:00,,31.0,42,0.253,0.28
1985-05-26T13:00,,29.2,49,0.253,0.28
1985-05-26T14:00,,27.5,57,0.253,0.28
1985-05-26T15:00,,26.3,64,0.253,0.28
1985-05-26T16:00,,25.4,68,0.253,0.28
1985-05-26T17:00,,24.8,71,0.253,0.28
1985-05-26T18:00,,24.2,74,0.253,0.28
1985-05-26T19:00,,23.8,80,0.253,0.28
1985-05-26T20:00,,23.5,81,0.253,0.28
1985-05-26T21:00,,23.2,83,0.253,0.28
1985-05-26T22:00,,23.0,84,0.253,0.28
1985-05-26T23:00,,22.9,85,0.253,0.28
1985-05-27T00:00,,22.7,86,0.253,0.28
1985-05-27T01:00,,22.8,86,0.253,0.28
1985-05-27T02:00,,23.9,79,0.253,0.28
1985-05-27T03:00,,25.5,69,0.253,0.28
1985-05-27T04:00,,27.3,59,0.253,0.28
1985-05-27T05:00,,29.3,51,0.253,0.28
1985-05-27T06:00,,31.2,45,0.252,0.28
1985-05-27T07:00,,32.9,40,0.252,0.28
1985-05-27T08:00,,33.8,37,0.252,0.28
1985-05-27T09:00,,34.1,36,0.252,0.28
1985-05-27T10:00,,33.7,36,0.252,0.28
1985-05-27T11:00,,32.5,38,0.252,0.28
1985-05-27T12:00,,31.1,42,0.252,0.28
1985-05-27T13:00,,29.4,48,0.252,0.28
1985-05-27T14:00,,27.6,55,0.252,0.28
1985-05-27T15:00,,26.3,62,0.252,0.28
1985-05-27T16:00,,25.4,68,0.252,0.28
1985-05-27T17:00,,24.8,72,0.252,0.28
1985-05-27T18:00,,24.2,74,0.252,0.28
1985-05-27T19:00,,23.9,77,0.252,0.28
1985-05-27T20:00,,23.4,81,0.252,0.28
1985-05-27T21:00,,23.0,86,0.252,0.28
1985-05-27T22:00,,23.0,88,0.252,0.28
1985-05-27T23:00,,23.2,88,0.253,0.28
1985-05-28T00:00,,23.2,87,0.253,0.28
1985-05-28T01:00,,23.2,89,0.253,0.28
1985-05-28T02:00,,24.4,81,0.254,0.28
1985-05-28T03:00,,26.3,69,0.253,0.28
1985-05-28T04:00,,28.0,60,0.253,0.28
1985-05-28T05:00,,29.9,52,0.253,0.28
1985-05-28T06:00,,31.7,45,0.253,0.28
1985-05-28T07:00,,33.4,43,0.253,0.28
1985-05-28T08:00,,34.2,41,0.253,0.28
1985-05-28T09:00,,34.3,40,0.253,0.28
1985-05-28T10:00,,33.3,44,0.256,0.28
1985-05-28T11:00,,29.9,59,0.261,0.28
1985-05-28T12:00,,28.3,67,0.268,0.28
1985-05-28T13:00,,28.0,68,0.268,0.28
1985-05-28T14:00,,27.7,68,0.268,0.28
1985-05-28T15:00,,27.3,70,0.268,0.28
1985-05-28T16:00,,26.7,72,0.268,0.28
1985-05-28T17:00,,26.3,74,0.268,0.28
1985-05-28T18:00,,25.9,75,0.268,0.28
1985-05-28T19:00,,25.7,77,0.268,0.28
1985-05-28T20:00,,25.4,79,0.268,0.28
1985-05-28T21:00,,25.1,80,0.269,0.28
1985-05-28T22:00,,24.5,83,0.271,0.28
1985-05-28T23:00,,24.1,84,0.271,0.28
1985-05-29T00:00,,24.0,84,0.271,0.28
1985-05-29T01:00,,24.0,85,0.271,0.28
1985-05-29T02:00,,25.8,76,0.271,0.28
1985-05-29T03:00,,28.5,58,0.27,0.28
1985-05-29T04:00,,31.2,46,0.27,0.28
1985-05-29T05:00,,33.3,39,0.27,0.28
1985-05-29T06:00,,35.1,34,0.269,0.28
1985-05-29T07:00,,36.2,33,0.269,0.28
1985-05-29T08:00,,37.2,31,0.268,0.28
1985-05-29T09:00,,37.5,29,0.268,0.28
1985-05-29T10:00,,37.0,29,0.268,0.28
1985-05-29T11:00,,34.2,37,0.27,0.28
1985-05-29T12:00,,30.0,55,0.29,0.28
1985-05-29T13:00,,30.3,52,0.29,0.28
1985-05-29T14:00,,30.3,51,0.29,0.28
1985-05-29T15:00,,29.5,58,0.29,0.28
1985-05-29T16:00,,28.8,63,0.29,0.28
1985-05-29T17:00,,28.5,62,0.289,0.28
1985-05-29T18:00,,27.9,64,0.289,0.28
1985-05-29T19:00,,27.1,69,0.289,0.28
1985-05-29T20:00,,26.6,70,0.289,0.28
1985-05-29T21:00,,26.2,70,0.289,0.28
1985-05-29T22:00,,25.9,71,0.289,0.28
1985-05-29T23:00,,25.6,71,0.289,0.28
1985-05-30T00:00,,25.4,72,0.289,0.28
1985-05-30T01:00,,25.3,72,0.289,0.28
1985-05-30T02:00,,26.1,69,0.289,0.28
1985-05-30T03:00,,27.6,62,0.288,0.28
1985-05-30T04:00,,29.2,55,0.288,0.28
1985-05-30T05:00,,30.5,51,0.287,0.28
1985-05-30T06:00,,31.8,47,0.287,0.28
1985-05-30T07:00,,32.1,49,0.286,0.28
1985-05-30T08:00,,32.6,48,0.286,0.28
1985-05-30T09:00,,32.9,47,0.285,0.28
1985-05-30T10:00,,33.3,46,0.285,0.28
1985-05-30T11:00,,32.3,47,0.286,0.28
1985-05-30T12:00,,31.4,48,0.286,0.28
1985-05-30T13:00,,30.6,49,0.286,0.28
1985-05-30T14:00,,29.4,53,0.286,0.28
1985-05-30T15:00,,28.2,59,0.285,0.28
1985-05-30T16:00,,27.3,64,0.285,0.28
1985-05-30T17:00,,26.6,68,0.285,0.28
1985-05-30T18:00,,26.0,71,0.285,0.28
1985-05-30T19:00,,25.5,73,0.285,0.28
1985-05-30T20:00,,25.1,75,0.285,0.28
1985-05-30T21:00,,24.8,77,0.285,0.28
1985-05-30T22:00,,24.4,79,0.285,0.28
1985-05-30T23:00,,24.2,80,0.285,0.28
1985-05-31T00:00,,24.0,81,0.285,0.28
1985-05-31T01:00,,24.1,81,0.285,0.28
1985-05-31T02:00,,25.1,76,0.285,0.28
1985-05-31T03:00,,26.8,67,0.284,0.28
1985-05-31T04:00,,28.8,58,0.284,0.28
1985-05-31T05:00,,30.5,50,0.284,0.28
1985-05-31T06:00,,32.0,44,0.283,0.28
1985-05-31T07:00,,32.8,43,0.282,0.28
1985-05-31T08:00,,33.3,41,0.282,0.28
1985-05-31T09:00,,33.4,41,0.281,0.28
1985-05-31T10:00,,32.7,41,0.281,0.28
1985-05-31T11:00,,31.7,44,0.283,0.28
1985-05-31T12:00,,31.0,46,0.283,0.28
1985-05-31T13:00,,29.8,51,0.283,0.28
1985-05-31T14:00,,28.4,57,0.282,0.28
1985-05-31T15:00,,27.4,64,0.282,0.28
1985-05-31T16:00,,26.7,69,0.282,0.28
1985-05-31T17:00,,26.0,74,0.282,0.28
1985-05-31T18:00,,25.5,78,0.282,0.28
1985-05-31T19:00,,25.3,80,0.282,0.28
1985-05-31T20:00,,24.9,82,0.282,0.28
1985-05-31T21:00,,24.6,84,0.282,0.28
1985-05-31T22:00,,24.4,85,0.282,0.28
1985-05-31T23:00,,24.2,86,0.282,0.28
1985-06-01T00:00,,24.1,87,0.282,0.28
1985-06-01T01:00,,23.9,88,0.282,0.28
1985-06-01T02:00,,24.6,83,0.282,0.28
1985-06-01T03:00,,26.1,74,0.282,0.28
1985-06-01T04:00,,27.7,66,0.282,0.28
1985-06-01T05:00,,29.2,60,0.281,0.28
1985-06-01T06:00,,30.6,54,0.281,0.28
1985-06-01T07:00,,31.2,53,0.281,0.28
1985-06-01T08:00,,31.8,51,0.281,0.28
1985-06-01T09:00,,31.8,51,0.282,0.28
1985-06-01T10:00,,31.5,52,0.283,0.28
1985-06-01T11:00,,29.8,57,0.286,0.28
1985-06-01T12:00,,29.1,59,0.287,0.28
1985-06-01T13:00,,28.2,62,0.287,0.28
1985-06-01T14:00,,27.1,69,0.287,0.28
1985-06-01T15:00,,26.2,74,0.287,0.28
1985-06-01T16:00,,25.6,78,0.286,0.28
1985-06-01T17:00,,25.1,81,0.286,0.28
1985-06-01T18:00,,24.7,83,0.286,0.28
1985-06-01T19:00,,24.5,86,0.286,0.28
1985-06-01T20:00,,24.2,88,0.286,0.28
1985-06-01T21:00,,23.9,90,0.286,0.28
1985-06-01T22:00,,23.7,91,0.286,0.28
1985-06-01T23:00,,23.4,92,0.287,0.28
1985-06-02T00:00,,23.3,93,0.287,0.28
1985-06-02T01:00,,23.2,93,0.287,0.28
1985-06-02T02:00,,24.1,86,0.286,0.28
1985-06-02T03:00,,25.9,74,0.286,0.28
1985-06-02T04:00,,27.5,65,0.286,0.28
1985-06-02T05:00,,29.0,59,0.286,0.28
1985-06-02T06:00,,30.1,54,0.286,0.28
1985-06-02T07:00,,31.2,49,0.286,0.28
1985-06-02T08:00,,31.7,47,0.286,0.28
1985-06-02T09:00,,31.4,48,0.285,0.28
1985-06-02T10:00,,31.0,48,0.287,0.28
1985-06-02T11:00,,30.8,49,0.287,0.28
1985-06-02T12:00,,29.9,52,0.286,0.28
1985-06-02T13:00,,28.7,57,0.286,0.28
1985-06-02T14:00,,27.4,64,0.286,0.28
1985-06-02T15:00,,26.4,70,0.286,0.28
1985-06-02T16:00,,25.7,75,0.286,0.28
1985-06-02T17:00,,25.2,78,0.286,0.28
1985-06-02T18:00,,24.7,81,0.286,0.28
1985-06-02T19:00,,24.3,85,0.286,0.28
1985-06-02T20:00,,24.0,86,0.286,0.28
1985-06-02T21:00,,23.8,87,0.286,0.28
1985-06-02T22:00,,23.5,88,0.286,0.28
1985-06-02T23:00,,23.2,90,0.286,0.28
1985-06-03T00:00,,23.0,91,0.286,0.28
1985-06-03T01:00,,23.0,91,0.286,0.28
1985-06-03T02:00,,24.1,85,0.285,0.28
1985-06-03T03:00,,25.8,74,0.285,0.28
1985-06-03T04:00,,27.5,65,0.285,0.28
1985-06-03T05:00,,28.9,59,0.285,0.28
1985-06-03T06:00,,29.9,55,0.285,0.28
1985-06-03T07:00,,29.8,57,0.286,0.28
1985-06-03T08:00,,29.1,61,0.291,0.28
1985-06-03T09:00,,29.0,62,0.294,0.28
1985-06-03T10:00,,29.7,59,0.295,0.28
1985-06-03T11:00,,29.7,57,0.295,0.28
1985-06-03T12:00,,28.9,60,0.295,0.28
1985-06-03T13:00,,28.2,63,0.295,0.28
1985-06-03T14:00,,27.2,68,0.295,0.28
1985-06-03T15:00,,26.5,72,0.295,0.28
1985-06-03T16:00,,25.9,75,0.294,0.28
1985-06-03T17:00,,25.4,79,0.294,0.28
1985-06-03T18:00,,25.0,81,0.294,0.28
1985-06-03T19:00,,24.6,83,0.294,0.28
1985-06-03T20:00,,24.3,86,0.294,0.28
1985-06-03T21:00,,24.0,88,0.294,0.28
1985-06-03T22:00,,23.7,90,0.294,0.28
1985-06-03T23:00,,23.6,92,0.294,0.28
1985-06-04T00:00,,23.4,93,0.294,0.28
1985-06-04T01:00,,23.4,94,0.295,0.28
1985-06-04T02:00,,23.9,90,0.296,0.28
1985-06-04T03:00,,25.0,83,0.297,0.28
1985-06-04T04:00,,26.7,73,0.297,0.28
1985-06-04T05:00,,28.2,66,0.296,0.28
1985-06-04T06:00,,29.1,62,0.296,0.28
1985-06-04T07:00,,30.0,58,0.297,0.28
1985-06-04T08:00,,30.5,56,0.297,0.28
1985-06-04T09:00,,30.9,55,0.297,0.28
1985-06-04T10:00,,30.6,56,0.297,0.28
1985-06-04T11:00,,30.6,55,0.296,0.28
1985-06-04T12:00,,29.6,58,0.296,0.28
1985-06-04T13:00,,28.4,63,0.296,0.28
1985-06-04T14:00,,27.2,69,0.296,0.28
1985-06-04T15:00,,26.4,74,0.296,0.28
1985-06-04T16:00,,25.8,78,0.296,0.28
1985-06-04T17:00,,25.2,81,0.295,0.28
1985-06-04T18:00,,24.8,84,0.295,0.28
1985-06-04T19:00,,24.4,87,0.295,0.28
1985-06-04T20:00,,24.1,90,0.295,0.28
1985-06-04T21:00,,23.7,92,0.296,0.28
1985-06-04T22:00,,23.6,94,0.296,0.28
1985-06-04T23:00,,23.3,95,0.297,0.28
1985-06-05T00:00,,23.2,96,0.297,0.28
1985-06-05T01:00,,23.3,96,0.297,0.28
1985-06-05T02:00,,23.7,93,0.298,0.28
1985-06-05T03:00,,24.6,86,0.298,0.28
1985-06-05T04:00,,26.6,74,0.298,0.28
1985-06-05T05:00,,28.0,67,0.299,0.28
1985-06-05T06:00,,29.2,62,0.303,0.28
1985-06-05T07:00,,29.9,58,0.303,0.28
1985-06-05T08:00,,31.1,55,0.302,0.28
1985-06-05T09:00,,31.5,52,0.301,0.28
1985-06-05T10:00,,31.2,52,0.302,0.28
1985-06-05T11:00,,30.5,54,0.302,0.28
1985-06-05T12:00,,29.4,59,0.301,0.28
1985-06-05T13:00,,28.4,63,0.301,0.28
1985-06-05T14:00,,27.3,68,0.301,0.28
1985-06-05T15:00,,26.4,73,0.301,0.28
1985-06-05T16:00,,25.7,77,0.301,0.28
1985-06-05T17:00,,25.1,81,0.301,0.28
1985-06-05T18:00,,24.6,84,0.301,0.28
1985-06-05T19:00,,24.2,85,0.3,0.28
1985-06-05T20:00,,23.9,88,0.3,0.28
1985-06-05T21:00,,23.7,89,0.3,0.28
1985-06-05T22:00,,23.5,91,0.3,0.28
1985-06-05T23:00,,23.3,93,0.3,0.28
1985-06-06T00:00,,23.1,94,0.3,0.28
1985-06-06T01:00,,23.2,94,0.301,0.28
1985-06-06T02:00,,24.3,86,0.301,0.28
1985-06-06T03:00,,25.7,78,0.302,0.28
1985-06-06T04:00,,27.3,70,0.302,0.28
1985-06-06T05:00,,28.6,64,0.301,0.28
1985-06-06T06:00,,28.9,63,0.302,0.28
1985-06-06T07:00,,30.6,55,0.301,0.28
1985-06-06T08:00,,31.1,54,0.301,0.28
1985-06-06T09:00,,30.8,56,0.301,0.28
1985-06-06T10:00,,30.0,60,0.307,0.28
1985-06-06T11:00,,29.5,62,0.308,0.281
1985-06-06T12:00,,28.8,65,0.309,0.281
1985-06-06T13:00,,27.9,68,0.309,0.281
1985-06-06T14:00,,26.7,74,0.309,0.281
1985-06-06T15:00,,25.7,80,0.309,0.281
1985-06-06T16:00,,25.2,83,0.309,0.281
1985-06-06T17:00,,24.9,85,0.309,0.281
1985-06-06T18:00,,24.5,88,0.309,0.281
1985-06-06T19:00,,23.9,90,0.309,0.281
1985-06-06T20:00,,23.6,92,0.309,0.281
1985-06-06T21:00,,23.4,93,0.309,0.281
1985-06-06T22:00,,23.3,93,0.309,0.281
1985-06-06T23:00,,23.3,93,0.309,0.281
1985-06-07T00:00,,23.3,92,0.309,0.281
1985-06-07T01:00,,23.2,92,0.309,0.281
1985-06-07T02:00,,23.7,89,0.309,0.281
1985-06-07T03:00,,24.5,83,0.309,0.281
1985-06-07T04:00,,26.4,71,0.309,0.281
1985-06-07T05:00,,27.8,65,0.309,0.281
1985-06-07T06:00,,29.0,59,0.309,0.281
1985-06-07T07:00,,29.8,55,0.309,0.281
1985-06-07T08:00,,30.3,52,0.309,0.281
1985-06-07T09:00,,29.7,56,0.31,0.281
1985-06-07T10:00,,29.1,58,0.313,0.281
1985-06-07T11:00,,28.6,60,0.314,0.281
1985-06-07T12:00,,27.8,64,0.314,0.281
1985-06-07T13:00,,26.9,68,0.314,0.281
1985-06-07T14:00,,25.6,76,0.314,0.281
1985-06-07T15:00,,24.6,82,0.314,0.281
1985-06-07T16:00,,24.0,85,0.314,0.281
1985-06-07T17:00,,23.6,87,0.314,0.281
1985-06-07T18:00,,23.5,88,0.314,0.281
1985-06-07T19:00,,23.5,87,0.314,0.281
1985-06-07T20:00,,23.2,89,0.314,0.281
1985-06-07T21:00,,23.0,91,0.314,0.281
1985-06-07T22:00,,22.9,92,0.314,0.281
1985-06-07T23:00,,22.8,92,0.315,0.281
1985-06-08T00:00,,22.7,93,0.315,0.281
1985-06-08T01:00,,22.8,92,0.315,0.281
1985-06-08T02:00,,23.3,88,0.315,0.281
1985-06-08T03:00,,23.8,85,0.316,0.281
1985-06-08T04:00,,24.3,83,0.318,0.281
1985-06-08T05:00,,25.7,75,0.317,0.281
1985-06-08T06:00,,27.3,67,0.317,0.281
1985-06-08T07:00,,28.4,64,0.317,0.281
1985-06-08T08:00,,28.9,63,0.317,0.281
1985-06-08T09:00,,29.3,61,0.318,0.281
1985-06-08T10:00,,28.2,65,0.323,0.281
1985-06-08T11:00,,28.1,65,0.324,0.281
1985-06-08T12:00,,27.6,68,0.324,0.281
1985-06-08T13:00,,26.5,72,0.324,0.281
1985-06-08T14:00,,25.5,77,0.324,0.281
1985-06-08T15:00,,24.7,82,0.324,0.281
1985-06-08T16:00,,24.2,84,0.324,0.281
1985-06-08T17:00,,23.8,86,0.324,0.281
1985-06-08T18:00,,23.4,88,0.324,0.281
1985-06-08T19:00,,23.4,87,0.324,0.281
1985-06-08T20:00,,23.3,88,0.324,0.281
1985-06-08T21:00,,23.1,89,0.324,0.281
1985-06-08T22:00,,22.9,90,0.323,0.281
1985-06-08T23:00,,22.8,91,0.323,0.281
1985-06-09T00:00,,22.7,91,0.323,0.281
1985-06-09T01:00,,22.8,91,0.323,0.281
1985-06-09T02:00,,23.5,86,0.323,0.281
1985-06-09T03:00,,24.9,77,0.323,0.281
1985-06-09T04:00,,26.4,68,0.323,0.281
1985-06-09T05:00,,28.1,59,0.322,0.281
1985-06-09T06:00,,29.2,54,0.321,0.281
1985-06-09T07:00,,29.3,55,0.321,0.281
1985-06-09T08:00,,30.1,52,0.32,0.281
1985-06-09T09:00,,30.6,50,0.319,0.281
1985-06-09T10:00,,30.2,51,0.318,0.281
1985-06-09T11:00,,29.7,51,0.317,0.281
1985-06-09T12:00,,28.8,54,0.317,0.281
1985-06-09T13:00,,27.5,61,0.316,0.281
1985-06-09T14:00,,26.3,69,0.316,0.281
1985-06-09T15:00,,25.5,75,0.316,0.281
1985-06-09T16:00,,24.9,81,0.316,0.281
1985-06-09T17:00,,24.4,85,0.316,0.281
1985-06-09T18:00,,24.0,87,0.316,0.281
1985-06-09T19:00,,23.6,89,0.316,0.281
1985-06-09T20:00,,23.4,90,0.316,0.281
1985-06-09T21:00,,23.2,90,0.316,0.281
1985-06-09T22:00,,23.0,90,0.316,0.281
1985-06-09T23:00,,22.8,91,0.316,0.281
1985-06-10T00:00,,22.6,92,0.316,0.281
1985-06-10T01:00,,22.8,92,0.316,0.281
1985-06-10T02:00,,23.7,85,0.316,0.281
1985-06-10T03:00,,25.2,76,0.315,0.281
1985-06-10T04:00,,27.1,66,0.315,0.281
1985-06-10T05:00,,28.4,59,0.315,0.281
1985-06-10T06:00,,29.2,55,0.314,0.281
1985-06-10T07:00,,29.9,52,0.314,0.281
1985-06-10T08:00,,30.2,51,0.313,0.281
1985-06-10T09:00,,30.5,50,0.312,0.281
1985-06-10T10:00,,29.8,52,0.318,0.281
1985-06-10T11:00,,29.3,54,0.318,0.281
1985-06-10T12:00,,28.4,58,0.317,0.281
1985-06-10T13:00,,27.3,64,0.317,0.281
1985-06-10T14:00,,26.2,72,0.317,0.281
1985-06-10T15:00,,25.4,77,0.317,0.281
1985-06-10T16:00,,25.0,80,0.317,0.281
1985-06-10T17:00,,24.5,84,0.317,0.281
1985-06-10T18:00,,24.1,87,0.316,0.281
1985-06-10T19:00,,23.7,89,0.317,0.281
1985-06-10T20:00,,23.3,91,0.317,0.281
1985-06-10T21:00,,23.3,91,0.317,0.281
1985-06-10T22:00,,23.2,92,0.317,0.281
1985-06-10T23:00,,23.0,93,0.317,0.281
1985-06-11T00:00,,23.0,93,0.318,0.281
1985-06-11T01:00,,23.0,92,0.318,0.281
1985-06-11T02:00,,23.4,89,0.318,0.281
1985-06-11T03:00,,24.4,82,0.319,0.281
1985-06-11T04:00,,26.0,73,0.318,0.281
1985-06-11T05:00,,27.7,65,0.317,0.281
1985-06-11T06:00,,28.4,62,0.318,0.281
1985-06-11T07:00,,28.9,60,0.318,0.281
1985-06-11T08:00,,29.2,59,0.318,0.281
1985-06-11T09:00,,29.6,57,0.318,0.281
1985-06-11T10:00,,29.4,57,0.318,0.281
1985-06-11T11:00,,28.9,60,0.317,0.281
1985-06-11T12:00,,27.9,66,0.317,0.281
1985-06-11T13:00,,26.9,70,0.317,0.281
1985-06-11T14:00,,25.9,76,0.318,0.281
1985-06-11T15:00,,24.9,82,0.318,0.281
1985-06-11T16:00,,24.2,87,0.318,0.281
1985-06-11T17:00,,23.9,89,0.318,0.281
1985-06-11T18:00,,23.4,91,0.318,0.281
1985-06-11T19:00,,23.2,90,0.318,0.281
1985-06-11T20:00,,23.1,90,0.318,0.281
1985-06-11T21:00,,23.0,90,0.318,0.281
1985-06-11T22:00,,22.9,90,0.318,0.281
1985-06-11T23:00,,22.7,90,0.318,0.281
1985-06-12T00:00,,22.8,90,0.318,0.281
1985-06-12T01:00,,22.9,90,0.318,0.281
1985-06-12T02:00,,23.8,84,0.318,0.281
1985-06-12T03:00,,25.2,75,0.318,0.281
1985-06-12T04:00,,26.6,69,0.318,0.281
1985-06-12T05:00,,27.9,64,0.318,0.281
1985-06-12T06:00,,29.1,60,0.319,0.281
1985-06-12T07:00,,29.2,61,0.319,0.281
1985-06-12T08:00,,30.0,57,0.319,0.281
1985-06-12T09:00,,30.4,56,0.319,0.281
1985-06-12T10:00,,30.1,57,0.319,0.281
1985-06-12T11:00,,29.9,58,0.318,0.281
1985-06-12T12:00,,28.9,62,0.318,0.281
1985-06-12T13:00,,27.9,67,0.318,0.281
1985-06-12T14:00,,26.7,73,0.318,0.281
1985-06-12T15:00,,25.9,77,0.317,0.281
1985-06-12T16:00,,25.2,81,0.317,0.281
1985-06-12T17:00,,24.7,84,0.317,0.281
1985-06-12T18:00,,24.3,86,0.317,0.281
1985-06-12T19:00,,24.0,90,0.317,0.281
1985-06-12T20:00,,23.7,92,0.317,0.281
1985-06-12T21:00,,23.5,93,0.317,0.281
1985-06-12T22:00,,23.2,94,0.317,0.281
1985-06-12T23:00,,23.1,95,0.318,0.282
1985-06-13T00:00,,23.1,95,0.318,0.282
1985-06-13T01:00,,23.2,95,0.318,0.282
1985-06-13T02:00,,23.9,90,0.318,0.282
1985-06-13T03:00,,25.4,79,0.318,0.282
1985-06-13T04:00,,27.3,68,0.317,0.282
1985-06-13T05:00,,28.9,59,0.317,0.282
1985-06-13T06:00,,30.3,53,0.316,0.282
1985-06-13T07:00,,31.5,49,0.315,0.282
1985-06-13T08:00,,31.8,47,0.314,0.282
1985-06-13T09:00,,31.6,49,0.313,0.282
1985-06-13T10:00,,31.6,50,0.312,0.282
1985-06-13T11:00,,31.1,52,0.311,0.282
1985-06-13T12:00,,29.7,59,0.311,0.282
1985-06-13T13:00,,28.1,66,0.311,0.282
1985-06-13T14:00,,26.7,72,0.311,0.282
1985-06-13T15:00,,25.7,77,0.31,0.282
1985-06-13T16:00,,25.1,81,0.31,0.282
1985-06-13T17:00,,24.6,83,0.31,0.282
1985-06-13T18:00,,24.2,85,0.31,0.282
1985-06-13T19:00,,23.9,89,0.31,0.282
1985-06-13T20:00,,23.6,91,0.31,0.282
1985-06-13T21:00,,23.4,92,0.31,0.282
1985-06-13T22:00,,23.1,94,0.311,0.282
1985-06-13T23:00,,23.2,94,0.311,0.282
1985-06-14T00:00,,23.1,95,0.311,0.282
1985-06-14T01:00,,23.1,95,0.312,0.282
1985-06-14T02:00,,24.1,88,0.313,0.282
1985-06-14T03:00,,25.3,80,0.312,0.282
1985-06-14T04:00,,27.1,68,0.311,0.282
1985-06-14T05:00,,28.7,60,0.311,0.282
1985-06-14T06:00,,30.0,55,0.31,0.282
1985-06-14T07:00,,30.3,54,0.309,0.282
1985-06-14T08:00,,31.1,51,0.309,0.282
1985-06-14T09:00,,31.3,50,0.308,0.282
1985-06-14T10:00,,30.5,53,0.308,0.282
1985-06-14T11:00,,30.1,54,0.307,0.282
1985-06-14T12:00,,29.1,58,0.306,0.282
1985-06-14T13:00,,27.8,62,0.306,0.282
1985-06-14T14:00,,26.6,68,0.306,0.282
1985-06-14T15:00,,25.7,73,0.306,0.282
1985-06-14T16:00,,25.0,76,0.306,0.282
1985-06-14T17:00,,24.5,80,0.306,0.282
1985-06-14T18:00,,24.1,84,0.306,0.282
1985-06-14T19:00,,24.0,85,0.306,0.282
1985-06-14T20:00,,23.7,88,0.306,0.282
1985-06-14T21:00,,23.4,90,0.306,0.282
1985-06-14T22:00,,23.2,92,0.306,0.282
1985-06-14T23:00,,23.0,93,0.307,0.282
1985-06-15T00:00,,23.2,92,0.307,0.282
1985-06-15T01:00,,23.0,93,0.308,0.282
1985-06-15T02:00,,23.2,92,0.31,0.282
1985-06-15T03:00,,24.5,82,0.31,0.282
1985-06-15T04:00,,26.3,70,0.309,0.282
1985-06-15T05:00,,27.9,62,0.308,0.282
1985-06-15T06:00,,29.0,56,0.307,0.282
1985-06-15T07:00,,29.9,55,0.307,0.282
1985-06-15T08:00,,30.1,54,0.307,0.282
1985-06-15T09:00,,30.2,54,0.307,0.282
1985-06-15T10:00,,29.9,55,0.307,0.282
1985-06-15T11:00,,29.1,58,0.307,0.282
1985-06-15T12:00,,28.0,64,0.307,0.282
1985-06-15T13:00,,26.9,69,0.307,0.282
1985-06-15T14:00,,25.8,75,0.307,0.282
1985-06-15T15:00,,24.9,81,0.307,0.282
1985-06-15T16:00,,24.3,85,0.307,0.282
1985-06-15T17:00,,23.9,86,0.307,0.282
1985-06-15T18:00,,23.4,88,0.307,0.282
1985-06-15T19:00,,23.3,91,0.307,0.282
1985-06-15T20:00,,23.0,92,0.307,0.282
1985-06-15T21:00,,22.7,94,0.307,0.282
1985-06-15T22:00,,22.5,95,0.307,0.282
1985-06-15T23:00,,22.6,94,0.308,0.282
1985-06-16T00:00,,22.8,94,0.308,0.282
1985-06-16T01:00,,23.1,92,0.309,0.282
1985-06-16T02:00,,23.4,90,0.31,0.282
1985-06-16T03:00,,24.9,79,0.31,0.282
1985-06-16T04:00,,26.2,70,0.309,0.282
1985-06-16T05:00,,27.8,60,0.308,0.282
1985-06-16T06:00,,29.4,52,0.308,0.282
1985-06-16T07:00,,30.3,51,0.307,0.282
1985-06-16T08:00,,31.2,46,0.306,0.282
1985-06-16T09:00,,31.4,45,0.305,0.282
1985-06-16T10:00,,30.4,51,0.304,0.282
1985-06-16T11:00,,29.7,55,0.304,0.282
1985-06-16T12:00,,28.6,61,0.304,0.282
1985-06-16T13:00,,27.4,67,0.303,0.282
1985-06-16T14:00,,26.2,74,0.303,0.282
1985-06-16T15:00,,25.2,81,0.303,0.282
1985-06-16T16:00,,24.5,85,0.304,0.282
1985-06-16T17:00,,24.0,89,0.304,0.282
1985-06-16T18:00,,23.6,91,0.304,0.282
1985-06-16T19:00,,23.5,92,0.304,0.282
1985-06-16T20:00,,23.2,94,0.305,0.282
1985-06-16T21:00,,23.2,95,0.306,0.282
1985-06-16T22:00,,23.1,96,0.307,0.282
1985-06-16T23:00,,23.0,97,0.309,0.282
1985-06-17T00:00,,23.0,97,0.31,0.282
1985-06-17T01:00,,23.0,96,0.312,0.282
1985-06-17T02:00,,23.3,93,0.314,0.282
1985-06-17T03:00,,24.3,85,0.314,0.282
1985-06-17T04:00,,26.2,71,0.314,0.282
1985-06-17T05:00,,27.9,61,0.312,0.282
1985-06-17T06:00,,29.1,55,0.311,0.282
1985-06-17T07:00,,30.0,53,0.311,0.282
1985-06-17T08:00,,30.1,52,0.31,0.282
1985-06-17T09:00,,30.2,52,0.309,0.282
1985-06-17T10:00,,29.8,54,0.309,0.282
1985-06-17T11:00,,29.1,57,0.308,0.282
1985-06-17T12:00,,28.2,62,0.308,0.282
1985-06-17T13:00,,27.1,68,0.308,0.282
1985-06-17T14:00,,25.9,75,0.308,0.282
1985-06-17T15:00,,25.1,80,0.308,0.282
1985-06-17T16:00,,24.6,85,0.308,0.282
1985-06-17T17:00,,24.1,89,0.308,0.282
1985-06-17T18:00,,23.8,90,0.308,0.282
1985-06-17T19:00,,23.7,91,0.309,0.282
1985-06-17T20:00,,23.3,93,0.31,0.282
1985-06-17T21:00,,23.1,94,0.311,0.282
1985-06-17T22:00,,22.9,96,0.314,0.282
1985-06-17T23:00,,22.8,96,0.317,0.282
1985-06-18T00:00,,22.7,96,0.321,0.282
1985-06-18T01:00,,22.7,96,0.323,0.282
1985-06-18T02:00,,23.2,92,0.325,0.282
1985-06-18T03:00,,24.6,82,0.325,0.282
1985-06-18T04:00,,26.2,71,0.324,0.282
1985-06-18T05:00,,28.0,60,0.322,0.282
1985-06-18T06:00,,29.0,54,0.321,0.282
1985-06-18T07:00,,29.7,51,0.32,0.282
1985-06-18T08:00,,30.2,49,0.319,0.282
1985-06-18T09:00,,30.8,46,0.318,0.282
1985-06-18T10:00,,30.7,46,0.317,0.282
1985-06-18T11:00,,30.0,49,0.316,0.282
1985-06-18T12:00,,28.8,55,0.316,0.282
1985-06-18T13:00,,27.4,62,0.315,0.282
1985-06-18T14:00,,25.9,71,0.315,0.282
1985-06-18T15:00,,25.1,77,0.315,0.282
1985-06-18T16:00,,24.5,82,0.315,0.282
1985-06-18T17:00,,24.0,86,0.315,0.282
1985-06-18T18:00,,23.8,89,0.315,0.282
1985-06-18T19:00,,23.6,89,0.316,0.282
1985-06-18T20:00,,23.3,92,0.316,0.282
1985-06-18T21:00,,23.1,92,0.317,0.282
1985-06-18T22:00,,22.9,94,0.317,0.282
1985-06-18T23:00,,22.9,94,0.318,0.282
1985-06-19T00:00,,22.8,94,0.318,0.282
1985-06-19T01:00,,22.8,94,0.319,0.282
1985-06-19T02:00,,23.2,92,0.32,0.282
1985-06-19T03:00,,24.5,83,0.32,0.282
1985-06-19T04:00,,26.4,69,0.319,0.282
1985-06-19T05:00,,27.6,62,0.318,0.282
1985-06-19T06:00,,29.0,54,0.317,0.282
1985-06-19T07:00,,29.6,52,0.316,0.282
1985-06-19T08:00,,30.5,49,0.315,0.282
1985-06-19T09:00,,30.6,47,0.314,0.282
1985-06-19T10:00,,30.5,47,0.313,0.282
1985-06-19T11:00,,29.8,50,0.312,0.282
1985-06-19T12:00,,28.6,54,0.312,0.282
1985-06-19T13:00,,27.2,62,0.312,0.282
1985-06-19T14:00,,25.9,70,0.311,0.282
1985-06-19T15:00,,25.0,78,0.311,0.282
1985-06-19T16:00,,24.3,84,0.311,0.282
1985-06-19T17:00,,23.9,88,0.311,0.282
1985-06-19T18:00,,23.6,90,0.311,0.282
1985-06-19T19:00,,23.2,93,0.312,0.282
1985-06-19T20:00,,23.0,94,0.313,0.282
1985-06-19T21:00,,23.1,94,0.314,0.282
1985-06-19T22:00,,23.0,95,0.316,0.282
1985-06-19T23:00,,22.8,96,0.317,0.282
1985-06-20T00:00,,22.6,97,0.318,0.282
1985-06-20T01:00,,22.6,97,0.319,0.282
1985-06-20T02:00,,22.9,95,0.32,0.282
1985-06-20T03:00,,24.2,85,0.32,0.282
1985-06-20T04:00,,26.3,71,0.319,0.282
1985-06-20T05:00,,27.8,62,0.318,0.282
1985-06-20T06:00,,29.0,57,0.317,0.282
1985-06-20T07:00,,29.6,54,0.316,0.282
1985-06-20T08:00,,30.2,52,0.315,0.282
1985-06-20T09:00,,30.5,51,0.314,0.282
1985-06-20T10:00,,30.1,52,0.314,0.282
1985-06-20T11:00,,29.4,54,0.32,0.282
1985-06-20T12:00,,28.5,57,0.32,0.282
1985-06-20T13:00,,27.3,62,0.32,0.282
1985-06-20T14:00,,26.1,71,0.32,0.282
1985-06-20T15:00,,25.0,78,0.32,0.282
1985-06-20T16:00,,24.3,83,0.32,0.282
1985-06-20T17:00,,23.8,87,0.32,0.282
1985-06-20T18:00,,23.5,89,0.32,0.282
1985-06-20T19:00,,23.1,90,0.321,0.282
1985-06-20T20:00,,22.7,92,0.321,0.282
1985-06-20T21:00,,22.5,93,0.321,0.282
1985-06-20T22:00,,22.4,94,0.321,0.282
1985-06-20T23:00,,22.5,94,0.321,0.282
1985-06-21T00:00,,22.5,93,0.321,0.282
1985-06-21T01:00,,22.4,93,0.321,0.282
1985-06-21T02:00,,22.9,90,0.322,0.282
1985-06-21T03:00,,24.3,80,0.322,0.282
1985-06-21T04:00,,25.5,73,0.322,0.282
1985-06-21T05:00,,27.3,65,0.322,0.282
1985-06-21T06:00,,28.0,61,0.322,0.282
1985-06-21T07:00,,28.8,58,0.321,0.282
1985-06-21T08:00,,29.8,55,0.32,0.282
1985-06-21T09:00,,30.1,54,0.319,0.282
1985-06-21T10:00,,29.2,56,0.321,0.282
1985-06-21T11:00,,28.1,62,0.322,0.282
1985-06-21T12:00,,27.1,68,0.322,0.282
1985-06-21T13:00,,26.2,73,0.322,0.282
1985-06-21T14:00,,25.2,78,0.322,0.282
1985-06-21T15:00,,24.5,83,0.322,0.282
1985-06-21T16:00,,23.8,88,0.322,0.282
1985-06-21T17:00,,23.4,90,0.321,0.282
1985-06-21T18:00,,23.1,92,0.321,0.282
1985-06-21T19:00,,23.0,91,0.321,0.282
1985-06-21T20:00,,22.9,91,0.321,0.282
1985-06-21T21:00,,22.8,92,0.322,0.282
1985-06-21T22:00,,22.6,93,0.322,0.282
1985-06-21T23:00,,22.5,93,0.322,0.282
1985-06-22T00:00,,22.4,93,0.322,0.282
1985-06-22T01:00,,22.4,92,0.322,0.282
1985-06-22T02:00,,22.8,90,0.322,0.282
1985-06-22T03:00,,24.1,80,0.322,0.282
1985-06-22T04:00,,25.2,75,0.323,0.282
1985-06-22T05:00,,26.2,70,0.323,0.282
1985-06-22T06:00,,26.9,67,0.323,0.282
1985-06-22T07:00,,27.8,64,0.325,0.282
1985-06-22T08:00,,28.9,62,0.325,0.282
1985-06-22T09:00,,28.9,64,0.325,0.282
1985-06-22T10:00,,29.1,64,0.325,0.282
1985-06-22T11:00,,28.7,64,0.325,0.282
1985-06-22T12:00,,27.6,66,0.326,0.282
1985-06-22T13:00,,26.7,69,0.326,0.282
1985-06-22T14:00,,25.8,73,0.326,0.282
1985-06-22T15:00,,24.9,79,0.326,0.282
1985-06-22T16:00,,24.1,84,0.326,0.282
1985-06-22T17:00,,23.6,86,0.326,0.282
1985-06-22T18:00,,23.2,88,0.326,0.283
1985-06-22T19:00,,23.2,88,0.326,0.283
1985-06-22T20:00,,22.9,89,0.325,0.283
1985-06-22T21:00,,22.7,91,0.325,0.283
1985-06-22T22:00,,22.5,92,0.325,0.283
1985-06-22T23:00,,22.4,92,0.325,0.283
1985-06-23T00:00,,22.3,93,0.325,0.283
1985-06-23T01:00,,22.4,92,0.325,0.283
1985-06-23T02:00,,23.2,87,0.325,0.283
1985-06-23T03:00,,24.6,79,0.325,0.283
1985-06-23T04:00,,26.4,70,0.325,0.283
1985-06-23T05:00,,27.7,64,0.325,0.283
1985-06-23T06:00,,28.7,60,0.324,0.283
1985-06-23T07:00,,29.6,55,0.323,0.283
1985-06-23T08:00,,30.4,53,0.324,0.283
1985-06-23T09:00,,30.6,53,0.323,0.283
1985-06-23T10:00,,30.6,54,0.322,0.283
1985-06-23T11:00,,29.3,58,0.323,0.283
1985-06-23T12:00,,28.9,59,0.323,0.283
1985-06-23T13:00,,27.9,64,0.323,0.283
1985-06-23T14:00,,26.5,72,0.323,0.283
1985-06-23T15:00,,25.6,77,0.322,0.283
1985-06-23T16:00,,25.0,81,0.322,0.283
1985-06-23T17:00,,24.5,84,0.322,0.283
1985-06-23T18:00,,24.0,86,0.322,0.283
1985-06-23T19:00,,23.8,88,0.322,0.283
1985-06-23T20:00,,23.4,90,0.322,0.283
1985-06-23T21:00,,23.2,92,0.322,0.283
1985-06-23T22:00,,23.0,93,0.322,0.283
1985-06-23T23:00,,22.9,94,0.322,0.283
1985-06-24T00:00,,22.8,94,0.322,0.283
1985-06-24T01:00,,22.7,95,0.322,0.283
1985-06-24T02:00,,23.4,90,0.322,0.283
1985-06-24T03:00,,25.0,79,0.322,0.283
1985-06-24T04:00,,26.6,69,0.322,0.283
1985-06-24T05:00,,28.0,63,0.321,0.283
1985-06-24T06:00,,29.3,57,0.32,0.283
1985-06-24T07:00,,30.7,52,0.319,0.283
1985-06-24T08:00,,31.0,52,0.318,0.283
1985-06-24T09:00,,30.1,56,0.32,0.283
1985-06-24T10:00,,29.9,58,0.32,0.283
1985-06-24T11:00,,29.7,59,0.32,0.283
1985-06-24T12:00,,28.7,64,0.319,0.283
1985-06-24T13:00,,27.6,68,0.319,0.283
1985-06-24T14:00,,26.4,72,0.319,0.283
1985-06-24T15:00,,25.5,76,0.319,0.283
1985-06-24T16:00,,25.0,80,0.319,0.283
1985-06-24T17:00,,24.5,83,0.318,0.283
1985-06-24T18:00,,24.3,86,0.318,0.283
1985-06-24T19:00,,24.1,88,0.318,0.283
1985-06-24T20:00,,23.7,91,0.319,0.283
1985-06-24T21:00,,23.5,92,0.319,0.283
1985-06-24T22:00,,23.5,92,0.319,0.283
1985-06-24T23:00,,23.4,92,0.32,0.283
1985-06-25T00:00,,23.2,93,0.32,0.283
1985-06-25T01:00,,23.1,94,0.32,0.283
1985-06-25T02:00,,23.6,90,0.321,0.283
1985-06-25T03:00,,24.8,82,0.322,0.283
1985-06-25T04:00,,26.1,74,0.321,0.283
1985-06-25T05:00,,27.1,67,0.321,0.283
1985-06-25T06:00,,28.2,62,0.32,0.283
1985-06-25T07:00,,26.3,84,0.327,0.283
1985-06-25T08:00,,27.1,76,0.328,0.283
1985-06-25T09:00,,27.2,73,0.329,0.283
1985-06-25T10:00,,27.2,72,0.328,0.283
1985-06-25T11:00,,26.7,73,0.328,0.283
1985-06-25T12:00,,26.2,76,0.328,0.283
1985-06-25T13:00,,25.6,79,0.328,0.283
1985-06-25T14:00,,24.9,83,0.328,0.283
1985-06-25T15:00,,24.4,87,0.327,0.283
1985-06-25T16:00,,24.1,89,0.327,0.283
1985-06-25T17:00,,23.9,91,0.328,0.283
1985-06-25T18:00,,23.8,92,0.328,0.283
1985-06-25T19:00,,23.4,93,0.328,0.283
1985-06-25T20:00,,23.3,94,0.329,0.283
1985-06-25T21:00,,23.3,94,0.33,0.283
1985-06-25T22:00,,23.1,94,0.331,0.283
1985-06-25T23:00,,23.0,95,0.332,0.283
1985-06-26T00:00,,22.9,95,0.333,0.283
1985-06-26T01:00,,23.0,95,0.334,0.283
1985-06-26T02:00,,23.2,94,0.336,0.283
1985-06-26T03:00,,24.0,86,0.337,0.283
1985-06-26T04:00,,25.1,79,0.336,0.283
1985-06-26T05:00,,26.1,72,0.336,0.283
1985-06-26T06:00,,26.8,67,0.335,0.283
1985-06-26T07:00,,28.4,62,0.336,0.283
1985-06-26T08:00,,28.5,62,0.335,0.283
1985-06-26T09:00,,28.2,63,0.336,0.283
1985-06-26T10:00,,27.6,66,0.336,0.283
1985-06-26T11:00,,27.2,67,0.336,0.283
1985-06-26T12:00,,26.4,71,0.336,0.283
1985-06-26T13:00,,25.8,74,0.336,0.283
1985-06-26T14:00,,25.1,79,0.336,0.283
1985-06-26T15:00,,24.6,82,0.335,0.283
1985-06-26T16:00,,24.2,85,0.335,0.283
1985-06-26T17:00,,24.1,88,0.335,0.283
1985-06-26T18:00,,23.8,90,0.335,0.283
1985-06-26T19:00,,23.8,90,0.336,0.283
1985-06-26T20:00,,23.5,93,0.336,0.283
1985-06-26T21:00,,23.3,94,0.338,0.283
1985-06-26T22:00,,23.1,95,0.339,0.283
1985-06-26T23:00,,22.8,96,0.34,0.283
1985-06-27T00:00,,22.6,96,0.341,0.283
1985-06-27T01:00,,22.6,96,0.342,0.284
1985-06-27T02:00,,23.1,92,0.344,0.284
1985-06-27T03:00,,23.4,89,0.347,0.284
1985-06-27T04:00,,23.9,86,0.348,0.284
1985-06-27T05:00,,24.6,81,0.349,0.284
1985-06-27T06:00,,24.7,82,0.35,0.284
1985-06-27T07:00,,26.8,68,0.35,0.284
1985-06-27T08:00,,26.8,68,0.35,0.284
1985-06-27T09:00,,26.7,69,0.35,0.284
1985-06-27T10:00,,27.5,64,0.35,0.284
1985-06-27T11:00,,27.2,65,0.349,0.284
1985-06-27T12:00,,26.7,68,0.349,0.284
1985-06-27T13:00,,25.7,74,0.349,0.284
1985-06-27T14:00,,24.9,80,0.349,0.284
1985-06-27T15:00,,24.3,84,0.348,0.284
1985-06-27T16:00,,23.9,88,0.348,0.284
1985-06-27T17:00,,23.6,90,0.348,0.284
1985-06-27T18:00,,23.4,92,0.349,0.284
1985-06-27T19:00,,23.1,93,0.349,0.284
1985-06-27T20:00,,23.0,94,0.351,0.284
1985-06-27T21:00,,22.9,95,0.352,0.284
1985-06-27T22:00,,22.7,96,0.354,0.284
1985-06-27T23:00,,22.4,96,0.357,0.284
1985-06-28T00:00,,22.1,97,0.359,0.284
1985-06-28T01:00,,22.1,97,0.36,0.284
1985-06-28T02:00,,22.4,96,0.362,0.284
1985-06-28T03:00,,23.6,89,0.364,0.284
1985-06-28T04:00,,24.7,82,0.366,0.284
1985-06-28T05:00,,26.5,71,0.363,0.284
1985-06-28T06:00,,27.4,67,0.363,0.285
1985-06-28T07:00,,27.5,68,0.365,0.285
1985-06-28T08:00,,27.7,67,0.366,0.285
1985-06-28T09:00,,28.5,63,0.367,0.285
1985-06-28T10:00,,27.9,65,0.367,0.285
1985-06-28T11:00,,27.4,67,0.366,0.285
1985-06-28T12:00,,26.8,70,0.366,0.285
1985-06-28T13:00,,26.1,72,0.366,0.285
1985-06-28T14:00,,24.9,80,0.366,0.285
1985-06-28T15:00,,24.0,87,0.367,0.285
1985-06-28T16:00,,23.5,90,0.367,0.285
1985-06-28T17:00,,23.2,92,0.368,0.285
1985-06-28T18:00,,22.9,93,0.369,0.285
1985-06-28T19:00,,22.9,94,0.37,0.285
1985-06-28T20:00,,22.8,95,0.372,0.285
1985-06-28T21:00,,22.5,96,0.374,0.285
1985-06-28T22:00,,22.3,97,0.379,0.285
1985-06-28T23:00,,22.1,98,0.381,0.286
1985-06-29T00:00,,22.2,97,0.386,0.286
1985-06-29T01:00,,22.1,97,0.389,0.286
1985-06-29T02:00,,22.5,95,0.392,0.286
1985-06-29T03:00,,23.2,91,0.395,0.286
1985-06-29T04:00,,24.9,79,0.393,0.286
1985-06-29T05:00,,26.3,71,0.391,0.286
1985-06-29T06:00,,27.3,66,0.392,0.287
1985-06-29T07:00,,28.4,61,0.391,0.287
1985-06-29T08:00,,28.5,61,0.391,0.287
1985-06-29T09:00,,28.2,63,0.391,0.287
1985-06-29T10:00,,27.9,65,0.391,0.287
1985-06-29T11:00,,27.3,67,0.392,0.287
1985-06-29T12:00,,26.6,72,0.392,0.287
1985-06-29T13:00,,25.8,77,0.392,0.287
1985-06-29T14:00,,24.8,83,0.392,0.288
1985-06-29T15:00,,24.0,88,0.392,0.288
1985-06-29T16:00,,23.6,90,0.392,0.288
1985-06-29T17:00,,23.4,90,0.393,0.288
1985-06-29T18:00,,23.1,92,0.393,0.288
1985-06-29T19:00,,23.0,92,0.393,0.288
1985-06-29T20:00,,22.8,92,0.393,0.288
1985-06-29T21:00,,22.6,94,0.393,0.289
1985-06-29T22:00,,22.4,95,0.394,0.289
1985-06-29T23:00,,22.4,95,0.395,0.289
1985-06-30T00:00,,22.4,95,0.395,0.289
1985-06-30T01:00,,22.3,96,0.395,0.289
1985-06-30T02:00,,22.8,93,0.396,0.289
1985-06-30T03:00,,24.1,84,0.396,0.29
1985-06-30T04:00,,25.8,74,0.394,0.29
1985-06-30T05:00,,26.6,69,0.394,0.29
1985-06-30T06:00,,27.4,65,0.393,0.29
1985-06-30T07:00,,28.1,63,0.392,0.29
1985-06-30T08:00,,28.6,61,0.392,0.29
1985-06-30T09:00,,28.8,60,0.391,0.29
1985-06-30T10:00,,28.5,61,0.391,0.29
1985-06-30T11:00,,27.9,63,0.39,0.291
1985-06-30T12:00,,26.9,68,0.39,0.291
1985-06-30T13:00,,26.1,72,0.39,0.291
1985-06-30T14:00,,25.1,79,0.389,0.291
1985-06-30T15:00,,24.2,85,0.389,0.291
1985-06-30T16:00,,23.7,87,0.389,0.291
1985-06-30T17:00,,23.3,89,0.389,0.291
1985-06-30T18:00,,22.9,92,0.389,0.291
1985-06-30T19:00,,22.9,92,0.39,0.292
1985-06-30T20:00,,22.8,92,0.39,0.292
1985-06-30T21:00,,22.6,94,0.39,0.292
1985-06-30T22:00,,22.4,94,0.391,0.292
1985-06-30T23:00,,22.3,94,0.391,0.292
1985-07-01T00:00,,22.1,95,0.392,0.292
1985-07-01T01:00,,22.1,95,0.392,0.292
1985-07-01T02:00,,22.5,92,0.392,0.292
1985-07-01T03:00,,23.3,86,0.392,0.293
1985-07-01T04:00,,24.9,76,0.391,0.293
1985-07-01T05:00,,26.5,69,0.389,0.293
1985-07-01T06:00,,27.3,65,0.388,0.293
1985-07-01T07:00,,28.2,61,0.388,0.293
1985-07-01T08:00,,28.3,60,0.389,0.293
1985-07-01T09:00,,28.1,61,0.389,0.293
1985-07-01T10:00,,28.3,61,0.389,0.293
1985-07-01T11:00,,27.5,64,0.389,0.293
1985-07-01T12:00,,26.6,69,0.389,0.293
1985-07-01T13:00,,25.4,75,0.389,0.294
1985-07-01T14:00,,24.3,82,0.389,0.294
1985-07-01T15:00,,23.4,87,0.389,0.294
1985-07-01T16:00,,22.9,90,0.39,0.294
1985-07-01T17:00,,22.8,91,0.39,0.294
1985-07-01T18:00,,22.4,94,0.39,0.294
1985-07-01T19:00,,22.5,93,0.391,0.294
1985-07-01T20:00,,22.2,95,0.391,0.294
1985-07-01T21:00,,21.8,96,0.391,0.294
1985-07-01T22:00,,21.9,96,0.393,0.295
1985-07-01T23:00,,21.8,97,0.393,0.295
1985-07-02T00:00,,21.8,96,0.397,0.295
1985-07-02T01:00,,21.7,98,0.399,0.295
1985-07-02T02:00,,21.9,97,0.402,0.295
1985-07-02T03:00,,22.5,94,0.404,0.295
1985-07-02T04:00,,23.9,86,0.405,0.296
1985-07-02T05:00,,25.1,79,0.404,0.296
1985-07-02T06:00,,24.9,78,0.405,0.296
1985-07-02T07:00,,26.7,69,0.406,0.296
1985-07-02T08:00,,26.8,71,0.41,0.296
1985-07-02T09:00,,27.3,70,0.414,0.297
1985-07-02T10:00,,26.5,73,0.418,0.297
1985-07-02T11:00,,25.7,74,0.418,0.297
1985-07-02T12:00,,25.5,75,0.418,0.297
1985-07-02T13:00,,24.6,79,0.418,0.298
1985-07-02T14:00,,23.7,85,0.417,0.298
1985-07-02T15:00,,23.2,88,0.417,0.298
1985-07-02T16:00,,22.8,91,0.416,0.299
1985-07-02T17:00,,22.6,93,0.415,0.299
1985-07-02T18:00,,22.5,95,0.416,0.299
1985-07-02T19:00,,22.7,91,0.416,0.299
1985-07-02T20:00,,22.5,93,0.417,0.3
1985-07-02T21:00,,22.2,95,0.417,0.3
1985-07-02T22:00,,22.0,95,0.416,0.3
1985-07-02T23:00,,21.9,96,0.416,0.301
1985-07-03T00:00,,21.7,97,0.416,0.301
1985-07-03T01:00,,21.8,97,0.42,0.301
1985-07-03T02:00,,22.1,95,0.422,0.301
1985-07-03T03:00,,22.6,93,0.423,0.302
1985-07-03T04:00,,24.0,84,0.423,0.302
1985-07-03T05:00,,24.4,82,0.424,0.302
1985-07-03T06:00,,25.2,77,0.423,0.303
1985-07-03T07:00,,26.7,67,0.421,0.303
1985-07-03T08:00,,26.8,68,0.421,0.303
1985-07-03T09:00,,27.1,67,0.421,0.304
1985-07-03T10:00,,26.9,68,0.421,0.304
1985-07-03T11:00,,26.7,69,0.421,0.304
1985-07-03T12:00,,26.0,73,0.42,0.304
1985-07-03T13:00,,24.9,79,0.419,0.305
1985-07-03T14:00,,23.9,85,0.419,0.305
1985-07-03T15:00,,23.4,89,0.418,0.305
1985-07-03T16:00,,23.1,91,0.418,0.306
1985-07-03T17:00,,22.8,93,0.417,0.306
1985-07-03T18:00,,22.6,94,0.418,0.306
1985-07-03T19:00,,22.7,92,0.419,0.306
1985-07-03T20:00,,22.2,96,0.421,0.307
1985-07-03T21:00,,22.2,97,0.422,0.307
1985-07-03T22:00,,22.0,98,0.422,0.307
1985-07-03T23:00,,22.2,97,0.421,0.308
1985-07-04T00:00,,22.0,98,0.422,0.308
1985-07-04T01:00,,22.1,98,0.425,0.308
1985-07-04T02:00,,22.4,96,0.426,0.309
1985-07-04T03:00,,22.9,93,0.427,0.309
1985-07-04T04:00,,24.7,81,0.426,0.309
1985-07-04T05:00,,25.8,73,0.424,0.31
1985-07-04T06:00,,26.7,69,0.422,0.31
1985-07-04T07:00,,27.8,64,0.422,0.31
1985-07-04T08:00,,27.8,64,0.422,0.31
1985-07-04T09:00,,27.5,66,0.422,0.311
1985-07-04T10:00,,26.6,71,0.424,0.311
1985-07-04T11:00,,26.6,71,0.423,0.311
1985-07-04T12:00,,26.2,72,0.422,0.311
1985-07-04T13:00,,25.4,77,0.421,0.312
1985-07-04T14:00,,24.6,81,0.42,0.312
1985-07-04T15:00,,23.8,86,0.419,0.312
1985-07-04T16:00,,23.3,89,0.418,0.313
1985-07-04T17:00,,23.0,91,0.418,0.313
1985-07-04T18:00,,22.7,92,0.417,0.313
1985-07-04T19:00,,22.5,93,0.417,0.313
1985-07-04T20:00,,22.2,94,0.417,0.314
1985-07-04T21:00,,22.2,94,0.417,0.314
1985-07-04T22:00,,22.0,96,0.418,0.314
1985-07-04T23:00,,22.0,96,0.418,0.314
1985-07-05T00:00,,21.9,97,0.418,0.315
1985-07-05T01:00,,22.0,96,0.417,0.315
1985-07-05T02:00,,22.3,93,0.417,0.315
1985-07-05T03:00,,22.8,90,0.417,0.315
1985-07-05T04:00,,24.0,81,0.417,0.316
1985-07-05T05:00,,25.3,75,0.415,0.316
1985-07-05T06:00,,26.1,71,0.415,0.316
1985-07-05T07:00,,27.0,67,0.414,0.316
1985-07-05T08:00,,27.6,64,0.414,0.316
1985-07-05T09:00,,27.8,63,0.413,0.316
1985-07-05T10:00,,27.3,65,0.413,0.317
1985-07-05T11:00,,26.7,69,0.414,0.317
1985-07-05T12:00,,26.1,72,0.414,0.317
1985-07-05T13:00,,25.2,77,0.414,0.317
1985-07-05T14:00,,24.3,82,0.413,0.317
1985-07-05T15:00,,23.7,86,0.412,0.318
1985-07-05T16:00,,23.2,88,0.412,0.318
1985-07-05T17:00,,22.9,90,0.411,0.318
1985-07-05T18:00,,22.8,91,0.412,0.318
1985-07-05T19:00,,22.7,90,0.412,0.318
1985-07-05T20:00,,22.3,93,0.411,0.318
1985-07-05T21:00,,22.2,93,0.411,0.319
1985-07-05T22:00,,22.2,93,0.411,0.319
1985-07-05T23:00,,22.2,92,0.41,0.319
1985-07-06T00:00,,22.2,94,0.41,0.319
1985-07-06T01:00,,22.3,94,0.411,0.319
1985-07-06T02:00,,22.6,93,0.412,0.32
1985-07-06T03:00,,23.2,88,0.412,0.32
1985-07-06T04:00,,24.0,82,0.412,0.32
1985-07-06T05:00,,25.0,76,0.413,0.32
1985-07-06T06:00,,26.2,71,0.411,0.32
1985-07-06T07:00,,26.8,67,0.411,0.32
1985-07-06T08:00,,27.8,63,0.41,0.32
1985-07-06T09:00,,28.1,62,0.41,0.321
1985-07-06T10:00,,27.7,65,0.409,0.321
1985-07-06T11:00,,27.2,67,0.409,0.321
1985-07-06T12:00,,26.1,72,0.408,0.321
1985-07-06T13:00,,25.3,75,0.407,0.321
1985-07-06T14:00,,24.3,81,0.406,0.321
1985-07-06T15:00,,23.6,85,0.406,0.321
1985-07-06T16:00,,23.2,88,0.405,0.322
1985-07-06T17:00,,23.0,89,0.405,0.322
1985-07-06T18:00,,22.7,91,0.404,0.322
1985-07-06T19:00,,23.1,89,0.404,0.322
1985-07-06T20:00,,22.8,91,0.404,0.322
1985-07-06T21:00,,22.7,92,0.403,0.322
1985-07-06T22:00,,22.6,91,0.403,0.322
1985-07-06T23:00,,22.5,92,0.403,0.323
1985-07-07T00:00,,22.6,92,0.403,0.323
1985-07-07T01:00,,22.6,92,0.402,0.323
1985-07-07T02:00,,22.7,92,0.402,0.323
1985-07-07T03:00,,23.3,87,0.402,0.323
1985-07-07T04:00,,24.0,82,0.402,0.323
1985-07-07T05:00,,25.1,77,0.402,0.323
1985-07-07T06:00,,25.9,73,0.401,0.323
1985-07-07T07:00,,27.0,68,0.401,0.323
1985-07-07T08:00,,27.4,67,0.401,0.323
1985-07-07T09:00,,27.2,67,0.401,0.323
1985-07-07T10:00,,27.3,67,0.401,0.324
1985-07-07T11:00,,26.7,71,0.4,0.324
1985-07-07T12:00,,26.1,73,0.4,0.324
1985-07-07T13:00,,25.2,78,0.4,0.324
1985-07-07T14:00,,24.2,84,0.4,0.324
1985-07-07T15:00,,23.4,90,0.4,0.324
1985-07-07T16:00,,23.3,92,0.4,0.324
1985-07-07T17:00,,23.1,94,0.401,0.324
1985-07-07T18:00,,22.8,97,0.403,0.324
1985-07-07T19:00,,22.8,96,0.404,0.324
1985-07-07T20:00,,22.5,97,0.406,0.325
1985-07-07T21:00,,22.4,97,0.406,0.325
1985-07-07T22:00,,22.2,97,0.408,0.325
1985-07-07T23:00,,22.2,98,0.409,0.325
1985-07-08T00:00,,22.1,97,0.412,0.325
1985-07-08T01:00,,22.2,98,0.413,0.325
1985-07-08T02:00,,22.4,97,0.416,0.326
1985-07-08T03:00,,22.8,94,0.417,0.326
1985-07-08T04:00,,24.6,82,0.416,0.326
1985-07-08T05:00,,25.8,75,0.414,0.326
1985-07-08T06:00,,26.9,70,0.413,0.326
1985-07-08T07:00,,27.3,67,0.413,0.326
1985-07-08T08:00,,27.9,65,0.412,0.327
1985-07-08T09:00,,27.9,65,0.411,0.327
1985-07-08T10:00,,27.8,66,0.411,0.327
1985-07-08T11:00,,27.0,70,0.412,0.327
1985-07-08T12:00,,26.2,74,0.413,0.327
1985-07-08T13:00,,25.3,78,0.413,0.327
1985-07-08T14:00,,24.2,85,0.413,0.327
1985-07-08T15:00,,23.6,90,0.413,0.328
1985-07-08T16:00,,23.4,92,0.413,0.328
1985-07-08T17:00,,23.2,94,0.414,0.328
1985-07-08T18:00,,23.1,95,0.414,0.328
1985-07-08T19:00,,23.0,95,0.415,0.328
1985-07-08T20:00,,22.7,96,0.417,0.328
1985-07-08T21:00,,22.6,96,0.419,0.329
1985-07-08T22:00,,22.3,96,0.421,0.329
1985-07-08T23:00,,22.4,96,0.423,0.329
1985-07-09T00:00,,22.3,96,0.425,0.329
1985-07-09T01:00,,22.3,96,0.426,0.33
1985-07-09T02:00,,22.6,95,0.428,0.33
1985-07-09T03:00,,23.5,89,0.431,0.33
1985-07-09T04:00,,24.8,80,0.429,0.331
1985-07-09T05:00,,25.9,74,0.427,0.331
1985-07-09T06:00,,27.0,68,0.427,0.331
1985-07-09T07:00,,27.4,65,0.427,0.331
1985-07-09T08:00,,28.2,61,0.426,0.332
1985-07-09T09:00,,28.4,60,0.424,0.332
1985-07-09T10:00,,27.9,63,0.423,0.332
1985-07-09T11:00,,27.4,65,0.423,0.332
1985-07-09T12:00,,26.6,70,0.423,0.332
1985-07-09T13:00,,25.6,76,0.423,0.333
1985-07-09T14:00,,24.4,84,0.422,0.333
1985-07-09T15:00,,23.7,89,0.423,0.333
1985-07-09T16:00,,23.3,92,0.424,0.333
1985-07-09T17:00,,23.0,94,0.424,0.334
1985-07-09T18:00,,22.8,96,0.425,0.334
1985-07-09T19:00,,22.8,95,0.425,0.334
1985-07-09T20:00,,22.5,95,0.427,0.334
1985-07-09T21:00,,22.5,95,0.428,0.335
1985-07-09T22:00,,22.3,96,0.429,0.335
1985-07-09T23:00,,22.2,96,0.43,0.335
1985-07-10T00:00,,22.2,96,0.43,0.335
1985-07-10T01:00,,22.3,96,0.43,0.336
1985-07-10T02:00,,22.7,94,0.43,0.336
1985-07-10T03:00,,23.5,87,0.431,0.336
1985-07-10T04:00,,24.8,80,0.43,0.337
1985-07-10T05:00,,26.3,72,0.428,0.337
1985-07-10T06:00,,26.8,68,0.427,0.337
1985-07-10T07:00,,27.8,63,0.425,0.337
1985-07-10T08:00,,28.0,62,0.424,0.337
1985-07-10T09:00,,28.0,61,0.422,0.338
1985-07-10T10:00,,27.6,63,0.421,0.338
1985-07-10T11:00,,27.1,65,0.421,0.338
1985-07-10T12:00,,26.3,70,0.42,0.338
1985-07-10T13:00,,25.5,75,0.42,0.338
1985-07-10T14:00,,24.5,81,0.419,0.338
1985-07-10T15:00,,23.8,86,0.419,0.339
1985-07-10T16:00,,23.3,90,0.419,0.339
1985-07-10T17:00,,23.0,92,0.419,0.339
1985-07-10T18:00,,22.8,94,0.419,0.339
1985-07-10T19:00,,23.0,93,0.419,0.339
1985-07-10T20:00,,22.8,94,0.419,0.34
1985-07-10T21:00,,22.6,95,0.419,0.34
1985-07-10T22:00,,22.4,96,0.419,0.34
1985-07-10T23:00,,22.3,96,0.419,0.34
1985-07-11T00:00,,22.2,96,0.419,0.34
1985-07-11T01:00,,22.2,96,0.419,0.341
1985-07-11T02:00,,22.6,93,0.42,0.341
1985-07-11T03:00,,23.6,86,0.42,0.341
1985-07-11T04:00,,24.9,78,0.419,0.341
1985-07-11T05:00,,26.4,70,0.418,0.341
1985-07-11T06:00,,27.5,65,0.417,0.341
1985-07-11T07:00,,28.2,61,0.415,0.341
1985-07-11T08:00,,28.8,58,0.413,0.341
1985-07-11T09:00,,28.8,59,0.412,0.341
1985-07-11T10:00,,28.4,60,0.411,0.341
1985-07-11T11:00,,27.7,64,0.411,0.341
1985-07-11T12:00,,27.1,66,0.41,0.341
1985-07-11T13:00,,26.1,71,0.409,0.342
1985-07-11T14:00,,25.1,78,0.409,0.342
1985-07-11T15:00,,24.4,83,0.409,0.342
1985-07-11T16:00,,23.9,86,0.409,0.342
1985-07-11T17:00,,23.5,88,0.408,0.342
1985-07-11T18:00,,23.2,90,0.408,0.342
1985-07-11T19:00,,23.1,89,0.407,0.342
1985-07-11T20:00,,23.0,89,0.407,0.342
1985-07-11T21:00,,22.8,90,0.407,0.342
1985-07-11T22:00,,22.6,91,0.407,0.343
1985-07-11T23:00,,22.5,92,0.408,0.343
1985-07-12T00:00,,22.3,92,0.409,0.343
1985-07-12T01:00,,22.1,93,0.409,0.343
1985-07-12T02:00,,22.3,93,0.41,0.343
1985-07-12T03:00,,22.7,90,0.41,0.343
1985-07-12T04:00,,23.8,83,0.41,0.343
1985-07-12T05:00,,25.3,75,0.409,0.343
1985-07-12T06:00,,26.3,70,0.408,0.343
1985-07-12T07:00,,26.7,69,0.408,0.343
1985-07-12T08:00,,26.6,70,0.409,0.343
1985-07-12T09:00,,27.0,68,0.41,0.343
1985-07-12T10:00,,26.7,71,0.411,0.344
1985-07-12T11:00,,26.3,72,0.41,0.344
1985-07-12T12:00,,25.6,75,0.41,0.344
1985-07-12T13:00,,24.9,79,0.409,0.344
1985-07-12T14:00,,24.4,82,0.409,0.344
1985-07-12T15:00,,23.8,86,0.409,0.344
1985-07-12T16:00,,23.4,89,0.408,0.344
1985-07-12T17:00,,23.0,91,0.408,0.344
1985-07-12T18:00,,22.8,92,0.407,0.344
1985-07-12T19:00,,22.6,92,0.407,0.345
1985-07-12T20:00,,22.3,93,0.407,0.345
1985-07-12T21:00,,22.1,95,0.407,0.345
1985-07-12T22:00,,22.0,95,0.407,0.345
1985-07-12T23:00,,22.0,95,0.407,0.345
1985-07-13T00:00,,21.9,95,0.407,0.345
1985-07-13T01:00,,22.0,94,0.407,0.345
1985-07-13T02:00,,22.2,93,0.407,0.345
1985-07-13T03:00,,22.7,89,0.408,0.345
1985-07-13T04:00,,23.1,86,0.409,0.345
1985-07-13T05:00,,24.5,78,0.409,0.346
1985-07-13T06:00,,25.0,77,0.411,0.346
1985-07-13T07:00,,25.4,76,0.411,0.346
1985-07-13T08:00,,25.8,74,0.411,0.346
1985-07-13T09:00,,26.5,69,0.411,0.346
1985-07-13T10:00,,27.1,65,0.411,0.346
1985-07-13T11:00,,26.3,69,0.41,0.346
1985-07-13T12:00,,25.7,73,0.41,0.346
1985-07-13T13:00,,24.6,79,0.409,0.346
1985-07-13T14:00,,23.5,85,0.409,0.346
1985-07-13T15:00,,23.0,89,0.409,0.346
1985-07-13T16:00,,22.7,91,0.409,0.346
1985-07-13T17:00,,22.3,92,0.409,0.347
1985-07-13T18:00,,22.1,93,0.408,0.347
1985-07-13T19:00,,22.3,93,0.408,0.347
1985-07-13T20:00,,22.1,94,0.408,0.347
1985-07-13T21:00,,22.1,93,0.409,0.347
1985-07-13T22:00,,22.0,94,0.409,0.347
1985-07-13T23:00,,21.8,95,0.41,0.347
1985-07-14T00:00,,21.7,95,0.413,0.347
1985-07-14T01:00,,21.5,96,0.418,0.348
1985-07-14T02:00,,21.5,97,0.42,0.348
1985-07-14T03:00,,22.5,94,0.42,0.348
1985-07-14T04:00,,23.4,90,0.419,0.348
1985-07-14T05:00,,24.9,81,0.419,0.348
1985-07-14T06:00,,25.8,76,0.418,0.348
1985-07-14T07:00,,26.2,73,0.416,0.348
1985-07-14T08:00,,26.4,72,0.416,0.348
1985-07-14T09:00,,26.8,70,0.415,0.348
1985-07-14T10:00,,27.1,68,0.414,0.348
1985-07-14T11:00,,26.6,70,0.414,0.348
1985-07-14T12:00,,26.0,71,0.414,0.348
1985-07-14T13:00,,25.0,76,0.414,0.348
1985-07-14T14:00,,24.3,80,0.413,0.349
1985-07-14T15:00,,23.5,84,0.413,0.349
1985-07-14T16:00,,23.1,86,0.412,0.349
1985-07-14T17:00,,22.8,88,0.412,0.349
1985-07-14T18:00,,22.6,89,0.411,0.349
1985-07-14T19:00,,22.2,92,0.411,0.349
1985-07-14T20:00,,22.1,92,0.411,0.349
1985-07-14T21:00,,22.1,92,0.41,0.349
1985-07-14T22:00,,21.9,93,0.41,0.35
1985-07-14T23:00,,21.9,93,0.409,0.35
1985-07-15T00:00,,21.8,94,0.409,0.35
1985-07-15T01:00,,21.7,94,0.409,0.35
1985-07-15T02:00,,22.1,91,0.408,0.35
1985-07-15T03:00,,23.2,85,0.408,0.35
1985-07-15T04:00,,24.2,79,0.407,0.35
1985-07-15T05:00,,25.4,75,0.406,0.35
1985-07-15T06:00,,26.3,72,0.404,0.35
1985-07-15T07:00,,25.7,79,0.404,0.35
1985-07-15T08:00,,26.3,75,0.405,0.35
1985-07-15T09:00,,26.8,71,0.405,0.35
1985-07-15T10:00,,26.6,71,0.405,0.35
1985-07-15T11:00,,26.3,71,0.405,0.35
1985-07-15T12:00,,25.7,74,0.404,0.35
1985-07-15T13:00,,25.0,77,0.404,0.35
1985-07-15T14:00,,24.2,81,0.404,0.35
1985-07-15T15:00,,23.5,85,0.403,0.35
1985-07-15T16:00,,23.1,88,0.403,0.35
1985-07-15T17:00,,22.7,90,0.403,0.35
1985-07-15T18:00,,22.4,93,0.403,0.35
1985-07-15T19:00,,22.0,95,0.405,0.35
1985-07-15T20:00,,21.7,97,0.407,0.351
1985-07-15T21:00,,21.5,98,0.408,0.351
1985-07-15T22:00,,21.3,96,0.41,0.351
1985-07-15T23:00,,21.2,96,0.413,0.351
1985-07-16T00:00,,21.1,96,0.417,0.351
1985-07-16T01:00,,21.2,98,0.419,0.351
1985-07-16T02:00,,21.6,97,0.424,0.351
1985-07-16T03:00,,21.7,97,0.438,0.352
1985-07-16T04:00,,22.6,94,0.451,0.352
1985-07-16T05:00,,23.1,94,0.467,0.353
1985-07-16T06:00,,23.2,92,0.5,0.354
1985-07-16T07:00,,24.8,83,0.442,0.383
1985-07-16T08:00,,24.5,87,0.458,0.384
1985-07-16T09:00,,24.7,87,0.458,0.385
1985-07-16T10:00,,22.7,94,0.495,0.387
1985-07-16T11:00,,22.9,98,0.48,0.394
1985-07-16T12:00,,22.5,99,0.483,0.395
1985-07-16T13:00,,22.2,99,0.484,0.397
1985-07-16T14:00,,21.9,98,0.487,0.399
1985-07-16T15:00,,21.7,99,0.487,0.4
1985-07-16T16:00,,21.7,99,0.495,0.402
1985-07-16T17:00,,21.7,99,0.498,0.405
1985-07-16T18:00,,21.7,99,0.505,0.408
1985-07-16T19:00,,21.7,99,0.498,0.412
1985-07-16T20:00,,21.7,98,0.495,0.415
1985-07-16T21:00,,21.7,98,0.493,0.417
1985-07-16T22:00,,21.7,98,0.491,0.418
1985-07-16T23:00,,21.6,99,0.491,0.42
1985-07-17T00:00,,21.6,99,0.491,0.421
1985-07-17T01:00,,21.6,98,0.495,0.423
1985-07-17T02:00,,21.7,96,0.504,0.425
1985-07-17T03:00,,21.7,97,0.516,0.428
1985-07-17T04:00,,22.0,96,0.47,0.451
1985-07-17T05:00,,22.3,98,0.483,0.454
1985-07-17T06:00,,22.6,96,0.51,0.457
1985-07-17T07:00,,22.8,97,0.477,0.473
1985-07-17T08:00,,22.6,97,0.488,0.476
1985-07-17T09:00,,22.8,98,0.457,0.491
1985-07-17T10:00,,22.2,98,0.477,0.487
1985-07-17T11:00,,22.2,99,0.488,0.485
1985-07-17T12:00,,21.9,98,0.499,0.484
1985-07-17T13:00,,21.7,96,0.508,0.484
1985-07-17T14:00,,21.4,98,0.514,0.485
1985-07-17T15:00,,21.3,98,0.478,0.497
1985-07-17T16:00,,21.3,99,0.445,0.475
1985-07-17T17:00,,21.3,98,0.451,0.475
1985-07-17T18:00,,21.3,98,0.456,0.475
1985-07-17T19:00,,21.6,98,0.46,0.475
1985-07-17T20:00,,21.5,99,0.465,0.475
1985-07-17T21:00,,21.2,98,0.471,0.475
1985-07-17T22:00,,20.9,98,0.475,0.475
1985-07-17T23:00,,20.7,99,0.476,0.476
1985-07-18T00:00,,20.8,99,0.478,0.476
1985-07-18T01:00,,20.8,99,0.478,0.476
1985-07-18T02:00,,20.9,99,0.48,0.476
1985-07-18T03:00,,21.2,98,0.479,0.476
1985-07-18T04:00,,21.8,96,0.478,0.475
1985-07-18T05:00,,22.0,96,0.478,0.475
1985-07-18T06:00,,22.5,94,0.477,0.475
1985-07-18T07:00,,23.6,85,0.479,0.474
1985-07-18T08:00,,23.3,84,0.485,0.474
1985-07-18T09:00,,23.1,85,0.486,0.474
1985-07-18T10:00,,23.2,86,0.486,0.474
1985-07-18T11:00,,22.2,90,0.491,0.474
1985-07-18T12:00,,21.8,92,0.491,0.474
1985-07-18T13:00,,21.7,92,0.492,0.474
1985-07-18T14:00,,21.3,96,0.492,0.474
1985-07-18T15:00,,21.2,97,0.494,0.474
1985-07-18T16:00,,21.2,98,0.496,0.474
1985-07-18T17:00,,21.0,98,0.504,0.475
1985-07-18T18:00,,20.7,99,0.511,0.476
1985-07-18T19:00,,21.0,99,0.508,0.478
1985-07-18T20:00,,20.9,99,0.507,0.48
1985-07-18T21:00,,20.9,99,0.506,0.481
1985-07-18T22:00,,20.9,99,0.503,0.482
1985-07-18T23:00,,20.9,99,0.502,0.482
1985-07-19T00:00,,20.8,99,0.501,0.482
1985-07-19T01:00,,20.9,99,0.5,0.483
1985-07-19T02:00,,21.0,99,0.499,0.483
1985-07-19T03:00,,21.0,99,0.5,0.483
1985-07-19T04:00,,21.5,98,0.5,0.483
1985-07-19T05:00,,21.5,98,0.506,0.483
1985-07-19T06:00,,21.8,97,0.512,0.484
1985-07-19T07:00,,21.9,96,0.509,0.486
1985-07-19T08:00,,22.2,91,0.513,0.488
1985-07-19T09:00,,21.8,93,0.516,0.49
1985-07-19T10:00,,22.3,96,0.509,0.493
1985-07-19T11:00,,22.0,97,0.518,0.494
1985-07-19T12:00,,21.8,98,0.488,0.506
1985-07-19T13:00,,21.4,97,0.469,0.491
1985-07-19T14:00,,21.2,98,0.479,0.491
1985-07-19T15:00,,21.1,98,0.443,0.504
1985-07-19T16:00,,21.2,98,0.413,0.479
1985-07-19T17:00,,21.2,98,0.426,0.478
1985-07-19T18:00,,21.2,98,0.432,0.477
1985-07-19T19:00,,21.2,98,0.435,0.476
1985-07-19T20:00,,21.1,98,0.439,0.476
1985-07-19T21:00,,21.0,98,0.444,0.475
1985-07-19T22:00,,21.0,97,0.446,0.474
1985-07-19T23:00,,21.0,97,0.447,0.474
1985-07-20T00:00,,20.9,98,0.448,0.473
1985-07-20T01:00,,20.9,98,0.449,0.472
1985-07-20T02:00,,21.1,97,0.449,0.472
1985-07-20T03:00,,21.7,93,0.45,0.471
1985-07-20T04:00,,22.2,90,0.451,0.471
1985-07-20T05:00,,23.6,83,0.452,0.47
1985-07-20T06:00,,24.7,77,0.453,0.469
1985-07-20T07:00,,25.9,71,0.452,0.469
1985-07-20T08:00,,26.3,69,0.452,0.468
1985-07-20T09:00,,26.8,68,0.452,0.467
1985-07-20T10:00,,26.6,71,0.453,0.467
1985-07-20T11:00,,25.4,75,0.457,0.466
1985-07-20T12:00,,24.8,77,0.459,0.466
1985-07-20T13:00,,24.1,80,0.459,0.466
1985-07-20T14:00,,23.4,84,0.459,0.465
1985-07-20T15:00,,22.8,88,0.459,0.465
1985-07-20T16:00,,22.5,90,0.459,0.465
1985-07-20T17:00,,22.2,92,0.458,0.464
1985-07-20T18:00,,22.0,94,0.458,0.464
1985-07-20T19:00,,22.0,94,0.458,0.464
1985-07-20T20:00,,21.9,94,0.458,0.464
1985-07-20T21:00,,21.8,95,0.458,0.463
1985-07-20T22:00,,21.8,96,0.458,0.463
1985-07-20T23:00,,21.7,96,0.458,0.463
1985-07-21T00:00,,21.7,96,0.458,0.463
1985-07-21T01:00,,21.7,96,0.458,0.462
1985-07-21T02:00,,21.9,95,0.458,0.462
1985-07-21T03:00,,22.5,92,0.458,0.462
1985-07-21T04:00,,23.4,86,0.459,0.461
1985-07-21T05:00,,23.6,84,0.46,0.461
1985-07-21T06:00,,24.9,81,0.459,0.461
1985-07-21T07:00,,25.9,75,0.458,0.46
1985-07-21T08:00,,25.3,75,0.459,0.46
1985-07-21T09:00,,25.9,73,0.459,0.459
1985-07-21T10:00,,26.5,72,0.46,0.459
1985-07-21T11:00,,25.9,73,0.462,0.459
1985-07-21T12:00,,25.4,75,0.464,0.458
1985-07-21T13:00,,24.6,79,0.464,0.458
1985-07-21T14:00,,23.8,84,0.463,0.458
1985-07-21T15:00,,23.3,87,0.463,0.458
1985-07-21T16:00,,22.9,90,0.463,0.458
1985-07-21T17:00,,22.6,91,0.462,0.458
1985-07-21T18:00,,22.3,92,0.462,0.458
1985-07-21T19:00,,22.4,92,0.462,0.457
1985-07-21T20:00,,22.2,93,0.462,0.457
1985-07-21T21:00,,22.1,94,0.461,0.457
1985-07-21T22:00,,22.0,94,0.461,0.457
1985-07-21T23:00,,21.9,94,0.461,0.457
1985-07-22T00:00,,21.8,95,0.461,0.457
1985-07-22T01:00,,21.8,95,0.461,0.457
1985-07-22T02:00,,22.0,94,0.461,0.456
1985-07-22T03:00,,22.9,90,0.461,0.456
1985-07-22T04:00,,23.8,87,0.461,0.456
1985-07-22T05:00,,24.4,86,0.46,0.456
1985-07-22T06:00,,25.2,83,0.459,0.455
1985-07-22T07:00,,26.0,81,0.458,0.455
1985-07-22T08:00,,26.5,79,0.458,0.454
1985-07-22T09:00,,26.9,76,0.458,0.454
1985-07-22T10:00,,25.7,79,0.478,0.454
1985-07-22T11:00,,24.4,82,0.497,0.454
1985-07-22T12:00,,24.1,84,0.496,0.455
1985-07-22T13:00,,23.8,85,0.493,0.456
1985-07-22T14:00,,23.2,88,0.491,0.457
1985-07-22T15:00,,22.9,90,0.488,0.458
1985-07-22T16:00,,22.7,91,0.486,0.458
1985-07-22T17:00,,22.5,92,0.484,0.459
1985-07-22T18:00,,22.2,93,0.483,0.459
1985-07-22T19:00,,21.8,96,0.483,0.459
1985-07-22T20:00,,21.6,97,0.485,0.459
1985-07-22T21:00,,21.6,98,0.487,0.46
1985-07-22T22:00,,21.6,98,0.489,0.46
1985-07-22T23:00,,21.6,98,0.494,0.461
1985-07-23T00:00,,21.5,98,0.503,0.462
1985-07-23T01:00,,21.4,98,0.505,0.463
1985-07-23T02:00,,21.6,99,0.505,0.465
1985-07-23T03:00,,21.8,98,0.503,0.467
1985-07-23T04:00,,22.3,93,0.5,0.468
1985-07-23T05:00,,23.6,85,0.497,0.469
1985-07-23T06:00,,24.8,80,0.494,0.47
1985-07-23T07:00,,26.0,80,0.491,0.47
1985-07-23T08:00,,26.5,78,0.488,0.47
1985-07-23T09:00,,26.9,77,0.486,0.469
1985-07-23T10:00,,26.9,76,0.485,0.469
1985-07-23T11:00,,25.2,80,0.499,0.469
1985-07-23T12:00,,24.6,82,0.503,0.47
1985-07-23T13:00,,24.1,85,0.499,0.472
1985-07-23T14:00,,23.5,89,0.496,0.472
1985-07-23T15:00,,23.0,92,0.494,0.473
1985-07-23T16:00,,22.6,95,0.492,0.473
1985-07-23T17:00,,22.3,96,0.491,0.473
1985-07-23T18:00,,22.2,96,0.489,0.473
1985-07-23T19:00,,22.4,93,0.488,0.473
1985-07-23T20:00,,22.1,94,0.487,0.473
1985-07-23T21:00,,22.0,95,0.486,0.473
1985-07-23T22:00,,22.0,95,0.485,0.473
1985-07-23T23:00,,22.0,95,0.484,0.473
1985-07-24T00:00,,21.9,96,0.483,0.473
1985-07-24T01:00,,21.9,96,0.483,0.473
1985-07-24T02:00,,22.1,96,0.482,0.473
1985-07-24T03:00,,22.5,93,0.482,0.473
1985-07-24T04:00,,23.4,87,0.481,0.472
1985-07-24T05:00,,24.2,83,0.481,0.472
1985-07-24T06:00,,25.3,79,0.48,0.472
1985-07-24T07:00,,25.8,76,0.479,0.471
1985-07-24T08:00,,25.7,75,0.479,0.471
1985-07-24T09:00,,25.1,78,0.507,0.471
1985-07-24T10:00,,25.1,82,0.503,0.473
1985-07-24T11:00,,25.0,82,0.501,0.474
1985-07-24T12:00,,24.3,84,0.502,0.475
1985-07-24T13:00,,23.7,87,0.5,0.476
1985-07-24T14:00,,23.0,91,0.497,0.477
1985-07-24T15:00,,22.7,92,0.495,0.477
1985-07-24T16:00,,22.4,94,0.493,0.477
1985-07-24T17:00,,22.4,94,0.491,0.477
1985-07-24T18:00,,22.3,95,0.49,0.477
1985-07-24T19:00,,22.1,97,0.491,0.477
1985-07-24T20:00,,22.0,96,0.496,0.477
1985-07-24T21:00,,21.7,97,0.495,0.478
1985-07-24T22:00,,21.5,97,0.494,0.478
1985-07-24T23:00,,21.4,97,0.493,0.478
1985-07-25T00:00,,21.4,97,0.491,0.478
1985-07-25T01:00,,21.6,95,0.495,0.478
1985-07-25T02:00,,21.5,96,0.5,0.478
1985-07-25T03:00,,21.9,95,0.506,0.479
1985-07-25T04:00,,22.4,96,0.503,0.48
1985-07-25T05:00,,23.5,92,0.5,0.481
1985-07-25T06:00,,24.8,84,0.498,0.481
1985-07-25T07:00,,23.9,84,0.52,0.482
1985-07-25T08:00,,23.8,87,0.443,0.509
1985-07-25T09:00,,23.7,91,0.453,0.504
1985-07-25T10:00,,24.1,92,0.458,0.501
1985-07-25T11:00,,23.3,89,0.464,0.499
1985-07-25T12:00,,22.5,91,0.471,0.497
1985-07-25T13:00,,22.3,96,0.475,0.496
1985-07-25T14:00,,22.0,96,0.476,0.494
1985-07-25T15:00,,22.0,97,0.477,0.493
1985-07-25T16:00,,22.0,96,0.479,0.492
1985-07-25T17:00,,21.8,97,0.48,0.491
1985-07-25T18:00,,21.8,98,0.481,0.491
1985-07-25T19:00,,21.8,97,0.483,0.49
1985-07-25T20:00,,21.6,98,0.486,0.489
1985-07-25T21:00,,21.4,98,0.49,0.489
1985-07-25T22:00,,21.3,97,0.495,0.488
1985-07-25T23:00,,21.1,98,0.498,0.488
1985-07-26T00:00,,21.0,99,0.499,0.488
1985-07-26T01:00,,21.2,98,0.503,0.488
1985-07-26T02:00,,21.3,97,0.505,0.489
1985-07-26T03:00,,21.4,98,0.505,0.489
1985-07-26T04:00,,21.7,92,0.505,0.49
1985-07-26T05:00,,22.6,88,0.503,0.49
1985-07-26T06:00,,23.6,83,0.501,0.49
1985-07-26T07:00,,24.9,76,0.501,0.49
1985-07-26T08:00,,25.5,76,0.499,0.489
1985-07-26T09:00,,25.9,78,0.497,0.489
1985-07-26T10:00,,24.5,81,0.499,0.489
1985-07-26T11:00,,24.0,83,0.499,0.489
1985-07-26T12:00,,23.6,82,0.499,0.489
1985-07-26T13:00,,23.2,85,0.497,0.488
1985-07-26T14:00,,22.7,88,0.495,0.488
1985-07-26T15:00,,22.3,91,0.494,0.488
1985-07-26T16:00,,22.2,92,0.493,0.488
1985-07-26T17:00,,22.2,93,0.492,0.487
1985-07-26T18:00,,22.0,95,0.491,0.487
1985-07-26T19:00,,22.0,94,0.491,0.486
1985-07-26T20:00,,21.6,96,0.49,0.486
1985-07-26T21:00,,21.5,97,0.49,0.486
1985-07-26T22:00,,21.3,97,0.489,0.485
1985-07-26T23:00,,21.3,97,0.489,0.485
1985-07-27T00:00,,21.3,99,0.488,0.485
1985-07-27T01:00,,21.6,95,0.491,0.484
1985-07-27T02:00,,21.3,97,0.498,0.484
1985-07-27T03:00,,21.9,97,0.5,0.484
1985-07-27T04:00,,22.9,93,0.5,0.485
1985-07-27T05:00,,23.6,86,0.499,0.485
1985-07-27T06:00,,24.9,82,0.496,0.485
1985-07-27T07:00,,25.3,81,0.493,0.485
1985-07-27T08:00,,25.3,81,0.491,0.484
1985-07-27T09:00,,24.5,84,0.493,0.484
1985-07-27T10:00,,23.8,87,0.496,0.484
1985-07-27T11:00,,23.5,87,0.497,0.484
1985-07-27T12:00,,23.3,87,0.496,0.484
1985-07-27T13:00,,22.9,87,0.496,0.484
1985-07-27T14:00,,22.2,93,0.495,0.484
1985-07-27T15:00,,22.1,95,0.494,0.484
1985-07-27T16:00,,22.0,96,0.494,0.484
1985-07-27T17:00,,22.1,95,0.494,0.484
1985-07-27T18:00,,22.0,97,0.493,0.484
1985-07-27T19:00,,21.9,98,0.492,0.483
1985-07-27T20:00,,21.8,97,0.493,0.483
1985-07-27T21:00,,21.7,98,0.493,0.483
1985-07-27T22:00,,21.5,99,0.494,0.483
1985-07-27T23:00,,21.3,99,0.494,0.483
1985-07-28T00:00,,21.4,98,0.493,0.483
1985-07-28T01:00,,21.4,98,0.495,0.483
1985-07-28T02:00,,21.5,98,0.495,0.483
1985-07-28T03:00,,21.7,97,0.496,0.483
1985-07-28T04:00,,22.5,95,0.496,0.483
1985-07-28T05:00,,23.6,88,0.495,0.483
1985-07-28T06:00,,24.0,86,0.494,0.483
1985-07-28T07:00,,24.3,84,0.494,0.483
1985-07-28T08:00,,24.2,85,0.494,0.483
1985-07-28T09:00,,24.3,84,0.495,0.483
1985-07-28T10:00,,23.4,86,0.503,0.483
1985-07-28T11:00,,23.7,90,0.502,0.484
1985-07-28T12:00,,23.4,90,0.502,0.484
1985-07-28T13:00,,22.6,91,0.503,0.485
1985-07-28T14:00,,22.2,93,0.5,0.485
1985-07-28T15:00,,22.0,97,0.499,0.485
1985-07-28T16:00,,22.0,97,0.498,0.485
1985-07-28T17:00,,22.0,98,0.496,0.485
1985-07-28T18:00,,21.9,98,0.495,0.485
1985-07-28T19:00,,21.9,98,0.494,0.485
1985-07-28T20:00,,21.7,97,0.496,0.485
1985-07-28T21:00,,21.5,98,0.496,0.485
1985-07-28T22:00,,21.3,98,0.496,0.485
1985-07-28T23:00,,21.3,96,0.502,0.485
1985-07-29T00:00,,21.3,95,0.503,0.486
1985-07-29T01:00,,21.0,98,0.502,0.486
1985-07-29T02:00,,21.2,96,0.502,0.487
1985-07-29T03:00,,21.7,94,0.501,0.487
1985-07-29T04:00,,22.9,94,0.5,0.487
1985-07-29T05:00,,24.2,88,0.497,0.487
1985-07-29T06:00,,24.4,83,0.496,0.487
1985-07-29T07:00,,24.8,80,0.495,0.486
1985-07-29T08:00,,25.2,80,0.495,0.486
1985-07-29T09:00,,25.4,80,0.495,0.486
1985-07-29T10:00,,24.7,79,0.497,0.486
1985-07-29T11:00,,24.4,80,0.497,0.486
1985-07-29T12:00,,23.6,84,0.498,0.486
1985-07-29T13:00,,22.9,89,0.499,0.486
1985-07-29T14:00,,22.4,92,0.499,0.486
1985-07-29T15:00,,22.2,94,0.497,0.486
1985-07-29T16:00,,22.4,94,0.497,0.486
1985-07-29T17:00,,22.2,95,0.498,0.486
1985-07-29T18:00,,21.9,97,0.499,0.486
1985-07-29T19:00,,21.7,95,0.503,0.486
1985-07-29T20:00,,21.5,97,0.501,0.487
1985-07-29T21:00,,21.5,98,0.5,0.487
1985-07-29T22:00,,21.4,96,0.503,0.487
1985-07-29T23:00,,21.3,99,0.502,0.488
1985-07-30T00:00,,21.3,96,0.504,0.488
1985-07-30T01:00,,21.1,98,0.504,0.489
1985-07-30T02:00,,21.5,98,0.506,0.489
1985-07-30T03:00,,21.9,94,0.51,0.49
1985-07-30T04:00,,22.2,93,0.515,0.491
1985-07-30T05:00,,22.2,97,0.511,0.495
1985-07-30T06:00,,22.2,95,0.513,0.496
1985-07-30T07:00,,23.1,92,0.476,0.509
1985-07-30T08:00,,22.2,94,0.45,0.491
1985-07-30T09:00,,21.9,97,0.461,0.492
1985-07-30T10:00,,22.0,96,0.469,0.492
1985-07-30T11:00,,21.8,96,0.479,0.492
1985-07-30T12:00,,21.9,97,0.482,0.493
1985-07-30T13:00,,21.7,96,0.487,0.492
1985-07-30T14:00,,21.8,98,0.488,0.492
1985-07-30T15:00,,21.7,96,0.491,0.491
1985-07-30T16:00,,21.6,97,0.493,0.491
1985-07-30T17:00,,21.6,98,0.499,0.491
1985-07-30T18:00,,21.8,98,0.503,0.491
1985-07-30T19:00,,21.5,99,0.516,0.492
1985-07-30T20:00,,21.5,97,0.496,0.501
1985-07-30T21:00,,21.4,96,0.439,0.504
1985-07-30T22:00,,21.3,95,0.46,0.5
1985-07-30T23:00,,21.2,98,0.473,0.499
1985-07-31T00:00,,21.2,98,0.485,0.498
1985-07-31T01:00,,21.3,97,0.495,0.498
1985-07-31T02:00,,21.3,96,0.498,0.498
1985-07-31T03:00,,21.9,96,0.471,0.504
1985-07-31T04:00,,21.9,95,0.456,0.488
1985-07-31T05:00,,22.6,95,0.47,0.488
1985-07-31T06:00,,23.3,89,0.483,0.489
1985-07-31T07:00,,22.0,96,0.483,0.491
1985-07-31T08:00,,22.6,94,0.484,0.491
1985-07-31T09:00,,22.3,94,0.495,0.491
1985-07-31T10:00,,21.9,96,0.5,0.492
1985-07-31T11:00,,22.0,97,0.506,0.492
1985-07-31T12:00,,21.9,98,0.514,0.494
1985-07-31T13:00,,22.1,98,0.517,0.497
1985-07-31T14:00,,22.1,96,0.52,0.502
1985-07-31T15:00,,22.1,96,0.463,0.52
1985-07-31T16:00,,22.0,98,0.418,0.492
1985-07-31T17:00,,22.1,97,0.456,0.491
1985-07-31T18:00,,22.0,98,0.492,0.49
1985-07-31T19:00,,21.9,99,0.52,0.492
1985-07-31T20:00,,22.0,98,0.477,0.52
1985-07-31T21:00,,21.8,98,0.437,0.497
1985-07-31T22:00,,21.8,97,0.493,0.497
1985-07-31T23:00,,21.7,98,0.52,0.498
1985-08-01T00:00,,21.7,99,0.486,0.52
1985-08-01T01:00,,21.7,99,0.463,0.504
1985-08-01T02:00,,21.7,99,0.52,0.506
1985-08-01T03:00,,21.7,99,0.517,0.52
1985-08-01T04:00,,21.8,98,0.492,0.512
1985-08-01T05:00,,21.9,97,0.52,0.516
1985-08-01T06:00,,22.3,97,0.488,0.517
1985-08-01T07:00,,23.3,92,0.448,0.502
1985-08-01T08:00,,24.4,86,0.448,0.476
1985-08-01T09:00,,24.3,87,0.457,0.476
1985-08-01T10:00,,24.8,83,0.46,0.475
1985-08-01T11:00,,24.7,83,0.461,0.475
1985-08-01T12:00,,24.2,83,0.46,0.475
1985-08-01T13:00,,23.5,85,0.46,0.474
1985-08-01T14:00,,23.0,88,0.46,0.474
1985-08-01T15:00,,22.8,90,0.459,0.474
1985-08-01T16:00,,22.6,92,0.459,0.473
1985-08-01T17:00,,22.4,94,0.46,0.473
1985-08-01T18:00,,22.3,95,0.462,0.473
1985-08-01T19:00,,22.6,92,0.462,0.473
1985-08-01T20:00,,22.5,93,0.461,0.472
1985-08-01T21:00,,22.5,92,0.461,0.472
1985-08-01T22:00,,22.4,93,0.461,0.472
1985-08-01T23:00,,22.4,94,0.461,0.472
1985-08-02T00:00,,22.4,95,0.461,0.471
1985-08-02T01:00,,22.3,95,0.461,0.471
1985-08-02T02:00,,22.4,95,0.461,0.471
1985-08-02T03:00,,22.7,93,0.463,0.471
1985-08-02T04:00,,22.9,92,0.464,0.471
1985-08-02T05:00,,23.1,92,0.465,0.471
1985-08-02T06:00,,23.2,91,0.467,0.47
1985-08-02T07:00,,24.3,86,0.498,0.471
1985-08-02T08:00,,24.3,87,0.469,0.478
1985-08-02T09:00,,24.3,86,0.448,0.467
1985-08-02T10:00,,24.6,84,0.449,0.467
1985-08-02T11:00,,24.2,86,0.45,0.466
1985-08-02T12:00,,23.9,86,0.45,0.466
1985-08-02T13:00,,23.3,88,0.451,0.465
1985-08-02T14:00,,22.7,91,0.451,0.465
1985-08-02T15:00,,22.5,92,0.451,0.465
1985-08-02T16:00,,22.2,94,0.452,0.465
1985-08-02T17:00,,22.1,95,0.452,0.464
1985-08-02T18:00,,22.1,95,0.452,0.464
1985-08-02T19:00,,22.1,94,0.452,0.464
1985-08-02T20:00,,22.1,94,0.453,0.464
1985-08-02T21:00,,22.2,93,0.454,0.463
1985-08-02T22:00,,22.0,94,0.454,0.463
1985-08-02T23:00,,21.8,94,0.454,0.463
1985-08-03T00:00,,21.6,94,0.455,0.463
1985-08-03T01:00,,21.7,94,0.455,0.463
1985-08-03T02:00,,22.0,93,0.455,0.463
1985-08-03T03:00,,22.5,90,0.455,0.463
1985-08-03T04:00,,22.9,88,0.456,0.462
1985-08-03T05:00,,24.2,81,0.456,0.462
1985-08-03T06:00,,25.0,78,0.456,0.462
1985-08-03T07:00,,25.2,76,0.456,0.462
1985-08-03T08:00,,25.5,75,0.457,0.461
1985-08-03T09:00,,25.5,74,0.46,0.461
1985-08-03T10:00,,25.2,78,0.463,0.461
1985-08-03T11:00,,24.4,80,0.466,0.461
1985-08-03T12:00,,23.6,83,0.467,0.461
1985-08-03T13:00,,23.3,85,0.466,0.461
1985-08-03T14:00,,22.8,87,0.466,0.461
1985-08-03T15:00,,22.5,89,0.465,0.461
1985-08-03T16:00,,22.3,90,0.465,0.461
1985-08-03T17:00,,22.2,91,0.465,0.461
1985-08-03T18:00,,22.1,92,0.464,0.461
1985-08-03T19:00,,21.8,93,0.465,0.461
1985-08-03T20:00,,21.7,93,0.464,0.461
1985-08-03T21:00,,21.4,95,0.464,0.461
1985-08-03T22:00,,21.4,94,0.464,0.461
1985-08-03T23:00,,21.4,94,0.464,0.461
1985-08-04T00:00,,21.4,94,0.464,0.461
1985-08-04T01:00,,21.5,94,0.464,0.461
1985-08-04T02:00,,21.7,96,0.464,0.461
1985-08-04T03:00,,22.2,93,0.466,0.461
1985-08-04T04:00,,23.0,90,0.468,0.461
1985-08-04T05:00,,24.1,86,0.468,0.461
1985-08-04T06:00,,23.9,82,0.469,0.461
1985-08-04T07:00,,24.1,83,0.472,0.461
1985-08-04T08:00,,25.3,80,0.471,0.461
1985-08-04T09:00,,24.6,82,0.474,0.461
1985-08-04T10:00,,24.7,81,0.474,0.461
1985-08-04T11:00,,24.3,82,0.476,0.461
1985-08-04T12:00,,23.7,84,0.479,0.462
1985-08-04T13:00,,23.0,89,0.479,0.462
1985-08-04T14:00,,22.5,92,0.479,0.462
1985-08-04T15:00,,22.2,92,0.482,0.462
1985-08-04T16:00,,22.2,92,0.481,0.463
1985-08-04T17:00,,22.1,94,0.481,0.463
1985-08-04T18:00,,22.0,96,0.48,0.463
1985-08-04T19:00,,22.0,96,0.479,0.464
1985-08-04T20:00,,21.9,96,0.479,0.464
1985-08-04T21:00,,21.6,96,0.479,0.464
1985-08-04T22:00,,21.4,97,0.479,0.464
1985-08-04T23:00,,21.3,97,0.478,0.464
1985-08-05T00:00,,21.5,96,0.478,0.465
1985-08-05T01:00,,21.4,98,0.48,0.465
1985-08-05T02:00,,21.4,98,0.483,0.465
1985-08-05T03:00,,21.8,96,0.485,0.465
1985-08-05T04:00,,22.6,94,0.485,0.466
1985-08-05T05:00,,23.5,89,0.486,0.466
1985-08-05T06:00,,23.2,90,0.487,0.466
1985-08-05T07:00,,25.0,84,0.484,0.467
1985-08-05T08:00,,24.2,82,0.488,0.467
1985-08-05T09:00,,24.3,88,0.492,0.467
1985-08-05T10:00,,24.2,83,0.493,0.468
1985-08-05T11:00,,23.4,87,0.495,0.468
1985-08-05T12:00,,23.0,90,0.494,0.469
1985-08-05T13:00,,22.2,92,0.496,0.47
1985-08-05T14:00,,21.8,94,0.495,0.471
1985-08-05T15:00,,21.6,96,0.498,0.471
1985-08-05T16:00,,21.5,97,0.496,0.472
1985-08-05T17:00,,21.5,97,0.495,0.473
1985-08-05T18:00,,21.4,97,0.493,0.474
1985-08-05T19:00,,21.5,96,0.492,0.474
1985-08-05T20:00,,21.4,97,0.492,0.474
1985-08-05T21:00,,21.3,97,0.491,0.475
1985-08-05T22:00,,21.3,97,0.489,0.475
1985-08-05T23:00,,21.2,97,0.489,0.476
1985-08-06T00:00,,21.2,98,0.488,0.476
1985-08-06T01:00,,21.2,98,0.487,0.476
1985-08-06T02:00,,21.3,98,0.486,0.476
1985-08-06T03:00,,22.0,94,0.485,0.476
1985-08-06T04:00,,22.6,94,0.485,0.476
1985-08-06T05:00,,23.7,85,0.488,0.476
1985-08-06T06:00,,23.3,88,0.491,0.477
1985-08-06T07:00,,24.2,82,0.492,0.477
1985-08-06T08:00,,25.1,80,0.491,0.477
1985-08-06T09:00,,23.4,86,0.509,0.478
1985-08-06T10:00,,24.5,85,0.501,0.481
1985-08-06T11:00,,23.5,87,0.5,0.481
1985-08-06T12:00,,22.8,90,0.498,0.482
1985-08-06T13:00,,22.5,92,0.497,0.483
1985-08-06T14:00,,22.0,93,0.498,0.483
1985-08-06T15:00,,21.6,96,0.496,0.484
1985-08-06T16:00,,21.6,98,0.495,0.485
1985-08-06T17:00,,21.8,98,0.493,0.485
1985-08-06T18:00,,21.9,97,0.492,0.485
1985-08-06T19:00,,21.6,98,0.49,0.486
1985-08-06T20:00,,21.6,98,0.489,0.486
1985-08-06T21:00,,21.6,98,0.489,0.486
1985-08-06T22:00,,21.3,95,0.491,0.486
1985-08-06T23:00,,21.3,97,0.492,0.486
1985-08-07T00:00,,21.2,98,0.492,0.486
1985-08-07T01:00,,21.4,98,0.494,0.487
1985-08-07T02:00,,21.3,97,0.495,0.487
1985-08-07T03:00,,21.6,96,0.495,0.487
1985-08-07T04:00,,21.9,96,0.496,0.488
1985-08-07T05:00,,22.9,94,0.495,0.488
1985-08-07T06:00,,23.7,91,0.494,0.488
1985-08-07T07:00,,24.5,86,0.492,0.488
1985-08-07T08:00,,24.9,83,0.491,0.488
1985-08-07T09:00,,25.1,83,0.489,0.488
1985-08-07T10:00,,23.8,84,0.494,0.488
1985-08-07T11:00,,23.4,84,0.496,0.488
1985-08-07T12:00,,23.2,84,0.496,0.488
1985-08-07T13:00,,22.4,89,0.495,0.488
1985-08-07T14:00,,22.0,92,0.494,0.489
1985-08-07T15:00,,21.9,93,0.492,0.489
1985-08-07T16:00,,21.8,94,0.492,0.489
1985-08-07T17:00,,21.8,95,0.491,0.489
1985-08-07T18:00,,21.8,96,0.49,0.489
1985-08-07T19:00,,22.0,95,0.49,0.489
1985-08-07T20:00,,21.8,95,0.491,0.489
1985-08-07T21:00,,21.5,96,0.491,0.489
1985-08-07T22:00,,21.4,95,0.493,0.489
1985-08-07T23:00,,21.2,96,0.494,0.489
1985-08-08T00:00,,21.1,98,0.493,0.489
1985-08-08T01:00,,21.1,98,0.494,0.489
1985-08-08T02:00,,21.2,98,0.494,0.49
1985-08-08T03:00,,21.6,94,0.494,0.49
1985-08-08T04:00,,22.3,91,0.496,0.49
1985-08-08T05:00,,22.7,90,0.497,0.49
1985-08-08T06:00,,22.9,89,0.498,0.49
1985-08-08T07:00,,23.0,87,0.498,0.491
1985-08-08T08:00,,23.8,86,0.497,0.491
1985-08-08T09:00,,24.3,81,0.496,0.491
1985-08-08T10:00,,23.9,83,0.496,0.491
1985-08-08T11:00,,23.3,86,0.496,0.491
1985-08-08T12:00,,23.0,88,0.495,0.491
1985-08-08T13:00,,22.7,89,0.495,0.491
1985-08-08T14:00,,22.4,92,0.494,0.491
1985-08-08T15:00,,22.1,95,0.493,0.491
1985-08-08T16:00,,22.1,96,0.492,0.491
1985-08-08T17:00,,22.0,96,0.494,0.491
1985-08-08T18:00,,21.8,98,0.5,0.492
1985-08-08T19:00,,21.8,98,0.501,0.492
1985-08-08T20:00,,21.8,99,0.501,0.492
1985-08-08T21:00,,21.5,98,0.5,0.493
1985-08-08T22:00,,21.3,99,0.498,0.493
1985-08-08T23:00,,21.4,98,0.497,0.493
1985-08-09T00:00,,21.3,99,0.496,0.493
1985-08-09T01:00,,21.3,99,0.495,0.493
1985-08-09T02:00,,21.4,98,0.495,0.493
1985-08-09T03:00,,21.6,97,0.496,0.493
1985-08-09T04:00,,21.8,96,0.498,0.494
1985-08-09T05:00,,22.3,93,0.501,0.494
1985-08-09T06:00,,22.3,93,0.503,0.494
1985-08-09T07:00,,23.9,86,0.501,0.495
1985-08-09T08:00,,23.3,86,0.503,0.495
1985-08-09T09:00,,22.8,89,0.503,0.495
1985-08-09T10:00,,22.9,89,0.503,0.496
1985-08-09T11:00,,22.8,90,0.503,0.496
1985-08-09T12:00,,22.2,96,0.508,0.497
1985-08-09T13:00,,21.9,98,0.519,0.498
1985-08-09T14:00,,21.9,98,0.484,0.512
1985-08-09T15:00,,21.9,98,0.449,0.497
1985-08-09T16:00,,21.9,99,0.453,0.496
1985-08-09T17:00,,21.8,99,0.456,0.496
1985-08-09T18:00,,21.6,99,0.459,0.495
1985-08-09T19:00,,21.8,99,0.46,0.494
1985-08-09T20:00,,21.7,99,0.462,0.494
1985-08-09T21:00,,21.7,99,0.465,0.493
1985-08-09T22:00,,21.7,99,0.467,0.493
1985-08-09T23:00,,21.7,99,0.469,0.492
1985-08-10T00:00,,21.7,97,0.473,0.492
1985-08-10T01:00,,21.6,98,0.477,0.492
1985-08-10T02:00,,21.5,98,0.481,0.491
1985-08-10T03:00,,21.5,99,0.483,0.491
1985-08-10T04:00,,21.5,99,0.488,0.492
1985-08-10T05:00,,22.0,98,0.492,0.492
1985-08-10T06:00,,22.2,98,0.493,0.492
1985-08-10T07:00,,22.9,91,0.493,0.492
1985-08-10T08:00,,23.8,88,0.491,0.492
1985-08-10T09:00,,24.3,85,0.489,0.492
1985-08-10T10:00,,24.3,84,0.488,0.491
1985-08-10T11:00,,24.3,85,0.487,0.491
1985-08-10T12:00,,23.9,86,0.486,0.49
1985-08-10T13:00,,23.1,87,0.486,0.49
1985-08-10T14:00,,22.6,89,0.485,0.489
1985-08-10T15:00,,22.3,91,0.485,0.489
1985-08-10T16:00,,22.2,92,0.484,0.489
1985-08-10T17:00,,22.1,93,0.484,0.489
1985-08-10T18:00,,21.9,96,0.483,0.488
1985-08-10T19:00,,21.7,96,0.483,0.488
1985-08-10T20:00,,21.5,97,0.483,0.488
1985-08-10T21:00,,21.4,97,0.482,0.487
1985-08-10T22:00,,21.4,97,0.482,0.487
1985-08-10T23:00,,21.3,97,0.482,0.487
1985-08-11T00:00,,21.3,98,0.482,0.487
1985-08-11T01:00,,21.2,98,0.482,0.486
1985-08-11T02:00,,21.3,97,0.481,0.486
1985-08-11T03:00,,22.0,95,0.481,0.486
1985-08-11T04:00,,22.6,92,0.481,0.486
1985-08-11T05:00,,23.7,84,0.481,0.485
1985-08-11T06:00,,24.6,80,0.48,0.485
1985-08-11T07:00,,25.2,81,0.48,0.484
1985-08-11T08:00,,25.4,80,0.479,0.484
1985-08-11T09:00,,24.9,79,0.481,0.484
1985-08-11T10:00,,24.9,79,0.482,0.483
1985-08-11T11:00,,24.8,78,0.483,0.483
1985-08-11T12:00,,24.4,80,0.483,0.483
1985-08-11T13:00,,23.6,83,0.482,0.483
1985-08-11T14:00,,22.8,87,0.482,0.483
1985-08-11T15:00,,22.3,91,0.482,0.483
1985-08-11T16:00,,22.1,92,0.482,0.482
1985-08-11T17:00,,21.9,94,0.481,0.482
1985-08-11T18:00,,21.9,93,0.481,0.482
1985-08-11T19:00,,22.0,93,0.482,0.482
1985-08-11T20:00,,21.8,95,0.482,0.482
1985-08-11T21:00,,21.5,96,0.482,0.482
1985-08-11T22:00,,21.4,97,0.483,0.482
1985-08-11T23:00,,21.3,97,0.483,0.482
1985-08-12T00:00,,21.3,97,0.483,0.482
1985-08-12T01:00,,21.3,97,0.482,0.482
1985-08-12T02:00,,21.4,97,0.482,0.482
1985-08-12T03:00,,21.8,94,0.484,0.482
1985-08-12T04:00,,22.6,90,0.486,0.482
1985-08-12T05:00,,23.6,84,0.486,0.482
1985-08-12T06:00,,24.6,82,0.487,0.482
1985-08-12T07:00,,25.6,80,0.486,0.481
1985-08-12T08:00,,26.2,79,0.484,0.481
1985-08-12T09:00,,26.1,78,0.484,0.481
1985-08-12T10:00,,25.1,79,0.496,0.481
1985-08-12T11:00,,24.2,83,0.495,0.481
1985-08-12T12:00,,23.9,84,0.494,0.482
1985-08-12T13:00,,23.5,85,0.493,0.482
1985-08-12T14:00,,23.0,88,0.491,0.482
1985-08-12T15:00,,22.6,90,0.49,0.482
1985-08-12T16:00,,22.3,92,0.489,0.482
1985-08-12T17:00,,22.0,94,0.488,0.483
1985-08-12T18:00,,21.9,94,0.487,0.483
1985-08-12T19:00,,21.9,94,0.486,0.483
1985-08-12T20:00,,21.7,96,0.486,0.483
1985-08-12T21:00,,21.7,96,0.485,0.483
1985-08-12T22:00,,21.6,96,0.485,0.483
1985-08-12T23:00,,21.6,96,0.484,0.483
1985-08-13T00:00,,21.6,96,0.484,0.483
1985-08-13T01:00,,21.4,96,0.483,0.483
1985-08-13T02:00,,21.6,96,0.483,0.483
1985-08-13T03:00,,22.3,90,0.483,0.482
1985-08-13T04:00,,23.3,85,0.483,0.482
1985-08-13T05:00,,24.0,83,0.483,0.482
1985-08-13T06:00,,24.9,81,0.482,0.482
1985-08-13T07:00,,25.6,75,0.482,0.482
1985-08-13T08:00,,26.1,75,0.482,0.481
1985-08-13T09:00,,26.1,77,0.483,0.481
1985-08-13T10:00,,25.7,75,0.484,0.481
1985-08-13T11:00,,25.3,76,0.484,0.481
1985-08-13T12:00,,24.7,78,0.483,0.481
1985-08-13T13:00,,24.2,81,0.483,0.481
1985-08-13T14:00,,23.5,85,0.482,0.481
1985-08-13T15:00,,23.0,89,0.481,0.481
1985-08-13T16:00,,22.6,91,0.481,0.481
1985-08-13T17:00,,22.2,93,0.48,0.481
1985-08-13T18:00,,22.0,94,0.48,0.48
1985-08-13T19:00,,21.9,95,0.48,0.48
1985-08-13T20:00,,21.7,96,0.479,0.48
1985-08-13T21:00,,21.7,95,0.479,0.48
1985-08-13T22:00,,21.7,95,0.479,0.48
1985-08-13T23:00,,21.5,96,0.478,0.48
1985-08-14T00:00,,21.4,96,0.478,0.48
1985-08-14T01:00,,21.4,96,0.478,0.48
1985-08-14T02:00,,21.7,94,0.478,0.48
1985-08-14T03:00,,22.8,86,0.477,0.48
1985-08-14T04:00,,24.2,78,0.477,0.479
1985-08-14T05:00,,25.1,73,0.476,0.479
1985-08-14T06:00,,25.6,71,0.475,0.479
1985-08-14T07:00,,26.3,69,0.474,0.478
1985-08-14T08:00,,26.7,67,0.473,0.478
1985-08-14T09:00,,27.1,65,0.472,0.477
1985-08-14T10:00,,26.5,68,0.471,0.477
1985-08-14T11:00,,25.8,72,0.47,0.477
1985-08-14T12:00,,25.1,76,0.47,0.476
1985-08-14T13:00,,24.4,80,0.47,0.476
1985-08-14T14:00,,23.7,84,0.47,0.476
1985-08-14T15:00,,23.1,88,0.469,0.476
1985-08-14T16:00,,22.8,90,0.469,0.476
1985-08-14T17:00,,22.4,92,0.469,0.476
1985-08-14T18:00,,22.2,93,0.469,0.476
1985-08-14T19:00,,22.1,93,0.469,0.475
1985-08-14T20:00,,22.0,93,0.469,0.475
1985-08-14T21:00,,21.8,94,0.469,0.475
1985-08-14T22:00,,21.7,95,0.469,0.475
1985-08-14T23:00,,21.6,96,0.469,0.475
1985-08-15T00:00,,21.4,96,0.469,0.475
1985-08-15T01:00,,21.3,96,0.469,0.475
1985-08-15T02:00,,21.7,94,0.469,0.475
1985-08-15T03:00,,22.7,87,0.469,0.474
1985-08-15T04:00,,24.1,80,0.469,0.474
1985-08-15T05:00,,25.0,75,0.469,0.474
1985-08-15T06:00,,25.9,71,0.468,0.474
1985-08-15T07:00,,26.1,72,0.468,0.473
1985-08-15T08:00,,26.3,71,0.469,0.473
1985-08-15T09:00,,26.5,70,0.468,0.473
1985-08-15T10:00,,26.4,69,0.468,0.472
1985-08-15T11:00,,25.8,72,0.468,0.472
1985-08-15T12:00,,25.1,76,0.468,0.472
1985-08-15T13:00,,24.4,80,0.468,0.472
1985-08-15T14:00,,23.7,85,0.468,0.471
1985-08-15T15:00,,23.1,89,0.468,0.471
1985-08-15T16:00,,22.8,91,0.468,0.471
1985-08-15T17:00,,22.5,93,0.468,0.471
1985-08-15T18:00,,22.3,94,0.468,0.471
1985-08-15T19:00,,21.9,95,0.468,0.471
1985-08-15T20:00,,21.7,96,0.468,0.471
1985-08-15T21:00,,21.7,96,0.468,0.471
1985-08-15T22:00,,21.7,96,0.469,0.471
1985-08-15T23:00,,21.7,96,0.469,0.471
1985-08-16T00:00,,21.6,97,0.469,0.471
1985-08-16T01:00,,21.5,97,0.469,0.471
1985-08-16T02:00,,21.7,96,0.469,0.471
1985-08-16T03:00,,22.7,89,0.47,0.471
1985-08-16T04:00,,23.8,82,0.47,0.47
1985-08-16T05:00,,24.6,78,0.47,0.47
1985-08-16T06:00,,25.5,76,0.47,0.47
1985-08-16T07:00,,26.2,72,0.47,0.47
1985-08-16T08:00,,26.1,72,0.47,0.469
1985-08-16T09:00,,26.1,72,0.47,0.469
1985-08-16T10:00,,25.8,73,0.471,0.469
1985-08-16T11:00,,25.4,75,0.472,0.469
1985-08-16T12:00,,24.9,77,0.471,0.469
1985-08-16T13:00,,24.3,82,0.471,0.469
1985-08-16T14:00,,23.7,85,0.47,0.469
1985-08-16T15:00,,23.2,88,0.47,0.469
1985-08-16T16:00,,22.9,90,0.47,0.469
1985-08-16T17:00,,22.7,92,0.469,0.469
1985-08-16T18:00,,22.4,94,0.469,0.469
1985-08-16T19:00,,22.2,93,0.469,0.469
1985-08-16T20:00,,22.0,94,0.469,0.469
1985-08-16T21:00,,21.9,95,0.469,0.469
1985-08-16T22:00,,21.9,95,0.469,0.468
1985-08-16T23:00,,21.8,96,0.468,0.468
1985-08-17T00:00,,21.7,96,0.468,0.468
1985-08-17T01:00,,21.6,96,0.468,0.468
1985-08-17T02:00,,22.0,93,0.468,0.468
1985-08-17T03:00,,23.1,86,0.468,0.468
1985-08-17T04:00,,24.4,78,0.467,0.468
1985-08-17T05:00,,25.4,73,0.467,0.468
1985-08-17T06:00,,26.1,70,0.465,0.467
1985-08-17T07:00,,26.2,70,0.465,0.467
1985-08-17T08:00,,26.4,69,0.464,0.467
1985-08-17T09:00,,26.6,68,0.463,0.466
1985-08-17T10:00,,26.9,67,0.462,0.466
1985-08-17T11:00,,26.5,69,0.461,0.466
1985-08-17T12:00,,25.8,72,0.461,0.465
1985-08-17T13:00,,25.0,78,0.46,0.465
1985-08-17T14:00,,24.2,82,0.46,0.465
1985-08-17T15:00,,23.7,85,0.46,0.465
1985-08-17T16:00,,23.2,88,0.46,0.465
1985-08-17T17:00,,23.0,89,0.46,0.465
1985-08-17T18:00,,22.7,91,0.46,0.465
1985-08-17T19:00,,22.5,92,0.459,0.465
1985-08-17T20:00,,22.2,93,0.459,0.465
1985-08-17T21:00,,22.0,95,0.459,0.465
1985-08-17T22:00,,21.8,95,0.459,0.465
1985-08-17T23:00,,21.7,96,0.459,0.464
1985-08-18T00:00,,21.7,96,0.459,0.464
1985-08-18T01:00,,21.6,96,0.459,0.464
1985-08-18T02:00,,22.0,93,0.459,0.464
1985-08-18T03:00,,23.1,85,0.459,0.464
1985-08-18T04:00,,24.5,78,0.458,0.464
1985-08-18T05:00,,25.4,74,0.458,0.463
1985-08-18T06:00,,26.0,73,0.458,0.463
1985-08-18T07:00,,27.2,66,0.457,0.463
1985-08-18T08:00,,27.2,65,0.457,0.462
1985-08-18T09:00,,27.1,66,0.458,0.462
1985-08-18T10:00,,26.8,68,0.458,0.462
1985-08-18T11:00,,26.5,69,0.458,0.462
1985-08-18T12:00,,25.8,73,0.457,0.461
1985-08-18T13:00,,25.0,79,0.457,0.461
1985-08-18T14:00,,24.1,85,0.457,0.461
1985-08-18T15:00,,23.4,89,0.457,0.461
1985-08-18T16:00,,22.9,92,0.457,0.461
1985-08-18T17:00,,22.7,93,0.457,0.461
1985-08-18T18:00,,22.4,94,0.457,0.461
1985-08-18T19:00,,22.1,94,0.457,0.461
1985-08-18T20:00,,22.0,95,0.456,0.461
1985-08-18T21:00,,21.8,96,0.456,0.461
1985-08-18T22:00,,21.7,96,0.456,0.461
1985-08-18T23:00,,21.7,96,0.457,0.461
1985-08-19T00:00,,21.6,96,0.457,0.461
1985-08-19T01:00,,21.6,96,0.457,0.461
1985-08-19T02:00,,21.8,94,0.457,0.461
1985-08-19T03:00,,22.4,90,0.458,0.461
1985-08-19T04:00,,23.2,87,0.46,0.46
1985-08-19T05:00,,23.6,86,0.461,0.46
1985-08-19T06:00,,24.7,83,0.462,0.46
1985-08-19T07:00,,25.8,72,0.46,0.46
1985-08-19T08:00,,26.1,70,0.459,0.46
1985-08-19T09:00,,26.3,70,0.459,0.459
1985-08-19T10:00,,26.2,71,0.458,0.459
1985-08-19T11:00,,25.8,73,0.458,0.459
1985-08-19T12:00,,25.1,77,0.458,0.459
1985-08-19T13:00,,24.3,81,0.458,0.458
1985-08-19T14:00,,23.6,85,0.458,0.458
1985-08-19T15:00,,23.1,88,0.457,0.458
1985-08-19T16:00,,22.7,90,0.457,0.458
1985-08-19T17:00,,22.5,92,0.457,0.458
1985-08-19T18:00,,22.4,92,0.457,0.458
1985-08-19T19:00,,22.0,92,0.457,0.458
1985-08-19T20:00,,21.9,92,0.457,0.458
1985-08-19T21:00,,21.8,93,0.457,0.458
1985-08-19T22:00,,21.7,93,0.456,0.458
1985-08-19T23:00,,21.6,93,0.456,0.458
1985-08-20T00:00,,21.6,93,0.456,0.458
1985-08-20T01:00,,21.6,93,0.456,0.458
1985-08-20T02:00,,21.9,92,0.456,0.458
1985-08-20T03:00,,22.9,85,0.456,0.458
1985-08-20T04:00,,23.8,81,0.457,0.458
1985-08-20T05:00,,24.1,80,0.457,0.458
1985-08-20T06:00,,24.9,77,0.457,0.457
1985-08-20T07:00,,25.8,71,0.457,0.457
1985-08-20T08:00,,25.8,71,0.457,0.457
1985-08-20T09:00,,26.4,68,0.456,0.457
1985-08-20T10:00,,26.3,68,0.455,0.456
1985-08-20T11:00,,26.2,68,0.455,0.456
1985-08-20T12:00,,25.4,73,0.454,0.456
1985-08-20T13:00,,24.7,77,0.454,0.456
1985-08-20T14:00,,23.9,82,0.453,0.456
1985-08-20T15:00,,23.3,85,0.453,0.456
1985-08-20T16:00,,22.9,87,0.453,0.456
1985-08-20T17:00,,22.5,90,0.453,0.456
1985-08-20T18:00,,22.2,91,0.453,0.456
1985-08-20T19:00,,21.9,92,0.453,0.456
1985-08-20T20:00,,21.6,93,0.453,0.455
1985-08-20T21:00,,21.4,94,0.453,0.455
1985-08-20T22:00,,21.5,94,0.453,0.455
1985-08-20T23:00,,21.5,93,0.452,0.455
1985-08-21T00:00,,21.5,93,0.452,0.455
1985-08-21T01:00,,21.4,93,0.452,0.455
1985-08-21T02:00,,21.8,91,0.452,0.455
1985-08-21T03:00,,23.0,83,0.452,0.455
1985-08-21T04:00,,23.8,79,0.452,0.455
1985-08-21T05:00,,24.4,77,0.453,0.455
1985-08-21T06:00,,24.9,75,0.453,0.454
1985-08-21T07:00,,25.7,71,0.453,0.454
1985-08-21T08:00,,25.7,71,0.454,0.454
1985-08-21T09:00,,25.7,71,0.455,0.454
1985-08-21T10:00,,25.5,72,0.455,0.454
1985-08-21T11:00,,25.4,73,0.454,0.453
1985-08-21T12:00,,24.6,77,0.453,0.453
1985-08-21T13:00,,24.0,81,0.453,0.453
1985-08-21T14:00,,23.3,84,0.453,0.453
1985-08-21T15:00,,22.8,87,0.453,0.453
1985-08-21T16:00,,22.5,89,0.452,0.453
1985-08-21T17:00,,22.2,90,0.452,0.453
1985-08-21T18:00,,22.0,92,0.452,0.453
1985-08-21T19:00,,22.0,93,0.452,0.453
1985-08-21T20:00,,21.9,93,0.452,0.453
1985-08-21T21:00,,21.7,94,0.452,0.453
1985-08-21T22:00,,21.7,94,0.452,0.453
1985-08-21T23:00,,21.6,95,0.452,0.453
1985-08-22T00:00,,21.5,95,0.452,0.453
1985-08-22T01:00,,21.5,95,0.452,0.453
1985-08-22T02:00,,21.8,93,0.452,0.453
1985-08-22T03:00,,22.5,88,0.452,0.453
1985-08-22T04:00,,23.0,87,0.453,0.453
1985-08-22T05:00,,23.9,85,0.454,0.453
1985-08-22T06:00,,24.7,82,0.454,0.452
1985-08-22T07:00,,25.5,73,0.453,0.452
1985-08-22T08:00,,26.0,71,0.454,0.452
1985-08-22T09:00,,25.8,72,0.454,0.452
1985-08-22T10:00,,25.4,74,0.455,0.452
1985-08-22T11:00,,25.1,76,0.455,0.451
1985-08-22T12:00,,24.6,79,0.455,0.451
1985-08-22T13:00,,23.9,82,0.455,0.451
1985-08-22T14:00,,23.2,86,0.455,0.451
1985-08-22T15:00,,22.7,89,0.455,0.451
1985-08-22T16:00,,22.2,92,0.455,0.451
1985-08-22T17:00,,22.0,94,0.455,0.451
1985-08-22T18:00,,21.8,95,0.455,0.451
1985-08-22T19:00,,21.8,94,0.455,0.451
1985-08-22T20:00,,21.8,93,0.455,0.452
1985-08-22T21:00,,21.5,94,0.455,0.452
1985-08-22T22:00,,21.4,95,0.455,0.452
1985-08-22T23:00,,21.5,94,0.456,0.452
1985-08-23T00:00,,21.3,95,0.457,0.452
1985-08-23T01:00,,21.2,95,0.457,0.452
1985-08-23T02:00,,21.3,95,0.458,0.452
1985-08-23T03:00,,21.4,94,0.459,0.452
1985-08-23T04:00,,21.9,91,0.46,0.452
1985-08-23T05:00,,22.7,87,0.462,0.452
1985-08-23T06:00,,23.2,85,0.464,0.452
1985-08-23T07:00,,23.4,84,0.464,0.452
1985-08-23T08:00,,24.4,78,0.464,0.452
1985-08-23T09:00,,24.3,79,0.463,0.452
1985-08-23T10:00,,24.7,77,0.462,0.452
1985-08-23T11:00,,24.6,78,0.462,0.452
1985-08-23T12:00,,24.0,82,0.461,0.452
1985-08-23T13:00,,23.4,85,0.461,0.452
1985-08-23T14:00,,22.7,90,0.461,0.452
1985-08-23T15:00,,22.2,93,0.461,0.452
1985-08-23T16:00,,21.9,94,0.461,0.452
1985-08-23T17:00,,21.8,94,0.461,0.452
1985-08-23T18:00,,21.6,95,0.461,0.452
1985-08-23T19:00,,21.4,95,0.461,0.452
1985-08-23T20:00,,21.2,97,0.461,0.452
1985-08-23T21:00,,21.2,97,0.462,0.452
1985-08-23T22:00,,21.1,97,0.463,0.452
1985-08-23T23:00,,21.0,97,0.464,0.452
1985-08-24T00:00,,21.0,97,0.465,0.453
1985-08-24T01:00,,21.0,97,0.466,0.453
1985-08-24T02:00,,21.2,96,0.467,0.453
1985-08-24T03:00,,21.8,91,0.468,0.453
1985-08-24T04:00,,22.9,83,0.468,0.453
1985-08-24T05:00,,23.9,78,0.467,0.453
1985-08-24T06:00,,24.9,74,0.467,0.453
1985-08-24T07:00,,25.3,72,0.466,0.453
1985-08-24T08:00,,25.7,69,0.465,0.453
1985-08-24T09:00,,26.0,69,0.465,0.453
1985-08-24T10:00,,26.1,69,0.464,0.452
1985-08-24T11:00,,25.7,71,0.463,0.452
1985-08-24T12:00,,25.0,74,0.463,0.452
1985-08-24T13:00,,24.1,80,0.462,0.452
1985-08-24T14:00,,23.2,84,0.461,0.452
1985-08-24T15:00,,22.6,88,0.461,0.452
1985-08-24T16:00,,22.3,90,0.461,0.452
1985-08-24T17:00,,21.9,92,0.46,0.453
1985-08-24T18:00,,21.7,93,0.46,0.453
1985-08-24T19:00,,21.7,93,0.46,0.453
1985-08-24T20:00,,21.6,94,0.46,0.453
1985-08-24T21:00,,21.5,94,0.46,0.453
1985-08-24T22:00,,21.5,94,0.46,0.453
1985-08-24T23:00,,21.4,94,0.461,0.453
1985-08-25T00:00,,21.4,95,0.461,0.453
1985-08-25T01:00,,21.3,96,0.462,0.453
1985-08-25T02:00,,21.3,95,0.463,0.453
1985-08-25T03:00,,22.0,91,0.465,0.453
1985-08-25T04:00,,22.9,85,0.465,0.453
1985-08-25T05:00,,24.2,77,0.465,0.453
1985-08-25T06:00,,25.0,73,0.464,0.453
1985-08-25T07:00,,25.8,70,0.463,0.453
1985-08-25T08:00,,26.4,66,0.462,0.452
1985-08-25T09:00,,26.3,67,0.462,0.452
1985-08-25T10:00,,25.9,69,0.461,0.452
1985-08-25T11:00,,25.6,70,0.461,0.452
1985-08-25T12:00,,24.9,74,0.46,0.452
1985-08-25T13:00,,24.0,80,0.46,0.452
1985-08-25T14:00,,23.2,84,0.459,0.452
1985-08-25T15:00,,22.6,88,0.459,0.452
1985-08-25T16:00,,22.2,91,0.459,0.452
1985-08-25T17:00,,21.9,93,0.459,0.452
1985-08-25T18:00,,21.7,94,0.459,0.452
1985-08-25T19:00,,21.5,94,0.459,0.452
1985-08-25T20:00,,21.4,95,0.459,0.452
1985-08-25T21:00,,21.4,95,0.459,0.452
1985-08-25T22:00,,21.3,95,0.459,0.452
1985-08-25T23:00,,21.4,94,0.459,0.452
1985-08-26T00:00,,21.3,95,0.459,0.452
1985-08-26T01:00,,21.3,94,0.459,0.453
1985-08-26T02:00,,21.4,93,0.459,0.453
1985-08-26T03:00,,22.2,88,0.46,0.453
1985-08-26T04:00,,23.0,83,0.46,0.453
1985-08-26T05:00,,24.1,78,0.459,0.452
1985-08-26T06:00,,24.8,75,0.459,0.452
1985-08-26T07:00,,25.7,70,0.458,0.452
1985-08-26T08:00,,26.2,68,0.456,0.451
1985-08-26T09:00,,26.1,68,0.455,0.451
1985-08-26T10:00,,26.3,67,0.454,0.451
1985-08-26T11:00,,26.0,69,0.453,0.451
1985-08-26T12:00,,25.2,74,0.452,0.45
1985-08-26T13:00,,24.2,80,0.452,0.45
1985-08-26T14:00,,23.4,85,0.451,0.45
1985-08-26T15:00,,22.8,89,0.451,0.45
1985-08-26T16:00,,22.3,92,0.451,0.45
1985-08-26T17:00,,22.0,93,0.451,0.45
1985-08-26T18:00,,21.7,95,0.451,0.45
1985-08-26T19:00,,21.7,96,0.452,0.45
1985-08-26T20:00,,21.5,96,0.452,0.45
1985-08-26T21:00,,21.4,97,0.452,0.45
1985-08-26T22:00,,21.3,98,0.452,0.45
1985-08-26T23:00,,21.2,97,0.453,0.45
1985-08-27T00:00,,21.4,95,0.453,0.45
1985-08-27T01:00,,21.2,97,0.454,0.45
1985-08-27T02:00,,21.5,95,0.454,0.451
1985-08-27T03:00,,21.7,93,0.454,0.451
1985-08-27T04:00,,22.6,87,0.455,0.45
1985-08-27T05:00,,23.8,81,0.456,0.45
1985-08-27T06:00,,24.7,76,0.456,0.45
1985-08-27T07:00,,25.1,74,0.455,0.45
1985-08-27T08:00,,25.5,73,0.455,0.45
1985-08-27T09:00,,25.8,73,0.456,0.449
1985-08-27T10:00,,26.0,71,0.456,0.449
1985-08-27T11:00,,25.5,73,0.456,0.449
1985-08-27T12:00,,25.1,76,0.455,0.449
1985-08-27T13:00,,24.2,81,0.455,0.449
1985-08-27T14:00,,23.2,86,0.454,0.449
1985-08-27T15:00,,22.6,90,0.454,0.449
1985-08-27T16:00,,22.2,92,0.454,0.449
1985-08-27T17:00,,22.0,93,0.454,0.449
1985-08-27T18:00,,21.7,94,0.454,0.449
1985-08-27T19:00,,21.6,95,0.454,0.449
1985-08-27T20:00,,21.5,96,0.454,0.449
1985-08-27T21:00,,21.5,95,0.454,0.449
1985-08-27T22:00,,21.4,95,0.454,0.449
1985-08-27T23:00,,21.4,95,0.455,0.449
1985-08-28T00:00,,21.4,95,0.455,0.449
1985-08-28T01:00,,21.1,97,0.456,0.449
1985-08-28T02:00,,21.5,94,0.458,0.449
1985-08-28T03:00,,21.5,94,0.461,0.45
1985-08-28T04:00,,22.2,91,0.461,0.45
1985-08-28T05:00,,23.1,86,0.463,0.45
1985-08-28T06:00,,23.6,82,0.464,0.45
1985-08-28T07:00,,24.0,81,0.465,0.45
1985-08-28T08:00,,24.9,79,0.464,0.45
1985-08-28T09:00,,25.1,78,0.463,0.449
1985-08-28T10:00,,25.2,78,0.464,0.449
1985-08-28T11:00,,24.8,79,0.465,0.449
1985-08-28T12:00,,24.2,81,0.465,0.449
1985-08-28T13:00,,23.3,84,0.464,0.449
1985-08-28T14:00,,22.5,88,0.464,0.45
1985-08-28T15:00,,22.1,91,0.463,0.45
1985-08-28T16:00,,21.8,92,0.463,0.45
1985-08-28T17:00,,21.5,94,0.463,0.45
1985-08-28T18:00,,21.3,95,0.462,0.45
1985-08-28T19:00,,21.3,95,0.462,0.45
1985-08-28T20:00,,21.2,96,0.462,0.45
1985-08-28T21:00,,21.0,97,0.461,0.45
1985-08-28T22:00,,21.0,96,0.461,0.45
1985-08-28T23:00,,21.0,96,0.461,0.451
1985-08-29T00:00,,20.9,97,0.461,0.451
1985-08-29T01:00,,20.8,97,0.461,0.451
1985-08-29T02:00,,21.2,93,0.462,0.451
1985-08-29T03:00,,21.5,92,0.463,0.451
1985-08-29T04:00,,22.2,90,0.464,0.451
1985-08-29T05:00,,22.3,88,0.466,0.451
1985-08-29T06:00,,23.3,85,0.465,0.451
1985-08-29T07:00,,24.5,84,0.464,0.451
1985-08-29T08:00,,25.2,82,0.463,0.451
1985-08-29T09:00,,25.5,81,0.462,0.45
1985-08-29T10:00,,25.8,79,0.46,0.45
1985-08-29T11:00,,25.5,79,0.46,0.45
1985-08-29T12:00,,24.8,80,0.459,0.45
1985-08-29T13:00,,23.9,82,0.459,0.45
1985-08-29T14:00,,23.1,87,0.458,0.45
1985-08-29T15:00,,22.5,90,0.458,0.45
1985-08-29T16:00,,22.2,92,0.458,0.45
1985-08-29T17:00,,21.8,93,0.458,0.45
1985-08-29T18:00,,21.5,94,0.457,0.45
1985-08-29T19:00,,21.5,95,0.457,0.45
1985-08-29T20:00,,21.4,95,0.457,0.45
1985-08-29T21:00,,21.3,95,0.457,0.45
1985-08-29T22:00,,21.2,96,0.456,0.45
1985-08-29T23:00,,21.3,96,0.456,0.45
1985-08-30T00:00,,21.2,96,0.456,0.45
1985-08-30T01:00,,21.1,97,0.456,0.451
1985-08-30T02:00,,21.3,95,0.456,0.451
1985-08-30T03:00,,22.0,91,0.456,0.451
1985-08-30T04:00,,22.9,86,0.456,0.45
1985-08-30T05:00,,23.9,80,0.456,0.45
1985-08-30T06:00,,24.6,77,0.457,0.45
1985-08-30T07:00,,25.2,74,0.457,0.45
1985-08-30T08:00,,25.6,72,0.457,0.45
1985-08-30T09:00,,25.8,70,0.456,0.449
1985-08-30T10:00,,25.6,71,0.455,0.449
1985-08-30T11:00,,24.8,76,0.454,0.449
1985-08-30T12:00,,24.2,80,0.454,0.449
1985-08-30T13:00,,23.6,83,0.454,0.449
1985-08-30T14:00,,23.0,86,0.453,0.449
1985-08-30T15:00,,22.7,88,0.453,0.449
1985-08-30T16:00,,22.4,90,0.453,0.449
1985-08-30T17:00,,22.3,91,0.453,0.449
1985-08-30T18:00,,22.1,91,0.452,0.449
1985-08-30T19:00,,22.1,91,0.452,0.449
1985-08-30T20:00,,21.9,91,0.452,0.449
1985-08-30T21:00,,21.7,92,0.452,0.449
1985-08-30T22:00,,21.5,93,0.452,0.449
1985-08-30T23:00,,21.4,94,0.452,0.449
1985-08-31T00:00,,21.4,94,0.452,0.449
1985-08-31T01:00,,21.3,95,0.452,0.449
1985-08-31T02:00,,21.7,93,0.452,0.449
1985-08-31T03:00,,22.2,90,0.453,0.449
1985-08-31T04:00,,22.6,88,0.454,0.449
1985-08-31T05:00,,23.7,86,0.454,0.449
1985-08-31T06:00,,24.4,85,0.454,0.449
1985-08-31T07:00,,25.1,81,0.455,0.449
1985-08-31T08:00,,25.8,78,0.454,0.448
1985-08-31T09:00,,26.1,75,0.454,0.448
1985-08-31T10:00,,25.7,76,0.455,0.448
1985-08-31T11:00,,25.6,74,0.454,0.448
1985-08-31T12:00,,24.9,77,0.454,0.448
1985-08-31T13:00,,24.0,82,0.454,0.448
1985-08-31T14:00,,23.2,86,0.454,0.448
1985-08-31T15:00,,22.6,90,0.454,0.448
1985-08-31T16:00,,22.2,92,0.453,0.448
1985-08-31T17:00,,21.9,93,0.453,0.448
1985-08-31T18:00,,21.7,94,0.453,0.448
1985-08-31T19:00,,21.5,94,0.453,0.448
1985-08-31T20:00,,21.2,96,0.453,0.448
1985-08-31T21:00,,21.2,96,0.453,0.448
1985-08-31T22:00,,21.2,96,0.453,0.448
1985-08-31T23:00,,21.3,96,0.452,0.448
1985-09-01T00:00,,21.3,95,0.452,0.448
1985-09-01T01:00,,21.2,96,0.452,0.448
1985-09-01T02:00,,21.3,95,0.453,0.448
1985-09-01T03:00,,22.1,90,0.453,0.448
1985-09-01T04:00,,23.3,82,0.453,0.448
1985-09-01T05:00,,24.1,78,0.453,0.448
1985-09-01T06:00,,25.0,75,0.453,0.447
1985-09-01T07:00,,25.3,75,0.453,0.447
1985-09-01T08:00,,25.9,72,0.452,0.447
1985-09-01T09:00,,26.2,72,0.451,0.446
1985-09-01T10:00,,26.2,72,0.451,0.446
1985-09-01T11:00,,25.8,73,0.45,0.446
1985-09-01T12:00,,25.1,77,0.45,0.446
1985-09-01T13:00,,24.2,82,0.45,0.446
1985-09-01T14:00,,23.2,88,0.45,0.446
1985-09-01T15:00,,22.7,92,0.449,0.446
1985-09-01T16:00,,22.3,94,0.449,0.446
1985-09-01T17:00,,22.0,95,0.449,0.446
1985-09-01T18:00,,21.8,95,0.449,0.446
1985-09-01T19:00,,21.8,96,0.449,0.446
1985-09-01T20:00,,21.6,96,0.449,0.446
1985-09-01T21:00,,21.4,96,0.449,0.446
1985-09-01T22:00,,21.2,97,0.449,0.446
1985-09-01T23:00,,21.3,97,0.449,0.446
1985-09-02T00:00,,21.4,96,0.449,0.446
1985-09-02T01:00,,21.5,95,0.449,0.446
1985-09-02T02:00,,21.7,94,0.449,0.446
1985-09-02T03:00,,22.6,88,0.448,0.446
1985-09-02T04:00,,23.7,81,0.448,0.446
1985-09-02T05:00,,24.8,76,0.448,0.445
1985-09-02T06:00,,25.3,74,0.448,0.445
1985-09-02T07:00,,26.3,67,0.447,0.445
1985-09-02T08:00,,26.9,64,0.445,0.444
1985-09-02T09:00,,27.0,63,0.444,0.444
1985-09-02T10:00,,26.8,64,0.443,0.443
1985-09-02T11:00,,26.3,67,0.441,0.443
1985-09-02T12:00,,25.5,71,0.441,0.443
1985-09-02T13:00,,24.5,77,0.44,0.443
1985-09-02T14:00,,23.4,84,0.44,0.443
1985-09-02T15:00,,22.7,89,0.44,0.443
1985-09-02T16:00,,22.3,92,0.44,0.443
1985-09-02T17:00,,22.0,94,0.44,0.443
1985-09-02T18:00,,21.7,95,0.44,0.443
1985-09-02T19:00,,21.5,96,0.44,0.443
1985-09-02T20:00,,21.4,96,0.44,0.443
1985-09-02T21:00,,21.4,95,0.44,0.443
1985-09-02T22:00,,21.3,96,0.44,0.443
1985-09-02T23:00,,21.3,96,0.44,0.443
1985-09-03T00:00,,21.4,95,0.44,0.443
1985-09-03T01:00,,21.3,96,0.44,0.443
1985-09-03T02:00,,21.7,93,0.44,0.443
1985-09-03T03:00,,22.6,87,0.441,0.443
1985-09-03T04:00,,23.3,84,0.442,0.442
1985-09-03T05:00,,24.1,82,0.442,0.442
1985-09-03T06:00,,24.8,81,0.443,0.442
1985-09-03T07:00,,25.2,77,0.443,0.442
1985-09-03T08:00,,25.7,76,0.444,0.441
1985-09-03T09:00,,25.8,78,0.445,0.441
1985-09-03T10:00,,25.6,80,0.446,0.441
1985-09-03T11:00,,25.1,80,0.446,0.441
1985-09-03T12:00,,24.5,80,0.446,0.441
1985-09-03T13:00,,23.7,85,0.445,0.441
1985-09-03T14:00,,23.0,88,0.445,0.441
1985-09-03T15:00,,22.5,92,0.445,0.441
1985-09-03T16:00,,22.1,94,0.445,0.441
1985-09-03T17:00,,21.8,95,0.446,0.441
1985-09-03T18:00,,21.6,95,0.446,0.441
1985-09-03T19:00,,21.4,95,0.445,0.441
1985-09-03T20:00,,21.2,95,0.446,0.441
1985-09-03T21:00,,21.1,96,0.446,0.441
1985-09-03T22:00,,21.0,96,0.446,0.441
1985-09-03T23:00,,20.9,96,0.446,0.441
1985-09-04T00:00,,21.0,96,0.446,0.441
1985-09-04T01:00,,21.1,97,0.447,0.441
1985-09-04T02:00,,21.2,97,0.448,0.441
1985-09-04T03:00,,21.6,94,0.451,0.441
1985-09-04T04:00,,22.5,89,0.453,0.441
1985-09-04T05:00,,23.2,86,0.454,0.441
1985-09-04T06:00,,24.0,81,0.458,0.441
1985-09-04T07:00,,24.8,78,0.46,0.441
1985-09-04T08:00,,25.4,74,0.463,0.441
1985-09-04T09:00,,25.3,75,0.464,0.441
1985-09-04T10:00,,25.4,74,0.465,0.441
1985-09-04T11:00,,25.1,74,0.464,0.441
1985-09-04T12:00,,24.5,77,0.463,0.441
1985-09-04T13:00,,23.8,82,0.462,0.441
1985-09-04T14:00,,23.0,87,0.462,0.442
1985-09-04T15:00,,22.6,90,0.461,0.442
1985-09-04T16:00,,22.1,92,0.461,0.442
1985-09-04T17:00,,21.8,93,0.46,0.442
1985-09-04T18:00,,21.6,95,0.46,0.442
1985-09-04T19:00,,21.3,94,0.459,0.442
1985-09-04T20:00,,21.3,94,0.46,0.443
1985-09-04T21:00,,21.1,95,0.46,0.443
1985-09-04T22:00,,21.0,95,0.46,0.443
1985-09-04T23:00,,21.0,95,0.46,0.443
1985-09-05T00:00,,20.9,96,0.46,0.443
1985-09-05T01:00,,20.8,96,0.46,0.443
1985-09-05T02:00,,21.2,94,0.461,0.443
1985-09-05T03:00,,21.4,94,0.463,0.444
1985-09-05T04:00,,22.3,89,0.466,0.444
1985-09-05T05:00,,22.6,88,0.469,0.444
1985-09-05T06:00,,23.6,86,0.469,0.444
1985-09-05T07:00,,24.6,78,0.468,0.444
1985-09-05T08:00,,25.1,75,0.469,0.444
1985-09-05T09:00,,25.3,74,0.471,0.444
1985-09-05T10:00,,25.1,75,0.472,0.444
1985-09-05T11:00,,24.5,78,0.472,0.445
1985-09-05T12:00,,24.1,80,0.471,0.445
1985-09-05T13:00,,23.1,86,0.47,0.445
1985-09-05T14:00,,22.5,90,0.469,0.445
1985-09-05T15:00,,22.1,92,0.468,0.446
1985-09-05T16:00,,21.9,93,0.468,0.446
1985-09-05T17:00,,21.9,94,0.467,0.446
1985-09-05T18:00,,21.7,95,0.466,0.446
1985-09-05T19:00,,21.6,94,0.466,0.446
1985-09-05T20:00,,21.7,93,0.465,0.447
1985-09-05T21:00,,21.4,95,0.465,0.447
1985-09-05T22:00,,21.3,95,0.465,0.447
1985-09-05T23:00,,21.5,95,0.465,0.447
1985-09-06T00:00,,21.4,95,0.466,0.447
1985-09-06T01:00,,21.2,96,0.467,0.448
1985-09-06T02:00,,21.4,95,0.467,0.448
1985-09-06T03:00,,21.7,94,0.469,0.448
1985-09-06T04:00,,22.6,91,0.47,0.448
1985-09-06T05:00,,22.3,92,0.472,0.448
1985-09-06T06:00,,24.0,88,0.47,0.449
1985-09-06T07:00,,24.2,86,0.471,0.449
1985-09-06T08:00,,24.5,82,0.471,0.449
1985-09-06T09:00,,25.4,80,0.469,0.449
1985-09-06T10:00,,24.8,80,0.47,0.449
1985-09-06T11:00,,24.8,78,0.47,0.449
1985-09-06T12:00,,24.5,80,0.468,0.449
1985-09-06T13:00,,23.5,85,0.467,0.449
1985-09-06T14:00,,22.7,89,0.467,0.449
1985-09-06T15:00,,22.2,91,0.466,0.449
1985-09-06T16:00,,21.9,93,0.465,0.449
1985-09-06T17:00,,21.8,93,0.465,0.449
1985-09-06T18:00,,21.7,94,0.464,0.45
1985-09-06T19:00,,21.8,93,0.464,0.45
1985-09-06T20:00,,21.6,94,0.464,0.45
1985-09-06T21:00,,21.5,95,0.463,0.45
1985-09-06T22:00,,21.3,95,0.463,0.45
1985-09-06T23:00,,21.2,96,0.462,0.45
1985-09-07T00:00,,21.3,96,0.462,0.45
1985-09-07T01:00,,21.3,95,0.462,0.45
1985-09-07T02:00,,21.6,94,0.461,0.451
1985-09-07T03:00,,22.2,89,0.461,0.451
1985-09-07T04:00,,23.6,81,0.461,0.45
1985-09-07T05:00,,24.6,77,0.462,0.45
1985-09-07T06:00,,25.2,75,0.462,0.45
1985-09-07T07:00,,25.7,72,0.462,0.45
1985-09-07T08:00,,26.0,71,0.461,0.45
1985-09-07T09:00,,26.0,72,0.461,0.449
1985-09-07T10:00,,26.0,72,0.461,0.449
1985-09-07T11:00,,25.3,76,0.461,0.449
1985-09-07T12:00,,24.7,79,0.46,0.449
1985-09-07T13:00,,24.0,84,0.46,0.449
1985-09-07T14:00,,23.1,89,0.459,0.449
1985-09-07T15:00,,22.5,92,0.459,0.449
1985-09-07T16:00,,22.1,94,0.459,0.449
1985-09-07T17:00,,21.8,96,0.459,0.449
1985-09-07T18:00,,21.8,96,0.458,0.449
1985-09-07T19:00,,21.8,95,0.458,0.449
1985-09-07T20:00,,21.7,95,0.458,0.45
1985-09-07T21:00,,21.4,96,0.458,0.45
1985-09-07T22:00,,21.4,96,0.457,0.45
1985-09-07T23:00,,21.3,96,0.457,0.45
1985-09-08T00:00,,21.2,96,0.457,0.45
1985-09-08T01:00,,21.1,96,0.457,0.45
1985-09-08T02:00,,21.4,94,0.456,0.45
1985-09-08T03:00,,22.4,88,0.456,0.45
1985-09-08T04:00,,23.6,82,0.457,0.45
1985-09-08T05:00,,24.6,79,0.457,0.449
1985-09-08T06:00,,25.3,75,0.458,0.449
1985-09-08T07:00,,26.2,72,0.458,0.449
1985-09-08T08:00,,26.5,70,0.458,0.449
1985-09-08T09:00,,26.2,72,0.459,0.448
1985-09-08T10:00,,26.0,73,0.459,0.448
1985-09-08T11:00,,25.7,74,0.46,0.448
1985-09-08T12:00,,25.0,78,0.46,0.448
1985-09-08T13:00,,24.3,82,0.459,0.448
1985-09-08T14:00,,23.5,87,0.459,0.448
1985-09-08T15:00,,23.0,90,0.459,0.448
1985-09-08T16:00,,22.6,92,0.458,0.448
1985-09-08T17:00,,22.1,94,0.458,0.449
1985-09-08T18:00,,22.0,94,0.458,0.449
1985-09-08T19:00,,21.8,95,0.457,0.449
1985-09-08T20:00,,21.6,96,0.457,0.449
1985-09-08T21:00,,21.3,97,0.457,0.449
1985-09-08T22:00,,21.2,98,0.456,0.449
1985-09-08T23:00,,21.2,98,0.456,0.449
1985-09-09T00:00,,21.2,97,0.456,0.449
1985-09-09T01:00,,21.2,97,0.456,0.449
1985-09-09T02:00,,21.4,96,0.456,0.449
1985-09-09T03:00,,22.0,91,0.455,0.449
1985-09-09T04:00,,23.4,83,0.455,0.449
1985-09-09T05:00,,24.9,76,0.456,0.449
1985-09-09T06:00,,25.4,74,0.457,0.448
1985-09-09T07:00,,26.1,70,0.456,0.448
1985-09-09T08:00,,26.5,69,0.455,0.448
1985-09-09T09:00,,26.7,68,0.455,0.447
1985-09-09T10:00,,26.7,68,0.456,0.447
1985-09-09T11:00,,26.1,70,0.457,0.447
1985-09-09T12:00,,25.4,74,0.456,0.447
1985-09-09T13:00,,24.7,77,0.456,0.447
1985-09-09T14:00,,23.8,83,0.455,0.447
1985-09-09T15:00,,23.1,87,0.455,0.447
1985-09-09T16:00,,22.5,89,0.455,0.447
1985-09-09T17:00,,22.1,91,0.454,0.447
1985-09-09T18:00,,21.5,94,0.454,0.447
1985-09-09T19:00,,21.4,95,0.454,0.447
1985-09-09T20:00,,20.8,97,0.454,0.447
1985-09-09T21:00,,20.5,97,0.454,0.447
1985-09-09T22:00,,20.5,98,0.453,0.447
1985-09-09T23:00,,20.1,98,0.453,0.447
1985-09-10T00:00,,20.3,98,0.453,0.447
1985-09-10T01:00,,20.3,97,0.453,0.447
1985-09-10T02:00,,21.1,94,0.453,0.447
1985-09-10T03:00,,22.3,87,0.452,0.447
1985-09-10T04:00,,23.6,79,0.452,0.447
1985-09-10T05:00,,24.6,74,0.451,0.447
1985-09-10T06:00,,25.8,70,0.45,0.446
1985-09-10T07:00,,26.1,70,0.45,0.446
1985-09-10T08:00,,25.9,73,0.451,0.446
1985-09-10T09:00,,26.1,75,0.452,0.445
1985-09-10T10:00,,26.1,76,0.452,0.445
1985-09-10T11:00,,26.0,75,0.452,0.445
1985-09-10T12:00,,25.1,77,0.452,0.445
1985-09-10T13:00,,24.3,80,0.452,0.445
1985-09-10T14:00,,23.6,84,0.452,0.445
1985-09-10T15:00,,22.9,88,0.451,0.445
1985-09-10T16:00,,22.4,90,0.451,0.445
1985-09-10T17:00,,22.0,92,0.451,0.445
1985-09-10T18:00,,21.6,94,0.451,0.445
1985-09-10T19:00,,21.5,94,0.451,0.445
1985-09-10T20:00,,21.2,95,0.45,0.445
1985-09-10T21:00,,21.0,96,0.45,0.445
1985-09-10T22:00,,20.9,97,0.45,0.445
1985-09-10T23:00,,20.8,97,0.45,0.445
1985-09-11T00:00,,20.7,98,0.45,0.445
1985-09-11T01:00,,20.6,98,0.45,0.445
1985-09-11T02:00,,21.1,95,0.45,0.445
1985-09-11T03:00,,22.4,85,0.45,0.445
1985-09-11T04:00,,23.6,79,0.45,0.445
1985-09-11T05:00,,24.8,72,0.449,0.445
1985-09-11T06:00,,25.8,69,0.447,0.444
1985-09-11T07:00,,25.7,71,0.447,0.444
1985-09-11T08:00,,25.3,73,0.449,0.443
1985-09-11T09:00,,25.8,74,0.448,0.443
1985-09-11T10:00,,25.8,75,0.448,0.443
1985-09-11T11:00,,25.7,74,0.448,0.442
1985-09-11T12:00,,25.3,74,0.447,0.442
1985-09-11T13:00,,24.4,77,0.446,0.442
1985-09-11T14:00,,23.5,80,0.446,0.442
1985-09-11T15:00,,22.7,83,0.446,0.442
1985-09-11T16:00,,22.0,86,0.446,0.442
1985-09-11T17:00,,21.5,89,0.446,0.442
1985-09-11T18:00,,21.1,91,0.446,0.442
1985-09-11T19:00,,20.9,92,0.445,0.442
1985-09-11T20:00,,20.6,93,0.445,0.442
1985-09-11T21:00,,20.5,94,0.445,0.442
1985-09-11T22:00,,20.4,95,0.445,0.442
1985-09-11T23:00,,20.4,96,0.445,0.442
1985-09-12T00:00,,20.5,97,0.445,0.442
1985-09-12T01:00,,20.6,97,0.445,0.442
1985-09-12T02:00,,21.1,93,0.445,0.442
1985-09-12T03:00,,22.1,85,0.446,0.442
1985-09-12T04:00,,23.1,81,0.446,0.442
1985-09-12T05:00,,24.3,75,0.445,0.442
1985-09-12T06:00,,25.3,70,0.444,0.441
1985-09-12T07:00,,25.9,71,0.443,0.441
1985-09-12T08:00,,26.2,70,0.441,0.441
1985-09-12T09:00,,26.4,69,0.44,0.44
1985-09-12T10:00,,25.9,68,0.44,0.44
1985-09-12T11:00,,25.3,71,0.439,0.439
1985-09-12T12:00,,24.7,74,0.438,0.439
1985-09-12T13:00,,23.8,79,0.438,0.439
1985-09-12T14:00,,23.0,83,0.438,0.439
1985-09-12T15:00,,22.4,88,0.438,0.439
1985-09-12T16:00,,22.0,90,0.438,0.439
1985-09-12T17:00,,21.7,91,0.438,0.439
1985-09-12T18:00,,21.3,91,0.438,0.439
1985-09-12T19:00,,20.9,92,0.438,0.439
1985-09-12T20:00,,20.8,93,0.438,0.439
1985-09-12T21:00,,20.5,94,0.438,0.439
1985-09-12T22:00,,20.5,95,0.438,0.439
1985-09-12T23:00,,20.4,96,0.437,0.439
1985-09-13T00:00,,20.3,97,0.437,0.439
1985-09-13T01:00,,20.3,97,0.437,0.439
1985-09-13T02:00,,21.0,93,0.438,0.439
1985-09-13T03:00,,22.1,86,0.438,0.439
1985-09-13T04:00,,23.6,77,0.437,0.439
1985-09-13T05:00,,24.7,71,0.436,0.438
1985-09-13T06:00,,25.8,66,0.435,0.438
1985-09-13T07:00,,25.5,69,0.435,0.437
1985-09-13T08:00,,26.4,66,0.434,0.437
1985-09-13T09:00,,26.5,64,0.432,0.436
1985-09-13T10:00,,26.2,66,0.431,0.436
1985-09-13T11:00,,25.9,67,0.43,0.436
1985-09-13T12:00,,25.0,71,0.429,0.435
1985-09-13T13:00,,24.0,76,0.429,0.435
1985-09-13T14:00,,23.0,81,0.429,0.435
1985-09-13T15:00,,22.4,86,0.429,0.435
1985-09-13T16:00,,21.9,89,0.429,0.435
1985-09-13T17:00,,21.6,91,0.429,0.435
1985-09-13T18:00,,21.2,92,0.429,0.435
1985-09-13T19:00,,21.2,93,0.429,0.435
1985-09-13T20:00,,21.1,94,0.429,0.435
1985-09-13T21:00,,20.9,95,0.429,0.435
1985-09-13T22:00,,20.7,95,0.429,0.435
1985-09-13T23:00,,20.7,95,0.429,0.435
1985-09-14T00:00,,20.6,96,0.429,0.435
1985-09-14T01:00,,20.7,96,0.429,0.435
1985-09-14T02:00,,21.0,94,0.429,0.435
1985-09-14T03:00,,22.5,84,0.429,0.435
1985-09-14T04:00,,24.0,76,0.429,0.435
1985-09-14T05:00,,25.1,71,0.428,0.434
1985-09-14T06:00,,25.8,69,0.427,0.434
1985-09-14T07:00,,26.7,64,0.426,0.433
1985-09-14T08:00,,26.9,63,0.424,0.433
1985-09-14T09:00,,26.3,65,0.425,0.432
1985-09-14T10:00,,26.1,66,0.425,0.432
1985-09-14T11:00,,25.3,70,0.425,0.432
1985-09-14T12:00,,24.8,74,0.425,0.431
1985-09-14T13:00,,24.0,77,0.424,0.431
1985-09-14T14:00,,23.3,81,0.424,0.431
1985-09-14T15:00,,22.7,84,0.424,0.431
1985-09-14T16:00,,22.2,86,0.424,0.431
1985-09-14T17:00,,21.8,89,0.424,0.431
1985-09-14T18:00,,21.4,90,0.424,0.431
1985-09-14T19:00,,21.4,91,0.424,0.431
1985-09-14T20:00,,21.2,91,0.424,0.431
1985-09-14T21:00,,20.9,92,0.424,0.431
1985-09-14T22:00,,20.8,93,0.424,0.431
1985-09-14T23:00,,20.7,94,0.424,0.431
1985-09-15T00:00,,20.6,94,0.424,0.431
1985-09-15T01:00,,20.6,95,0.424,0.431
1985-09-15T02:00,,21.1,92,0.424,0.431
1985-09-15T03:00,,22.4,85,0.424,0.431
1985-09-15T04:00,,23.9,77,0.423,0.431
1985-09-15T05:00,,25.3,70,0.422,0.43
1985-09-15T06:00,,26.2,65,0.421,0.43
1985-09-15T07:00,,26.8,63,0.42,0.429
1985-09-15T08:00,,27.5,60,0.418,0.429
1985-09-15T09:00,,27.4,60,0.417,0.428
1985-09-15T10:00,,27.0,63,0.416,0.428
1985-09-15T11:00,,26.5,66,0.415,0.427
1985-09-15T12:00,,25.7,71,0.414,0.427
1985-09-15T13:00,,24.7,76,0.414,0.427
1985-09-15T14:00,,23.7,82,0.414,0.427
1985-09-15T15:00,,23.0,87,0.414,0.427
1985-09-15T16:00,,22.5,91,0.414,0.427
1985-09-15T17:00,,22.1,93,0.414,0.427
1985-09-15T18:00,,21.7,95,0.414,0.427
1985-09-15T19:00,,21.6,95,0.414,0.427
1985-09-15T20:00,,21.4,95,0.414,0.427
1985-09-15T21:00,,21.1,95,0.414,0.427
1985-09-15T22:00,,20.9,95,0.415,0.427
1985-09-15T23:00,,20.8,96,0.415,0.427
1985-09-16T00:00,,20.6,96,0.415,0.427
1985-09-16T01:00,,20.5,96,0.415,0.427
1985-09-16T02:00,,21.0,94,0.415,0.427
1985-09-16T03:00,,22.6,85,0.414,0.427
1985-09-16T04:00,,24.1,77,0.414,0.426
1985-09-16T05:00,,25.4,69,0.413,0.426
1985-09-16T06:00,,26.5,64,0.411,0.425
1985-09-16T07:00,,27.7,58,0.41,0.425
1985-09-16T08:00,,28.1,56,0.408,0.424
1985-09-16T09:00,,28.2,55,0.407,0.423
1985-09-16T10:00,,28.1,56,0.405,0.423
1985-09-16T11:00,,27.4,60,0.404,0.423
1985-09-16T12:00,,26.2,69,0.404,0.422
1985-09-16T13:00,,25.1,76,0.404,0.422
1985-09-16T14:00,,23.9,83,0.404,0.422
1985-09-16T15:00,,23.1,89,0.404,0.422
1985-09-16T16:00,,22.5,93,0.404,0.422
1985-09-16T17:00,,22.1,95,0.404,0.422
1985-09-16T18:00,,21.8,96,0.404,0.422
1985-09-16T19:00,,21.7,95,0.404,0.422
1985-09-16T20:00,,21.4,96,0.404,0.422
1985-09-16T21:00,,21.3,95,0.404,0.422
1985-09-16T22:00,,21.0,96,0.404,0.422
1985-09-16T23:00,,20.8,96,0.405,0.422
1985-09-17T00:00,,20.8,96,0.405,0.422
1985-09-17T01:00,,20.6,97,0.405,0.422
1985-09-17T02:00,,21.1,95,0.405,0.422
1985-09-17T03:00,,22.8,85,0.405,0.422
1985-09-17T04:00,,24.2,76,0.404,0.421
1985-09-17T05:00,,25.6,69,0.403,0.421
1985-09-17T06:00,,26.8,64,0.402,0.42
1985-09-17T07:00,,27.5,65,0.4,0.42
1985-09-17T08:00,,27.7,66,0.399,0.419
1985-09-17T09:00,,27.3,69,0.398,0.419
1985-09-17T10:00,,25.9,74,0.399,0.418
1985-09-17T11:00,,25.3,77,0.4,0.418
1985-09-17T12:00,,24.7,79,0.4,0.418
1985-09-17T13:00,,24.1,82,0.4,0.418
1985-09-17T14:00,,23.5,86,0.4,0.418
1985-09-17T15:00,,22.9,90,0.4,0.418
1985-09-17T16:00,,22.4,93,0.4,0.418
1985-09-17T17:00,,22.1,95,0.4,0.418
1985-09-17T18:00,,21.9,96,0.4,0.418
1985-09-17T19:00,,21.7,96,0.4,0.418
1985-09-17T20:00,,21.5,96,0.4,0.418
1985-09-17T21:00,,21.4,96,0.401,0.418
1985-09-17T22:00,,21.2,96,0.401,0.418
1985-09-17T23:00,,21.0,96,0.401,0.418
1985-09-18T00:00,,20.9,97,0.401,0.418
1985-09-18T01:00,,20.7,97,0.401,0.418
1985-09-18T02:00,,21.5,94,0.401,0.418
1985-09-18T03:00,,22.6,86,0.401,0.418
1985-09-18T04:00,,24.0,78,0.4,0.417
1985-09-18T05:00,,25.3,71,0.399,0.417
1985-09-18T06:00,,26.3,66,0.398,0.416
1985-09-18T07:00,,27.2,66,0.397,0.416
1985-09-18T08:00,,27.2,67,0.395,0.415
1985-09-18T09:00,,27.0,69,0.394,0.415
1985-09-18T10:00,,26.1,72,0.394,0.414
1985-09-18T11:00,,25.8,71,0.395,0.414
1985-09-18T12:00,,25.3,73,0.395,0.414
1985-09-18T13:00,,24.4,78,0.395,0.414
1985-09-18T14:00,,23.6,81,0.395,0.414
1985-09-18T15:00,,23.0,84,0.395,0.414
1985-09-18T16:00,,22.5,87,0.395,0.414
1985-09-18T17:00,,22.1,89,0.395,0.414
1985-09-18T18:00,,21.8,90,0.395,0.414
1985-09-18T19:00,,21.7,91,0.395,0.414
1985-09-18T20:00,,21.5,91,0.395,0.414
1985-09-18T21:00,,21.2,91,0.395,0.414
1985-09-18T22:00,,21.0,91,0.396,0.414
1985-09-18T23:00,,20.9,92,0.396,0.414
1985-09-19T00:00,,20.7,93,0.396,0.414
1985-09-19T01:00,,20.7,93,0.396,0.414
1985-09-19T02:00,,21.3,91,0.396,0.414
1985-09-19T03:00,,22.6,83,0.396,0.413
1985-09-19T04:00,,23.9,75,0.395,0.413
1985-09-19T05:00,,25.1,68,0.394,0.413
1985-09-19T06:00,,25.9,65,0.393,0.412
1985-09-19T07:00,,27.0,63,0.391,0.412
1985-09-19T08:00,,27.8,61,0.39,0.411
1985-09-19T09:00,,27.7,64,0.389,0.41
1985-09-19T10:00,,26.1,70,0.4,0.41
1985-09-19T11:00,,25.1,77,0.402,0.41
1985-09-19T12:00,,24.9,77,0.402,0.41
1985-09-19T13:00,,24.2,80,0.402,0.41
1985-09-19T14:00,,23.4,84,0.402,0.41
1985-09-19T15:00,,22.9,87,0.402,0.41
1985-09-19T16:00,,22.4,89,0.402,0.41
1985-09-19T17:00,,22.1,91,0.402,0.41
1985-09-19T18:00,,21.9,90,0.402,0.41
1985-09-19T19:00,,21.8,91,0.402,0.41
1985-09-19T20:00,,21.6,91,0.402,0.41
1985-09-19T21:00,,21.4,90,0.402,0.41
1985-09-19T22:00,,21.1,91,0.402,0.41
1985-09-19T23:00,,20.8,92,0.402,0.41
1985-09-20T00:00,,20.5,93,0.402,0.41
1985-09-20T01:00,,20.2,95,0.403,0.41
1985-09-20T02:00,,21.0,93,0.402,0.41
1985-09-20T03:00,,22.4,85,0.402,0.41
1985-09-20T04:00,,23.9,75,0.402,0.41
1985-09-20T05:00,,25.2,69,0.4,0.409
1985-09-20T06:00,,26.3,65,0.399,0.409
1985-09-20T07:00,,27.0,65,0.397,0.408
1985-09-20T08:00,,27.3,66,0.396,0.408
1985-09-20T09:00,,26.7,68,0.399,0.407
1985-09-20T10:00,,26.3,71,0.399,0.407
1985-09-20T11:00,,25.8,72,0.4,0.407
1985-09-20T12:00,,25.3,72,0.401,0.407
1985-09-20T13:00,,24.5,75,0.401,0.407
1985-09-20T14:00,,23.8,80,0.401,0.407
1985-09-20T15:00,,23.1,84,0.401,0.407
1985-09-20T16:00,,22.5,88,0.401,0.407
1985-09-20T17:00,,22.1,91,0.401,0.407
1985-09-20T18:00,,21.7,93,0.401,0.407
1985-09-20T19:00,,21.7,92,0.401,0.407
1985-09-20T20:00,,21.4,93,0.401,0.407
1985-09-20T21:00,,21.1,95,0.401,0.407
1985-09-20T22:00,,20.9,95,0.401,0.407
1985-09-20T23:00,,20.7,96,0.401,0.407
1985-09-21T00:00,,20.7,96,0.401,0.407
1985-09-21T01:00,,20.5,96,0.401,0.407
1985-09-21T02:00,,21.1,94,0.401,0.407
1985-09-21T03:00,,22.6,85,0.4,0.407
1985-09-21T04:00,,24.0,77,0.4,0.407
1985-09-21T05:00,,25.4,71,0.399,0.406
1985-09-21T06:00,,26.5,67,0.398,0.406
1985-09-21T07:00,,25.9,72,0.398,0.405
1985-09-21T08:00,,27.1,69,0.397,0.405
1985-09-21T09:00,,27.3,70,0.396,0.405
1985-09-21T10:00,,27.0,72,0.395,0.404
1985-09-21T11:00,,25.5,76,0.398,0.404
1985-09-21T12:00,,24.9,79,0.399,0.404
1985-09-21T13:00,,24.2,82,0.398,0.404
1985-09-21T14:00,,23.5,85,0.398,0.404
1985-09-21T15:00,,23.0,88,0.398,0.404
1985-09-21T16:00,,22.6,90,0.398,0.404
1985-09-21T17:00,,22.2,93,0.398,0.404
1985-09-21T18:00,,22.0,94,0.398,0.404
1985-09-21T19:00,,21.8,95,0.399,0.404
1985-09-21T20:00,,21.7,95,0.399,0.404
1985-09-21T21:00,,21.5,95,0.399,0.404
1985-09-21T22:00,,21.3,95,0.399,0.404
1985-09-21T23:00,,21.2,95,0.399,0.404
1985-09-22T00:00,,21.1,94,0.399,0.404
1985-09-22T01:00,,21.2,93,0.399,0.404
1985-09-22T02:00,,21.6,92,0.399,0.404
1985-09-22T03:00,,22.4,87,0.399,0.404
1985-09-22T04:00,,23.4,81,0.398,0.404
1985-09-22T05:00,,24.8,75,0.398,0.404
1985-09-22T06:00,,25.5,75,0.398,0.403
1985-09-22T07:00,,25.6,74,0.397,0.403
1985-09-22T08:00,,25.8,73,0.396,0.403
1985-09-22T09:00,,25.9,73,0.396,0.402
1985-09-22T10:00,,25.7,72,0.396,0.402
1985-09-22T11:00,,25.5,73,0.396,0.402
1985-09-22T12:00,,24.9,76,0.395,0.402
1985-09-22T13:00,,24.1,79,0.395,0.402
1985-09-22T14:00,,23.4,82,0.395,0.402
1985-09-22T15:00,,22.8,85,0.395,0.402
1985-09-22T16:00,,22.4,88,0.395,0.402
1985-09-22T17:00,,22.1,90,0.395,0.402
1985-09-22T18:00,,21.8,91,0.395,0.402
1985-09-22T19:00,,21.7,91,0.395,0.402
1985-09-22T20:00,,21.5,90,0.395,0.402
1985-09-22T21:00,,21.4,90,0.395,0.402
1985-09-22T22:00,,21.3,91,0.395,0.402
1985-09-22T23:00,,21.2,92,0.395,0.402
1985-09-23T00:00,,21.1,94,0.395,0.402
1985-09-23T01:00,,21.1,94,0.395,0.402
1985-09-23T02:00,,21.5,92,0.395,0.402
1985-09-23T03:00,,22.8,83,0.395,0.402
1985-09-23T04:00,,24.1,76,0.394,0.402
1985-09-23T05:00,,24.9,72,0.394,0.401
1985-09-23T06:00,,26.0,67,0.393,0.401
1985-09-23T07:00,,25.8,70,0.393,0.401
1985-09-23T08:00,,26.2,69,0.393,0.4
1985-09-23T09:00,,26.3,69,0.393,0.4
1985-09-23T10:00,,26.3,69,0.392,0.4
1985-09-23T11:00,,25.8,70,0.391,0.4
1985-09-23T12:00,,25.2,72,0.391,0.399
1985-09-23T13:00,,24.1,76,0.391,0.399
1985-09-23T14:00,,23.2,80,0.39,0.399
1985-09-23T15:00,,22.6,83,0.39,0.399
1985-09-23T16:00,,22.1,86,0.39,0.399
1985-09-23T17:00,,21.7,88,0.39,0.399
1985-09-23T18:00,,21.4,89,0.39,0.399
1985-09-23T19:00,,21.3,88,0.39,0.399
1985-09-23T20:00,,21.1,88,0.39,0.399
1985-09-23T21:00,,20.9,89,0.39,0.399
1985-09-23T22:00,,20.6,90,0.39,0.399
1985-09-23T23:00,,20.4,91,0.39,0.399
1985-09-24T00:00,,20.2,92,0.39,0.399
1985-09-24T01:00,,20.0,92,0.39,0.4
1985-09-24T02:00,,20.4,91,0.39,0.399
1985-09-24T03:00,,21.7,83,0.39,0.399
1985-09-24T04:00,,23.0,75,0.389,0.399
1985-09-24T05:00,,24.6,67,0.388,0.399
1985-09-24T06:00,,25.9,62,0.387,0.398
1985-09-24T07:00,,26.6,59,0.385,0.398
1985-09-24T08:00,,27.2,56,0.383,0.397
1985-09-24T09:00,,27.5,55,0.382,0.397
1985-09-24T10:00,,27.3,55,0.38,0.396
1985-09-24T11:00,,26.7,57,0.379,0.396
1985-09-24T12:00,,25.6,63,0.379,0.396
1985-09-24T13:00,,24.2,70,0.379,0.396
1985-09-24T14:00,,23.0,77,0.379,0.396
1985-09-24T15:00,,22.2,83,0.379,0.396
1985-09-24T16:00,,21.5,87,0.379,0.396
1985-09-24T17:00,,21.0,90,0.379,0.396
1985-09-24T18:00,,20.7,91,0.379,0.396
1985-09-24T19:00,,20.6,92,0.379,0.396
1985-09-24T20:00,,20.3,94,0.379,0.396
1985-09-24T21:00,,19.7,95,0.379,0.396
1985-09-24T22:00,,19.1,96,0.379,0.396
1985-09-24T23:00,,18.8,97,0.379,0.396
1985-09-25T00:00,,18.4,97,0.379,0.396
1985-09-25T01:00,,18.4,97,0.379,0.396
1985-09-25T02:00,,19.9,95,0.379,0.396
1985-09-25T03:00,,22.4,84,0.379,0.396
1985-09-25T04:00,,23.6,74,0.379,0.395
1985-09-25T05:00,,24.9,69,0.378,0.395
1985-09-25T06:00,,26.3,62,0.376,0.394
1985-09-25T07:00,,27.5,58,0.375,0.394
1985-09-25T08:00,,28.3,54,0.373,0.393
1985-09-25T09:00,,28.8,52,0.372,0.393
1985-09-25T10:00,,28.8,52,0.37,0.392
1985-09-25T11:00,,28.2,54,0.369,0.392
1985-09-25T12:00,,27.1,60,0.369,0.392
1985-09-25T13:00,,25.6,67,0.369,0.392
1985-09-25T14:00,,24.3,75,0.368,0.392
1985-09-25T15:00,,23.3,82,0.368,0.392
1985-09-25T16:00,,22.5,88,0.369,0.392
1985-09-25T17:00,,21.8,92,0.369,0.392
1985-09-25T18:00,,21.3,93,0.369,0.392
1985-09-25T19:00,,21.1,93,0.369,0.392
1985-09-25T20:00,,20.7,94,0.369,0.392
1985-09-25T21:00,,20.4,95,0.369,0.392
1985-09-25T22:00,,20.4,94,0.369,0.392
1985-09-25T23:00,,20.4,93,0.369,0.392
1985-09-26T00:00,,21.0,90,0.369,0.392
1985-09-26T01:00,,21.2,89,0.369,0.392
1985-09-26T02:00,,21.7,88,0.369,0.392
1985-09-26T03:00,,23.6,82,0.369,0.392
1985-09-26T04:00,,25.5,73,0.369,0.391
1985-09-26T05:00,,27.3,66,0.368,0.391
1985-09-26T06:00,,28.7,61,0.366,0.39
1985-09-26T07:00,,30.6,54,0.364,0.39
1985-09-26T08:00,,31.3,50,0.363,0.389
1985-09-26T09:00,,31.6,49,0.361,0.388
1985-09-26T10:00,,31.3,50,0.36,0.388
1985-09-26T11:00,,30.6,53,0.359,0.388
1985-09-26T12:00,,29.5,58,0.358,0.387
1985-09-26T13:00,,28.0,64,0.358,0.387
1985-09-26T14:00,,26.6,70,0.358,0.387
1985-09-26T15:00,,25.3,78,0.358,0.387
1985-09-26T16:00,,24.5,83,0.358,0.387
1985-09-26T17:00,,23.7,86,0.358,0.387
1985-09-26T18:00,,23.1,87,0.358,0.387
1985-09-26T19:00,,22.7,88,0.359,0.387
1985-09-26T20:00,,22.1,90,0.359,0.387
1985-09-26T21:00,,21.7,90,0.359,0.387
1985-09-26T22:00,,21.4,90,0.359,0.387
1985-09-26T23:00,,21.6,87,0.359,0.387
1985-09-27T00:00,,22.0,83,0.359,0.387
1985-09-27T01:00,,21.9,82,0.359,0.387
1985-09-27T02:00,,22.6,83,0.359,0.387
1985-09-27T03:00,,25.6,70,0.359,0.387
1985-09-27T04:00,,27.6,61,0.359,0.387
1985-09-27T05:00,,29.2,55,0.357,0.386
1985-09-27T06:00,,30.4,51,0.356,0.386
1985-09-27T07:00,,31.8,45,0.354,0.385
1985-09-27T08:00,,32.3,43,0.353,0.385
1985-09-27T09:00,,32.6,41,0.351,0.384
1985-09-27T10:00,,32.2,42,0.35,0.384
1985-09-27T11:00,,31.6,43,0.35,0.383
1985-09-27T12:00,,30.5,49,0.349,0.383
1985-09-27T13:00,,28.9,56,0.349,0.383
1985-09-27T14:00,,27.5,64,0.349,0.383
1985-09-27T15:00,,26.1,73,0.349,0.383
1985-09-27T16:00,,25.1,81,0.349,0.383
1985-09-27T17:00,,24.3,86,0.349,0.383
1985-09-27T18:00,,23.6,88,0.349,0.383
1985-09-27T19:00,,23.1,89,0.35,0.383
1985-09-27T20:00,,22.5,92,0.35,0.383
1985-09-27T21:00,,22.0,93,0.35,0.383
1985-09-27T22:00,,21.7,93,0.35,0.383
1985-09-27T23:00,,21.5,92,0.35,0.383
1985-09-28T00:00,,21.8,87,0.35,0.383
1985-09-28T01:00,,21.9,84,0.35,0.383
1985-09-28T02:00,,22.8,83,0.35,0.383
1985-09-28T03:00,,25.8,67,0.35,0.383
1985-09-28T04:00,,27.7,60,0.35,0.383
1985-09-28T05:00,,29.1,55,0.349,0.382
1985-09-28T06:00,,30.5,51,0.347,0.382
1985-09-28T07:00,,31.6,44,0.346,0.381
1985-09-28T08:00,,32.2,40,0.344,0.38
1985-09-28T09:00,,32.3,39,0.343,0.38
1985-09-28T10:00,,31.9,39,0.342,0.38
1985-09-28T11:00,,31.5,41,0.341,0.379
1985-09-28T12:00,,30.4,47,0.341,0.379
1985-09-28T13:00,,28.8,55,0.34,0.379
1985-09-28T14:00,,27.4,63,0.34,0.379
1985-09-28T15:00,,26.3,72,0.34,0.379
1985-09-28T16:00,,25.3,81,0.34,0.379
1985-09-28T17:00,,24.5,86,0.34,0.379
1985-09-28T18:00,,23.8,89,0.341,0.379
1985-09-28T19:00,,23.2,93,0.341,0.379
1985-09-28T20:00,,22.8,94,0.341,0.379
1985-09-28T21:00,,22.4,95,0.341,0.379
1985-09-28T22:00,,22.0,96,0.341,0.379
1985-09-28T23:00,,21.7,96,0.341,0.379
1985-09-29T00:00,,21.4,95,0.341,0.379
1985-09-29T01:00,,21.2,95,0.341,0.379
1985-09-29T02:00,,22.4,93,0.341,0.379
1985-09-29T03:00,,25.9,69,0.341,0.379
1985-09-29T04:00,,27.7,62,0.341,0.379
1985-09-29T05:00,,29.2,56,0.34,0.378
1985-09-29T06:00,,30.5,52,0.339,0.378
1985-09-29T07:00,,31.7,48,0.337,0.377
1985-09-29T08:00,,32.2,45,0.336,0.376
1985-09-29T09:00,,32.7,43,0.335,0.376
1985-09-29T10:00,,32.7,42,0.334,0.375
1985-09-29T11:00,,32.0,42,0.333,0.375
1985-09-29T12:00,,31.2,47,0.333,0.375
1985-09-29T13:00,,29.4,54,0.332,0.375
1985-09-29T14:00,,28.0,62,0.332,0.375
1985-09-29T15:00,,26.8,71,0.332,0.375
1985-09-29T16:00,,25.6,80,0.332,0.375
1985-09-29T17:00,,24.7,86,0.333,0.375
1985-09-29T18:00,,24.2,88,0.333,0.375
1985-09-29T19:00,,23.5,91,0.333,0.375
1985-09-29T20:00,,23.0,92,0.333,0.375
1985-09-29T21:00,,23.0,91,0.333,0.375
1985-09-29T22:00,,23.2,89,0.333,0.375
1985-09-29T23:00,,22.9,89,0.333,0.375
1985-09-30T00:00,,22.4,90,0.333,0.375
1985-09-30T01:00,,21.8,92,0.333,0.375
1985-09-30T02:00,,22.7,91,0.333,0.375
1985-09-30T03:00,,26.4,71,0.333,0.375
1985-09-30T04:00,,28.5,58,0.333,0.375
1985-09-30T05:00,,30.1,53,0.332,0.374
1985-09-30T06:00,,31.5,46,0.331,0.373
1985-09-30T07:00,,32.2,42,0.329,0.373
1985-09-30T08:00,,32.7,39,0.328,0.372
1985-09-30T09:00,,32.8,37,0.327,0.372
1985-09-30T10:00,,32.7,36,0.326,0.372
1985-09-30T11:00,,32.0,38,0.325,0.371
1985-09-30T12:00,,31.1,42,0.325,0.371
1985-09-30T13:00,,29.5,48,0.325,0.371
1985-09-30T14:00,,28.0,56,0.324,0.371
1985-09-30T15:00,,27.2,61,0.324,0.371
1985-09-30T16:00,,28.3,50,0.325,0.371
1985-09-30T17:00,,28.2,49,0.325,0.371
1985-09-30T18:00,,26.7,58,0.325,0.371
1985-09-30T19:00,,24.5,72,0.325,0.371
1985-09-30T20:00,,24.0,70,0.325,0.371
1985-09-30T21:00,,23.2,72,0.325,0.371
1985-09-30T22:00,,22.6,74,0.325,0.371
1985-09-30T23:00,,22.2,76,0.325,0.371
1985-10-01T00:00,,22.1,75,0.325,0.371
1985-10-01T01:00,,21.9,74,0.325,0.371
1985-10-01T02:00,,22.3,78,0.325,0.371
1985-10-01T03:00,,26.7,61,0.325,0.371
1985-10-01T04:00,,29.1,50,0.325,0.371
1985-10-01T05:00,,30.8,44,0.324,0.37
1985-10-01T06:00,,32.2,38,0.323,0.37
1985-10-01T07:00,,33.2,32,0.321,0.369
1985-10-01T08:00,,33.9,28,0.32,0.369
1985-10-01T09:00,,34.2,27,0.319,0.368
1985-10-01T10:00,,33.7,28,0.318,0.368
1985-10-01T11:00,,32.8,31,0.318,0.368
1985-10-01T12:00,,31.4,37,0.317,0.367
1985-10-01T13:00,,29.7,42,0.317,0.367
1985-10-01T14:00,,28.4,47,0.317,0.367
1985-10-01T15:00,,27.3,51,0.317,0.367
1985-10-01T16:00,,26.4,56,0.317,0.367
1985-10-01T17:00,,25.6,59,0.317,0.367
1985-10-01T18:00,,25.3,56,0.317,0.367
1985-10-01T19:00,,24.9,46,0.317,0.367
1985-10-01T20:00,,23.8,51,0.317,0.367
1985-10-01T21:00,,23.3,52,0.317,0.367
1985-10-01T22:00,,22.8,54,0.317,0.367
1985-10-01T23:00,,22.7,54,0.317,0.367
1985-10-02T00:00,,22.0,59,0.317,0.367
1985-10-02T01:00,,22.4,56,0.317,0.367
1985-10-02T02:00,,22.5,64,0.317,0.367
1985-10-02T03:00,,26.7,54,0.317,0.367
1985-10-02T04:00,,30.2,41,0.316,0.367
1985-10-02T05:00,,32.0,34,0.315,0.366
1985-10-02T06:00,,33.2,29,0.314,0.366
1985-10-02T07:00,,33.7,28,0.313,0.365
1985-10-02T08:00,,33.6,27,0.312,0.365
1985-10-02T09:00,,33.7,27,0.311,0.365
1985-10-02T10:00,,33.9,27,0.31,0.364
1985-10-02T11:00,,33.5,27,0.31,0.364
1985-10-02T12:00,,32.3,31,0.309,0.364
1985-10-02T13:00,,30.3,37,0.309,0.364
1985-10-02T14:00,,28.6,46,0.309,0.364
1985-10-02T15:00,,27.9,44,0.309,0.364
1985-10-02T16:00,,27.4,44,0.309,0.364
1985-10-02T17:00,,27.0,44,0.309,0.364
1985-10-02T18:00,,26.7,45,0.309,0.364
1985-10-02T19:00,,26.5,47,0.309,0.364
1985-10-02T20:00,,26.3,48,0.309,0.364
1985-10-02T21:00,,26.0,51,0.309,0.364
1985-10-02T22:00,,25.6,54,0.309,0.364
1985-10-02T23:00,,25.3,56,0.309,0.364
1985-10-03T00:00,,25.1,57,0.309,0.364
1985-10-03T01:00,,25.0,57,0.309,0.364
1985-10-03T02:00,,25.1,59,0.309,0.364
1985-10-03T03:00,,26.0,60,0.309,0.364
1985-10-03T04:00,,28.0,55,0.308,0.363
1985-10-03T05:00,,29.8,52,0.308,0.363
1985-10-03T06:00,,31.5,44,0.307,0.363
1985-10-03T07:00,,33.0,35,0.306,0.362
1985-10-03T08:00,,33.8,31,0.305,0.362
1985-10-03T09:00,,33.5,31,0.304,0.361
1985-10-03T10:00,,32.9,32,0.303,0.361
1985-10-03T11:00,,32.3,34,0.303,0.361
1985-10-03T12:00,,31.5,38,0.303,0.361
1985-10-03T13:00,,30.1,44,0.302,0.361
1985-10-03T14:00,,28.8,50,0.302,0.361
1985-10-03T15:00,,27.9,51,0.302,0.361
1985-10-03T16:00,,26.9,59,0.302,0.361
1985-10-03T17:00,,26.3,64,0.302,0.361
1985-10-03T18:00,,25.9,68,0.302,0.361
1985-10-03T19:00,,25.5,71,0.302,0.361
1985-10-03T20:00,,25.0,74,0.302,0.36
1985-10-03T21:00,,24.6,77,0.302,0.36
1985-10-03T22:00,,24.3,79,0.303,0.36
1985-10-03T23:00,,24.0,80,0.303,0.36
1985-10-04T00:00,,23.8,82,0.303,0.36
1985-10-04T01:00,,23.8,82,0.303,0.36
1985-10-04T02:00,,24.2,81,0.303,0.36
1985-10-04T03:00,,25.5,75,0.303,0.36
1985-10-04T04:00,,27.1,68,0.302,0.36
1985-10-04T05:00,,28.4,62,0.302,0.36
1985-10-04T06:00,,30.0,57,0.301,0.359
1985-10-04T07:00,,30.5,54,0.301,0.359
1985-10-04T08:00,,30.5,54,0.301,0.358
1985-10-04T09:00,,30.2,54,0.301,0.358
1985-10-04T10:00,,29.1,60,0.305,0.358
1985-10-04T11:00,,28.0,67,0.328,0.358
1985-10-04T12:00,,26.3,77,0.352,0.358
1985-10-04T13:00,,24.9,85,0.377,0.358
1985-10-04T14:00,,24.2,87,0.39,0.358
1985-10-04T15:00,,23.9,90,0.392,0.358
1985-10-04T16:00,,23.4,94,0.395,0.358
1985-10-04T17:00,,23.5,92,0.395,0.358
1985-10-04T18:00,,23.3,91,0.396,0.358
1985-10-04T19:00,,22.9,92,0.398,0.358
1985-10-04T20:00,,22.7,93,0.4,0.358
1985-10-04T21:00,,22.6,92,0.401,0.359
1985-10-04T22:00,,22.6,91,0.401,0.359
1985-10-04T23:00,,22.7,90,0.401,0.359
1985-10-05T00:00,,22.8,90,0.401,0.359
1985-10-05T01:00,,22.7,90,0.402,0.359
1985-10-05T02:00,,22.9,90,0.403,0.359
1985-10-05T03:00,,23.2,89,0.405,0.359
1985-10-05T04:00,,24.1,86,0.415,0.359
1985-10-05T05:00,,25.0,80,0.419,0.359
1985-10-05T06:00,,25.3,79,0.421,0.36
1985-10-05T07:00,,27.9,65,0.418,0.359
1985-10-05T08:00,,28.2,64,0.419,0.359
1985-10-05T09:00,,26.1,76,0.479,0.36
1985-10-05T10:00,,25.7,81,0.496,0.362
1985-10-05T11:00,,25.6,80,0.489,0.365
1985-10-05T12:00,,24.8,86,0.495,0.368
1985-10-05T13:00,,24.1,91,0.496,0.371
1985-10-05T14:00,,23.5,92,0.492,0.374
1985-10-05T15:00,,23.2,92,0.495,0.377
1985-10-05T16:00,,23.1,91,0.501,0.38
1985-10-05T17:00,,22.8,91,0.501,0.384
1985-10-05T18:00,,22.6,91,0.503,0.388
1985-10-05T19:00,,22.4,91,0.508,0.392
1985-10-05T20:00,,22.3,92,0.506,0.398
1985-10-05T21:00,,22.2,92,0.499,0.403
1985-10-05T22:00,,22.3,90,0.492,0.405
1985-10-05T23:00,,22.5,89,0.487,0.407
1985-10-06T00:00,,22.6,87,0.482,0.409
1985-10-06T01:00,,22.7,87,0.479,0.41
1985-10-06T02:00,,23.0,86,0.476,0.411
1985-10-06T03:00,,23.9,83,0.474,0.411
1985-10-06T04:00,,25.4,73,0.471,0.412
1985-10-06T05:00,,26.6,67,0.468,0.412
1985-10-06T06:00,,28.2,61,0.464,0.412
1985-10-06T07:00,,28.7,60,0.461,0.412
1985-10-06T08:00,,29.1,60,0.459,0.412
1985-10-06T09:00,,28.7,63,0.458,0.412
1985-10-06T10:00,,26.9,73,0.512,0.412
1985-10-06T11:00,,24.7,89,0.48,0.443
1985-10-06T12:00,,23.5,91,0.492,0.461
1985-10-06T13:00,,23.1,93,0.459,0.479
1985-10-06T14:00,,22.9,93,0.461,0.478
1985-10-06T15:00,,22.7,94,0.463,0.477
1985-10-06T16:00,,22.6,94,0.464,0.477
1985-10-06T17:00,,22.4,94,0.472,0.476
1985-10-06T18:00,,22.4,94,0.519,0.477
1985-10-06T19:00,,22.3,90,0.475,0.493
1985-10-06T20:00,,22.2,89,0.478,0.492
1985-10-06T21:00,,22.2,89,0.477,0.492
1985-10-06T22:00,,22.3,89,0.476,0.491
1985-10-06T23:00,,22.3,88,0.476,0.491
1985-10-07T00:00,,22.4,88,0.476,0.49
1985-10-07T01:00,,22.5,88,0.475,0.49
1985-10-07T02:00,,22.8,87,0.475,0.489
1985-10-07T03:00,,23.4,86,0.475,0.489
1985-10-07T04:00,,24.2,82,0.477,0.488
1985-10-07T05:00,,24.6,80,0.478,0.487
1985-10-07T06:00,,24.9,80,0.479,0.487
1985-10-07T07:00,,26.2,73,0.478,0.486
1985-10-07T08:00,,25.2,77,0.509,0.486
1985-10-07T09:00,,25.1,78,0.467,0.5
1985-10-07T10:00,,24.6,80,0.478,0.495
1985-10-07T11:00,,24.5,80,0.48,0.494
1985-10-07T12:00,,24.2,80,0.481,0.492
1985-10-07T13:00,,23.5,83,0.483,0.492
1985-10-07T14:00,,23.0,85,0.485,0.491
1985-10-07T15:00,,23.0,86,0.485,0.49
1985-10-07T16:00,,23.0,87,0.484,0.49
1985-10-07T17:00,,22.9,87,0.484,0.489
1985-10-07T18:00,,22.9,87,0.484,0.489
1985-10-07T19:00,,23.4,85,0.484,0.488
1985-10-07T20:00,,23.4,85,0.484,0.488
1985-10-07T21:00,,23.4,85,0.483,0.488
1985-10-07T22:00,,23.1,86,0.483,0.487
1985-10-07T23:00,,23.0,86,0.483,0.487
1985-10-08T00:00,,22.9,86,0.482,0.486
1985-10-08T01:00,,22.6,90,0.483,0.486
1985-10-08T02:00,,22.2,93,0.485,0.486
1985-10-08T03:00,,22.4,93,0.485,0.485
1985-10-08T04:00,,22.6,94,0.486,0.485
1985-10-08T05:00,,23.1,95,0.488,0.485
1985-10-08T06:00,,23.5,90,0.494,0.485
1985-10-08T07:00,,24.4,84,0.499,0.485
1985-10-08T08:00,,24.2,85,0.501,0.485
1985-10-08T09:00,,25.0,79,0.5,0.485
1985-10-08T10:00,,24.8,81,0.5,0.486
1985-10-08T11:00,,24.3,83,0.5,0.486
1985-10-08T12:00,,23.2,88,0.501,0.486
1985-10-08T13:00,,22.5,91,0.502,0.487
1985-10-08T14:00,,22.1,93,0.499,0.487
1985-10-08T15:00,,21.9,96,0.498,0.487
1985-10-08T16:00,,21.8,97,0.497,0.487
1985-10-08T17:00,,21.8,98,0.497,0.487
1985-10-08T18:00,,21.7,98,0.497,0.487
1985-10-08T19:00,,21.5,98,0.497,0.488
1985-10-08T20:00,,21.4,98,0.497,0.488
1985-10-08T21:00,,21.2,98,0.498,0.488
1985-10-08T22:00,,21.2,99,0.499,0.488
1985-10-08T23:00,,21.3,99,0.499,0.488
1985-10-09T00:00,,21.3,99,0.498,0.488
1985-10-09T01:00,,21.5,99,0.497,0.488
1985-10-09T02:00,,21.7,98,0.497,0.488
1985-10-09T03:00,,22.1,94,0.498,0.488
1985-10-09T04:00,,23.8,85,0.499,0.488
1985-10-09T05:00,,25.2,77,0.497,0.488
1985-10-09T06:00,,26.3,69,0.494,0.488
1985-10-09T07:00,,27.1,64,0.491,0.487
1985-10-09T08:00,,27.4,62,0.488,0.486
1985-10-09T09:00,,28.0,58,0.485,0.485
1985-10-09T10:00,,27.9,58,0.483,0.484
1985-10-09T11:00,,27.4,59,0.481,0.483
1985-10-09T12:00,,26.7,64,0.48,0.483
1985-10-09T13:00,,25.4,71,0.479,0.482
1985-10-09T14:00,,24.2,78,0.479,0.482
1985-10-09T15:00,,23.2,85,0.479,0.482
1985-10-09T16:00,,22.4,90,0.478,0.482
1985-10-09T17:00,,21.6,93,0.478,0.481
1985-10-09T18:00,,21.1,95,0.478,0.481
1985-10-09T19:00,,20.5,95,0.477,0.481
1985-10-09T20:00,,19.9,96,0.477,0.481
1985-10-09T21:00,,19.7,97,0.477,0.48
1985-10-09T22:00,,19.0,98,0.477,0.48
1985-10-09T23:00,,19.2,98,0.476,0.48
1985-10-10T00:00,,19.5,98,0.476,0.479
1985-10-10T01:00,,19.7,97,0.476,0.479
1985-10-10T02:00,,20.8,93,0.476,0.479
1985-10-10T03:00,,22.3,82,0.475,0.479
1985-10-10T04:00,,23.9,75,0.474,0.478
1985-10-10T05:00,,25.5,68,0.472,0.477
1985-10-10T06:00,,26.8,62,0.47,0.476
1985-10-10T07:00,,27.6,58,0.468,0.475
1985-10-10T08:00,,28.1,55,0.465,0.474
1985-10-10T09:00,,28.2,53,0.463,0.473
1985-10-10T10:00,,27.8,54,0.462,0.472
1985-10-10T11:00,,27.1,58,0.461,0.472
1985-10-10T12:00,,26.3,64,0.46,0.471
1985-10-10T13:00,,25.1,72,0.46,0.471
1985-10-10T14:00,,24.0,79,0.46,0.471
1985-10-10T15:00,,22.7,88,0.46,0.47
1985-10-10T16:00,,22.1,90,0.46,0.47
1985-10-10T17:00,,21.5,93,0.46,0.47
1985-10-10T18:00,,21.1,94,0.46,0.47
1985-10-10T19:00,,21.8,90,0.46,0.47
1985-10-10T20:00,,21.2,93,0.46,0.469
1985-10-10T21:00,,20.7,96,0.46,0.469
1985-10-10T22:00,,20.6,98,0.46,0.469
1985-10-10T23:00,,20.6,99,0.46,0.469
1985-10-11T00:00,,20.5,99,0.46,0.469
1985-10-11T01:00,,20.3,99,0.46,0.468
1985-10-11T02:00,,20.7,98,0.46,0.468
1985-10-11T03:00,,22.1,88,0.46,0.468
1985-10-11T04:00,,24.0,79,0.459,0.467
1985-10-11T05:00,,25.5,71,0.458,0.467
1985-10-11T06:00,,26.4,64,0.457,0.466
1985-10-11T07:00,,26.9,60,0.455,0.465
1985-10-11T08:00,,26.8,60,0.454,0.464
1985-10-11T09:00,,26.5,61,0.454,0.463
1985-10-11T10:00,,26.1,63,0.453,0.463
1985-10-11T11:00,,25.6,67,0.453,0.462
1985-10-11T12:00,,25.2,70,0.453,0.462
1985-10-11T13:00,,24.3,76,0.452,0.462
1985-10-11T14:00,,23.4,81,0.452,0.462
1985-10-11T15:00,,22.7,86,0.452,0.462
1985-10-11T16:00,,22.0,90,0.453,0.462
1985-10-11T17:00,,21.3,93,0.453,0.461
1985-10-11T18:00,,20.8,94,0.453,0.461
1985-10-11T19:00,,20.9,88,0.453,0.461
1985-10-11T20:00,,20.8,86,0.453,0.461
1985-10-11T21:00,,21.1,82,0.453,0.461
1985-10-11T22:00,,21.4,80,0.453,0.461
1985-10-11T23:00,,21.1,80,0.453,0.461
1985-10-12T00:00,,20.8,80,0.453,0.46
1985-10-12T01:00,,20.6,80,0.453,0.46
1985-10-12T02:00,,20.6,79,0.453,0.46
1985-10-12T03:00,,22.5,73,0.453,0.46
1985-10-12T04:00,,23.8,62,0.452,0.46
1985-10-12T05:00,,24.8,57,0.45,0.459
1985-10-12T06:00,,25.7,52,0.448,0.458
1985-10-12T07:00,,26.1,52,0.446,0.457
1985-10-12T08:00,,26.6,50,0.444,0.456
1985-10-12T09:00,,26.7,49,0.442,0.455
1985-10-12T10:00,,26.4,50,0.44,0.455
1985-10-12T11:00,,25.7,52,0.439,0.454
1985-10-12T12:00,,24.9,58,0.439,0.454
1985-10-12T13:00,,23.6,62,0.439,0.453
1985-10-12T14:00,,22.6,69,0.439,0.453
1985-10-12T15:00,,21.9,72,0.439,0.453
1985-10-12T16:00,,21.1,78,0.439,0.453
1985-10-12T17:00,,20.6,82,0.439,0.453
1985-10-12T18:00,,20.6,80,0.439,0.453
1985-10-12T19:00,,21.7,70,0.439,0.453
1985-10-12T20:00,,20.9,74,0.439,0.453
1985-10-12T21:00,,20.6,74,0.439,0.452
1985-10-12T22:00,,20.2,75,0.439,0.452
1985-10-12T23:00,,20.4,72,0.44,0.452
1985-10-13T00:00,,19.5,77,0.44,0.452
1985-10-13T01:00,,18.9,81,0.44,0.452
1985-10-13T02:00,,19.3,83,0.44,0.452
1985-10-13T03:00,,22.5,69,0.44,0.452
1985-10-13T04:00,,24.2,63,0.439,0.451
1985-10-13T05:00,,25.6,57,0.437,0.45
1985-10-13T06:00,,26.6,51,0.436,0.449
1985-10-13T07:00,,27.7,47,0.433,0.448
1985-10-13T08:00,,27.9,46,0.431,0.448
1985-10-13T09:00,,28.0,46,0.429,0.447
1985-10-13T10:00,,27.8,46,0.428,0.446
1985-10-13T11:00,,27.4,48,0.427,0.445
1985-10-13T12:00,,26.6,53,0.426,0.445
1985-10-13T13:00,,25.0,61,0.426,0.445
1985-10-13T14:00,,23.8,68,0.426,0.445
1985-10-13T15:00,,22.6,75,0.426,0.445
1985-10-13T16:00,,21.7,81,0.426,0.444
1985-10-13T17:00,,21.8,78,0.426,0.444
1985-10-13T18:00,,21.7,77,0.427,0.444
1985-10-13T19:00,,21.6,74,0.427,0.444
1985-10-13T20:00,,21.0,76,0.427,0.444
1985-10-13T21:00,,20.3,79,0.427,0.444
1985-10-13T22:00,,19.8,80,0.427,0.444
1985-10-13T23:00,,19.5,80,0.427,0.444
1985-10-14T00:00,,19.1,80,0.428,0.444
1985-10-14T01:00,,18.8,80,0.428,0.443
1985-10-14T02:00,,19.4,81,0.428,0.443
1985-10-14T03:00,,23.3,63,0.428,0.443
1985-10-14T04:00,,25.0,56,0.427,0.443
1985-10-14T05:00,,26.2,52,0.426,0.442
1985-10-14T06:00,,27.2,48,0.424,0.441
1985-10-14T07:00,,28.1,45,0.422,0.44
1985-10-14T08:00,,28.4,43,0.42,0.439
1985-10-14T09:00,,28.4,44,0.418,0.438
1985-10-14T10:00,,28.0,46,0.416,0.438
1985-10-14T11:00,,27.5,48,0.415,0.437
1985-10-14T12:00,,26.6,54,0.415,0.437
1985-10-14T13:00,,25.1,61,0.415,0.437
1985-10-14T14:00,,23.7,69,0.415,0.437
1985-10-14T15:00,,22.4,78,0.415,0.436
1985-10-14T16:00,,21.8,82,0.415,0.436
1985-10-14T17:00,,21.6,81,0.415,0.436
1985-10-14T18:00,,20.8,84,0.416,0.436
1985-10-14T19:00,,20.5,85,0.416,0.436
1985-10-14T20:00,,19.8,87,0.416,0.436
1985-10-14T21:00,,19.4,88,0.416,0.436
1985-10-14T22:00,,19.0,88,0.416,0.436
1985-10-14T23:00,,18.8,88,0.416,0.436
1985-10-15T00:00,,18.5,88,0.417,0.436
1985-10-15T01:00,,18.4,88,0.417,0.436
1985-10-15T02:00,,19.1,89,0.417,0.436
1985-10-15T03:00,,22.7,71,0.417,0.435
1985-10-15T04:00,,24.5,63,0.416,0.435
1985-10-15T05:00,,25.9,58,0.415,0.434
1985-10-15T06:00,,27.1,55,0.413,0.433
1985-10-15T07:00,,28.1,48,0.411,0.432
1985-10-15T08:00,,28.3,46,0.409,0.432
1985-10-15T09:00,,27.8,49,0.408,0.431
1985-10-15T10:00,,27.0,54,0.407,0.43
1985-10-15T11:00,,26.2,60,0.406,0.43
1985-10-15T12:00,,25.1,67,0.406,0.43
1985-10-15T13:00,,24.0,75,0.406,0.43
1985-10-15T14:00,,23.0,82,0.406,0.43
1985-10-15T15:00,,22.3,87,0.406,0.429
1985-10-15T16:00,,21.7,91,0.406,0.429
1985-10-15T17:00,,21.1,94,0.407,0.429
1985-10-15T18:00,,20.5,97,0.407,0.429
1985-10-15T19:00,,20.3,98,0.407,0.429
1985-10-15T20:00,,20.0,98,0.407,0.429
1985-10-15T21:00,,20.1,99,0.407,0.429
1985-10-15T22:00,,20.3,99,0.407,0.429
1985-10-15T23:00,,20.3,98,0.408,0.429
1985-10-16T00:00,,20.3,98,0.408,0.429
1985-10-16T01:00,,20.2,98,0.408,0.429
1985-10-16T02:00,,20.5,95,0.408,0.429
1985-10-16T03:00,,21.2,90,0.408,0.428
1985-10-16T04:00,,22.7,79,0.408,0.428
1985-10-16T05:00,,24.4,71,0.406,0.428
1985-10-16T06:00,,25.6,65,0.405,0.427
1985-10-16T07:00,,26.6,59,0.403,0.426
1985-10-16T08:00,,27.3,54,0.402,0.425
1985-10-16T09:00,,27.2,53,0.4,0.425
1985-10-16T10:00,,26.8,54,0.399,0.424
1985-10-16T11:00,,26.4,56,0.398,0.424
1985-10-16T12:00,,25.6,61,0.398,0.423
1985-10-16T13:00,,24.3,68,0.398,0.423
1985-10-16T14:00,,23.2,75,0.398,0.423
1985-10-16T15:00,,22.3,82,0.398,0.423
1985-10-16T16:00,,21.5,89,0.398,0.423
1985-10-16T17:00,,20.8,93,0.399,0.423
1985-10-16T18:00,,20.1,96,0.399,0.423
1985-10-16T19:00,,20.1,95,0.399,0.423
1985-10-16T20:00,,19.6,97,0.399,0.423
1985-10-16T21:00,,19.1,98,0.399,0.423
1985-10-16T22:00,,18.6,99,0.4,0.423
1985-10-16T23:00,,18.4,100,0.4,0.423
1985-10-17T00:00,,18.5,100,0.4,0.423
1985-10-17T01:00,,18.3,99,0.4,0.422
1985-10-17T02:00,,19.2,98,0.4,0.422
1985-10-17T03:00,,21.4,88,0.4,0.422
1985-10-17T04:00,,23.0,78,0.4,0.422
1985-10-17T05:00,,24.2,71,0.399,0.421
1985-10-17T06:00,,25.5,63,0.397,0.421
1985-10-17T07:00,,26.6,56,0.396,0.42
1985-10-17T08:00,,27.3,52,0.394,0.419
1985-10-17T09:00,,27.4,49,0.393,0.419
1985-10-17T10:00,,27.0,50,0.392,0.418
1985-10-17T11:00,,26.1,54,0.391,0.418
1985-10-17T12:00,,25.1,62,0.391,0.418
1985-10-17T13:00,,23.8,69,0.391,0.417
1985-10-17T14:00,,22.7,77,0.391,0.417
1985-10-17T15:00,,21.7,84,0.391,0.417
1985-10-17T16:00,,21.0,89,0.391,0.417
1985-10-17T17:00,,20.1,94,0.392,0.417
1985-10-17T18:00,,19.6,95,0.392,0.417
1985-10-17T19:00,,19.6,93,0.392,0.417
1985-10-17T20:00,,18.8,96,0.392,0.417
1985-10-17T21:00,,18.2,97,0.392,0.417
1985-10-17T22:00,,17.7,98,0.392,0.417
1985-10-17T23:00,,16.9,99,0.392,0.417
1985-10-18T00:00,,16.2,99,0.393,0.417
1985-10-18T01:00,,15.9,99,0.393,0.417
1985-10-18T02:00,,17.2,97,0.393,0.417
1985-10-18T03:00,,21.9,79,0.393,0.417
1985-10-18T04:00,,24.0,65,0.392,0.416
1985-10-18T05:00,,25.5,57,0.391,0.416
1985-10-18T06:00,,26.5,54,0.39,0.415
1985-10-18T07:00,,27.8,47,0.388,0.414
1985-10-18T08:00,,28.2,45,0.386,0.413
1985-10-18T09:00,,27.8,46,0.385,0.413
1985-10-18T10:00,,27.6,47,0.384,0.412
1985-10-18T11:00,,26.9,51,0.383,0.412
1985-10-18T12:00,,25.9,57,0.383,0.412
1985-10-18T13:00,,24.6,64,0.382,0.411
1985-10-18T14:00,,23.3,72,0.383,0.411
1985-10-18T15:00,,22.0,84,0.383,0.411
1985-10-18T16:00,,22.7,75,0.383,0.411
1985-10-18T17:00,,22.3,77,0.383,0.411
1985-10-18T18:00,,21.1,83,0.383,0.411
1985-10-18T19:00,,19.9,83,0.383,0.411
1985-10-18T20:00,,19.3,84,0.383,0.411
1985-10-18T21:00,,18.8,85,0.384,0.411
1985-10-18T22:00,,18.3,85,0.384,0.411
1985-10-18T23:00,,17.9,85,0.384,0.411
1985-10-19T00:00,,17.6,86,0.384,0.411
1985-10-19T01:00,,17.4,86,0.384,0.411
1985-10-19T02:00,,17.9,88,0.384,0.411
1985-10-19T03:00,,23.2,69,0.384,0.411
1985-10-19T04:00,,26.2,49,0.384,0.41
1985-10-19T05:00,,27.6,42,0.382,0.41
1985-10-19T06:00,,28.7,38,0.381,0.409
1985-10-19T07:00,,29.7,32,0.379,0.408
1985-10-19T08:00,,30.1,31,0.377,0.407
1985-10-19T09:00,,30.1,31,0.376,0.407
1985-10-19T10:00,,29.6,32,0.375,0.406
1985-10-19T11:00,,28.9,33,0.374,0.406
1985-10-19T12:00,,27.4,39,0.373,0.406
1985-10-19T13:00,,25.5,47,0.373,0.406
1985-10-19T14:00,,23.4,62,0.373,0.405
1985-10-19T15:00,,23.2,61,0.373,0.405
1985-10-19T16:00,,22.3,64,0.373,0.405
1985-10-19T17:00,,21.6,65,0.373,0.405
1985-10-19T18:00,,21.1,66,0.374,0.405
1985-10-19T19:00,,20.5,65,0.374,0.405
1985-10-19T20:00,,20.1,65,0.374,0.405
1985-10-19T21:00,,19.8,64,0.374,0.405
1985-10-19T22:00,,19.2,65,0.374,0.405
1985-10-19T23:00,,18.4,67,0.374,0.405
1985-10-20T00:00,,17.9,68,0.374,0.405
1985-10-20T01:00,,17.7,68,0.374,0.405
1985-10-20T02:00,,18.3,71,0.374,0.405
1985-10-20T03:00,,23.2,57,0.374,0.405
1985-10-20T04:00,,26.8,41,0.374,0.404
1985-10-20T05:00,,28.6,32,0.372,0.404
1985-10-20T06:00,,29.7,29,0.371,0.403
1985-10-20T07:00,,30.4,27,0.369,0.402
1985-10-20T08:00,,30.9,26,0.368,0.402
1985-10-20T09:00,,30.9,26,0.366,0.401
1985-10-20T10:00,,30.7,26,0.365,0.4
1985-10-20T11:00,,30.0,28,0.364,0.4
1985-10-20T12:00,,28.3,35,0.363,0.4
1985-10-20T13:00,,26.1,41,0.363,0.4
1985-10-20T14:00,,24.2,52,0.363,0.4
1985-10-20T15:00,,23.1,57,0.363,0.4
1985-10-20T16:00,,22.5,58,0.363,0.4
1985-10-20T17:00,,21.8,58,0.364,0.4
1985-10-20T18:00,,21.1,55,0.364,0.399
1985-10-20T19:00,,20.5,48,0.364,0.399
1985-10-20T20:00,,20.2,44,0.364,0.399
1985-10-20T21:00,,19.9,43,0.364,0.399
1985-10-20T22:00,,19.6,42,0.364,0.399
1985-10-20T23:00,,19.4,42,0.364,0.399
1985-10-21T00:00,,19.4,40,0.364,0.399
1985-10-21T01:00,,19.1,42,0.364,0.399
1985-10-21T02:00,,19.9,42,0.364,0.399
1985-10-21T03:00,,22.8,43,0.363,0.399
1985-10-21T04:00,,26.6,31,0.363,0.398
1985-10-21T05:00,,28.5,24,0.361,0.398
1985-10-21T06:00,,29.7,23,0.36,0.397
1985-10-21T07:00,,30.1,23,0.358,0.396
1985-10-21T08:00,,30.5,22,0.357,0.396
1985-10-21T09:00,,30.5,22,0.355,0.395
1985-10-21T10:00,,30.3,22,0.354,0.395
1985-10-21T11:00,,29.7,23,0.353,0.394
1985-10-21T12:00,,28.0,30,0.353,0.394
1985-10-21T13:00,,25.8,36,0.353,0.394
1985-10-21T14:00,,23.5,49,0.353,0.394
1985-10-21T15:00,,23.4,46,0.353,0.394
1985-10-21T16:00,,24.4,35,0.353,0.394
1985-10-21T17:00,,23.3,39,0.353,0.394
1985-10-21T18:00,,20.9,52,0.353,0.394
1985-10-21T19:00,,19.7,53,0.353,0.394
1985-10-21T20:00,,18.6,52,0.353,0.394
1985-10-21T21:00,,17.9,52,0.353,0.394
1985-10-21T22:00,,17.7,50,0.354,0.394
1985-10-21T23:00,,17.8,47,0.354,0.394
1985-10-22T00:00,,17.6,47,0.354,0.393
1985-10-22T01:00,,17.2,49,0.354,0.393
1985-10-22T02:00,,18.1,50,0.354,0.393
1985-10-22T03:00,,22.0,48,0.353,0.393
1985-10-22T04:00,,26.2,33,0.353,0.393
1985-10-22T05:00,,28.1,27,0.352,0.392
1985-10-22T06:00,,29.1,24,0.35,0.392
1985-10-22T07:00,,29.9,23,0.349,0.391
1985-10-22T08:00,,30.2,22,0.348,0.39
1985-10-22T09:00,,30.3,22,0.346,0.39
1985-10-22T10:00,,30.1,22,0.345,0.389
1985-10-22T11:00,,29.6,24,0.344,0.389
1985-10-22T12:00,,28.0,30,0.344,0.389
1985-10-22T13:00,,25.7,36,0.344,0.389
1985-10-22T14:00,,23.5,48,0.344,0.389
1985-10-22T15:00,,22.9,50,0.344,0.389
1985-10-22T16:00,,23.9,39,0.344,0.389
1985-10-22T17:00,,22.0,49,0.344,0.389
1985-10-22T18:00,,20.0,57,0.344,0.389
1985-10-22T19:00,,19.2,55,0.344,0.388
1985-10-22T20:00,,18.4,52,0.344,0.388
1985-10-22T21:00,,18.1,49,0.344,0.388
1985-10-22T22:00,,18.1,45,0.345,0.388
1985-10-22T23:00,,17.7,46,0.345,0.388
1985-10-23T00:00,,17.8,44,0.345,0.388
1985-10-23T01:00,,17.3,48,0.345,0.388
1985-10-23T02:00,,18.1,49,0.345,0.388
1985-10-23T03:00,,21.8,47,0.344,0.388
1985-10-23T04:00,,25.8,33,0.344,0.388
1985-10-23T05:00,,27.7,26,0.343,0.387
1985-10-23T06:00,,28.8,21,0.342,0.386
1985-10-23T07:00,,29.5,20,0.34,0.386
1985-10-23T08:00,,29.9,19,0.339,0.385
1985-10-23T09:00,,30.1,18,0.338,0.385
1985-10-23T10:00,,29.9,18,0.337,0.384
1985-10-23T11:00,,29.4,19,0.336,0.384
1985-10-23T12:00,,27.7,27,0.335,0.384
1985-10-23T13:00,,25.3,33,0.335,0.384
1985-10-23T14:00,,23.3,42,0.335,0.384
1985-10-23T15:00,,21.7,49,0.335,0.384
1985-10-23T16:00,,21.0,43,0.335,0.384
1985-10-23T17:00,,20.5,38,0.335,0.384
1985-10-23T18:00,,20.4,35,0.335,0.383
1985-10-23T19:00,,19.1,43,0.335,0.383
1985-10-23T20:00,,19.1,40,0.335,0.383
1985-10-23T21:00,,18.5,44,0.335,0.383
1985-10-23T22:00,,18.4,43,0.336,0.383
1985-10-23T23:00,,17.6,47,0.336,0.383
1985-10-24T00:00,,17.3,48,0.336,0.383
1985-10-24T01:00,,17.1,49,0.336,0.383
1985-10-24T02:00,,17.8,50,0.336,0.383
1985-10-24T03:00,,21.5,45,0.335,0.383
1985-10-24T04:00,,25.2,33,0.335,0.383
1985-10-24T05:00,,27.2,27,0.334,0.382
1985-10-24T06:00,,28.5,23,0.333,0.382
1985-10-24T07:00,,29.3,21,0.332,0.381
1985-10-24T08:00,,29.9,20,0.33,0.38
1985-10-24T09:00,,30.2,19,0.329,0.38
1985-10-24T10:00,,30.1,19,0.328,0.38
1985-10-24T11:00,,29.5,20,0.328,0.379
1985-10-24T12:00,,27.8,27,0.327,0.379
1985-10-24T13:00,,25.5,33,0.327,0.379
1985-10-24T14:00,,23.7,40,0.327,0.379
1985-10-24T15:00,,22.3,46,0.327,0.379
1985-10-24T16:00,,21.2,47,0.327,0.379
1985-10-24T17:00,,21.1,39,0.327,0.379
1985-10-24T18:00,,20.0,42,0.327,0.379
1985-10-24T19:00,,19.6,40,0.327,0.379
1985-10-24T20:00,,19.2,41,0.327,0.379
1985-10-24T21:00,,18.7,43,0.327,0.379
1985-10-24T22:00,,18.1,46,0.327,0.379
1985-10-24T23:00,,17.7,48,0.327,0.379
1985-10-25T00:00,,17.3,50,0.327,0.378
1985-10-25T01:00,,17.1,51,0.327,0.378
1985-10-25T02:00,,17.7,53,0.327,0.378
1985-10-25T03:00,,21.5,48,0.327,0.378
1985-10-25T04:00,,25.2,35,0.327,0.378
1985-10-25T05:00,,27.3,26,0.326,0.377
1985-10-25T06:00,,28.6,22,0.325,0.377
1985-10-25T07:00,,29.6,20,0.324,0.376
1985-10-25T08:00,,30.2,19,0.322,0.376
1985-10-25T09:00,,30.6,18,0.321,0.375
1985-10-25T10:00,,30.6,18,0.321,0.375
1985-10-25T11:00,,30.1,19,0.32,0.375
1985-10-25T12:00,,28.4,28,0.32,0.374
1985-10-25T13:00,,25.9,35,0.319,0.374
1985-10-25T14:00,,23.8,40,0.319,0.374
1985-10-25T15:00,,22.3,42,0.319,0.374
1985-10-25T16:00,,21.9,35,0.32,0.374
1985-10-25T17:00,,21.0,38,0.319,0.374
1985-10-25T18:00,,20.8,37,0.319,0.374
1985-10-25T19:00,,20.7,36,0.319,0.374
1985-10-25T20:00,,20.3,39,0.319,0.374
1985-10-25T21:00,,20.0,41,0.319,0.374
1985-10-25T22:00,,19.6,42,0.319,0.374
1985-10-25T23:00,,19.3,43,0.319,0.374
1985-10-26T00:00,,19.0,44,0.319,0.374
1985-10-26T01:00,,18.7,45,0.319,0.374
1985-10-26T02:00,,19.2,47,0.319,0.374
1985-10-26T03:00,,22.3,45,0.319,0.374
1985-10-26T04:00,,25.9,34,0.319,0.373
1985-10-26T05:00,,27.9,27,0.318,0.373
1985-10-26T06:00,,29.2,23,0.317,0.372
1985-10-26T07:00,,29.9,22,0.316,0.372
1985-10-26T08:00,,30.5,21,0.315,0.371
1985-10-26T09:00,,30.8,20,0.314,0.371
1985-10-26T10:00,,30.7,20,0.313,0.371
1985-10-26T11:00,,30.2,21,0.312,0.37
1985-10-26T12:00,,28.6,27,0.312,0.37
1985-10-26T13:00,,26.2,31,0.312,0.37
1985-10-26T14:00,,24.4,38,0.312,0.37
1985-10-26T15:00,,22.8,46,0.312,0.37
1985-10-26T16:00,,21.5,52,0.312,0.37
1985-10-26T17:00,,20.9,48,0.312,0.37
1985-10-26T18:00,,20.3,44,0.312,0.37
1985-10-26T19:00,,19.6,42,0.312,0.37
1985-10-26T20:00,,19.3,42,0.312,0.37
1985-10-26T21:00,,18.8,44,0.312,0.37
1985-10-26T22:00,,18.3,46,0.312,0.37
1985-10-26T23:00,,17.9,48,0.312,0.37
1985-10-27T00:00,,17.5,50,0.312,0.37
1985-10-27T01:00,,17.4,50,0.312,0.37
1985-10-27T02:00,,18.2,50,0.312,0.37
1985-10-27T03:00,,21.9,47,0.312,0.369
1985-10-27T04:00,,26.0,34,0.312,0.369
1985-10-27T05:00,,28.2,27,0.311,0.369
1985-10-27T06:00,,29.7,23,0.31,0.368
1985-10-27T07:00,,30.3,22,0.309,0.368
1985-10-27T08:00,,30.9,21,0.308,0.367
1985-10-27T09:00,,31.1,20,0.307,0.367
1985-10-27T10:00,,31.0,21,0.307,0.366
1985-10-27T11:00,,30.4,22,0.306,0.366
1985-10-27T12:00,,28.7,28,0.306,0.366
1985-10-27T13:00,,26.4,33,0.306,0.366
1985-10-27T14:00,,24.8,39,0.306,0.366
1985-10-27T15:00,,23.4,46,0.306,0.366
1985-10-27T16:00,,21.9,56,0.306,0.366
1985-10-27T17:00,,21.1,59,0.306,0.366
1985-10-27T18:00,,20.5,59,0.306,0.366
1985-10-27T19:00,,19.9,52,0.306,0.366
1985-10-27T20:00,,18.8,53,0.306,0.366
1985-10-27T21:00,,18.4,51,0.306,0.366
1985-10-27T22:00,,18.1,51,0.306,0.366
1985-10-27T23:00,,17.5,54,0.306,0.366
1985-10-28T00:00,,17.2,54,0.306,0.366
1985-10-28T01:00,,17.0,54,0.306,0.366
1985-10-28T02:00,,17.8,54,0.306,0.366
1985-10-28T03:00,,21.8,51,0.306,0.365
1985-10-28T04:00,,26.2,36,0.306,0.365
1985-10-28T05:00,,28.4,29,0.305,0.365
1985-10-28T06:00,,29.7,26,0.304,0.364
1985-10-28T07:00,,30.6,24,0.304,0.364
1985-10-28T08:00,,31.1,23,0.303,0.363
1985-10-28T09:00,,31.4,22,0.302,0.363
1985-10-28T10:00,,31.2,22,0.301,0.363
1985-10-28T11:00,,30.6,23,0.301,0.362
1985-10-28T12:00,,29.0,28,0.3,0.362
1985-10-28T13:00,,26.8,33,0.3,0.362
1985-10-28T14:00,,25.2,39,0.3,0.362
1985-10-28T15:00,,23.7,46,0.3,0.362
1985-10-28T16:00,,22.3,55,0.3,0.362
1985-10-28T17:00,,21.7,57,0.3,0.362
1985-10-28T18:00,,21.0,59,0.3,0.362
1985-10-28T19:00,,20.5,51,0.3,0.362
1985-10-28T20:00,,19.5,52,0.3,0.362
1985-10-28T21:00,,18.7,51,0.301,0.362
1985-10-28T22:00,,18.4,49,0.301,0.362
1985-10-28T23:00,,18.1,49,0.301,0.362
1985-10-29T00:00,,17.4,52,0.301,0.362
1985-10-29T01:00,,17.2,51,0.301,0.362
1985-10-29T02:00,,17.9,52,0.301,0.362
1985-10-29T03:00,,22.0,48,0.301,0.362
1985-10-29T04:00,,26.6,33,0.3,0.361
1985-10-29T05:00,,28.9,26,0.3,0.361
1985-10-29T06:00,,30.1,22,0.299,0.361
1985-10-29T07:00,,30.6,21,0.298,0.36
1985-10-29T08:00,,31.1,20,0.297,0.36
1985-10-29T09:00,,31.3,20,0.297,0.359
1985-10-29T10:00,,31.2,20,0.296,0.359
1985-10-29T11:00,,30.6,21,0.296,0.359
1985-10-29T12:00,,29.1,26,0.295,0.359
1985-10-29T13:00,,26.8,30,0.295,0.359
1985-10-29T14:00,,25.0,37,0.295,0.358
1985-10-29T15:00,,23.4,47,0.295,0.358
1985-10-29T16:00,,22.2,53,0.295,0.358
1985-10-29T17:00,,21.3,56,0.295,0.358
1985-10-29T18:00,,20.7,55,0.295,0.358
1985-10-29T19:00,,20.2,43,0.295,0.358
1985-10-29T20:00,,19.2,45,0.295,0.358
1985-10-29T21:00,,18.7,46,0.295,0.358
1985-10-29T22:00,,18.5,44,0.295,0.358
1985-10-29T23:00,,18.6,43,0.295,0.358
1985-10-30T00:00,,18.7,43,0.295,0.358
1985-10-30T01:00,,18.5,43,0.295,0.358
1985-10-30T02:00,,19.1,45,0.295,0.358
1985-10-30T03:00,,22.5,42,0.295,0.358
1985-10-30T04:00,,26.4,32,0.295,0.358
1985-10-30T05:00,,28.8,25,0.295,0.357
1985-10-30T06:00,,30.1,21,0.294,0.357
1985-10-30T07:00,,30.9,21,0.293,0.357
1985-10-30T08:00,,31.4,20,0.292,0.356
1985-10-30T09:00,,31.6,20,0.292,0.356
1985-10-30T10:00,,31.5,20,0.291,0.355
1985-10-30T11:00,,31.0,20,0.291,0.355
1985-10-30T12:00,,29.4,25,0.291,0.355
1985-10-30T13:00,,27.2,29,0.29,0.355
1985-10-30T14:00,,25.4,35,0.29,0.355
1985-10-30T15:00,,23.6,47,0.29,0.355
1985-10-30T16:00,,22.5,51,0.29,0.355
1985-10-30T17:00,,21.7,50,0.29,0.355
1985-10-30T18:00,,20.9,47,0.291,0.355
1985-10-30T19:00,,19.8,44,0.291,0.355
1985-10-30T20:00,,19.8,40,0.291,0.355
1985-10-30T21:00,,19.6,40,0.291,0.355
1985-10-30T22:00,,19.6,38,0.291,0.355
1985-10-30T23:00,,19.6,37,0.291,0.355
1985-10-31T00:00,,19.6,36,0.291,0.355
1985-10-31T01:00,,19.7,35,0.291,0.355
1985-10-31T02:00,,20.1,38,0.29,0.355
1985-10-31T03:00,,23.0,36,0.29,0.355
1985-10-31T04:00,,26.2,31,0.29,0.354
1985-10-31T05:00,,28.5,26,0.29,0.354
1985-10-31T06:00,,30.0,22,0.289,0.354
1985-10-31T07:00,,30.5,21,0.288,0.353
1985-10-31T08:00,,30.9,21,0.288,0.353
1985-10-31T09:00,,31.2,20,0.287,0.353
1985-10-31T10:00,,31.0,20,0.287,0.352
1985-10-31T11:00,,30.4,21,0.286,0.352
1985-10-31T12:00,,29.0,25,0.286,0.352
1985-10-31T13:00,,26.8,28,0.286,0.352
1985-10-31T14:00,,25.2,33,0.286,0.352
1985-10-31T15:00,,23.6,42,0.286,0.352
1985-10-31T16:00,,22.2,49,0.286,0.352
1985-10-31T17:00,,21.4,46,0.286,0.352
1985-10-31T18:00,,20.5,45,0.286,0.352
1985-10-31T19:00,,18.8,52,0.286,0.352
1985-10-31T20:00,,18.0,53,0.286,0.352
1985-10-31T21:00,,17.8,51,0.286,0.352
1985-10-31T22:00,,18.0,47,0.286,0.352
1985-10-31T23:00,,18.0,45,0.286,0.352
1985-11-01T00:00,,18.1,42,0.286,0.352
1985-11-01T01:00,,18.3,40,0.286,0.352
1985-11-01T02:00,,19.2,40,0.286,0.352
1985-11-01T03:00,,22.3,39,0.286,0.351
1985-11-01T04:00,,25.6,32,0.286,0.351
1985-11-01T05:00,,27.8,27,0.285,0.351
1985-11-01T06:00,,29.2,23,0.285,0.351
1985-11-01T07:00,,29.8,23,0.284,0.35
1985-11-01T08:00,,30.4,22,0.284,0.35
1985-11-01T09:00,,30.6,22,0.283,0.349
1985-11-01T10:00,,30.5,21,0.283,0.349
1985-11-01T11:00,,30.0,22,0.283,0.349
1985-11-01T12:00,,28.6,26,0.282,0.349
1985-11-01T13:00,,26.5,30,0.282,0.349
1985-11-01T14:00,,24.8,35,0.282,0.349
1985-11-01T15:00,,23.1,46,0.282,0.349
1985-11-01T16:00,,21.9,50,0.282,0.349
1985-11-01T17:00,,20.9,49,0.282,0.349
1985-11-01T18:00,,19.8,49,0.282,0.349
1985-11-01T19:00,,18.3,52,0.282,0.349
1985-11-01T20:00,,18.1,49,0.282,0.349
1985-11-01T21:00,,17.9,48,0.282,0.349
1985-11-01T22:00,,17.8,46,0.282,0.349
1985-11-01T23:00,,18.0,43,0.282,0.349
1985-11-02T00:00,,18.1,41,0.282,0.349
1985-11-02T01:00,,18.3,40,0.282,0.349
1985-11-02T02:00,,19.0,41,0.282,0.349
1985-11-02T03:00,,22.1,40,0.282,0.348
1985-11-02T04:00,,25.3,34,0.282,0.348
1985-11-02T05:00,,27.8,28,0.282,0.348
1985-11-02T06:00,,29.3,23,0.281,0.348
1985-11-02T07:00,,30.1,22,0.281,0.347
1985-11-02T08:00,,30.7,21,0.28,0.347
1985-11-02T09:00,,30.9,20,0.28,0.346
1985-11-02T10:00,,30.8,20,0.28,0.346
1985-11-02T11:00,,30.3,20,0.279,0.346
1985-11-02T12:00,,28.8,24,0.279,0.346
1985-11-02T13:00,,26.6,28,0.279,0.346
1985-11-02T14:00,,24.8,33,0.279,0.346
1985-11-02T15:00,,23.2,37,0.279,0.346
1985-11-02T16:00,,22.0,38,0.279,0.346
1985-11-02T17:00,,21.2,37,0.279,0.346
1985-11-02T18:00,,20.2,40,0.279,0.346
1985-11-02T19:00,,19.9,35,0.279,0.346
1985-11-02T20:00,,19.8,33,0.279,0.346
1985-11-02T21:00,,19.9,32,0.279,0.346
1985-11-02T22:00,,20.1,32,0.279,0.346
1985-11-02T23:00,,19.9,34,0.279,0.346
1985-11-03T00:00,,19.5,36,0.279,0.346
1985-11-03T01:00,,19.0,39,0.279,0.346
1985-11-03T02:00,,19.1,42,0.279,0.346
1985-11-03T03:00,,22.2,40,0.279,0.346
1985-11-03T04:00,,25.7,31,0.279,0.345
1985-11-03T05:00,,27.9,25,0.278,0.345
1985-11-03T06:00,,29.2,21,0.278,0.345
1985-11-03T07:00,,30.1,19,0.278,0.344
1985-11-03T08:00,,30.7,17,0.277,0.344
1985-11-03T09:00,,31.0,16,0.277,0.344
1985-11-03T10:00,,30.9,15,0.276,0.343
1985-11-03T11:00,,30.4,16,0.276,0.343
1985-11-03T12:00,,28.8,20,0.276,0.343
1985-11-03T13:00,,26.6,24,0.276,0.343
1985-11-03T14:00,,24.7,28,0.276,0.343
1985-11-03T15:00,,23.1,31,0.276,0.343
1985-11-03T16:00,,22.4,29,0.276,0.343
1985-11-03T17:00,,21.7,31,0.276,0.343
1985-11-03T18:00,,21.4,31,0.276,0.343
1985-11-03T19:00,,21.2,31,0.276,0.343
1985-11-03T20:00,,21.0,32,0.276,0.343
1985-11-03T21:00,,20.6,35,0.276,0.343
1985-11-03T22:00,,20.2,36,0.276,0.343
1985-11-03T23:00,,19.7,38,0.276,0.343
1985-11-04T00:00,,19.4,39,0.276,0.343
1985-11-04T01:00,,19.1,41,0.276,0.343
1985-11-04T02:00,,19.5,42,0.275,0.343
1985-11-04T03:00,,22.6,40,0.275,0.343
1985-11-04T04:00,,25.8,33,0.275,0.343
1985-11-04T05:00,,27.9,26,0.275,0.342
1985-11-04T06:00,,29.2,22,0.275,0.342
1985-11-04T07:00,,30.2,20,0.274,0.342
1985-11-04T08:00,,30.8,19,0.274,0.341
1985-11-04T09:00,,31.1,18,0.273,0.341
1985-11-04T10:00,,31.0,18,0.273,0.341
1985-11-04T11:00,,30.4,19,0.273,0.341
1985-11-04T12:00,,28.9,23,0.273,0.341
1985-11-04T13:00,,26.7,27,0.273,0.341
1985-11-04T14:00,,25.0,31,0.273,0.34
1985-11-04T15:00,,23.7,35,0.273,0.34
1985-11-04T16:00,,22.5,37,0.273,0.34
1985-11-04T17:00,,21.8,37,0.273,0.34
1985-11-04T18:00,,21.3,37,0.273,0.34
1985-11-04T19:00,,20.8,37,0.273,0.34
1985-11-04T20:00,,20.6,37,0.273,0.34
1985-11-04T21:00,,20.3,37,0.273,0.34
1985-11-04T22:00,,19.8,39,0.273,0.34
1985-11-04T23:00,,19.5,40,0.273,0.34
1985-11-05T00:00,,19.3,41,0.273,0.34
1985-11-05T01:00,,19.2,41,0.273,0.34
1985-11-05T02:00,,19.7,43,0.273,0.34
1985-11-05T03:00,,22.8,40,0.273,0.34
1985-11-05T04:00,,26.1,32,0.272,0.34
1985-11-05T05:00,,28.3,25,0.272,0.34
1985-11-05T06:00,,29.7,21,0.272,0.339
1985-11-05T07:00,,30.3,20,0.271,0.339
1985-11-05T08:00,,30.8,20,0.271,0.339
1985-11-05T09:00,,31.0,19,0.271,0.339
1985-11-05T10:00,,30.8,19,0.27,0.338
1985-11-05T11:00,,30.2,20,0.27,0.338
1985-11-05T12:00,,28.7,24,0.27,0.338
1985-11-05T13:00,,26.5,28,0.27,0.338
1985-11-05T14:00,,24.9,32,0.27,0.338
1985-11-05T15:00,,23.6,36,0.27,0.338
1985-11-05T16:00,,22.4,39,0.27,0.338
1985-11-05T17:00,,21.3,42,0.27,0.338
1985-11-05T18:00,,20.3,45,0.27,0.338
1985-11-05T19:00,,19.9,43,0.27,0.338
1985-11-05T20:00,,19.9,42,0.27,0.338
1985-11-05T21:00,,20.1,42,0.27,0.338
1985-11-05T22:00,,19.8,43,0.27,0.338
1985-11-05T23:00,,19.4,45,0.27,0.338
1985-11-06T00:00,,19.1,46,0.27,0.338
1985-11-06T01:00,,18.7,47,0.27,0.338
1985-11-06T02:00,,19.1,48,0.27,0.338
1985-11-06T03:00,,22.3,43,0.27,0.338
1985-11-06T04:00,,25.9,32,0.27,0.338
1985-11-06T05:00,,28.2,25,0.27,0.337
1985-11-06T06:00,,29.5,21,0.269,0.337
1985-11-06T07:00,,30.4,20,0.269,0.337
1985-11-06T08:00,,30.9,19,0.269,0.336
1985-11-06T09:00,,31.2,18,0.268,0.336
1985-11-06T10:00,,31.1,18,0.268,0.336
1985-11-06T11:00,,30.6,18,0.268,0.336
1985-11-06T12:00,,29.1,23,0.268,0.336
1985-11-06T13:00,,26.9,26,0.268,0.336
1985-11-06T14:00,,25.1,29,0.268,0.336
1985-11-06T15:00,,23.6,31,0.268,0.336
1985-11-06T16:00,,22.6,32,0.268,0.336
1985-11-06T17:00,,22.1,32,0.268,0.336
1985-11-06T18:00,,21.7,33,0.268,0.336
1985-11-06T19:00,,21.4,33,0.268,0.336
1985-11-06T20:00,,21.3,34,0.268,0.336
1985-11-06T21:00,,21.2,35,0.268,0.336
1985-11-06T22:00,,20.9,37,0.268,0.336
1985-11-06T23:00,,20.7,40,0.268,0.336
1985-11-07T00:00,,20.4,42,0.268,0.336
1985-11-07T01:00,,20.2,44,0.268,0.336
1985-11-07T02:00,,20.5,45,0.268,0.336
1985-11-07T03:00,,23.1,41,0.268,0.335
1985-11-07T04:00,,26.0,35,0.267,0.335
1985-11-07T05:00,,28.2,29,0.267,0.335
1985-11-07T06:00,,29.7,25,0.267,0.335
1985-11-07T07:00,,30.4,23,0.267,0.334
1985-11-07T08:00,,30.9,21,0.266,0.334
1985-11-07T09:00,,31.1,21,0.266,0.334
1985-11-07T10:00,,31.1,21,0.266,0.334
1985-11-07T11:00,,30.5,21,0.266,0.334
1985-11-07T12:00,,29.0,25,0.266,0.333
1985-11-07T13:00,,27.0,27,0.266,0.333
1985-11-07T14:00,,25.6,30,0.266,0.333
1985-11-07T15:00,,24.3,35,0.266,0.333
1985-11-07T16:00,,23.1,38,0.266,0.333
1985-11-07T17:00,,22.1,38,0.266,0.333
1985-11-07T18:00,,20.9,41,0.266,0.333
1985-11-07T19:00,,19.4,46,0.266,0.333
1985-11-07T20:00,,19.1,45,0.266,0.333
1985-11-07T21:00,,18.9,43,0.266,0.333
1985-11-07T22:00,,18.8,43,0.266,0.333
1985-11-07T23:00,,18.8,43,0.266,0.333
1985-11-08T00:00,,18.8,45,0.266,0.333
1985-11-08T01:00,,19.1,46,0.266,0.333
1985-11-08T02:00,,19.9,48,0.266,0.333
1985-11-08T03:00,,23.1,45,0.266,0.333
1985-11-08T04:00,,26.2,40,0.266,0.333
1985-11-08T05:00,,28.6,35,0.265,0.333
1985-11-08T06:00,,30.2,29,0.265,0.333
1985-11-08T07:00,,31.4,29,0.265,0.332
1985-11-08T08:00,,32.0,28,0.265,0.332
1985-11-08T09:00,,32.0,27,0.264,0.332
1985-11-08T10:00,,31.7,28,0.264,0.332
1985-11-08T11:00,,30.8,30,0.264,0.331
1985-11-08T12:00,,29.1,36,0.264,0.331
1985-11-08T13:00,,27.0,42,0.264,0.331
1985-11-08T14:00,,25.5,47,0.264,0.331
1985-11-08T15:00,,24.1,62,0.264,0.331
1985-11-08T16:00,,23.1,64,0.264,0.331
1985-11-08T17:00,,22.1,66,0.264,0.331
1985-11-08T18:00,,21.3,67,0.264,0.331
1985-11-08T19:00,,21.3,66,0.264,0.331
1985-11-08T20:00,,21.2,66,0.264,0.331
1985-11-08T21:00,,20.5,67,0.264,0.331
1985-11-08T22:00,,20.1,67,0.264,0.331
1985-11-08T23:00,,19.7,67,0.264,0.331
1985-11-09T00:00,,19.3,67,0.264,0.331
1985-11-09T01:00,,19.0,66,0.264,0.331
1985-11-09T02:00,,19.0,69,0.264,0.331
1985-11-09T03:00,,23.2,54,0.264,0.331
1985-11-09T04:00,,26.5,39,0.264,0.331
1985-11-09T05:00,,28.6,35,0.264,0.331
1985-11-09T06:00,,30.0,33,0.264,0.331
1985-11-09T07:00,,31.2,29,0.264,0.33
1985-11-09T08:00,,31.6,27,0.263,0.33
1985-11-09T09:00,,31.7,26,0.263,0.33
1985-11-09T10:00,,31.4,26,0.263,0.33
1985-11-09T11:00,,30.6,28,0.263,0.33
1985-11-09T12:00,,29.0,34,0.263,0.33
1985-11-09T13:00,,27.1,40,0.263,0.33
1985-11-09T14:00,,25.6,46,0.263,0.329
1985-11-09T15:00,,24.3,58,0.263,0.329
1985-11-09T16:00,,23.4,64,0.263,0.329
1985-11-09T17:00,,23.9,54,0.263,0.329
1985-11-09T18:00,,23.7,53,0.263,0.329
1985-11-09T19:00,,22.7,59,0.263,0.329
1985-11-09T20:00,,22.9,56,0.263,0.329
1985-11-09T21:00,,23.2,53,0.263,0.329
1985-11-09T22:00,,23.2,52,0.263,0.329
1985-11-09T23:00,,22.7,53,0.263,0.329
1985-11-10T00:00,,22.1,55,0.263,0.329
1985-11-10T01:00,,20.2,65,0.263,0.329
1985-11-10T02:00,,19.5,73,0.263,0.329
1985-11-10T03:00,,22.8,58,0.263,0.329
1985-11-10T04:00,,25.0,49,0.263,0.329
1985-11-10T05:00,,27.1,41,0.263,0.329
1985-11-10T06:00,,28.8,36,0.263,0.329
1985-11-10T07:00,,30.0,33,0.263,0.329
1985-11-10T08:00,,30.6,32,0.263,0.328
1985-11-10T09:00,,30.9,30,0.262,0.328
1985-11-10T10:00,,30.6,30,0.262,0.328
1985-11-10T11:00,,29.8,33,0.262,0.328
1985-11-10T12:00,,28.6,38,0.262,0.328
1985-11-10T13:00,,26.9,44,0.262,0.328
1985-11-10T14:00,,25.4,56,0.262,0.328
1985-11-10T15:00,,24.8,57,0.262,0.328
1985-11-10T16:00,,24.0,61,0.262,0.328
1985-11-10T17:00,,23.0,62,0.262,0.328
1985-11-10T18:00,,22.2,65,0.262,0.328
1985-11-10T19:00,,21.9,65,0.262,0.328
1985-11-10T20:00,,21.6,65,0.262,0.328
1985-11-10T21:00,,21.5,66,0.262,0.328
1985-11-10T22:00,,21.3,68,0.262,0.328
1985-11-10T23:00,,21.0,70,0.262,0.328
1985-11-11T00:00,,20.6,73,0.262,0.328
1985-11-11T01:00,,20.4,74,0.262,0.328
1985-11-11T02:00,,20.6,74,0.262,0.328
1985-11-11T03:00,,23.5,63,0.262,0.328
1985-11-11T04:00,,26.5,47,0.262,0.327
1985-11-11T05:00,,28.6,39,0.262,0.327
1985-11-11T06:00,,29.7,34,0.262,0.327
1985-11-11T07:00,,30.5,31,0.262,0.327
1985-11-11T08:00,,30.7,30,0.262,0.327
1985-11-11T09:00,,30.7,29,0.262,0.326
1985-11-11T10:00,,30.6,29,0.261,0.326
1985-11-11T11:00,,30.2,29,0.261,0.326
1985-11-11T12:00,,29.1,33,0.261,0.326
1985-11-11T13:00,,27.7,36,0.261,0.326
1985-11-11T14:00,,26.6,39,0.261,0.326
1985-11-11T15:00,,25.3,43,0.261,0.326
1985-11-11T16:00,,24.2,44,0.261,0.326
1985-11-11T17:00,,23.2,45,0.261,0.326
1985-11-11T18:00,,22.8,42,0.261,0.326
1985-11-11T19:00,,22.6,34,0.261,0.326
1985-11-11T20:00,,22.5,32,0.261,0.326
1985-11-11T21:00,,22.3,31,0.261,0.326
1985-11-11T22:00,,22.0,31,0.261,0.326
1985-11-11T23:00,,21.7,32,0.261,0.326
1985-11-12T00:00,,21.3,34,0.261,0.326
1985-11-12T01:00,,21.0,35,0.261,0.326
1985-11-12T02:00,,21.2,36,0.261,0.326
1985-11-12T03:00,,23.8,34,0.261,0.326
1985-11-12T04:00,,26.8,28,0.261,0.326
1985-11-12T05:00,,28.8,22,0.261,0.326
1985-11-12T06:00,,30.1,19,0.261,0.325
1985-11-12T07:00,,30.8,17,0.261,0.325
1985-11-12T08:00,,31.3,17,0.26,0.325
1985-11-12T09:00,,31.4,16,0.26,0.325
1985-11-12T10:00,,31.1,16,0.26,0.325
1985-11-12T11:00,,30.3,17,0.26,0.325
1985-11-12T12:00,,28.8,19,0.26,0.324
1985-11-12T13:00,,26.9,22,0.26,0.324
1985-11-12T14:00,,25.5,25,0.26,0.324
1985-11-12T15:00,,24.3,28,0.26,0.324
1985-11-12T16:00,,23.1,31,0.26,0.324
1985-11-12T17:00,,21.7,34,0.26,0.324
1985-11-12T18:00,,20.8,36,0.26,0.324
1985-11-12T19:00,,20.1,34,0.26,0.324
1985-11-12T20:00,,19.8,32,0.26,0.324
1985-11-12T21:00,,19.5,32,0.26,0.324
1985-11-12T22:00,,19.2,33,0.26,0.324
1985-11-12T23:00,,18.8,34,0.26,0.324
1985-11-13T00:00,,18.4,37,0.26,0.324
1985-11-13T01:00,,18.0,39,0.26,0.324
1985-11-13T02:00,,18.4,41,0.26,0.324
1985-11-13T03:00,,21.7,38,0.26,0.324
1985-11-13T04:00,,25.6,30,0.26,0.324
1985-11-13T05:00,,27.7,23,0.26,0.324
1985-11-13T06:00,,28.9,21,0.26,0.324
1985-11-13T07:00,,29.6,20,0.259,0.324
1985-11-13T08:00,,30.1,19,0.259,0.323
1985-11-13T09:00,,30.2,19,0.259,0.323
1985-11-13T10:00,,30.0,19,0.259,0.323
1985-11-13T11:00,,29.3,20,0.259,0.323
1985-11-13T12:00,,27.9,23,0.259,0.323
1985-11-13T13:00,,26.0,27,0.259,0.323
1985-11-13T14:00,,24.6,30,0.259,0.323
1985-11-13T15:00,,23.3,34,0.259,0.323
1985-11-13T16:00,,22.3,36,0.259,0.323
1985-11-13T17:00,,20.9,40,0.259,0.323
1985-11-13T18:00,,20.0,41,0.259,0.323
1985-11-13T19:00,,19.4,41,0.259,0.323
1985-11-13T20:00,,18.9,41,0.259,0.323
1985-11-13T21:00,,18.5,41,0.259,0.323
1985-11-13T22:00,,18.0,42,0.259,0.323
1985-11-13T23:00,,17.6,43,0.259,0.323
1985-11-14T00:00,,17.3,44,0.259,0.323
1985-11-14T01:00,,17.1,44,0.259,0.323
1985-11-14T02:00,,17.7,44,0.259,0.323
1985-11-14T03:00,,21.5,38,0.259,0.323
1985-11-14T04:00,,25.2,28,0.259,0.323
1985-11-14T05:00,,27.4,23,0.259,0.323
1985-11-14T06:00,,28.6,21,0.259,0.322
1985-11-14T07:00,,29.3,20,0.259,0.322
1985-11-14T08:00,,29.8,19,0.259,0.322
1985-11-14T09:00,,30.0,19,0.258,0.322
1985-11-14T10:00,,29.8,19,0.258,0.322
1985-11-14T11:00,,29.2,19,0.258,0.322
1985-11-14T12:00,,27.8,23,0.258,0.321
1985-11-14T13:00,,25.8,26,0.258,0.321
1985-11-14T14:00,,24.4,29,0.258,0.321
1985-11-14T15:00,,23.3,33,0.258,0.321
1985-11-14T16:00,,22.0,39,0.258,0.321
1985-11-14T17:00,,20.8,46,0.258,0.321
1985-11-14T18:00,,19.9,49,0.258,0.321
1985-11-14T19:00,,19.5,42,0.258,0.321
1985-11-14T20:00,,18.8,43,0.258,0.321
1985-11-14T21:00,,18.2,46,0.258,0.321
1985-11-14T22:00,,17.7,47,0.258,0.321
1985-11-14T23:00,,17.1,50,0.258,0.321
1985-11-15T00:00,,17.2,49,0.258,0.321
1985-11-15T01:00,,16.7,51,0.258,0.321
1985-11-15T02:00,,17.3,51,0.258,0.321
1985-11-15T03:00,,21.3,44,0.258,0.321
1985-11-15T04:00,,25.3,31,0.258,0.321
1985-11-15T05:00,,27.3,26,0.258,0.321
1985-11-15T06:00,,28.4,23,0.258,0.321
1985-11-15T07:00,,29.1,23,0.258,0.321
1985-11-15T08:00,,29.6,22,0.258,0.321
1985-11-15T09:00,,29.8,21,0.258,0.32
1985-11-15T10:00,,29.6,22,0.258,0.32
1985-11-15T11:00,,29.0,23,0.258,0.32
1985-11-15T12:00,,27.5,27,0.258,0.32
1985-11-15T13:00,,25.6,31,0.258,0.32
1985-11-15T14:00,,24.3,34,0.258,0.32
1985-11-15T15:00,,23.2,37,0.258,0.32
1985-11-15T16:00,,22.3,39,0.258,0.32
1985-11-15T17:00,,21.1,43,0.258,0.32
1985-11-15T18:00,,20.0,47,0.258,0.32
1985-11-15T19:00,,19.5,47,0.258,0.32
1985-11-15T20:00,,18.4,51,0.258,0.32
1985-11-15T21:00,,17.6,53,0.258,0.32
1985-11-15T22:00,,17.1,55,0.258,0.32
1985-11-15T23:00,,16.9,54,0.258,0.32
1985-11-16T00:00,,16.9,53,0.258,0.32
1985-11-16T01:00,,17.0,51,0.258,0.32
1985-11-16T02:00,,17.7,49,0.258,0.32
1985-11-16T03:00,,21.3,41,0.258,0.32
1985-11-16T04:00,,24.7,32,0.258,0.32
1985-11-16T05:00,,26.7,28,0.258,0.32
1985-11-16T06:00,,28.1,25,0.258,0.32
1985-11-16T07:00,,28.8,23,0.257,0.319
1985-11-16T08:00,,29.4,21,0.257,0.319
1985-11-16T09:00,,29.6,20,0.257,0.319
1985-11-16T10:00,,29.4,20,0.257,0.319
1985-11-16T11:00,,28.7,21,0.257,0.319
1985-11-16T12:00,,27.2,24,0.257,0.319
1985-11-16T13:00,,25.3,27,0.257,0.319
1985-11-16T14:00,,23.9,30,0.257,0.319
1985-11-16T15:00,,22.8,33,0.257,0.319
1985-11-16T16:00,,21.4,36,0.257,0.319
1985-11-16T17:00,,20.2,38,0.257,0.319
1985-11-16T18:00,,19.4,39,0.257,0.319
1985-11-16T19:00,,18.4,41,0.257,0.319
1985-11-16T20:00,,17.9,41,0.257,0.319
1985-11-16T21:00,,17.5,42,0.257,0.319
1985-11-16T22:00,,17.1,43,0.257,0.319
1985-11-16T23:00,,17.0,43,0.257,0.319
1985-11-17T00:00,,17.0,43,0.257,0.319
1985-11-17T01:00,,17.1,42,0.257,0.319
1985-11-17T02:00,,17.7,42,0.257,0.319
1985-11-17T03:00,,21.0,38,0.257,0.319
1985-11-17T04:00,,24.5,30,0.257,0.319
1985-11-17T05:00,,26.7,24,0.257,0.318
1985-11-17T06:00,,28.0,21,0.257,0.318
1985-11-17T07:00,,28.8,20,0.257,0.318
1985-11-17T08:00,,29.1,19,0.257,0.318
1985-11-17T09:00,,29.2,19,0.257,0.318
1985-11-17T10:00,,28.9,19,0.257,0.318
1985-11-17T11:00,,28.2,20,0.257,0.318
1985-11-17T12:00,,26.7,24,0.257,0.317
1985-11-17T13:00,,24.8,28,0.257,0.317
1985-11-17T14:00,,23.6,31,0.257,0.317
1985-11-17T15:00,,22.5,34,0.257,0.317
1985-11-17T16:00,,21.1,42,0.257,0.317
1985-11-17T17:00,,19.8,49,0.257,0.317
1985-11-17T18:00,,19.3,48,0.257,0.317
1985-11-17T19:00,,18.7,49,0.257,0.317
1985-11-17T20:00,,17.9,49,0.257,0.317
1985-11-17T21:00,,17.4,48,0.257,0.317
1985-11-17T22:00,,16.7,48,0.257,0.317
1985-11-17T23:00,,16.1,49,0.257,0.317
1985-11-18T00:00,,15.8,49,0.257,0.317
1985-11-18T01:00,,15.7,49,0.257,0.317
1985-11-18T02:00,,15.9,50,0.257,0.317
1985-11-18T03:00,,19.6,50,0.257,0.317
1985-11-18T04:00,,24.6,30,0.257,0.317
1985-11-18T05:00,,26.7,23,0.257,0.317
1985-11-18T06:00,,28.0,20,0.257,0.317
1985-11-18T07:00,,28.7,18,0.257,0.317
1985-11-18T08:00,,29.2,17,0.256,0.317
1985-11-18T09:00,,29.2,17,0.256,0.317
1985-11-18T10:00,,28.9,18,0.256,0.316
1985-11-18T11:00,,28.1,19,0.256,0.316
1985-11-18T12:00,,26.5,24,0.256,0.316
1985-11-18T13:00,,24.8,27,0.256,0.316
1985-11-18T14:00,,23.7,30,0.256,0.316
1985-11-18T15:00,,22.2,38,0.256,0.316
1985-11-18T16:00,,20.8,47,0.256,0.316
1985-11-18T17:00,,20.7,44,0.256,0.316
1985-11-18T18:00,,20.4,43,0.256,0.316
1985-11-18T19:00,,18.3,43,0.256,0.316
1985-11-18T20:00,,17.1,46,0.256,0.316
1985-11-18T21:00,,15.8,51,0.256,0.316
1985-11-18T22:00,,15.1,55,0.256,0.316
1985-11-18T23:00,,14.7,56,0.256,0.316
1985-11-19T00:00,,14.4,58,0.256,0.316
1985-11-19T01:00,,14.2,58,0.256,0.316
1985-11-19T02:00,,14.6,58,0.256,0.316
1985-11-19T03:00,,19.3,48,0.256,0.316
1985-11-19T04:00,,24.6,29,0.256,0.316
1985-11-19T05:00,,26.8,22,0.256,0.316
1985-11-19T06:00,,28.1,19,0.256,0.316
1985-11-19T07:00,,28.9,18,0.256,0.316
1985-11-19T08:00,,29.5,17,0.256,0.316
1985-11-19T09:00,,29.6,17,0.256,0.315
1985-11-19T10:00,,29.4,17,0.256,0.315
1985-11-19T11:00,,28.8,18,0.256,0.315
1985-11-19T12:00,,27.1,23,0.256,0.315
1985-11-19T13:00,,25.1,26,0.256,0.315
1985-11-19T14:00,,23.7,30,0.256,0.315
1985-11-19T15:00,,22.5,33,0.256,0.315
1985-11-19T16:00,,21.4,35,0.256,0.315
1985-11-19T17:00,,20.0,39,0.256,0.315
1985-11-19T18:00,,19.3,39,0.256,0.315
1985-11-19T19:00,,19.5,39,0.256,0.315
1985-11-19T20:00,,18.4,43,0.256,0.315
1985-11-19T21:00,,17.5,45,0.256,0.315
1985-11-19T22:00,,16.7,49,0.256,0.315
1985-11-19T23:00,,16.1,51,0.256,0.315
1985-11-20T00:00,,15.8,52,0.256,0.315
1985-11-20T01:00,,15.4,55,0.256,0.315
1985-11-20T02:00,,15.7,56,0.256,0.315
1985-11-20T03:00,,19.8,50,0.256,0.315
1985-11-20T04:00,,25.2,30,0.256,0.315
1985-11-20T05:00,,27.3,22,0.256,0.315
1985-11-20T06:00,,28.3,20,0.256,0.315
1985-11-20T07:00,,29.1,18,0.256,0.315
1985-11-20T08:00,,29.6,17,0.256,0.314
1985-11-20T09:00,,29.8,17,0.256,0.314
1985-11-20T10:00,,29.6,17,0.256,0.314
1985-11-20T11:00,,29.0,18,0.255,0.314
1985-11-20T12:00,,27.4,22,0.255,0.314
1985-11-20T13:00,,25.3,26,0.255,0.314
1985-11-20T14:00,,23.6,40,0.255,0.314
1985-11-20T15:00,,24.0,29,0.256,0.314
1985-11-20T16:00,,21.8,41,0.256,0.314
1985-11-20T17:00,,20.6,43,0.256,0.314
1985-11-20T18:00,,19.7,45,0.256,0.314
1985-11-20T19:00,,18.6,49,0.256,0.314
1985-11-20T20:00,,17.9,49,0.256,0.314
1985-11-20T21:00,,17.4,49,0.256,0.314
1985-11-20T22:00,,16.9,50,0.256,0.314
1985-11-20T23:00,,16.2,52,0.256,0.314
1985-11-21T00:00,,15.6,54,0.256,0.314
1985-11-21T01:00,,15.1,56,0.256,0.314
1985-11-21T02:00,,15.2,58,0.256,0.314
1985-11-21T03:00,,19.4,54,0.256,0.314
1985-11-21T04:00,,24.3,30,0.256,0.314
1985-11-21T05:00,,26.3,27,0.256,0.314
1985-11-21T06:00,,27.8,23,0.256,0.314
1985-11-21T07:00,,28.8,19,0.256,0.313
1985-11-21T08:00,,29.4,17,0.255,0.313
1985-11-21T09:00,,29.4,17,0.255,0.313
1985-11-21T10:00,,29.0,17,0.255,0.313
1985-11-21T11:00,,28.0,20,0.255,0.313
1985-11-21T12:00,,26.2,25,0.255,0.313
1985-11-21T13:00,,24.1,32,0.255,0.313
1985-11-21T14:00,,22.7,38,0.255,0.313
1985-11-21T15:00,,21.2,51,0.255,0.313
1985-11-21T16:00,,19.9,55,0.255,0.313
1985-11-21T17:00,,19.0,55,0.255,0.313
1985-11-21T18:00,,18.3,53,0.255,0.313
1985-11-21T19:00,,17.9,51,0.255,0.313
1985-11-21T20:00,,18.2,46,0.255,0.313
1985-11-21T21:00,,19.2,38,0.255,0.313
1985-11-21T22:00,,20.1,33,0.255,0.313
1985-11-21T23:00,,19.9,34,0.255,0.313
1985-11-22T00:00,,18.3,40,0.255,0.313
1985-11-22T01:00,,16.8,45,0.255,0.313
1985-11-22T02:00,,16.3,49,0.255,0.313
1985-11-22T03:00,,19.8,44,0.255,0.313
1985-11-22T04:00,,22.9,38,0.255,0.313
1985-11-22T05:00,,25.0,33,0.255,0.313
1985-11-22T06:00,,26.6,29,0.255,0.313
1985-11-22T07:00,,27.2,30,0.255,0.312
1985-11-22T08:00,,27.7,30,0.255,0.312
1985-11-22T09:00,,27.7,31,0.255,0.312
1985-11-22T10:00,,27.3,32,0.255,0.312
1985-11-22T11:00,,26.5,35,0.255,0.312
1985-11-22T12:00,,25.2,39,0.255,0.312
1985-11-22T13:00,,23.6,43,0.255,0.312
1985-11-22T14:00,,22.4,47,0.255,0.312
1985-11-22T15:00,,21.3,53,0.255,0.312
1985-11-22T16:00,,20.1,62,0.255,0.312
1985-11-22T17:00,,19.8,61,0.255,0.312
1985-11-22T18:00,,19.7,59,0.255,0.312
1985-11-22T19:00,,19.1,60,0.255,0.312
1985-11-22T20:00,,17.9,65,0.255,0.312
1985-11-22T21:00,,17.0,67,0.255,0.312
1985-11-22T22:00,,16.6,66,0.255,0.312
1985-11-22T23:00,,16.3,65,0.255,0.312
1985-11-23T00:00,,16.0,66,0.255,0.312
1985-11-23T01:00,,15.5,68,0.255,0.312
1985-11-23T02:00,,15.6,69,0.255,0.312
1985-11-23T03:00,,19.6,60,0.255,0.312
1985-11-23T04:00,,23.1,44,0.255,0.312
1985-11-23T05:00,,24.9,40,0.255,0.312
1985-11-23T06:00,,26.4,36,0.255,0.312
1985-11-23T07:00,,27.3,33,0.255,0.311
1985-11-23T08:00,,27.7,32,0.255,0.311
1985-11-23T09:00,,27.7,33,0.255,0.311
1985-11-23T10:00,,27.3,35,0.255,0.311
1985-11-23T11:00,,26.3,39,0.255,0.311
1985-11-23T12:00,,25.0,45,0.255,0.311
1985-11-23T13:00,,23.4,50,0.255,0.311
1985-11-23T14:00,,22.2,55,0.255,0.311
1985-11-23T15:00,,21.3,60,0.255,0.311
1985-11-23T16:00,,20.1,69,0.255,0.311
1985-11-23T17:00,,19.4,72,0.255,0.311
1985-11-23T18:00,,18.8,73,0.255,0.311
1985-11-23T19:00,,17.8,74,0.255,0.311
1985-11-23T20:00,,17.8,72,0.255,0.311
1985-11-23T21:00,,18.2,67,0.255,0.311
1985-11-23T22:00,,18.6,63,0.255,0.311
1985-11-23T23:00,,18.0,65,0.255,0.311
1985-11-24T00:00,,16.5,72,0.255,0.311
1985-11-24T01:00,,15.7,75,0.255,0.311
1985-11-24T02:00,,15.6,75,0.255,0.311
1985-11-24T03:00,,19.4,63,0.255,0.311
1985-11-24T04:00,,22.3,49,0.255,0.311
1985-11-24T05:00,,24.3,41,0.255,0.311
1985-11-24T06:00,,25.8,36,0.255,0.311
1985-11-24T07:00,,27.0,33,0.255,0.311
1985-11-24T08:00,,27.7,31,0.255,0.31
1985-11-24T09:00,,28.0,31,0.255,0.31
1985-11-24T10:00,,27.8,32,0.255,0.31
1985-11-24T11:00,,27.0,34,0.255,0.31
1985-11-24T12:00,,25.5,40,0.255,0.31
1985-11-24T13:00,,23.7,46,0.255,0.31
1985-11-24T14:00,,22.5,51,0.255,0.31
1985-11-24T15:00,,21.3,64,0.255,0.31
1985-11-24T16:00,,21.5,55,0.255,0.31
1985-11-24T17:00,,20.0,64,0.255,0.31
1985-11-24T18:00,,19.0,68,0.255,0.31
1985-11-24T19:00,,18.0,73,0.255,0.31
1985-11-24T20:00,,17.5,74,0.255,0.31
1985-11-24T21:00,,17.1,76,0.255,0.31
1985-11-24T22:00,,16.8,76,0.255,0.31
1985-11-24T23:00,,17.0,74,0.255,0.31
1985-11-25T00:00,,17.2,72,0.255,0.31
1985-11-25T01:00,,16.6,74,0.255,0.31
1985-11-25T02:00,,16.7,73,0.255,0.31
1985-11-25T03:00,,20.4,60,0.255,0.31
1985-11-25T04:00,,23.7,46,0.255,0.31
1985-11-25T05:00,,25.9,40,0.255,0.31
1985-11-25T06:00,,27.6,35,0.255,0.31
1985-11-25T07:00,,29.0,30,0.255,0.31
1985-11-25T08:00,,29.7,29,0.255,0.309
1985-11-25T09:00,,30.0,28,0.255,0.309
1985-11-25T10:00,,29.8,29,0.255,0.309
1985-11-25T11:00,,28.9,32,0.255,0.309
1985-11-25T12:00,,27.4,37,0.255,0.309
1985-11-25T13:00,,25.5,41,0.255,0.309
1985-11-25T14:00,,24.5,45,0.255,0.309
1985-11-25T15:00,,23.6,54,0.255,0.309
1985-11-25T16:00,,24.1,45,0.255,0.309
1985-11-25T17:00,,23.7,46,0.255,0.309
1985-11-25T18:00,,23.3,46,0.255,0.309
1985-11-25T19:00,,21.9,53,0.255,0.309
1985-11-25T20:00,,19.9,62,0.255,0.309
1985-11-25T21:00,,19.2,62,0.255,0.309
1985-11-25T22:00,,18.7,63,0.255,0.309
1985-11-25T23:00,,18.2,63,0.255,0.309
1985-11-26T00:00,,17.7,65,0.255,0.309
1985-11-26T01:00,,17.2,66,0.255,0.309
1985-11-26T02:00,,17.3,65,0.255,0.309
1985-11-26T03:00,,20.8,55,0.255,0.309
1985-11-26T04:00,,24.7,41,0.255,0.309
1985-11-26T05:00,,27.2,33,0.255,0.309
1985-11-26T06:00,,28.9,30,0.255,0.309
1985-11-26T07:00,,29.7,28,0.255,0.309
1985-11-26T08:00,,30.3,27,0.255,0.309
1985-11-26T09:00,,30.5,26,0.255,0.308
1985-11-26T10:00,,30.2,27,0.255,0.308
1985-11-26T11:00,,29.4,28,0.255,0.308
1985-11-26T12:00,,27.9,33,0.255,0.308
1985-11-26T13:00,,26.0,39,0.255,0.308
1985-11-26T14:00,,24.9,43,0.255,0.308
1985-11-26T15:00,,23.7,54,0.255,0.308
1985-11-26T16:00,,24.0,46,0.255,0.308
1985-11-26T17:00,,23.4,48,0.255,0.308
1985-11-26T18:00,,23.3,47,0.255,0.308
1985-11-26T19:00,,23.1,48,0.255,0.308
1985-11-26T20:00,,22.9,48,0.255,0.308
1985-11-26T21:00,,22.8,48,0.255,0.308
1985-11-26T22:00,,22.7,49,0.255,0.308
1985-11-26T23:00,,21.3,54,0.255,0.308
1985-11-27T00:00,,20.0,60,0.255,0.308
1985-11-27T01:00,,19.1,63,0.255,0.308
1985-11-27T02:00,,18.7,66,0.255,0.308
1985-11-27T03:00,,21.8,60,0.255,0.308
1985-11-27T04:00,,25.3,43,0.255,0.308
1985-11-27T05:00,,27.3,36,0.255,0.308
1985-11-27T06:00,,28.6,31,0.255,0.308
1985-11-27T07:00,,29.6,29,0.255,0.308
1985-11-27T08:00,,30.1,28,0.255,0.308
1985-11-27T09:00,,30.2,27,0.255,0.308
1985-11-27T10:00,,30.0,28,0.254,0.308
1985-11-27T11:00,,29.2,29,0.254,0.307
1985-11-27T12:00,,27.8,33,0.254,0.307
1985-11-27T13:00,,25.9,37,0.254,0.307
1985-11-27T14:00,,24.8,40,0.254,0.307
1985-11-27T15:00,,23.9,43,0.254,0.307
1985-11-27T16:00,,22.5,54,0.254,0.307
1985-11-27T17:00,,22.3,51,0.254,0.307
1985-11-27T18:00,,22.3,49,0.254,0.307
1985-11-27T19:00,,21.9,48,0.255,0.307
1985-11-27T20:00,,20.8,52,0.255,0.307
1985-11-27T21:00,,20.3,53,0.255,0.307
1985-11-27T22:00,,20.0,54,0.255,0.307
1985-11-27T23:00,,20.0,53,0.255,0.307
1985-11-28T00:00,,19.9,53,0.255,0.307
1985-11-28T01:00,,18.8,57,0.255,0.307
1985-11-28T02:00,,18.1,60,0.255,0.307
1985-11-28T03:00,,20.9,60,0.255,0.307
1985-11-28T04:00,,25.1,39,0.255,0.307
1985-11-28T05:00,,27.1,34,0.255,0.307
1985-11-28T06:00,,28.5,31,0.255,0.307
1985-11-28T07:00,,29.3,28,0.254,0.307
1985-11-28T08:00,,29.9,27,0.254,0.307
1985-11-28T09:00,,30.1,26,0.254,0.307
1985-11-28T10:00,,29.9,27,0.254,0.307
1985-11-28T11:00,,29.2,28,0.254,0.307
1985-11-28T12:00,,27.7,32,0.254,0.307
1985-11-28T13:00,,25.8,36,0.254,0.307
1985-11-28T14:00,,24.6,40,0.254,0.307
1985-11-28T15:00,,23.6,47,0.254,0.307
1985-11-28T16:00,,22.8,52,0.254,0.307
1985-11-28T17:00,,23.4,44,0.254,0.307
1985-11-28T18:00,,23.4,43,0.254,0.307
1985-11-28T19:00,,21.3,52,0.254,0.307
1985-11-28T20:00,,20.0,57,0.254,0.307
1985-11-28T21:00,,19.3,59,0.254,0.307
1985-11-28T22:00,,18.8,60,0.254,0.307
1985-11-28T23:00,,18.6,59,0.254,0.307
1985-11-29T00:00,,18.2,60,0.254,0.307
1985-11-29T01:00,,17.9,60,0.254,0.307
1985-11-29T02:00,,17.5,62,0.254,0.307
1985-11-29T03:00,,20.9,52,0.254,0.307
1985-11-29T04:00,,24.8,38,0.254,0.307
1985-11-29T05:00,,27.1,31,0.254,0.306
1985-11-29T06:00,,28.5,28,0.254,0.306
1985-11-29T07:00,,29.0,27,0.254,0.306
1985-11-29T08:00,,29.7,26,0.254,0.306
1985-11-29T09:00,,29.8,25,0.254,0.306
1985-11-29T10:00,,29.7,26,0.254,0.306
1985-11-29T11:00,,29.2,26,0.254,0.306
1985-11-29T12:00,,27.9,30,0.254,0.306
1985-11-29T13:00,,26.0,34,0.254,0.306
1985-11-29T14:00,,24.8,37,0.254,0.306
1985-11-29T15:00,,23.7,39,0.254,0.306
1985-11-29T16:00,,22.4,42,0.254,0.306
1985-11-29T17:00,,21.2,45,0.254,0.306
1985-11-29T18:00,,20.0,48,0.254,0.306
1985-11-29T19:00,,19.1,52,0.254,0.306
1985-11-29T20:00,,18.6,53,0.254,0.306
1985-11-29T21:00,,18.3,53,0.254,0.306
1985-11-29T22:00,,17.8,53,0.254,0.306
1985-11-29T23:00,,17.6,54,0.254,0.306
1985-11-30T00:00,,17.6,53,0.254,0.306
1985-11-30T01:00,,17.5,53,0.254,0.306
1985-11-30T02:00,,17.7,53,0.254,0.306
1985-11-30T03:00,,20.6,46,0.254,0.306
1985-11-30T04:00,,24.4,36,0.254,0.306
1985-11-30T05:00,,26.8,29,0.254,0.306
1985-11-30T06:00,,28.0,25,0.254,0.306
1985-11-30T07:00,,28.8,23,0.254,0.305
1985-11-30T08:00,,29.4,22,0.254,0.305
1985-11-30T09:00,,29.6,21,0.254,0.305
1985-11-30T10:00,,29.4,21,0.254,0.305
1985-11-30T11:00,,28.8,22,0.254,0.305
1985-11-30T12:00,,27.4,26,0.254,0.305
1985-11-30T13:00,,25.4,30,0.254,0.305
1985-11-30T14:00,,23.9,33,0.254,0.305
1985-11-30T15:00,,22.8,35,0.254,0.305
1985-11-30T16:00,,21.9,37,0.254,0.305
1985-11-30T17:00,,21.1,38,0.254,0.305
1985-11-30T18:00,,20.4,39,0.254,0.305
1985-11-30T19:00,,20.2,39,0.254,0.305
1985-11-30T20:00,,19.9,39,0.254,0.305
1985-11-30T21:00,,19.5,39,0.254,0.305
1985-11-30T22:00,,19.1,39,0.254,0.305
1985-11-30T23:00,,18.6,39,0.254,0.305
1985-12-01T00:00,,18.1,40,0.254,0.305
1985-12-01T01:00,,17.7,41,0.254,0.305
1985-12-01T02:00,,17.6,42,0.254,0.305
1985-12-01T03:00,,20.0,39,0.254,0.305
1985-12-01T04:00,,23.7,30,0.254,0.305
1985-12-01T05:00,,26.1,24,0.254,0.305
1985-12-01T06:00,,27.5,20,0.254,0.305
1985-12-01T07:00,,28.4,18,0.254,0.305
1985-12-01T08:00,,29.0,17,0.254,0.305
1985-12-01T09:00,,29.2,16,0.254,0.304
1985-12-01T10:00,,29.0,16,0.254,0.304
1985-12-01T11:00,,28.4,17,0.254,0.304
1985-12-01T12:00,,26.9,20,0.254,0.304
1985-12-01T13:00,,24.8,23,0.254,0.304
1985-12-01T14:00,,23.3,26,0.254,0.304
1985-12-01T15:00,,22.2,28,0.254,0.304
1985-12-01T16:00,,21.4,29,0.254,0.304
1985-12-01T17:00,,20.7,31,0.254,0.304
1985-12-01T18:00,,20.1,32,0.254,0.304
1985-12-01T19:00,,19.6,33,0.254,0.304
1985-12-01T20:00,,19.1,33,0.254,0.304
1985-12-01T21:00,,18.8,34,0.254,0.304
1985-12-01T22:00,,18.5,35,0.254,0.304
1985-12-01T23:00,,18.2,35,0.254,0.304
1985-12-02T00:00,,17.9,36,0.254,0.304
1985-12-02T01:00,,17.6,37,0.254,0.304
1985-12-02T02:00,,17.6,37,0.254,0.304
1985-12-02T03:00,,20.1,34,0.254,0.304
1985-12-02T04:00,,23.8,27,0.254,0.304
1985-12-02T05:00,,26.1,21,0.254,0.304
1985-12-02T06:00,,27.5,18,0.254,0.304
1985-12-02T07:00,,28.6,16,0.254,0.304
1985-12-02T08:00,,29.3,15,0.254,0.304
1985-12-02T09:00,,29.5,15,0.254,0.304
1985-12-02T10:00,,29.4,15,0.254,0.304
1985-12-02T11:00,,28.9,15,0.254,0.304
1985-12-02T12:00,,27.4,19,0.254,0.304
1985-12-02T13:00,,25.3,23,0.254,0.304
1985-12-02T14:00,,23.5,26,0.254,0.304
1985-12-02T15:00,,22.0,28,0.254,0.304
1985-12-02T16:00,,21.2,30,0.254,0.304
1985-12-02T17:00,,20.6,30,0.254,0.304
1985-12-02T18:00,,20.1,31,0.254,0.304
1985-12-02T19:00,,19.6,32,0.254,0.304
1985-12-02T20:00,,19.2,33,0.254,0.304
1985-12-02T21:00,,19.0,33,0.254,0.304
1985-12-02T22:00,,18.7,34,0.254,0.304
1985-12-02T23:00,,18.4,34,0.254,0.304
1985-12-03T00:00,,18.1,35,0.254,0.304
1985-12-03T01:00,,17.9,35,0.254,0.304
1985-12-03T02:00,,17.9,35,0.254,0.304
1985-12-03T03:00,,20.4,33,0.254,0.304
1985-12-03T04:00,,23.9,26,0.254,0.304
1985-12-03T05:00,,26.4,22,0.254,0.303
1985-12-03T06:00,,28.1,20,0.254,0.303
1985-12-03T07:00,,28.9,18,0.254,0.303
1985-12-03T08:00,,29.5,18,0.253,0.303
1985-12-03T09:00,,29.7,18,0.253,0.303
1985-12-03T10:00,,29.6,18,0.253,0.303
1985-12-03T11:00,,29.0,18,0.253,0.303
1985-12-03T12:00,,27.5,22,0.253,0.303
1985-12-03T13:00,,25.5,25,0.253,0.303
1985-12-03T14:00,,23.8,28,0.253,0.303
1985-12-03T15:00,,22.4,30,0.253,0.303
1985-12-03T16:00,,21.6,31,0.253,0.303
1985-12-03T17:00,,21.0,32,0.253,0.303
1985-12-03T18:00,,20.3,33,0.253,0.303
1985-12-03T19:00,,19.8,34,0.253,0.303
1985-12-03T20:00,,19.5,34,0.253,0.303
1985-12-03T21:00,,19.2,34,0.253,0.303
1985-12-03T22:00,,18.9,35,0.253,0.303
1985-12-03T23:00,,18.6,35,0.253,0.303
1985-12-04T00:00,,18.4,35,0.253,0.303
1985-12-04T01:00,,18.2,35,0.253,0.303
1985-12-04T02:00,,18.2,35,0.253,0.303
1985-12-04T03:00,,20.7,32,0.253,0.303
1985-12-04T04:00,,24.1,25,0.253,0.303
1985-12-04T05:00,,26.6,22,0.253,0.303
1985-12-04T06:00,,28.2,20,0.253,0.303
1985-12-04T07:00,,28.9,20,0.253,0.303
1985-12-04T08:00,,29.5,19,0.253,0.303
1985-12-04T09:00,,29.8,19,0.253,0.302
1985-12-04T10:00,,29.7,19,0.253,0.302
1985-12-04T11:00,,29.1,20,0.253,0.302
1985-12-04T12:00,,27.7,24,0.253,0.302
1985-12-04T13:00,,25.7,27,0.253,0.302
1985-12-04T14:00,,24.1,29,0.253,0.302
1985-12-04T15:00,,22.7,31,0.253,0.302
1985-12-04T16:00,,21.4,34,0.253,0.302
1985-12-04T17:00,,20.5,35,0.253,0.302
1985-12-04T18:00,,19.9,36,0.253,0.302
1985-12-04T19:00,,19.5,37,0.253,0.302
1985-12-04T20:00,,19.0,38,0.253,0.302
1985-12-04T21:00,,18.6,39,0.253,0.302
1985-12-04T22:00,,18.3,39,0.253,0.302
1985-12-04T23:00,,18.2,39,0.253,0.302
1985-12-05T00:00,,18.1,38,0.253,0.302
1985-12-05T01:00,,18.2,37,0.253,0.302
1985-12-05T02:00,,18.2,38,0.253,0.302
1985-12-05T03:00,,20.6,35,0.253,0.302
1985-12-05T04:00,,24.1,28,0.253,0.302
1985-12-05T05:00,,26.7,25,0.253,0.302
1985-12-05T06:00,,28.5,23,0.253,0.302
1985-12-05T07:00,,29.2,23,0.253,0.302
1985-12-05T08:00,,29.8,22,0.253,0.302
1985-12-05T09:00,,30.1,21,0.253,0.302
1985-12-05T10:00,,29.9,21,0.253,0.302
1985-12-05T11:00,,29.4,22,0.253,0.302
1985-12-05T12:00,,27.9,26,0.253,0.302
1985-12-05T13:00,,25.8,30,0.253,0.302
1985-12-05T14:00,,24.4,33,0.253,0.302
1985-12-05T15:00,,23.2,36,0.253,0.302
1985-12-05T16:00,,22.3,36,0.253,0.302
1985-12-05T17:00,,21.0,39,0.253,0.302
1985-12-05T18:00,,20.0,41,0.253,0.302
1985-12-05T19:00,,19.4,45,0.253,0.302
1985-12-05T20:00,,18.7,47,0.253,0.302
1985-12-05T21:00,,18.2,47,0.253,0.302
1985-12-05T22:00,,17.9,48,0.253,0.302
1985-12-05T23:00,,17.6,48,0.253,0.302
1985-12-06T00:00,,17.3,48,0.253,0.302
1985-12-06T01:00,,17.1,48,0.253,0.302
1985-12-06T02:00,,17.1,48,0.253,0.302
1985-12-06T03:00,,19.9,43,0.253,0.302
1985-12-06T04:00,,24.5,31,0.253,0.302
1985-12-06T05:00,,27.2,26,0.253,0.302
1985-12-06T06:00,,28.5,24,0.253,0.301
1985-12-06T07:00,,29.4,23,0.253,0.301
1985-12-06T08:00,,29.9,22,0.253,0.301
1985-12-06T09:00,,30.1,22,0.253,0.301
1985-12-06T10:00,,29.9,22,0.253,0.301
1985-12-06T11:00,,29.3,23,0.253,0.301
1985-12-06T12:00,,27.8,27,0.253,0.301
1985-12-06T13:00,,25.6,32,0.253,0.301
1985-12-06T14:00,,24.2,37,0.253,0.301
1985-12-06T15:00,,23.2,46,0.253,0.301
1985-12-06T16:00,,23.0,42,0.253,0.301
1985-12-06T17:00,,22.7,42,0.253,0.301
1985-12-06T18:00,,22.3,43,0.253,0.301
1985-12-06T19:00,,21.0,47,0.253,0.301
1985-12-06T20:00,,19.2,53,0.253,0.301
1985-12-06T21:00,,18.2,56,0.253,0.301
1985-12-06T22:00,,17.5,56,0.253,0.301
1985-12-06T23:00,,16.9,57,0.253,0.301
1985-12-07T00:00,,16.5,57,0.253,0.301
1985-12-07T01:00,,15.8,59,0.253,0.301
1985-12-07T02:00,,15.4,61,0.253,0.301
1985-12-07T03:00,,18.4,60,0.253,0.301
1985-12-07T04:00,,24.1,34,0.253,0.301
1985-12-07T05:00,,26.4,27,0.253,0.301
1985-12-07T06:00,,28.1,24,0.253,0.301
1985-12-07T07:00,,29.1,22,0.253,0.301
1985-12-07T08:00,,29.6,22,0.253,0.301
1985-12-07T09:00,,29.7,22,0.253,0.301
1985-12-07T10:00,,29.4,23,0.253,0.301
1985-12-07T11:00,,28.5,25,0.253,0.301
1985-12-07T12:00,,26.9,30,0.253,0.3
1985-12-07T13:00,,24.8,35,0.253,0.3
1985-12-07T14:00,,23.7,39,0.253,0.3
1985-12-07T15:00,,22.4,49,0.253,0.3
1985-12-07T16:00,,23.1,40,0.253,0.3
1985-12-07T17:00,,22.8,41,0.253,0.3
1985-12-07T18:00,,22.6,42,0.253,0.301
1985-12-07T19:00,,19.2,54,0.253,0.301
1985-12-07T20:00,,18.6,54,0.253,0.301
1985-12-07T21:00,,18.0,55,0.253,0.301
1985-12-07T22:00,,17.1,57,0.253,0.301
1985-12-07T23:00,,16.5,59,0.253,0.301
1985-12-08T00:00,,16.1,60,0.253,0.301
1985-12-08T01:00,,15.9,59,0.253,0.301
1985-12-08T02:00,,15.7,60,0.253,0.301
1985-12-08T03:00,,18.6,59,0.253,0.301
1985-12-08T04:00,,23.8,36,0.253,0.301
1985-12-08T05:00,,26.2,28,0.253,0.3
1985-12-08T06:00,,27.7,24,0.253,0.3
1985-12-08T07:00,,28.8,20,0.253,0.3
1985-12-08T08:00,,29.3,19,0.253,0.3
1985-12-08T09:00,,29.5,19,0.253,0.3
1985-12-08T10:00,,29.3,19,0.253,0.3
1985-12-08T11:00,,28.6,21,0.253,0.3
1985-12-08T12:00,,27.0,25,0.253,0.3
1985-12-08T13:00,,24.9,30,0.253,0.3
1985-12-08T14:00,,23.6,33,0.253,0.3
1985-12-08T15:00,,22.5,36,0.253,0.3
1985-12-08T16:00,,21.5,39,0.253,0.3
1985-12-08T17:00,,20.0,46,0.253,0.3
1985-12-08T18:00,,19.1,49,0.253,0.3
1985-12-08T19:00,,18.3,54,0.253,0.3
1985-12-08T20:00,,17.5,56,0.253,0.3
1985-12-08T21:00,,16.9,57,0.253,0.3
1985-12-08T22:00,,16.3,57,0.253,0.3
1985-12-08T23:00,,15.8,57,0.253,0.3
1985-12-09T00:00,,15.3,58,0.253,0.3
1985-12-09T01:00,,15.0,57,0.253,0.3
1985-12-09T02:00,,15.0,57,0.253,0.3
1985-12-09T03:00,,17.7,56,0.253,0.3
1985-12-09T04:00,,22.8,37,0.253,0.3
1985-12-09T05:00,,25.5,30,0.253,0.3
1985-12-09T06:00,,27.3,25,0.253,0.3
1985-12-09T07:00,,28.8,21,0.253,0.3
1985-12-09T08:00,,29.5,20,0.253,0.3
1985-12-09T09:00,,29.7,19,0.253,0.3
1985-12-09T10:00,,29.5,20,0.253,0.299
1985-12-09T11:00,,28.7,22,0.253,0.299
1985-12-09T12:00,,26.9,28,0.253,0.299
1985-12-09T13:00,,24.8,34,0.253,0.299
1985-12-09T14:00,,23.4,38,0.253,0.299
1985-12-09T15:00,,22.2,44,0.253,0.299
1985-12-09T16:00,,21.2,49,0.253,0.299
1985-12-09T17:00,,21.7,43,0.253,0.299
1985-12-09T18:00,,20.2,48,0.253,0.299
1985-12-09T19:00,,17.9,57,0.253,0.299
1985-12-09T20:00,,16.7,61,0.253,0.299
1985-12-09T21:00,,15.9,64,0.253,0.299
1985-12-09T22:00,,15.5,65,0.253,0.299
1985-12-09T23:00,,15.0,67,0.253,0.299
1985-12-10T00:00,,14.4,68,0.253,0.299
1985-12-10T01:00,,14.2,66,0.253,0.299
1985-12-10T02:00,,14.2,66,0.253,0.299
1985-12-10T03:00,,17.6,54,0.253,0.299
1985-12-10T04:00,,22.1,38,0.253,0.299
1985-12-10T05:00,,25.1,30,0.253,0.299
1985-12-10T06:00,,27.2,26,0.253,0.299
1985-12-10T07:00,,28.9,21,0.253,0.299
1985-12-10T08:00,,29.3,22,0.253,0.299
1985-12-10T09:00,,29.1,23,0.253,0.299
1985-12-10T10:00,,28.2,27,0.253,0.299
1985-12-10T11:00,,26.4,32,0.253,0.299
1985-12-10T12:00,,24.5,37,0.253,0.299
1985-12-10T13:00,,22.8,41,0.253,0.299
1985-12-10T14:00,,21.6,44,0.253,0.299
1985-12-10T15:00,,20.6,48,0.253,0.299
1985-12-10T16:00,,20.0,51,0.253,0.299
1985-12-10T17:00,,20.2,47,0.253,0.299
1985-12-10T18:00,,19.9,47,0.253,0.299
1985-12-10T19:00,,19.5,49,0.253,0.299
1985-12-10T20:00,,19.1,50,0.253,0.299
1985-12-10T21:00,,18.7,51,0.253,0.299
1985-12-10T22:00,,18.4,52,0.253,0.299
1985-12-10T23:00,,18.0,53,0.253,0.299
1985-12-11T00:00,,17.6,54,0.253,0.299
1985-12-11T01:00,,17.2,55,0.253,0.299
1985-12-11T02:00,,17.0,55,0.253,0.299
1985-12-11T03:00,,17.3,60,0.253,0.299
1985-12-11T04:00,,20.7,42,0.253,0.299
1985-12-11T05:00,,23.2,36,0.253,0.299
1985-12-11T06:00,,24.9,33,0.253,0.299
1985-12-11T07:00,,25.3,33,0.253,0.299
1985-12-11T08:00,,26.1,32,0.253,0.299
1985-12-11T09:00,,26.1,32,0.253,0.299
1985-12-11T10:00,,25.7,32,0.253,0.299
1985-12-11T11:00,,24.6,33,0.253,0.299
1985-12-11T12:00,,23.3,35,0.253,0.299
1985-12-11T13:00,,21.9,37,0.253,0.299
1985-12-11T14:00,,20.9,39,0.253,0.299
1985-12-11T15:00,,20.1,41,0.253,0.299
1985-12-11T16:00,,19.0,51,0.253,0.299
1985-12-11T17:00,,19.3,44,0.253,0.299
1985-12-11T18:00,,18.7,46,0.253,0.299
1985-12-11T19:00,,17.9,50,0.253,0.299
1985-12-11T20:00,,17.3,53,0.253,0.299
1985-12-11T21:00,,16.8,55,0.253,0.299
1985-12-11T22:00,,16.4,57,0.253,0.299
1985-12-11T23:00,,16.1,60,0.253,0.299
1985-12-12T00:00,,16.0,61,0.253,0.299
1985-12-12T01:00,,16.2,62,0.253,0.299
1985-12-12T02:00,,16.7,61,0.253,0.299
1985-12-12T03:00,,18.4,54,0.253,0.299
1985-12-12T04:00,,20.7,44,0.253,0.299
1985-12-12T05:00,,22.4,39,0.253,0.298
1985-12-12T06:00,,23.6,37,0.253,0.298
1985-12-12T07:00,,24.3,39,0.253,0.298
1985-12-12T08:00,,24.5,39,0.253,0.298
1985-12-12T09:00,,24.2,39,0.253,0.298
1985-12-12T10:00,,23.6,41,0.253,0.298
1985-12-12T11:00,,22.6,44,0.253,0.298
1985-12-12T12:00,,21.7,46,0.254,0.298
1985-12-12T13:00,,20.5,52,0.255,0.298
1985-12-12T14:00,,19.7,57,0.256,0.298
1985-12-12T15:00,,18.8,64,0.258,0.298
1985-12-12T16:00,,18.2,71,0.26,0.298
1985-12-12T17:00,,17.6,74,0.261,0.298
1985-12-12T18:00,,17.4,78,0.261,0.298
1985-12-12T19:00,,17.2,87,0.261,0.298
1985-12-12T20:00,,17.1,88,0.261,0.298
1985-12-12T21:00,,16.9,89,0.261,0.298
1985-12-12T22:00,,16.7,91,0.261,0.298
1985-12-12T23:00,,16.7,91,0.261,0.298
1985-12-13T00:00,,16.5,91,0.261,0.298
1985-12-13T01:00,,16.1,91,0.261,0.298
1985-12-13T02:00,,15.7,93,0.261,0.298
1985-12-13T03:00,,18.6,88,0.261,0.298
1985-12-13T04:00,,21.2,69,0.261,0.298
1985-12-13T05:00,,23.5,58,0.261,0.298
1985-12-13T06:00,,25.4,52,0.261,0.298
1985-12-13T07:00,,27.5,42,0.26,0.298
1985-12-13T08:00,,28.5,39,0.26,0.298
1985-12-13T09:00,,29.1,37,0.26,0.298
1985-12-13T10:00,,29.1,36,0.26,0.298
1985-12-13T11:00,,28.3,38,0.26,0.298
1985-12-13T12:00,,26.5,47,0.26,0.298
1985-12-13T13:00,,24.4,56,0.26,0.298
1985-12-13T14:00,,23.0,61,0.26,0.298
1985-12-13T15:00,,22.0,66,0.26,0.298
1985-12-13T16:00,,21.3,69,0.26,0.298
1985-12-13T17:00,,20.2,79,0.26,0.298
1985-12-13T18:00,,19.7,79,0.26,0.298
1985-12-13T19:00,,18.9,82,0.26,0.298
1985-12-13T20:00,,18.2,82,0.26,0.298
1985-12-13T21:00,,17.5,85,0.26,0.298
1985-12-13T22:00,,17.3,83,0.26,0.298
1985-12-13T23:00,,17.3,78,0.26,0.298
1985-12-14T00:00,,17.3,70,0.26,0.298
1985-12-14T01:00,,17.7,63,0.26,0.298
1985-12-14T02:00,,18.1,59,0.26,0.298
1985-12-14T03:00,,20.5,53,0.26,0.298
1985-12-14T04:00,,23.9,43,0.26,0.298
1985-12-14T05:00,,26.4,36,0.26,0.298
1985-12-14T06:00,,28.3,31,0.259,0.298
1985-12-14T07:00,,29.7,27,0.259,0.298
1985-12-14T08:00,,30.4,26,0.259,0.298
1985-12-14T09:00,,30.7,26,0.259,0.297
1985-12-14T10:00,,30.6,26,0.259,0.297
1985-12-14T11:00,,29.7,29,0.259,0.297
1985-12-14T12:00,,27.8,36,0.259,0.297
1985-12-14T13:00,,25.5,45,0.259,0.297
1985-12-14T14:00,,23.9,52,0.259,0.297
1985-12-14T15:00,,22.8,57,0.259,0.297
1985-12-14T16:00,,21.8,71,0.259,0.297
1985-12-14T17:00,,22.1,59,0.259,0.297
1985-12-14T18:00,,21.6,62,0.259,0.297
1985-12-14T19:00,,19.8,75,0.259,0.297
1985-12-14T20:00,,19.3,75,0.259,0.297
1985-12-14T21:00,,18.8,76,0.259,0.297
1985-12-14T22:00,,18.5,76,0.259,0.297
1985-12-14T23:00,,18.1,77,0.259,0.297
1985-12-15T00:00,,17.9,77,0.259,0.297
1985-12-15T01:00,,17.6,78,0.259,0.297
1985-12-15T02:00,,17.8,77,0.259,0.297
1985-12-15T03:00,,20.2,74,0.259,0.297
1985-12-15T04:00,,24.3,53,0.259,0.297
1985-12-15T05:00,,26.4,46,0.259,0.297
1985-12-15T06:00,,28.1,42,0.258,0.297
1985-12-15T07:00,,29.3,39,0.258,0.297
1985-12-15T08:00,,29.9,37,0.258,0.297
1985-12-15T09:00,,29.7,39,0.258,0.297
1985-12-15T10:00,,28.4,42,0.258,0.297
1985-12-15T11:00,,26.6,49,0.259,0.297
1985-12-15T12:00,,25.7,54,0.259,0.297
1985-12-15T13:00,,24.7,58,0.259,0.297
1985-12-15T14:00,,23.7,62,0.259,0.297
1985-12-15T15:00,,22.8,66,0.259,0.297
1985-12-15T16:00,,22.0,75,0.259,0.297
1985-12-15T17:00,,21.8,71,0.259,0.297
1985-12-15T18:00,,21.4,72,0.26,0.297
1985-12-15T19:00,,21.0,73,0.26,0.297
1985-12-15T20:00,,20.7,74,0.26,0.297
1985-12-15T21:00,,20.1,76,0.26,0.297
1985-12-15T22:00,,19.7,78,0.26,0.297
1985-12-15T23:00,,19.0,80,0.26,0.297
1985-12-16T00:00,,18.6,82,0.26,0.297
1985-12-16T01:00,,18.0,86,0.26,0.297
1985-12-16T02:00,,17.8,87,0.26,0.297
1985-12-16T03:00,,20.8,75,0.26,0.297
1985-12-16T04:00,,23.6,64,0.26,0.297
1985-12-16T05:00,,25.8,56,0.26,0.297
1985-12-16T06:00,,26.4,55,0.261,0.297
1985-12-16T07:00,,26.9,54,0.262,0.297
1985-12-16T08:00,,27.0,53,0.263,0.297
1985-12-16T09:00,,25.4,60,0.281,0.297
1985-12-16T10:00,,25.2,62,0.282,0.297
1985-12-16T11:00,,25.2,60,0.282,0.297
1985-12-16T12:00,,24.7,62,0.282,0.297
1985-12-16T13:00,,23.8,67,0.282,0.297
1985-12-16T14:00,,22.8,71,0.282,0.297
1985-12-16T15:00,,21.7,76,0.283,0.297
1985-12-16T16:00,,20.9,79,0.283,0.297
1985-12-16T17:00,,20.6,80,0.283,0.297
1985-12-16T18:00,,20.4,79,0.283,0.297
1985-12-16T19:00,,19.9,80,0.283,0.297
1985-12-16T20:00,,19.8,79,0.283,0.297
1985-12-16T21:00,,19.5,80,0.283,0.297
1985-12-16T22:00,,19.1,82,0.283,0.297
1985-12-16T23:00,,18.7,84,0.283,0.297
1985-12-17T00:00,,18.3,86,0.283,0.297
1985-12-17T01:00,,17.8,88,0.283,0.297
1985-12-17T02:00,,17.6,89,0.283,0.297
1985-12-17T03:00,,19.9,82,0.283,0.297
1985-12-17T04:00,,23.4,66,0.283,0.297
1985-12-17T05:00,,25.5,57,0.282,0.297
1985-12-17T06:00,,27.1,48,0.282,0.297
1985-12-17T07:00,,27.9,43,0.281,0.297
1985-12-17T08:00,,28.7,36,0.281,0.297
1985-12-17T09:00,,29.0,33,0.28,0.296
1985-12-17T10:00,,28.7,32,0.28,0.296
1985-12-17T11:00,,27.9,34,0.28,0.296
1985-12-17T12:00,,26.7,38,0.28,0.296
1985-12-17T13:00,,25.1,44,0.279,0.296
1985-12-17T14:00,,23.8,50,0.279,0.296
1985-12-17T15:00,,22.6,57,0.279,0.296
1985-12-17T16:00,,21.7,60,0.279,0.296
1985-12-17T17:00,,21.0,60,0.279,0.296
1985-12-17T18:00,,20.2,62,0.279,0.296
1985-12-17T19:00,,19.8,70,0.279,0.296
1985-12-17T20:00,,19.0,73,0.279,0.296
1985-12-17T21:00,,18.3,75,0.279,0.296
1985-12-17T22:00,,17.8,76,0.279,0.296
1985-12-17T23:00,,17.4,77,0.279,0.296
1985-12-18T00:00,,17.4,76,0.279,0.296
1985-12-18T01:00,,17.5,75,0.279,0.296
1985-12-18T02:00,,17.3,77,0.279,0.296
1985-12-18T03:00,,18.8,78,0.279,0.296
1985-12-18T04:00,,23.6,58,0.279,0.296
1985-12-18T05:00,,26.0,40,0.279,0.296
1985-12-18T06:00,,27.5,32,0.278,0.296
1985-12-18T07:00,,28.8,29,0.278,0.296
1985-12-18T08:00,,29.4,25,0.277,0.296
1985-12-18T09:00,,29.6,23,0.277,0.296
1985-12-18T10:00,,29.5,23,0.277,0.296
1985-12-18T11:00,,28.8,25,0.276,0.296
1985-12-18T12:00,,27.3,30,0.276,0.296
1985-12-18T13:00,,25.3,37,0.276,0.296
1985-12-18T14:00,,23.9,44,0.276,0.296
1985-12-18T15:00,,22.6,54,0.276,0.296
1985-12-18T16:00,,21.3,62,0.276,0.296
1985-12-18T17:00,,20.5,63,0.276,0.296
1985-12-18T18:00,,19.8,62,0.276,0.296
1985-12-18T19:00,,19.0,66,0.276,0.296
1985-12-18T20:00,,18.3,68,0.276,0.296
1985-12-18T21:00,,17.7,69,0.276,0.296
1985-12-18T22:00,,17.2,69,0.276,0.296
1985-12-18T23:00,,16.7,70,0.276,0.296
1985-12-19T00:00,,16.3,71,0.276,0.296
1985-12-19T01:00,,15.9,72,0.276,0.296
1985-12-19T02:00,,15.8,72,0.276,0.296
1985-12-19T03:00,,17.9,74,0.276,0.296
1985-12-19T04:00,,23.6,47,0.276,0.296
1985-12-19T05:00,,26.1,38,0.275,0.296
1985-12-19T06:00,,27.8,30,0.275,0.296
1985-12-19T07:00,,28.7,27,0.275,0.296
1985-12-19T08:00,,29.5,25,0.274,0.296
1985-12-19T09:00,,29.7,24,0.274,0.296
1985-12-19T10:00,,29.4,24,0.274,0.296
1985-12-19T11:00,,28.5,26,0.273,0.296
1985-12-19T12:00,,27.0,31,0.273,0.296
1985-12-19T13:00,,25.1,37,0.273,0.296
1985-12-19T14:00,,23.4,53,0.273,0.296
1985-12-19T15:00,,22.4,56,0.273,0.296
1985-12-19T16:00,,21.8,55,0.273,0.296
1985-12-19T17:00,,20.7,59,0.273,0.296
1985-12-19T18:00,,19.7,61,0.273,0.296
1985-12-19T19:00,,19.2,62,0.273,0.296
1985-12-19T20:00,,18.3,64,0.273,0.296
1985-12-19T21:00,,17.9,62,0.273,0.296
1985-12-19T22:00,,17.2,61,0.273,0.296
1985-12-19T23:00,,17.0,60,0.273,0.296
1985-12-20T00:00,,16.5,62,0.273,0.296
1985-12-20T01:00,,16.5,61,0.273,0.296
1985-12-20T02:00,,16.4,60,0.273,0.296
1985-12-20T03:00,,19.2,53,0.273,0.296
1985-12-20T04:00,,23.2,44,0.273,0.296
1985-12-20T05:00,,26.2,36,0.272,0.296
1985-12-20T06:00,,28.1,27,0.272,0.296
1985-12-20T07:00,,29.2,25,0.272,0.296
1985-12-20T08:00,,29.9,23,0.271,0.296
1985-12-20T09:00,,30.2,22,0.271,0.295
1985-12-20T10:00,,30.1,22,0.271,0.295
1985-12-20T11:00,,29.4,24,0.27,0.295
1985-12-20T12:00,,27.6,30,0.27,0.295
1985-12-20T13:00,,25.4,36,0.27,0.295
1985-12-20T14:00,,23.9,40,0.27,0.295
1985-12-20T15:00,,22.7,44,0.27,0.295
1985-12-20T16:00,,21.8,45,0.27,0.295
1985-12-20T17:00,,21.1,46,0.27,0.295
1985-12-20T18:00,,20.7,46,0.27,0.295
1985-12-20T19:00,,19.9,47,0.27,0.295
1985-12-20T20:00,,19.6,48,0.27,0.295
1985-12-20T21:00,,19.4,48,0.27,0.295
1985-12-20T22:00,,19.1,49,0.27,0.295
1985-12-20T23:00,,18.9,50,0.27,0.295
1985-12-21T00:00,,18.8,51,0.27,0.295
1985-12-21T01:00,,18.8,51,0.27,0.295
1985-12-21T02:00,,18.8,51,0.27,0.295
1985-12-21T03:00,,20.7,48,0.27,0.295
1985-12-21T04:00,,23.7,44,0.269,0.295
1985-12-21T05:00,,26.2,41,0.269,0.295
1985-12-21T06:00,,28.0,37,0.269,0.295
1985-12-21T07:00,,29.0,33,0.269,0.295
1985-12-21T08:00,,29.7,30,0.268,0.295
1985-12-21T09:00,,30.1,29,0.268,0.295
1985-12-21T10:00,,30.0,28,0.268,0.295
1985-12-21T11:00,,29.5,29,0.268,0.295
1985-12-21T12:00,,28.1,33,0.267,0.295
1985-12-21T13:00,,25.9,37,0.267,0.295
1985-12-21T14:00,,24.4,40,0.267,0.295
1985-12-21T15:00,,23.3,42,0.267,0.295
1985-12-21T16:00,,22.5,43,0.267,0.295
1985-12-21T17:00,,21.9,44,0.267,0.295
1985-12-21T18:00,,21.4,45,0.267,0.295
1985-12-21T19:00,,21.1,43,0.267,0.295
1985-12-21T20:00,,20.8,42,0.267,0.295
1985-12-21T21:00,,20.5,41,0.267,0.295
1985-12-21T22:00,,20.2,41,0.267,0.295
1985-12-21T23:00,,19.9,41,0.267,0.295
1985-12-22T00:00,,19.6,42,0.267,0.295
1985-12-22T01:00,,19.4,43,0.267,0.295
1985-12-22T02:00,,19.2,45,0.267,0.295
1985-12-22T03:00,,20.9,43,0.267,0.295
1985-12-22T04:00,,23.9,38,0.266,0.295
1985-12-22T05:00,,26.3,34,0.266,0.295
1985-12-22T06:00,,28.1,31,0.266,0.295
1985-12-22T07:00,,29.1,30,0.266,0.295
1985-12-22T08:00,,29.8,28,0.265,0.295
1985-12-22T09:00,,30.2,26,0.265,0.295
1985-12-22T10:00,,30.1,26,0.265,0.295
1985-12-22T11:00,,29.5,27,0.265,0.295
1985-12-22T12:00,,27.9,32,0.265,0.295
1985-12-22T13:00,,25.8,36,0.265,0.295
1985-12-22T14:00,,24.4,39,0.265,0.295
1985-12-22T15:00,,23.2,42,0.264,0.295
1985-12-22T16:00,,22.2,46,0.264,0.295
1985-12-22T17:00,,21.0,48,0.264,0.295
1985-12-22T18:00,,20.0,52,0.264,0.295
1985-12-22T19:00,,19.7,51,0.264,0.295
1985-12-22T20:00,,19.4,50,0.264,0.295
1985-12-22T21:00,,18.6,54,0.264,0.295
1985-12-22T22:00,,18.1,56,0.264,0.295
1985-12-22T23:00,,17.6,56,0.264,0.295
1985-12-23T00:00,,17.3,56,0.264,0.295
1985-12-23T01:00,,17.0,56,0.264,0.295
1985-12-23T02:00,,16.9,56,0.264,0.295
1985-12-23T03:00,,19.3,50,0.264,0.295
1985-12-23T04:00,,23.7,38,0.264,0.295
1985-12-23T05:00,,26.6,30,0.264,0.295
1985-12-23T06:00,,28.1,27,0.264,0.295
1985-12-23T07:00,,29.0,27,0.263,0.295
1985-12-23T08:00,,29.6,25,0.263,0.294
1985-12-23T09:00,,29.8,25,0.263,0.294
1985-12-23T10:00,,29.4,25,0.263,0.294
1985-12-23T11:00,,28.6,27,0.263,0.294
1985-12-23T12:00,,27.2,31,0.263,0.294
1985-12-23T13:00,,25.3,36,0.262,0.294
1985-12-23T14:00,,23.9,40,0.262,0.294
1985-12-23T15:00,,22.7,54,0.262,0.294
1985-12-23T16:00,,23.4,40,0.262,0.294
1985-12-23T17:00,,22.9,41,0.262,0.294
1985-12-23T18:00,,21.8,46,0.262,0.294
1985-12-23T19:00,,20.2,55,0.262,0.294
1985-12-23T20:00,,19.5,58,0.262,0.294
1985-12-23T21:00,,18.6,62,0.262,0.294
1985-12-23T22:00,,17.9,64,0.262,0.294
1985-12-23T23:00,,17.6,64,0.262,0.294
1985-12-24T00:00,,17.3,62,0.262,0.294
1985-12-24T01:00,,16.9,62,0.262,0.294
1985-12-24T02:00,,16.6,62,0.262,0.294
1985-12-24T03:00,,18.5,65,0.262,0.294
1985-12-24T04:00,,23.9,37,0.262,0.294
1985-12-24T05:00,,26.5,29,0.262,0.294
1985-12-24T06:00,,27.9,28,0.262,0.294
1985-12-24T07:00,,28.6,27,0.262,0.294
1985-12-24T08:00,,29.3,26,0.262,0.294
1985-12-24T09:00,,29.7,25,0.261,0.294
1985-12-24T10:00,,29.5,25,0.261,0.294
1985-12-24T11:00,,28.9,27,0.261,0.294
1985-12-24T12:00,,27.3,32,0.261,0.294
1985-12-24T13:00,,25.2,38,0.261,0.294
1985-12-24T14:00,,23.8,42,0.261,0.294
1985-12-24T15:00,,23.1,49,0.261,0.294
1985-12-24T16:00,,23.1,43,0.261,0.294
1985-12-24T17:00,,22.5,46,0.261,0.294
1985-12-24T18:00,,21.3,52,0.261,0.294
1985-12-24T19:00,,19.5,62,0.261,0.294
1985-12-24T20:00,,18.7,64,0.261,0.294
1985-12-24T21:00,,18.4,65,0.261,0.294
1985-12-24T22:00,,18.1,64,0.261,0.294
1985-12-24T23:00,,17.7,64,0.261,0.294
1985-12-25T00:00,,17.3,63,0.261,0.294
1985-12-25T01:00,,16.9,63,0.261,0.294
1985-12-25T02:00,,17.1,60,0.261,0.294
1985-12-25T03:00,,19.1,58,0.261,0.294
1985-12-25T04:00,,24.1,39,0.261,0.294
1985-12-25T05:00,,27.0,31,0.261,0.294
1985-12-25T06:00,,28.6,28,0.261,0.294
1985-12-25T07:00,,29.2,27,0.26,0.294
1985-12-25T08:00,,29.7,26,0.26,0.294
1985-12-25T09:00,,29.8,26,0.26,0.294
1985-12-25T10:00,,29.4,28,0.26,0.294
1985-12-25T11:00,,28.3,31,0.26,0.294
1985-12-25T12:00,,26.7,36,0.26,0.294
1985-12-25T13:00,,24.8,40,0.26,0.294
1985-12-25T14:00,,23.3,45,0.26,0.294
1985-12-25T15:00,,22.1,49,0.26,0.294
1985-12-25T16:00,,21.0,55,0.26,0.294
1985-12-25T17:00,,20.0,59,0.26,0.294
1985-12-25T18:00,,19.3,60,0.26,0.294
1985-12-25T19:00,,18.7,60,0.259,0.294
1985-12-25T20:00,,18.1,61,0.259,0.294
1985-12-25T21:00,,17.5,62,0.259,0.294
1985-12-25T22:00,,17.1,63,0.259,0.294
1985-12-25T23:00,,17.0,61,0.259,0.294
1985-12-26T00:00,,16.7,60,0.259,0.294
1985-12-26T01:00,,16.2,61,0.259,0.294
1985-12-26T02:00,,15.8,60,0.26,0.294
1985-12-26T03:00,,17.9,58,0.259,0.294
1985-12-26T04:00,,22.2,35,0.259,0.294
1985-12-26T05:00,,24.5,29,0.259,0.294
1985-12-26T06:00,,26.3,25,0.259,0.294
1985-12-26T07:00,,27.5,23,0.259,0.294
1985-12-26T08:00,,28.0,24,0.259,0.294
1985-12-26T09:00,,28.1,25,0.259,0.293
1985-12-26T10:00,,27.6,28,0.259,0.293
1985-12-26T11:00,,26.7,31,0.259,0.293
1985-12-26T12:00,,25.6,35,0.259,0.293
1985-12-26T13:00,,24.0,40,0.259,0.293
1985-12-26T14:00,,22.8,44,0.258,0.293
1985-12-26T15:00,,21.7,49,0.258,0.293
1985-12-26T16:00,,20.9,49,0.258,0.293
1985-12-26T17:00,,19.6,54,0.258,0.293
1985-12-26T18:00,,18.9,56,0.258,0.293
1985-12-26T19:00,,18.8,56,0.258,0.293
1985-12-26T20:00,,18.3,57,0.258,0.293
1985-12-26T21:00,,17.8,59,0.258,0.293
1985-12-26T22:00,,17.5,60,0.258,0.293
1985-12-26T23:00,,17.2,60,0.258,0.293
1985-12-27T00:00,,16.9,60,0.258,0.293
1985-12-27T01:00,,16.7,62,0.258,0.293
1985-12-27T02:00,,16.7,64,0.258,0.293
1985-12-27T03:00,,18.8,64,0.258,0.293
1985-12-27T04:00,,21.7,61,0.258,0.293
1985-12-27T05:00,,23.6,55,0.258,0.293
1985-12-27T06:00,,25.3,47,0.258,0.293
1985-12-27T07:00,,26.3,43,0.258,0.293
1985-12-27T08:00,,27.0,39,0.258,0.293
1985-12-27T09:00,,27.2,38,0.258,0.293
1985-12-27T10:00,,27.0,37,0.258,0.293
1985-12-27T11:00,,26.3,39,0.258,0.293
1985-12-27T12:00,,25.1,43,0.258,0.293
1985-12-27T13:00,,23.5,48,0.258,0.293
1985-12-27T14:00,,22.3,53,0.258,0.293
1985-12-27T15:00,,20.9,67,0.258,0.293
1985-12-27T16:00,,20.6,63,0.258,0.293
1985-12-27T17:00,,19.9,65,0.258,0.293
1985-12-27T18:00,,18.6,71,0.258,0.293
1985-12-27T19:00,,17.4,74,0.258,0.293
1985-12-27T20:00,,17.3,74,0.258,0.293
1985-12-27T21:00,,17.4,72,0.258,0.293
1985-12-27T22:00,,17.5,70,0.258,0.293
1985-12-27T23:00,,16.9,72,0.258,0.293
1985-12-28T00:00,,16.1,75,0.258,0.293
1985-12-28T01:00,,15.1,79,0.258,0.293
1985-12-28T02:00,,14.8,80,0.258,0.293
1985-12-28T03:00,,16.6,77,0.258,0.293
1985-12-28T04:00,,21.4,49,0.258,0.293
1985-12-28T05:00,,23.8,36,0.258,0.293
1985-12-28T06:00,,25.5,30,0.258,0.293
1985-12-28T07:00,,26.6,26,0.257,0.293
1985-12-28T08:00,,27.5,24,0.257,0.293
1985-12-28T09:00,,28.0,22,0.257,0.293
1985-12-28T10:00,,28.0,22,0.257,0.293
1985-12-28T11:00,,27.4,23,0.257,0.293
1985-12-28T12:00,,26.0,27,0.257,0.293
1985-12-28T13:00,,23.9,31,0.257,0.293
1985-12-28T14:00,,22.5,35,0.257,0.293
1985-12-28T15:00,,21.4,38,0.257,0.293
1985-12-28T16:00,,20.0,47,0.257,0.293
1985-12-28T17:00,,18.8,52,0.257,0.293
1985-12-28T18:00,,18.0,51,0.257,0.293
1985-12-28T19:00,,17.4,49,0.257,0.293
1985-12-28T20:00,,16.3,53,0.257,0.293
1985-12-28T21:00,,15.8,54,0.257,0.293
1985-12-28T22:00,,15.5,54,0.257,0.293
1985-12-28T23:00,,15.3,54,0.257,0.293
1985-12-29T00:00,,15.1,55,0.257,0.293
1985-12-29T01:00,,15.0,55,0.257,0.293
1985-12-29T02:00,,14.9,55,0.257,0.293
1985-12-29T03:00,,17.2,50,0.257,0.293
1985-12-29T04:00,,22.1,38,0.257,0.293
1985-12-29T05:00,,25.6,29,0.257,0.293
1985-12-29T06:00,,27.7,21,0.257,0.293
1985-12-29T07:00,,28.6,18,0.257,0.293
1985-12-29T08:00,,29.3,16,0.256,0.293
1985-12-29T09:00,,29.5,16,0.256,0.293
1985-12-29T10:00,,29.2,16,0.256,0.293
1985-12-29T11:00,,28.4,18,0.256,0.293
1985-12-29T12:00,,26.8,22,0.256,0.293
1985-12-29T13:00,,24.6,27,0.256,0.293
1985-12-29T14:00,,23.1,32,0.256,0.293
1985-12-29T15:00,,21.9,35,0.256,0.293
1985-12-29T16:00,,20.8,38,0.256,0.293
1985-12-29T17:00,,19.7,41,0.256,0.293
1985-12-29T18:00,,18.6,43,0.256,0.293
1985-12-29T19:00,,18.2,45,0.256,0.293
1985-12-29T20:00,,17.4,46,0.256,0.293
1985-12-29T21:00,,17.0,46,0.256,0.293
1985-12-29T22:00,,16.9,45,0.256,0.293
1985-12-29T23:00,,16.6,45,0.256,0.293
1985-12-30T00:00,,16.2,46,0.256,0.293
1985-12-30T01:00,,16.0,47,0.256,0.293
1985-12-30T02:00,,15.9,47,0.256,0.293
1985-12-30T03:00,,18.1,43,0.256,0.293
1985-12-30T04:00,,22.5,32,0.256,0.293
1985-12-30T05:00,,25.6,24,0.256,0.293
1985-12-30T06:00,,27.6,19,0.256,0.292
1985-12-30T07:00,,28.6,17,0.256,0.292
1985-12-30T08:00,,29.3,15,0.256,0.292
1985-12-30T09:00,,29.6,15,0.256,0.292
1985-12-30T10:00,,29.5,15,0.255,0.292
1985-12-30T11:00,,28.9,15,0.255,0.292
1985-12-30T12:00,,27.3,19,0.255,0.292
1985-12-30T13:00,,25.0,22,0.255,0.292
1985-12-30T14:00,,23.4,26,0.255,0.292
1985-12-30T15:00,,22.0,28,0.255,0.292
1985-12-30T16:00,,20.7,30,0.255,0.292
1985-12-30T17:00,,19.4,33,0.255,0.292
1985-12-30T18:00,,18.2,36,0.255,0.292
1985-12-30T19:00,,17.3,39,0.255,0.292
1985-12-30T20:00,,16.7,40,0.255,0.292
1985-12-30T21:00,,16.4,39,0.255,0.292
1985-12-30T22:00,,16.1,39,0.255,0.292
1985-12-30T23:00,,15.8,39,0.255,0.292
1985-12-31T00:00,,15.5,39,0.255,0.292
1985-12-31T01:00,,15.3,39,0.255,0.292
1985-12-31T02:00,,15.1,39,0.255,0.292
1985-12-31T03:00,,17.2,37,0.255,0.292
1985-12-31T04:00,,21.9,28,0.255,0.292
1985-12-31T05:00,,25.2,23,0.255,0.292
1985-12-31T06:00,,27.3,20,0.255,0.292
1985-12-31T07:00,,28.3,19,0.255,0.292
1985-12-31T08:00,,29.1,18,0.255,0.292
1985-12-31T09:00,,29.4,17,0.255,0.292
1985-12-31T10:00,,29.1,17,0.255,0.292
1985-12-31T11:00,,28.3,19,0.255,0.292
1985-12-31T12:00,,26.7,23,0.255,0.292
1985-12-31T13:00,,24.6,27,0.255,0.292
1985-12-31T14:00,,23.2,30,0.255,0.292
1985-12-31T15:00,,21.8,35,0.255,0.292
1985-12-31T16:00,,20.3,39,0.255,0.292
1985-12-31T17:00,,18.9,43,0.255,0.292
1985-12-31T18:00,,17.9,48,0.255,0.292
1985-12-31T19:00,,20.6,36,0.255,0.292
1985-12-31T20:00,,20.1,37,0.255,0.292
1985-12-31T21:00,,18.6,42,0.255,0.292
1985-12-31T22:00,,16.8,49,0.255,0.292
1985-12-31T23:00,,15.8,52,0.255,0.292
